step,scenario,field_health_pct,field_biomass_pct,mean_grazing_pressure,degraded_area_pct,mean_ndvi_pct
0,abundant,99.99997306462394,81.99394039200978,4.090767047920584e-06,0.0,32.10163818924243
1,abundant,99.999943002742,81.98788081162954,8.181392057784622e-06,0.0,32.10163818924243
2,abundant,99.99989746265892,81.98105172815409,1.2783220915513983e-05,0.0,32.10163818924243
3,abundant,99.99981681810176,81.97345314475373,1.7896235871283215e-05,0.0,32.10163818924243
4,abundant,99.99969916837117,81.96508506321906,2.352041917588317e-05,0.0,32.10163818924243
5,abundant,99.99957831617027,81.9559474856674,2.9655753080720996e-05,0.0,32.10163818924243
6,abundant,99.99943407658746,81.94450135521458,3.7324911599800214e-05,0.0,32.10163818924243
7,abundant,99.99932525231218,81.93305527118928,4.499380383327611e-05,0.0,32.10163818924243
8,abundant,99.99920433035858,81.92237876585673,5.2151083909404506e-05,0.0,32.10163818924243
9,abundant,99.9990714813715,81.91093277852087,5.981946135416814e-05,0.0,32.10163818924243
10,abundant,99.99893871331543,81.90025637492624,6.697622665945854e-05,0.0,32.10163818924243
11,abundant,99.99877231443803,81.88958002076662,7.413274347026777e-05,0.0,32.10163818924243
12,abundant,99.99859311757261,81.87890371557258,8.128901179522399e-05,0.0,32.10163818924243
13,abundant,99.99835756674226,81.86745792767238,8.89563775239451e-05,0.0,32.10163818924243
14,abundant,99.99810881049952,81.85601219198463,9.662347702931144e-05,0.0,32.10163818924243
15,abundant,99.99780844451548,81.8445665108228,0.00010429031032056678,0.0,32.10163818924243
16,abundant,99.99753181040253,81.83235135754356,0.00011246822328794454,0.0,32.10163818924243
17,abundant,99.99725104840735,81.81936673737152,0.00012115719818593077,0.0,32.10163818924243
18,abundant,99.99692730379033,81.80561265793717,0.00013035721726962753,0.0,32.10163818924243
19,abundant,99.99664945250723,81.79185865085812,0.00013955691691376306,0.0,32.10163818924243
20,abundant,99.99635677304605,81.77656565828477,0.00014977898889140901,0.0,32.10163818924243
21,abundant,99.99586693112283,81.76050321713278,0.00016051205182315224,0.0,32.10163818924243
22,abundant,99.99556090813665,81.75136662059523,0.00016664262915665852,0.0,32.10163818924243
23,abundant,99.99522611972014,81.73915195539409,0.0001748183771505522,0.0,32.10163818924243
24,abundant,99.99490220212218,81.72155065680353,0.00018657326243616605,0.0,32.10163818924243
25,abundant,99.99451970922475,81.70241040380606,0.00019935043133510698,0.0,32.10163818924243
26,abundant,99.99395901962144,81.68173120448749,0.00021314984835203233,0.0,32.10163818924243
27,abundant,99.9932014162663,81.66028259553164,0.00022746013211184197,0.0,32.10163818924243
28,abundant,99.99224334967207,81.63806457567411,0.0002422812648764153,0.0,32.10163818924243
29,abundant,99.99102361253168,81.61589984327226,0.000257066553799844,0.0,32.10163818924243
30,abundant,99.98973301578637,81.59445148341128,0.0002713753850973436,0.0,32.10163818924243
31,abundant,99.98869454255984,81.57955272778085,0.0002813316329636076,0.0,32.10163818924243
32,abundant,99.98758529198423,81.55964350262998,0.00029461700295145354,0.0,32.10163818924243
33,abundant,99.98695040414984,81.54050914348778,0.00030738709218458896,0.0,32.10163818924243
34,abundant,99.98605037607817,81.51983080435127,0.0003211827728915237,0.0,32.10163818924243
35,abundant,99.98461133302847,81.49673035791994,0.00033658751990298113,0.0,32.10163818924243
36,abundant,99.98271498713306,81.48089555940723,0.0003471638439904997,0.0,32.10163818924243
37,abundant,99.98081618698721,81.46637342157972,0.00035686759627721583,0.0,32.10163818924243
38,abundant,99.9787751326678,81.44954279066613,0.0003681050270081204,0.0,32.10163818924243
39,abundant,99.97676038430929,81.43522559672476,0.00037767196221137985,0.0,32.10163818924243
40,abundant,99.97499170932907,81.41993404460666,0.000387886064809887,0.0,32.10163818924243
41,abundant,99.9732990572928,81.40233399522006,0.00039963384222629027,0.0,32.10163818924243
42,abundant,99.97170515086952,81.38242559441166,0.00041291515474286243,0.0,32.10163818924243
43,abundant,99.97062411868662,81.36790416681806,0.00042261647680169855,0.0,32.10163818924243
44,abundant,99.96951936181718,81.35030439442826,0.0004343630486071151,0.0,32.10163818924243
45,abundant,99.96827501942003,81.3265488015519,0.00045019977108309904,0.0,32.10163818924243
46,abundant,99.96672982480013,81.30450434933411,0.00046489899037996423,0.0,32.10163818924243
47,abundant,99.96506307875023,81.28945132236085,0.00047495203232560503,0.0,32.10163818924243
48,abundant,99.96445794935235,81.27569984179513,0.0004841399178300504,0.0,32.10163818924243
49,abundant,99.96350620349061,81.25656142579052,0.0004969071167957123,0.0,32.10163818924243
50,abundant,99.96225254580592,81.23280611622067,0.0005127418398372409,0.0,32.10163818924243
51,abundant,99.96089451173783,81.2082814855024,0.0005290873152474675,0.0,32.10163818924243
52,abundant,99.95998263492014,81.18914370600709,0.00054185280045901,0.0,32.10163818924243
53,abundant,99.95864119345879,81.16692807949059,0.0005566631207820504,0.0,32.10163818924243
54,abundant,99.95659510401347,81.14952427676704,0.000568275585108177,0.0,32.10163818924243
55,abundant,99.95451073398193,81.13577360810046,0.0005774602235464124,0.0,32.10163818924243
56,abundant,99.95241101725351,81.12328663826878,0.0005858048673582401,0.0,32.10163818924243
57,abundant,99.95053238934459,81.10876584833161,0.0005955007193330808,0.0,32.10163818924243
58,abundant,99.9489037581901,81.09193724948742,0.0006067298061929779,0.0,32.10163818924243
59,abundant,99.94749330640215,81.07280017187458,0.0006194925317004503,0.020292207792207792,32.10163818924243
60,abundant,99.94665415294719,81.05674133138226,0.0006302094248643018,0.020292207792207792,32.10163818924243
61,abundant,99.94541210403408,81.03452635753322,0.0006450167120876712,0.020292207792207792,32.10163818924243
62,abundant,99.94471945331597,81.01692883956699,0.0006567553150010715,0.020292207792207792,32.10163818924243
63,abundant,99.94422155157065,81.0054876605071,0.0006644027430874839,0.020292207792207792,32.10163818924243
64,abundant,99.94369204006604,80.99404655050749,0.000672049905447044,0.020292207792207792,32.10163818924243
65,abundant,99.94309426447988,80.97798834058554,0.000682764877374918,0.020292207792207792,32.10163818924243
66,abundant,99.94202640415672,80.95346547769653,0.0006991042388643798,0.020292207792207792,32.10163818924243
67,abundant,99.94141450278732,80.94154152649735,0.000707071251503876,0.020292207792207792,32.10163818924243
68,abundant,99.94081426274197,80.9293313400891,0.0007152282349408247,0.020292207792207792,32.10163818924243
69,abundant,99.94021776974762,80.91096500769997,0.0007274757022020194,0.020292207792207792,32.10163818924243
70,abundant,99.93935684746673,80.88490351763815,0.0007448362030212179,0.020292207792207792,32.10163818924243
71,abundant,99.93801882952226,80.85730947133135,0.0007632145831679087,0.020292207792207792,32.10163818924243
72,abundant,99.93624293885587,80.83244180114048,0.0007797807787720956,0.020292207792207792,32.10163818924243
73,abundant,99.93566670358132,80.82100151688317,0.0007874241051800679,0.020292207792207792,32.10163818924243
74,abundant,99.93505109010218,80.80879177181916,0.0007955785111183507,0.020292207792207792,32.10163818924243
75,abundant,99.93415249012423,80.78597800280505,0.0008107789773142872,0.020292207792207792,32.10163818924243
76,abundant,99.93358954812211,80.77607688128727,0.0008173986541265026,0.020292207792207792,32.10163818924243
77,abundant,99.93304290439656,80.760019912933,0.0008281086564848673,0.020292207792207792,32.10163818924243
78,abundant,99.93236328647433,80.73703729839052,0.0008434203988061534,0.020292207792207792,32.10163818924243
79,abundant,99.93180850698988,80.72098076895593,0.0008541293773848527,0.020292207792207792,32.10163818924243
80,abundant,99.93094985861623,80.6987681174413,0.0008689287511783937,0.020292207792207792,32.10163818924243
81,abundant,99.93026512771651,80.6851285126083,0.0008780309821684402,0.020292207792207792,32.10163818924243
82,abundant,99.92964922050719,80.66830238104058,0.000889250380450824,0.020292207792207792,32.10163818924243
83,abundant,99.92903222568401,80.65917164083383,0.0008953559284484252,0.020292207792207792,32.10163818924243
84,abundant,99.9283680131176,80.64619331570827,0.000904017991283954,0.020292207792207792,32.10163818924243
85,abundant,99.92764651872578,80.6316760238854,0.000913702442548098,0.020292207792207792,32.10163818924243
86,abundant,99.92685688933439,80.6125416643727,0.0009264546302658275,0.020292207792207792,32.10163818924243
87,abundant,99.92608543089473,80.59956365731071,0.0009351156062397994,0.020292207792207792,32.10163818924243
88,abundant,99.92524436941164,80.57966038152934,0.0009483781304173545,0.020292207792207792,32.10163818924243
89,abundant,99.92419191283442,80.5588379378375,0.0009622510617485298,0.020292207792207792,32.10163818924243
90,abundant,99.92301498083967,80.53815288573385,0.0009760323077972848,0.020292207792207792,32.10163818924243
91,abundant,99.92207197408295,80.52286672976567,0.0009862256354216847,0.020292207792207792,32.10163818924243
92,abundant,99.92098742647755,80.50296350582705,0.0009994866815137657,0.020292207792207792,32.10163818924243
93,abundant,99.9195569886198,80.47998229719205,0.0010147926485335583,0.020292207792207792,32.10163818924243
94,abundant,99.9176485792169,80.46011869056032,0.0010280265520510729,0.020292207792207792,32.10163818924243
95,abundant,99.91659652994672,80.44791101089004,0.0010361727716745226,0.020292207792207792,32.10163818924243
96,abundant,99.91505295297392,80.43185576294626,0.001046875434153379,0.020292207792207792,32.10163818924243
97,abundant,99.91321666300128,80.4131242978348,0.001059356111815737,0.020292207792207792,32.10163818924243
98,abundant,99.91252207611213,80.40322548250715,0.0010659672049559436,0.020292207792207792,32.10163818924243
99,abundant,99.91180765367714,80.39331844531382,0.0010725835699737193,0.020292207792207792,32.10163818924243
100,abundant,99.91106187890021,80.38271452434795,0.0010796628151438347,0.020292207792207792,32.10163818924243
101,abundant,99.91041338436374,80.3735855612547,0.001085761755326309,0.020292207792207792,32.10163818924243
102,abundant,99.90967698808512,80.36445375381513,0.0010918624055828894,0.020292207792207792,32.10163818924243
103,abundant,99.90895860496549,80.35571347835642,0.0010977027071779819,0.020292207792207792,32.10163818924243
104,abundant,99.90812430023223,80.34735400698082,0.0011032897947486067,0.020292207792207792,32.10163818924243
105,abundant,99.90733799099768,80.34031129361749,0.0011080017442806557,0.020292207792207792,32.10163818924243
106,abundant,99.9065313332669,80.33348983061057,0.0011125665373906749,0.020292207792207792,32.10163818924243
107,abundant,99.90572817248298,80.32666944145579,0.0011171304837281368,0.020292207792207792,32.10163818924243
108,abundant,99.90501147242962,80.31984909495876,0.0011216942684830996,0.020292207792207792,32.10163818924243
109,abundant,99.90440826163208,80.31072033226788,0.0011277918454975955,0.020292207792207792,32.10163818924243
110,abundant,99.90371508378271,80.30236129670507,0.0011333777671796892,0.020292207792207792,32.10163818924243
111,abundant,99.90297146367197,80.29400231053414,0.0011389634927702482,0.020292207792207792,32.10163818924243
112,abundant,99.90216625083342,80.28563415201592,0.0011445551499522824,0.020292207792207792,32.10163818924243
113,abundant,99.90131862337367,80.27727529006943,0.001150140465256677,0.020292207792207792,32.10163818924243
114,abundant,99.90045901156456,80.26814694907783,0.0011562369304682232,0.020292207792207792,32.10163818924243
115,abundant,99.89954719425701,80.2590177782805,0.001162333768857747,0.020292207792207792,32.10163818924243
116,abundant,99.89869284828846,80.24912010509053,0.001168941092731192,0.020292207792207792,32.10163818924243
117,abundant,99.89773470419205,80.24075769699922,0.0011745280513266064,0.020292207792207792,32.10163818924243
118,abundant,99.89675872722363,80.23387982613261,0.001179128382083983,0.020292207792207792,32.10163818924243
119,abundant,99.89576216870837,80.22782059794156,0.0011831845947567034,0.020292207792207792,32.10163818924243
120,abundant,99.89482829814295,80.22100088249579,0.001187746025597026,0.020292207792207792,32.10163818924243
121,abundant,99.89395122915194,80.21371152687666,0.0011926193949352189,0.020292207792207792,32.10163818924243
122,abundant,99.89296434949412,80.20689124154016,0.001197180926952092,0.020292207792207792,32.10163818924243
123,abundant,99.89197636763262,80.2000716963209,0.001201741831419931,0.020292207792207792,32.10163818924243
124,abundant,99.89099972244576,80.19248277729199,0.0012068138429260319,0.020292207792207792,32.10163818924243
125,abundant,99.88992851358753,80.18412437125362,0.001212397020955234,0.020292207792207792,32.10163818924243
126,abundant,99.88881750613858,80.17866880280174,0.0012160511183579264,0.020292207792207792,32.10163818924243
127,abundant,99.88768150356493,80.17338804394471,0.00121958894364682,0.020292207792207792,32.10163818924243
128,abundant,99.8865197317017,80.16810731255703,0.0012231266412714304,0.020292207792207792,32.10163818924243
129,abundant,99.88544275617824,80.16256493335145,0.001226838093521245,0.020292207792207792,32.10163818924243
130,abundant,99.88450814261616,80.15728392746243,0.0012303757535718188,0.020292207792207792,32.10163818924243
131,abundant,99.88354918378333,80.15200159748025,0.0012339141870132137,0.020292207792207792,32.10163818924243
132,abundant,99.88256589326406,80.14672098145196,0.0012374513749155273,0.020292207792207792,32.10163818924243
133,abundant,99.88160997969449,80.14143377153552,0.0012409928377372992,0.020292207792207792,32.10163818924243
134,abundant,99.8806705313402,80.13615311857468,0.0012445298375110892,0.020292207792207792,32.10163818924243
135,abundant,99.87975542413098,80.13087270582898,0.0012480665736018745,0.020292207792207792,32.10163818924243
136,abundant,99.87881614132944,80.12559168173402,0.001251603611138722,0.040584415584415584,32.10163818924243
137,abundant,99.8779130683847,80.11775037772189,0.0012568418308638194,0.040584415584415584,32.10163818924243
138,abundant,99.87691945911415,80.11247003873005,0.0012603781556965908,0.040584415584415584,32.10163818924243
139,abundant,99.87599013960968,80.10718973404568,0.0012639143528998134,0.040584415584415584,32.10163818924243
140,abundant,99.8750116797481,80.09990698394043,0.0012687810542570067,0.040584415584415584,32.10163818924243
141,abundant,99.87407590556163,80.09462479748927,0.0012723182553250052,0.040584415584415584,32.10163818924243
142,abundant,99.87301915923778,80.09011120835683,0.001275344624149683,0.040584415584415584,32.10163818924243
143,abundant,99.87215801768964,80.08481963937307,0.0012788878659960447,0.040584415584415584,32.10163818924243
144,abundant,99.87127761342262,80.07953919093043,0.0012824236154246322,0.040584415584415584,32.10163818924243
145,abundant,99.87039203322534,80.0734895152744,0.0012864704076201883,0.040584415584415584,32.10163818924243
146,abundant,99.86953186983189,80.06667034932366,0.0012910284030350706,0.040584415584415584,32.10163818924243
147,abundant,99.86869894310452,80.05908191480337,0.001296097439685413,0.040584415584415584,32.10163818924243
148,abundant,99.86777866378362,80.05226264141756,0.0013006552272121588,0.040584415584415584,32.10163818924243
149,abundant,99.86683995176607,80.0454438251239,0.0013052125774369314,0.040584415584415584,32.10163818924243
150,abundant,99.86587249807037,80.03939261094492,0.0013092597280368716,0.040584415584415584,32.10163818924243
151,abundant,99.86498914581084,80.0331923472441,0.0013134058016391068,0.040584415584415584,32.10163818924243
152,abundant,99.86409559588179,80.0271427737411,0.0013174516211315458,0.040584415584415584,32.10163818924243
153,abundant,99.86319377143421,80.02109361540224,0.0013214970451192244,0.040584415584415584,32.10163818924243
154,abundant,99.86233859654998,80.01427496761102,0.0013260536700600315,0.040584415584415584,32.10163818924243
155,abundant,99.86147323016067,80.00668642763902,0.0013311217486915074,0.040584415584415584,32.10163818924243
156,abundant,99.86064587177962,79.99832881175737,0.0013367007247310112,0.040584415584415584,32.10163818924243
157,abundant,99.85981287472863,79.99032631891313,0.0013420435615255585,0.040584415584415584,32.10163818924243
158,abundant,99.85909113479103,79.98196862585488,0.0013476222730016052,0.040584415584415584,32.10163818924243
159,abundant,99.85840171547812,79.9736090111081,0.0013532021022328615,0.040584415584415584,32.10163818924243
160,abundant,99.85774695822813,79.96371261561575,0.0013598029519091691,0.040584415584415584,32.10163818924243
161,abundant,99.8570107878306,79.955355228137,0.0013653809542570109,0.040584415584415584,32.10163818924243
162,abundant,99.85629348845066,79.94545898494995,0.0013719813539658683,0.040584415584415584,32.10163818924243
163,abundant,99.8554592665052,79.93710185835451,0.001377558831200611,0.040584415584415584,32.10163818924243
164,abundant,99.8545579519375,79.92874478169163,0.0013831361121594934,0.040584415584415584,32.10163818924243
165,abundant,99.85367752247913,79.9192048881429,0.0013894992024443688,0.040584415584415584,32.10163818924243
166,abundant,99.85271266414057,79.91315623995372,0.0013935421995518245,0.040584415584415584,32.10163818924243
167,abundant,99.85174202079729,79.90479904074313,0.00139911908918823,0.040584415584415584,32.10163818924243
168,abundant,99.85082540323783,79.89644203165358,0.0014046956881541663,0.040584415584415584,32.10163818924243
169,abundant,99.85003848623938,79.88731554523089,0.001410783436495365,0.040584415584415584,32.10163818924243
170,abundant,99.84923134121712,79.87842197741688,0.0014167162354354265,0.040584415584415584,32.10163818924243
171,abundant,99.84840840069283,79.87160406357202,0.0014212696069822845,0.040584415584415584,32.10163818924243
172,abundant,99.84773563788899,79.8617849176693,0.001427817143020813,0.040584415584415584,32.10163818924243
173,abundant,99.84700410228704,79.85314436310449,0.0014335813261146296,0.040584415584415584,32.10163818924243
174,abundant,99.84629830500522,79.84478732894736,0.0014391569473889549,0.040584415584415584,32.10163818924243
175,abundant,99.84554387165035,79.83719961038712,0.0014442212045495228,0.040584415584415584,32.10163818924243
176,abundant,99.84500216217022,79.8265345798518,0.001451330167762251,0.040584415584415584,32.10163818924243
177,abundant,99.84438621762143,79.81586932017626,0.0014584390806643484,0.040584415584415584,32.10163818924243
178,abundant,99.84375711518898,79.80520427379844,0.001465547650268576,0.040584415584415584,32.10163818924243
179,abundant,99.84318362431586,79.79453945065775,0.001472655869547696,0.040584415584415584,32.10163818924243
180,abundant,99.84273517732734,79.78310532117774,0.0014802750854743063,0.040584415584415584,32.10163818924243
181,abundant,99.8421514639138,79.77167126579448,0.0014878940360611196,0.040584415584415584,32.10163818924243
182,abundant,99.84164241738827,79.76023728486196,0.0014955127213173453,0.040584415584415584,32.10163818924243
183,abundant,99.84110230399317,79.7489125353537,0.0015030586073062065,0.040584415584415584,32.10163818924243
184,abundant,99.84050941530327,79.73824801284451,0.0015101655627287433,0.040584415584415584,32.10163818924243
185,abundant,99.83999399382587,79.72681327820578,0.0015177841170237881,0.040584415584415584,32.10163818924243
186,abundant,99.83948910558499,79.71537970375772,0.0015254016850989778,0.040584415584415584,32.10163818924243
187,abundant,99.83893405648062,79.70471508786235,0.001532508072959427,0.040584415584415584,32.10163818924243
188,abundant,99.83839736970015,79.69405097729634,0.0015396139260370435,0.040584415584415584,32.10163818924243
189,abundant,99.83774417718463,79.68338693781236,0.0015467195313677317,0.040584415584415584,32.10163818924243
190,abundant,99.8371464827624,79.67348217920673,0.0015533204002278873,0.040584415584415584,32.10163818924243
191,abundant,99.83649587748774,79.66402285229051,0.0015596250976094332,0.040584415584415584,32.10163818924243
192,abundant,99.83585942687213,79.65643678683244,0.0015646848497861356,0.040584415584415584,32.10163818924243
193,abundant,99.83521866807757,79.64808124783188,0.0015702557690362355,0.040584415584415584,32.10163818924243
194,abundant,99.83456370547674,79.6397257682132,0.0015758264922677541,0.040584415584415584,32.10163818924243
195,abundant,99.8339584356344,79.62983140534409,0.0015824196347753992,0.040584415584415584,32.10163818924243
196,abundant,99.83334936377376,79.61993711234364,0.001589012546676414,0.040584415584415584,32.10163818924243
197,abundant,99.83269473018183,79.61004288826253,0.0015956052279788014,0.040584415584415584,32.10163818924243
198,abundant,99.8319961733235,79.60099308375871,0.0016016366141289782,0.040584415584415584,32.10163818924243
199,abundant,99.8313492409119,79.5926375351933,0.0016072065044579085,0.040584415584415584,32.10163818924243
200,abundant,99.83081213584467,79.58351309566596,0.0016132871630147928,0.040584415584415584,32.10163818924243
201,abundant,99.83027951872316,79.57438872303801,0.001619367608553188,0.040584415584415584,32.10163818924243
202,abundant,99.8297390068776,79.56526458601718,0.0016254477293098939,0.040584415584415584,32.10163818924243
203,abundant,99.82922172776448,79.5553709860307,0.00163203898305541,0.040584415584415584,32.10163818924243
204,abundant,99.82875890239349,79.54470808459023,0.0016391412494212046,0.040584415584415584,32.10163818924243
205,abundant,99.82832178528976,79.53404526031406,0.0016462432683261026,0.040584415584415584,32.10163818924243
206,abundant,99.82788165842665,79.52261298345918,0.0016538563856596832,0.040584415584415584,32.10163818924243
207,abundant,99.82736191107307,79.5111807867487,0.0016614692382243062,0.040584415584415584,32.10163818924243
208,abundant,99.8268176316723,79.49974867049386,0.0016690818260291641,0.040584415584415584,32.10163818924243
209,abundant,99.82628502055609,79.4883166371249,0.001676694149083448,0.040584415584415584,32.10163818924243
210,abundant,99.82572601092843,79.47688468814839,0.0016843062073963499,0.040584415584415584,32.10163818924243
211,abundant,99.82521949523492,79.46545282591386,0.0016919180009770604,0.040584415584415584,32.10163818924243
212,abundant,99.82467771533332,79.45425052252556,0.00169937704622965,0.040584415584415584,32.10163818924243
213,abundant,99.82414305448624,79.44358823553624,0.0017064770493885274,0.040584415584415584,32.10163818924243
214,abundant,99.82359011418332,79.4321565022453,0.0017140881503916968,0.040584415584415584,32.10163818924243
215,abundant,99.82301924157248,79.42100085149193,0.0017215155897090815,0.040584415584415584,32.10163818924243
216,abundant,99.82247443768348,79.41033893420068,0.0017286147461684847,0.040584415584415584,32.10163818924243
217,abundant,99.82202274129614,79.39813817529414,0.0017367362599609978,0.040584415584415584,32.10163818924243
218,abundant,99.82150743643628,79.38824484441953,0.0017433242831253496,0.040584415584415584,32.10163818924243
219,abundant,99.82100369312603,79.37758306234575,0.0017504227573412897,0.040584415584415584,32.10163818924243
220,abundant,99.82043121458162,79.36769062828851,0.0017570098119582865,0.040584415584415584,32.10163818924243
221,abundant,99.81987567382087,79.3570290022783,0.0017641078094780113,0.040584415584415584,32.10163818924243
222,abundant,99.81928103220334,79.34713672454475,0.0017706943866291423,0.040584415584415584,32.10163818924243
223,abundant,99.81882651567453,79.33655369993824,0.001777739781804751,0.040584415584415584,32.10163818924243
224,abundant,99.81835636924849,79.32666168887658,0.0017843258139590003,0.040584415584415584,32.10163818924243
225,abundant,99.81779013521201,79.31753928492552,0.0017904002703398787,0.040584415584415584,32.10163818924243
226,abundant,99.81717434982413,79.30841695445477,0.0017964745141323308,0.040584415584415584,32.10163818924243
227,abundant,99.81658027881825,79.29775587849778,0.0018035710802313835,0.040584415584415584,32.10163818924243
228,abundant,99.81594221645904,79.28709488533858,0.0018106673994677405,0.040584415584415584,32.10163818924243
229,abundant,99.81530722773337,79.27709184398465,0.0018173263239196912,0.040584415584415584,32.10163818924243
230,abundant,99.81474722571949,79.2679698959947,0.00182339959001056,0.040584415584415584,32.10163818924243
231,abundant,99.81416391061373,79.25884802403553,0.0018294726437133116,0.040584415584415584,32.10163818924243
232,abundant,99.8137023173629,79.24961435133451,0.0018356198272303146,0.040584415584415584,32.10163818924243
233,abundant,99.81312901214453,79.24126199037299,0.0018411812214975756,0.040584415584415584,32.10163818924243
234,abundant,99.812614118639,79.23214017270742,0.0018472537659866973,0.040584415584415584,32.10163818924243
235,abundant,99.81211479610394,79.22301843255862,0.001853326097596955,0.040584415584415584,32.10163818924243
236,abundant,99.81168849345619,79.2131272415925,0.0018599095622167253,0.040584415584415584,32.10163818924243
237,abundant,99.8111825433983,79.20323644473036,0.0018664925898711445,0.040584415584415584,32.10163818924243
238,abundant,99.81073457183126,79.19283750206321,0.0018734131005341073,0.040584415584415584,32.10163818924243
239,abundant,99.81018419977059,79.18371603023132,0.0018794845547192678,0.040584415584415584,32.10163818924243
240,abundant,99.80975948264377,79.17305594396375,0.001886578245939258,0.040584415584415584,32.10163818924243
241,abundant,99.80934642034437,79.16239594548524,0.0018936716903269653,0.040584415584415584,32.10163818924243
242,abundant,99.80898882432044,79.15173603745616,0.001900764887890957,0.040584415584415584,32.10163818924243
243,abundant,99.8085981993398,79.14107621834123,0.0019078578386398039,0.040584415584415584,32.10163818924243
244,abundant,99.80814711053945,79.13041648746842,0.0019149505425820727,0.040584415584415584,32.10163818924243
245,abundant,99.80771630472073,79.11898747609618,0.0019225542406129897,0.040584415584415584,32.10163818924243
246,abundant,99.8073136464258,79.1075585594325,0.0019301576746311982,0.040584415584415584,32.10163818924243
247,abundant,99.80698013974802,79.09612974004759,0.0019377608446458638,0.040584415584415584,32.10163818924243
248,abundant,99.80649185105877,79.08470101115296,0.0019453637506661539,0.040584415584415584,32.10163818924243
249,abundant,99.80599836704123,79.07327237323545,0.0019529663927012346,0.040584415584415584,32.10163818924243
250,abundant,99.80538108621585,79.0618438211761,0.001960568770760272,0.040584415584415584,32.10163818924243
251,abundant,99.804911993463,79.05041536213274,0.001968170884852432,0.040584415584415584,32.10163818924243
252,abundant,99.80435483299222,79.03962646680995,0.001975347810081501,0.040584415584415584,32.10163818924243
253,abundant,99.80383102268301,79.02896756746041,0.0019824381627068666,0.040584415584415584,32.10163818924243
254,abundant,99.80323760351511,79.01753936988052,0.0019900395174583226,0.040584415584415584,32.10163818924243
255,abundant,99.80259535427155,79.0068804968935,0.0019971294566563124,0.040584415584415584,32.10163818924243
256,abundant,99.80197907337474,78.99545246801513,0.0020047303013022507,0.040584415584415584,32.10163818924243
257,abundant,99.80136157658099,78.98402452445097,0.002012330882034555,0.040584415584415584,32.10163818924243
258,abundant,99.80070713766676,78.97259666425592,0.002019931198862387,0.040584415584415584,32.10163818924243
259,abundant,99.79996657002775,78.96116888853058,0.0020275312517949113,0.040584415584415584,32.10163818924243
260,abundant,99.79922401200409,78.95072402996361,0.002034477955929254,0.040584415584415584,32.10163818924243
261,abundant,99.79843224191094,78.94038077685057,0.0020413569525775874,0.040584415584415584,32.10163818924243
262,abundant,99.79761407660907,78.93298648019173,0.0020462761921317906,0.040584415584415584,32.10163818924243
263,abundant,99.79688297964698,78.92386660451423,0.0020523419284291704,0.040584415584415584,32.10163818924243
264,abundant,99.79607716790252,78.91705537004793,0.002056873411964017,0.040584415584415584,32.10163818924243
265,abundant,99.79519807630331,78.9091643587207,0.0020621222708684423,0.040584415584415584,32.10163818924243
266,abundant,99.79436162341236,78.903122465749,0.0020661422540205624,0.040584415584415584,32.10163818924243
267,abundant,99.79348113473172,78.89400312196291,0.002072207065589016,0.040584415584415584,32.10163818924243
268,abundant,99.7924275618076,78.88950009087627,0.002075204190639695,0.040584415584415584,32.10163818924243
269,abundant,99.79147514437375,78.88450735206605,0.0020785266302196545,0.040584415584415584,32.10163818924243
270,abundant,99.79045252655513,78.88077385087931,0.002081012207979986,0.040584415584415584,32.10163818924243
271,abundant,99.7894684670199,78.87627084971791,0.0020840090309258703,0.040584415584415584,32.10163818924243
272,abundant,99.7884033319335,78.87253740377702,0.0020864943909604497,0.040584415584415584,32.10163818924243
273,abundant,99.78745649299806,78.86803445722435,0.0020894909961482475,0.040584415584415584,32.10163818924243
274,abundant,99.78655075759157,78.86278908267168,0.002092980843339035,0.040584415584415584,32.10163818924243
275,abundant,99.78560155174473,78.85828632250413,0.0020959771219217233,0.040584415584415584,32.10163818924243
276,abundant,99.78462281736059,78.85378301765064,0.002098973668961468,0.040584415584415584,32.10163818924243
277,abundant,99.78366383367278,78.84928058539255,0.002101969539639796,0.040584415584415584,32.10163818924243
278,abundant,99.78263329360335,78.84554687262339,0.0021044545058555232,0.040584415584415584,32.10163818924243
279,abundant,99.78175247177343,78.84027513362489,0.0021079613966074285,0.040584415584415584,32.10163818924243
280,abundant,99.78075104253745,78.83654165245727,0.0021104460110242334,0.040584415584415584,32.10163818924243
281,abundant,99.77969812798112,78.83203857443341,0.00211344193389349,0.040584415584415584,32.10163818924243
282,abundant,99.7786002895652,78.82830539214103,0.002115926167306206,0.040584415584415584,32.10163818924243
283,abundant,99.77755638966974,78.82457223379785,0.0021184102997566286,0.040584415584415584,32.10163818924243
284,abundant,99.77654064456635,78.8208395006242,0.0021208940650043174,0.060876623376623376,32.10163818924243
285,abundant,99.77543967498744,78.81710599060202,0.002123378261410874,0.060876623376623376,32.10163818924243
286,abundant,99.77433137764301,78.81183441441901,0.002126884407174148,0.08116883116883117,32.10163818924243
287,abundant,99.77319930113474,78.80755299992397,0.002129732485257843,0.08116883116883117,32.10163818924243
288,abundant,99.77209518461375,78.80535822713546,0.0021311939093040244,0.08116883116883117,32.10163818924243
289,abundant,99.77100430641907,78.80085568542262,0.002134188774022651,0.08116883116883117,32.10163818924243
290,abundant,99.76988940562292,78.79712269895302,0.0021366721757026296,0.08116883116883117,32.10163818924243
291,abundant,99.76875594160983,78.79436765177367,0.002138505657321062,0.08116883116883117,32.10163818924243
292,abundant,99.76762167555604,78.79217321271193,0.00213996655294692,0.08116883116883117,32.10163818924243
293,abundant,99.76647744903936,78.78921004001091,0.0021419382118977788,0.08116883116883117,32.10163818924243
294,abundant,99.76539006351318,78.78692217592432,0.00214346106315985,0.08116883116883117,32.10163818924243
295,abundant,99.76429193049286,78.78472712692937,0.002144922181895044,0.08116883116883117,32.10163818924243
296,abundant,99.7631826252367,78.78253369482059,0.0021463821698287796,0.08116883116883117,32.10163818924243
297,abundant,99.76210241238034,78.78033951169628,0.0021478426018808495,0.08116883116883117,32.10163818924243
298,abundant,99.76101723339058,78.77814441015212,0.002149303589733586,0.08116883116883117,32.10163818924243
299,abundant,99.75995383740349,78.77518149272233,0.002151274730199675,0.08116883116883117,32.10163818924243
300,abundant,99.75887710330258,78.77221697266758,0.0021532468663738942,0.08116883116883117,32.10163818924243
301,abundant,99.75778673254997,78.7692540938651,0.0021552178418256813,0.08116883116883117,32.10163818924243
302,abundant,99.75668115691558,78.76629123745815,0.0021571887323046665,0.08116883116883117,32.10163818924243
303,abundant,99.75561332806193,78.76332598486626,0.0021591611462433253,0.08116883116883117,32.10163818924243
304,abundant,99.75453812981895,78.76036236925232,0.002161132403358074,0.08116883116883117,32.10163818924243
305,abundant,99.7534503393288,78.75662976781892,0.0021636145761705903,0.08116883116883117,32.10163818924243
306,abundant,99.75235067072438,78.753814766291,0.0021654869265518416,0.08116883116883117,32.10163818924243
307,abundant,99.75127829841516,78.75162147422863,0.002166946088950208,0.08116883116883117,32.10163818924243
308,abundant,99.75023945932331,78.74865634795403,0.0021689180757860477,0.08116883116883117,32.10163818924243
309,abundant,99.74927168429481,78.74492367790471,0.0021714000257353136,0.08116883116883117,32.10163818924243
310,abundant,99.74821128251108,78.74195972769049,0.0021733710843229335,0.08116883116883117,32.10163818924243
311,abundant,99.74714007964094,78.73899663480432,0.0021753415041184995,0.08116883116883117,32.10163818924243
312,abundant,99.74605807206997,78.73603356603404,0.0021773118389840015,0.08116883116883117,32.10163818924243
313,abundant,99.74500759015234,78.73307052134732,0.0021792820891434134,0.08116883116883117,32.10163818924243
314,abundant,99.74402829024491,78.72933666826425,0.0021817644718725927,0.08116883116883117,32.10163818924243
315,abundant,99.7430982660367,78.72560359657254,0.0021842462550137965,0.08116883116883117,32.10163818924243
316,abundant,99.74213646748451,78.72187125604738,0.0021867274725370614,0.08116883116883117,32.10163818924243
317,abundant,99.74166996464203,78.7173691439882,0.002189720129885224,0.08116883116883117,32.10163818924243
318,abundant,99.74115863463537,78.71363647642983,0.0021922014112988296,0.08116883116883117,32.10163818924243
319,abundant,99.74083952616225,78.7091347295242,0.002195193675826192,0.08116883116883117,32.10163818924243
320,abundant,99.74046558910392,78.7046458392489,0.0021981773171752886,0.08116883116883117,32.10163818924243
321,abundant,99.74029435113736,78.70168328147614,0.0022001466422611605,0.08116883116883117,32.10163818924243
322,abundant,99.73987873211888,78.69871821723976,0.0022021175772440733,0.08116883116883117,32.10163818924243
323,abundant,99.73960338226246,78.69498578778796,0.0022045983704073804,0.08116883116883117,32.10163818924243
324,abundant,99.739312486316,78.69202291826537,0.0022065677291114244,0.08116883116883117,32.10163818924243
325,abundant,99.73913044608665,78.68752072313711,0.0022095599105472624,0.08116883116883117,32.10163818924243
326,abundant,99.73907851343415,78.68301960299733,0.002212551304304649,0.08116883116883117,32.10163818924243
327,abundant,99.73893461165434,78.6792873678661,0.0022150317012362623,0.08116883116883117,32.10163818924243
328,abundant,99.73871204865448,78.67555395985599,0.002217512811908968,0.08116883116883117,32.10163818924243
329,abundant,99.7383898818739,78.67105222132189,0.0022205044086157253,0.08116883116883117,32.10163818924243
330,abundant,99.73822465279285,78.66732038643013,0.0022229843306598427,0.08116883116883117,32.10163818924243
331,abundant,99.73802240887208,78.6628187771372,0.0022259756994556417,0.08116883116883117,32.10163818924243
332,abundant,99.73773796504429,78.65831678037482,0.0022289672479184203,0.08116883116883117,32.10163818924243
333,abundant,99.73746178392983,78.6545847305164,0.0022314470909825627,0.08116883116883117,32.10163818924243
334,abundant,99.73725278412273,78.65085309173362,0.002233926595068725,0.08116883116883117,32.10163818924243
335,abundant,99.73695581357453,78.6463519598188,0.0022369173574728492,0.08116883116883117,32.10163818924243
336,abundant,99.73662416786415,78.6426195828704,0.0022393972054982154,0.08116883116883117,32.10163818924243
337,abundant,99.7362862079428,78.63888772439135,0.0022418766408831897,0.10146103896103895,32.10163818924243
338,abundant,99.73591396431756,78.63438626145262,0.002244867407032903,0.10146103896103895,32.10163818924243
339,abundant,99.73557063565782,78.63065410596965,0.002247346891065329,0.10146103896103895,32.10163818924243
340,abundant,99.7352674968137,78.62615308530908,0.002250337215876003,0.10146103896103895,32.10163818924243
341,abundant,99.73489540829264,78.62242100142835,0.002252816504272857,0.10146103896103895,32.10163818924243
342,abundant,99.73451036130407,78.61868925900029,0.0022552954963857273,0.10146103896103895,32.10163818924243
343,abundant,99.73410942668059,78.61418802233896,0.00225828574544629,0.10146103896103895,32.10163818924243
344,abundant,99.73381991959539,78.61045701391407,0.0022607641014851885,0.10146103896103895,32.10163818924243
345,abundant,99.7334171762024,78.60595589542693,0.0022637541232140806,0.10146103896103895,32.10163818924243
346,abundant,99.73295137989409,78.6022235708591,0.002266233201942593,0.10146103896103895,32.10163818924243
347,abundant,99.73265209321546,78.59849264625255,0.0022687112820333312,0.10146103896103895,32.10163818924243
348,abundant,99.73230766889137,78.5947611494708,0.002271189673117673,0.10146103896103895,32.10163818924243
349,abundant,99.7316415908914,78.59025938070783,0.002274179832455627,0.10146103896103895,32.10163818924243
350,abundant,99.73131320308083,78.58575901027714,0.002277168982507874,0.10146103896103895,32.10163818924243
351,abundant,99.73081326782264,78.58202690780612,0.002279647537829528,0.10146103896103895,32.10163818924243
352,abundant,99.73036982731084,78.57829576565427,0.0022821253841306013,0.10146103896103895,32.10163818924243
353,abundant,99.7299228323168,78.57379512453146,0.002285114488889919,0.10146103896103895,32.10163818924243
354,abundant,99.72939125905324,78.57006316942986,0.00228759272050052,0.10146103896103895,32.10163818924243
355,abundant,99.72888564552736,78.56556263866594,0.002290581596003893,0.10146103896103895,32.10163818924243
356,abundant,99.72840758400264,78.56183126498107,0.0022930592863052127,0.10146103896103895,32.10163818924243
357,abundant,99.72774052865557,78.55865573098416,0.002295167549577826,0.10146103896103895,32.10163818924243
358,abundant,99.72723645899494,78.55678264851873,0.002296410279578447,0.10146103896103895,32.10163818924243
359,abundant,99.72671843931255,78.55382044607947,0.002298376685299655,0.10146103896103895,32.10163818924243
360,abundant,99.72621435378416,78.55362351338397,0.0022985055279274086,0.10146103896103895,32.10163818924243
361,abundant,99.7256144097581,78.55272140374784,0.0022991029457252767,0.10146103896103895,32.10163818924243
362,abundant,99.72511169449078,78.55283618160567,0.002299024625137748,0.10146103896103895,32.10163818924243
363,abundant,99.72459655588895,78.55218263546786,0.002299456848105385,0.10146103896103895,32.10163818924243
364,abundant,99.72392334695232,78.55229565977481,0.0022993796683664263,0.10146103896103895,32.10163818924243
365,abundant,99.7233214977794,78.55164158964837,0.002299812213083005,0.10146103896103895,32.10163818924243
366,abundant,99.7228187546903,78.55175716575332,0.002299733314532346,0.10146103896103895,32.10163818924243
367,abundant,99.72223077902431,78.55187152723163,0.0022996552166745722,0.10146103896103895,32.10163818924243
368,abundant,99.7215422227251,78.55121754744037,0.002300087670944551,0.10146103896103895,32.10163818924243
369,abundant,99.72103948121081,78.55133346079246,0.0023000085177604765,0.10146103896103895,32.10163818924243
370,abundant,99.72043465957894,78.55067863396414,0.002300441511876424,0.10146103896103895,32.10163818924243
371,abundant,99.71984663605468,78.55079163732483,0.002300364267528366,0.10146103896103895,32.10163818924243
372,abundant,99.71934385103869,78.55090716162124,0.0023002853429656966,0.10146103896103895,32.10163818924243
373,abundant,99.71865228841888,78.55025241553993,0.0023007182522195996,0.10146103896103895,32.10163818924243
374,abundant,99.71814949783902,78.5503666823518,0.002300640138655859,0.10146103896103895,32.10163818924243
375,abundant,99.71747625275576,78.55048093883073,0.0023005620238516398,0.12175324675324675,32.10163818924243
376,abundant,99.71688483154209,78.54982696210567,0.002300994390909535,0.12175324675324675,32.10163818924243
377,abundant,99.71627701938851,78.5491728205285,0.002301426849446465,0.12175324675324675,32.10163818924243
378,abundant,99.7156890031511,78.54928744664016,0.0023013484465330596,0.12175324675324675,32.10163818924243
379,abundant,99.71507970742782,78.54863268217224,0.002301781293803823,0.12175324675324675,32.10163818924243
380,abundant,99.71466214943167,78.54874814470915,0.0023017023129962245,0.12175324675324675,32.10163818924243
381,abundant,99.71407412963093,78.54886195098543,0.002301624426115218,0.12175324675324675,32.10163818924243
382,abundant,99.71346335461695,78.54820734793842,0.0023020571374143734,0.12175324675324675,32.10163818924243
383,abundant,99.71304579689347,78.54832285665678,0.002301978097254201,0.12175324675324675,32.10163818924243
384,abundant,99.71228732693011,78.54843763327001,0.0023018995345356033,0.12175324675324675,32.10163818924243
385,abundant,99.71178454242052,78.54855321526402,0.002301820431608226,0.12175324675324675,32.10163818924243
386,abundant,99.71127834156577,78.54789764448397,0.002302253751779048,0.12175324675324675,32.10163818924243
387,abundant,99.7105198697214,78.54801197750498,0.0023021754527482886,0.12175324675324675,32.10163818924243
388,abundant,99.71001257910565,78.54735832522012,0.002302607472217783,0.12175324675324675,32.10163818924243
389,abundant,99.70959501929482,78.54747332732433,0.0023025287083115954,0.12175324675324675,32.10163818924243
390,abundant,99.7088304610812,78.54681878513715,0.0023029612945478788,0.12175324675324675,32.10163818924243
391,abundant,99.70838866546062,78.54616427622294,0.0023033938429672042,0.12175324675324675,32.10163818924243
392,abundant,99.70780064650128,78.54627825302947,0.0023033157173358134,0.12175324675324675,32.10163818924243
393,abundant,99.70721263240773,78.54639331100815,0.0023032368669518182,0.12175324675324675,32.10163818924243
394,abundant,99.70661694720677,78.54573860574673,0.0023036695144055914,0.12175324675324675,32.10163818924243
395,abundant,99.70600321721406,78.54508395721034,0.002304102105579372,0.12175324675324675,32.10163818924243
396,abundant,99.70550043086527,78.54519913681503,0.002304023132257996,0.12175324675324675,32.10163818924243
397,abundant,99.70488522325154,78.54454518062023,0.0023044552399401545,0.12175324675324675,32.10163818924243
398,abundant,99.70429720502949,78.54465931958445,0.002304376933184148,0.12175324675324675,32.10163818924243
399,abundant,99.70368051552308,78.54400508178476,0.002304809202938213,0.12175324675324675,32.10163818924243
400,abundant,99.70317772648163,78.544119651128,0.0023047305864925187,0.12175324675324675,32.10163818924243
401,abundant,99.70250448537577,78.54423476129418,0.0023046516030145446,0.14204545454545456,32.10163818924243
402,abundant,99.70188631637748,78.5435805795644,0.0023050838039425526,0.14204545454545456,32.10163818924243
403,abundant,99.70121307244423,78.5436950463351,0.0023050052210733946,0.14204545454545456,32.10163818924243
404,abundant,99.70062505901038,78.54381022398341,0.0023049261593299894,0.14204545454545456,32.10163818924243
405,abundant,99.70009063638405,78.54315576888573,0.0023053585098965885,0.14204545454545456,32.10163818924243
406,abundant,99.69958785099111,78.54327112205365,0.0023052793094548965,0.14204545454545456,32.10163818924243
407,abundant,99.69899983235526,78.543385109665,0.002305201009618137,0.14204545454545456,32.10163818924243
408,abundant,99.69849704757988,78.54350056909786,0.0023051217267647394,0.14204545454545456,32.10163818924243
409,abundant,99.69779069000874,78.54284574142876,0.0023055542879308025,0.14204545454545456,32.10163818924243
410,abundant,99.69728790428269,78.54296098301786,0.002305475124187421,0.14204545454545456,32.10163818924243
411,abundant,99.69677587446527,78.54230669766564,0.0023059073028394088,0.14204545454545456,32.10163818924243
412,abundant,99.69627308612242,78.54242135062694,0.0023058285081323324,0.16233766233766234,32.10163818924243
413,abundant,99.69565047801674,78.5417667585099,0.002306260866690571,0.16233766233766234,32.10163818924243
414,abundant,99.69489200867064,78.54188158800845,0.002306181926250523,0.16233766233766234,32.10163818924243
415,abundant,99.6944636268548,78.54122761366497,0.0023066138493496834,0.16233766233766234,32.10163818924243
416,abundant,99.6938395391432,78.5405730419237,0.0023070461505732514,0.18262987012987011,32.10163818924243
417,abundant,99.69325150396654,78.54068752832046,0.0023069673975058447,0.18262987012987011,32.10163818924243
418,abundant,99.69262589777077,78.54003382058201,0.0023073990993975613,0.18262987012987011,32.10163818924243
419,abundant,99.69203784089686,78.54014861548082,0.002307320116143567,0.18262987012987011,32.10163818924243
420,abundant,99.69153501073824,78.54026326839079,0.00230724122163056,0.18262987012987011,32.10163818924243
421,abundant,99.69094695546049,78.54037839030823,0.002307162009208787,0.18262987012987011,32.10163818924243
422,abundant,99.69043172263238,78.53972372734661,0.0023075943105051663,0.18262987012987011,32.10163818924243
423,abundant,99.68980463707304,78.53906964207394,0.002308026208805779,0.18262987012987011,32.10163818924243
424,abundant,99.68938703805166,78.53918516893509,0.0023079466877133016,0.18262987012987011,32.10163818924243
425,abundant,99.68884369628756,78.53853039451742,0.002308379022894405,0.18262987012987011,32.10163818924243
426,abundant,99.68808518320678,78.53864479482482,0.0023083002235714605,0.18262987012987011,32.10163818924243
427,abundant,99.68754036376333,78.53799062473267,0.0023087321302897586,0.18262987012987011,32.10163818924243
428,abundant,99.68712276364433,78.53810590200698,0.002308652726904322,0.18262987012987011,32.10163818924243
429,abundant,99.68649123336992,78.537451008851,0.0023090850913362517,0.18262987012987011,32.10163818924243
430,abundant,99.68598840517346,78.53756610342565,0.002309005785192317,0.18262987012987011,32.10163818924243
431,abundant,99.68540033778957,78.5376808831072,0.002308926681737857,0.18262987012987011,32.10163818924243
432,abundant,99.68476728921543,78.53702665604074,0.002309358572658491,0.18262987012987011,32.10163818924243
433,abundant,99.68434964678002,78.53714183465512,0.0023092791811783497,0.18262987012987011,32.10163818924243
434,abundant,99.683800343676,78.53648726989314,0.002309711275009148,0.18262987012987011,32.10163818924243
435,abundant,99.68321224331092,78.53660168319662,0.0023096323676801895,0.18262987012987011,32.10163818924243
436,abundant,99.68257623396528,78.53594740707369,0.0023100642435449565,0.18262987012987011,32.10163818924243
437,abundant,99.68207336517744,78.53606279062818,0.0023099846671137446,0.18262987012987011,32.10163818924243
438,abundant,99.6814000382142,78.53617733516504,0.0023099056402999286,0.18262987012987011,32.10163818924243
439,abundant,99.6807625511306,78.53552337977185,0.0023103372710263307,0.18262987012987011,32.10163818924243
440,abundant,99.68016047607759,78.53486859613959,0.002310769433434558,0.18262987012987011,32.10163818924243
441,abundant,99.67957238010085,78.53498399066459,0.002310689797545612,0.18262987012987011,32.10163818924243
442,abundant,99.67913918317086,78.53433038357994,0.0023111211564929503,0.18262987012987011,32.10163818924243
443,abundant,99.67848305876088,78.53290561705563,0.002312064927928312,0.18262987012987011,32.10163818924243
444,abundant,99.67798014801535,78.53302102021193,0.002311985234222154,0.18262987012987011,32.10163818924243
445,abundant,99.67739200985564,78.53313637369882,0.002311905566896784,0.18262987012987011,32.10163818924243
446,abundant,99.67683674896895,78.53248204793876,0.002312337341502882,0.18262987012987011,32.10163818924243
447,abundant,99.67633383439917,78.53259657015356,0.0023122582031459412,0.18262987012987011,32.10163818924243
448,abundant,99.67581217139876,78.5319419273678,0.0023126901662786675,0.18262987012987011,32.10163818924243
449,abundant,99.67517016088856,78.5312872848139,0.0023131221095178144,0.18262987012987011,32.10163818924243
450,abundant,99.67466720905657,78.53140283543355,0.0023130422459500042,0.18262987012987011,32.10163818924243
451,abundant,99.67416425440095,78.53151773274007,0.002312962811073944,0.18262987012987011,32.10163818924243
452,abundant,99.67355577391224,78.53086340756505,0.0023133945147637528,0.18262987012987011,32.10163818924243
453,abundant,99.67296759486437,78.53097895321979,0.0023133146244135056,0.18262987012987011,32.10163818924243
454,abundant,99.67223887840878,78.53032391248533,0.0023137467757020683,0.2029220779220779,32.10163818924243
455,abundant,99.67182115498619,78.53043969946818,0.002313666699962836,0.2029220779220779,32.10163818924243
456,abundant,99.6711761850993,78.52978452381072,0.00231409891763896,0.2029220779220779,32.10163818924243
457,abundant,99.67067323332829,78.5299000659533,0.0023140189798203053,0.2029220779220779,32.10163818924243
458,abundant,99.67006317207667,78.52924530072403,0.002314450901222886,0.2029220779220779,32.10163818924243
459,abundant,99.66950195443115,78.528591038403,0.002314882469690484,0.2029220779220779,32.10163818924243
460,abundant,99.6689990012483,78.52870627637331,0.00231480269166237,0.2029220779220779,32.10163818924243
461,abundant,99.66841081950425,78.52882120524492,0.0023147231120517957,0.2029220779220779,32.10163818924243
462,abundant,99.66793335283852,78.52816753254544,0.0023151542599912714,0.2029220779220779,32.10163818924243
463,abundant,99.66734517186372,78.52828263454909,0.0023150745416226286,0.2029220779220779,32.10163818924243
464,abundant,99.66669576387943,78.5276274343373,0.0023155066776441888,0.2029220779220779,32.10163818924243
465,abundant,99.6661927735763,78.52774275018241,0.0023154267920704338,0.2029220779220779,32.10163818924243
466,abundant,99.66560455157169,78.52785801881328,0.002315346931521883,0.2029220779220779,32.10163818924243
467,abundant,99.665038855742,78.5272040740461,0.002315778203543171,0.2029220779220779,32.10163818924243
468,abundant,99.66445063047277,78.52731860302609,0.00231569880927141,0.2029220779220779,32.10163818924243
469,abundant,99.66388345508011,78.52666474980781,0.002316129995214268,0.2029220779220779,32.10163818924243
470,abundant,99.66329523191813,78.52677975154366,0.002316050261476849,0.2029220779220779,32.10163818924243
471,abundant,99.6627922365052,78.52689484561795,0.002315970461458951,0.2029220779220779,32.10163818924243
472,abundant,99.66209533398317,78.52624030028836,0.002316402075268127,0.2029220779220779,32.10163818924243
473,abundant,99.66167756671936,78.52635559107621,0.0023163221203909654,0.2029220779220779,32.10163818924243
474,abundant,99.661004117064,78.5264707328102,0.002316242256698337,0.2029220779220779,32.10163818924243
475,abundant,99.6605011227204,78.5265860322267,0.0023161622832302197,0.2029220779220779,32.10163818924243
476,abundant,99.65997309728607,78.52593203534428,0.002316593498644118,0.2029220779220779,32.10163818924243
477,abundant,99.65921445701498,78.52604726768377,0.0023165135433218936,0.2029220779220779,32.10163818924243
478,abundant,99.6586848093582,78.52539221064768,0.002316945436401097,0.2029220779220779,32.10163818924243
479,abundant,99.65818181498108,78.52550749893787,0.0023168654211836825,0.2029220779220779,32.10163818924243
480,abundant,99.65748017062882,78.52485312243785,0.002317296836304354,0.2029220779220779,32.10163818924243
481,abundant,99.65680672176669,78.52496841692529,0.002317216788645526,0.2029220779220779,32.10163818924243
482,abundant,99.6562739500582,78.52431390498799,0.0023176482683579342,0.2029220779220779,32.10163818924243
483,abundant,99.65570530664559,78.52365964083528,0.002318079564587238,0.2029220779220779,32.10163818924243
484,abundant,99.65518895917369,78.52377478051477,0.002317999577552451,0.2029220779220779,32.10163818924243
485,abundant,99.6546187992089,78.52312063176407,0.0023184307723577453,0.2029220779220779,32.10163818924243
486,abundant,99.65411577568743,78.52323586589472,0.0023183506983115343,0.2029220779220779,32.10163818924243
487,abundant,99.65386834775857,78.52335129858027,0.0023182704907535358,0.2029220779220779,32.10163818924243
488,abundant,99.6530782435693,78.5226965210516,0.0023187020742666295,0.2029220779220779,32.10163818924243
489,abundant,99.65276212965883,78.52204246927474,0.0023191331602624037,0.2029220779220779,32.10163818924243
490,abundant,99.65242942820699,78.52215796880017,0.0023190528681679675,0.2029220779220779,32.10163818924243
491,abundant,99.65192626880386,78.52227268323594,0.002318973092078392,0.2029220779220779,32.10163818924243
492,abundant,99.65159356748802,78.52238818558371,0.002318892789876795,0.2029220779220779,32.10163818924243
493,abundant,99.65097221377187,78.52173355844644,0.0023193242276827535,0.2029220779220779,32.10163818924243
494,abundant,99.65039893206028,78.52107925776386,0.0023197554292990704,0.2029220779220779,32.10163818924243
495,abundant,99.65006618816867,78.52119458905959,0.002319675199061033,0.2029220779220779,32.10163818924243
496,abundant,99.64952847606102,78.52054041024216,0.002320106298713776,0.2029220779220779,32.10163818924243
497,abundant,99.6490389495176,78.51988605906023,0.0023205374950166563,0.2029220779220779,32.10163818924243
498,abundant,99.64879135458872,78.52000154292077,0.002320457125576702,0.2029220779220779,32.10163818924243
499,abundant,99.64811769589856,78.52011662709837,0.002320377013335338,0.2029220779220779,32.10163818924243
500,abundant,99.64786799533057,78.51946246455712,0.002320808060235431,0.2029220779220779,32.10163818924243
501,abundant,99.64763258774481,78.51880819627726,0.002321239163419524,0.2029220779220779,32.10163818924243
502,abundant,99.64738502996109,78.51892369448136,0.0023211587465460943,0.2029220779220779,32.10163818924243
503,abundant,99.6469776866639,78.5182691094076,0.002321590041819212,0.2029220779220779,32.10163818924243
504,abundant,99.64697322267934,78.51838473168394,0.0023215095278552875,0.2029220779220779,32.10163818924243
505,abundant,99.64664039747294,78.51849939620108,0.00232142964723297,0.2029220779220779,32.10163818924243
506,abundant,99.64640199473443,78.51784523050841,0.002321860648356589,0.2029220779220779,32.10163818924243
507,abundant,99.64623955333393,78.51796057343586,0.0023217803020798354,0.2029220779220779,32.10163818924243
508,abundant,99.64582153933074,78.51807569295079,0.002321700099773048,0.2029220779220779,32.10163818924243
509,abundant,99.64562139247856,78.5174215737883,0.0023221310521034477,0.2029220779220779,32.10163818924243
510,abundant,99.64537378835333,78.51753677581647,0.002322050779987937,0.2029220779220779,32.10163818924243
511,abundant,99.64513383185559,78.51688265960118,0.002322481714332827,0.2029220779220779,32.10163818924243
512,abundant,99.64505661196597,78.51699791443788,0.0023224013939704383,0.2029220779220779,32.10163818924243
513,abundant,99.64472374657282,78.51711299025436,0.0023223211894030974,0.2029220779220779,32.10163818924243
514,abundant,99.64448231112264,78.51645889537815,0.002322752092924926,0.2029220779220779,32.10163818924243
515,abundant,99.6444050912101,78.51657414770828,0.002322671757585691,0.2029220779220779,32.10163818924243
516,abundant,99.64432790881467,78.51668961321519,0.00232259128177363,0.2029220779220779,32.10163818924243
517,abundant,99.64390981535004,78.51680461787971,0.002322511107826225,0.2029220779220779,32.10163818924243
518,abundant,99.64370805131922,78.51615038155492,0.002322942090069174,0.2029220779220779,32.10163818924243
519,abundant,99.6433799073491,78.5154961546707,0.002323373049927138,0.2029220779220779,32.10163818924243
520,abundant,99.64313222784142,78.51561145418752,0.002323292649441853,0.2029220779220779,32.10163818924243
521,abundant,99.64296970265289,78.51572677751349,0.0023232122329191955,0.2029220779220779,32.10163818924243
522,abundant,99.64255488893068,78.51507245193457,0.0023236432395514635,0.2029220779220779,32.10163818924243
523,abundant,99.64239236398956,78.5151878401156,0.0023235627623480314,0.2029220779220779,32.10163818924243
524,abundant,99.64205945750398,78.51530319477922,0.00232348230445321,0.2029220779220779,32.10163818924243
525,abundant,99.64185611079157,78.51464883406608,0.002323913317928508,0.2029220779220779,32.10163818924243
526,abundant,99.64161029228805,78.51399466210806,0.002324344191157605,0.2029220779220779,32.10163818924243
527,abundant,99.64127734354601,78.51410997889926,0.00232426372747143,0.2029220779220779,32.10163818924243
528,abundant,99.64111506707528,78.51345587811639,0.0023246945371898893,0.2029220779220779,32.10163818924243
529,abundant,99.64103780007001,78.51357117289017,0.0023246140759223574,0.2029220779220779,32.10163818924243
530,abundant,99.64078999725872,78.51368640404091,0.0023245336554399356,0.2029220779220779,32.10163818924243
531,abundant,99.64045592908386,78.51303213092173,0.0023249645631215248,0.2029220779220779,32.10163818924243
532,abundant,99.64037851048828,78.51314754329132,0.0023248840070804484,0.2029220779220779,32.10163818924243
533,abundant,99.63987243380214,78.51249313576922,0.002325314986131257,0.2029220779220779,32.10163818924243
534,abundant,99.63970989804154,78.51260852313497,0.002325234427365481,0.2029220779220779,32.10163818924243
535,abundant,99.63946018153463,78.51229946083981,0.002325435911152848,0.2029220779220779,32.10163818924243
536,abundant,99.63921241922921,78.5124148949501,0.002325355310830251,0.2029220779220779,32.10163818924243
537,abundant,99.63900741521685,78.51176043205959,0.002325786302514184,0.2029220779220779,32.10163818924243
538,abundant,99.6388448339067,78.51187379861348,0.002325707061701179,0.2029220779220779,32.10163818924243
539,abundant,99.63851180628531,78.5119890118368,0.002325626590865473,0.2029220779220779,32.10163818924243
540,abundant,99.63843445587729,78.51210317828945,0.002325546815813184,0.2029220779220779,32.10163818924243
541,abundant,99.63818669262989,78.51221838394457,0.0023254663485872086,0.2029220779220779,32.10163818924243
542,abundant,99.63793889262344,78.51233376126109,0.0023253857658019927,0.2029220779220779,32.10163818924243
543,abundant,99.63752066556845,78.51244696489569,0.002325306622155742,0.2029220779220779,32.10163818924243
544,abundant,99.63743978308432,78.51256232695748,0.002325226045142371,0.2029220779220779,32.10163818924243
545,abundant,99.63719197820942,78.51267641884635,0.002325146309956905,0.2029220779220779,32.10163818924243
546,abundant,99.63719294620067,78.51279186922963,0.0023250656743325376,0.2029220779220779,32.10163818924243
547,abundant,99.63707163333481,78.51213746321663,0.0023254966048829903,0.2029220779220779,32.10163818924243
548,abundant,99.636909061377,78.51225282017768,0.002325416018898106,0.2029220779220779,32.10163818924243
549,abundant,99.63683133796987,78.51236539818038,0.0023253372797238927,0.2029220779220779,32.10163818924243
550,abundant,99.63675395534797,78.51248062500503,0.0023252567813685037,0.2029220779220779,32.10163818924243
551,abundant,99.63659128136317,78.51259592629638,0.0023251762331211842,0.2029220779220779,32.10163818924243
552,abundant,99.63651374709846,78.51271119075983,0.0023250957103358584,0.2029220779220779,32.10163818924243
553,abundant,99.63639077882131,78.5120569976826,0.002325526488629002,0.2029220779220779,32.10163818924243
554,abundant,99.63631342883852,78.51217238395851,0.002325445873805257,0.2029220779220779,32.10163818924243
555,abundant,99.63627392401659,78.51151817023192,0.0023258766560680733,0.2029220779220779,32.10163818924243
556,abundant,99.63611121561928,78.51162877881617,0.0023257992040636145,0.2029220779220779,32.10163818924243
557,abundant,99.63603386559481,78.51174416697121,0.0023257185769757784,0.2029220779220779,32.10163818924243
558,abundant,99.6358712153295,78.51185949962813,0.0023256379863608565,0.2029220779220779,32.10163818924243
559,abundant,99.63579368142777,78.51197476730631,0.0023255574399151497,0.2029220779220779,32.10163818924243
560,abundant,99.63566755338262,78.5113205852532,0.0023259881892489114,0.2029220779220779,32.10163818924243
561,abundant,99.6356753578573,78.51143601326513,0.0023259075264566026,0.2029220779220779,32.10163818924243
562,abundant,99.63554757667593,78.51078168908636,0.002326338360372899,0.2029220779220779,32.10163818924243
563,abundant,99.63547002276604,78.51089246117503,0.002326260779375974,0.2029220779220779,32.10163818924243
564,abundant,99.63547782659141,78.5110078934339,0.0023261801040380596,0.2029220779220779,32.10163818924243
565,abundant,99.63514471487565,78.51112176077585,0.002326100464596489,0.2029220779220779,32.10163818924243
566,abundant,99.63515244461856,78.51123713917771,0.002326019823431098,0.2029220779220779,32.10163818924243
567,abundant,99.63498978753246,78.5113511048709,0.002325940119817773,0.2029220779220779,32.10163818924243
568,abundant,99.63491240049623,78.51146646859715,0.002325859488190541,0.2029220779220779,32.10163818924243
569,abundant,99.63469788909401,78.51081227457651,0.0023262902226119046,0.2029220779220779,32.10163818924243
570,abundant,99.63470569300759,78.51092768796522,0.002326209546672512,0.2029220779220779,32.10163818924243
571,abundant,99.63457457128027,78.51027325638191,0.0023266404289827036,0.2029220779220779,32.10163818924243
572,abundant,99.63449709678667,78.51038541798974,0.002326561901681287,0.2029220779220779,32.10163818924243
573,abundant,99.63450486421588,78.5105008036519,0.0023264812343533306,0.2029220779220779,32.10163818924243
574,abundant,99.63425694368702,78.5106146966338,0.002326401556319115,0.2029220779220779,32.10163818924243
575,abundant,99.63426478396617,78.51073012776968,0.0023263208585600804,0.2029220779220779,32.10163818924243
576,abundant,99.63410205362516,78.51084407639696,0.0023262411447351177,0.2029220779220779,32.10163818924243
577,abundant,99.63402455657443,78.5109593634232,0.0023261605425214374,0.2029220779220779,32.10163818924243
578,abundant,99.63403236132305,78.51107475124198,0.0023260798757241178,0.2029220779220779,32.10163818924243
579,abundant,99.63381465670189,78.51042047637581,0.002326510644597722,0.2029220779220779,32.10163818924243
580,abundant,99.63382238697308,78.51053582427305,0.0023264299929060656,0.2029220779220779,32.10163818924243
581,abundant,99.63360321199183,78.50988162956105,0.002326860697042867,0.2029220779220779,32.10163818924243
582,abundant,99.63352571502912,78.50999692512512,0.0023267800672540587,0.2029220779220779,32.10163818924243
583,abundant,99.63319258962893,78.51010781456013,0.0023267023613327592,0.2029220779220779,32.10163818924243
584,abundant,99.63320035618605,78.51022317847809,0.002326621684461635,0.2029220779220779,32.10163818924243
585,abundant,99.63306461059747,78.50956884231655,0.002327052469399246,0.2029220779220779,32.10163818924243
586,abundant,99.6330726348921,78.50968437483014,0.002326971670369049,0.2029220779220779,32.10163818924243
587,abundant,99.63308065920317,78.5097999067356,0.0023268908741443267,0.2029220779220779,32.10163818924243
588,abundant,99.63308868353066,78.50991543803283,0.002326810080724979,0.2029220779220779,32.10163818924243
589,abundant,99.63309670787459,78.5100309687219,0.00232672929011091,0.2029220779220779,32.10163818924243
590,abundant,99.63310473223494,78.51014649880283,0.002326648502302022,0.2029220779220779,32.10163818924243
591,abundant,99.63311275661171,78.51026202827556,0.002326567717298218,0.2029220779220779,32.10163818924243
592,abundant,99.63312078100492,78.51037755714016,0.0023264869350994,0.2029220779220779,32.10163818924243
593,abundant,99.6331288054145,78.51049308539662,0.00232640615570547,0.2029220779220779,32.10163818924243
594,abundant,99.63313682984055,78.51060861304488,0.002326325379116332,0.2029220779220779,32.10163818924243
595,abundant,99.63314485428302,78.51072414008502,0.0023262446053318874,0.2029220779220779,32.10163818924243
596,abundant,99.63315287874188,78.510839666517,0.00232616383435204,0.2029220779220779,32.10163818924243
597,abundant,99.63316087391534,78.51095519234043,0.002326083066176692,0.2029220779220779,32.10163818924243
598,abundant,99.6331688567594,78.51107071755516,0.0023260023008057447,0.2029220779220779,32.10163818924243
599,abundant,99.63317683961984,78.51118624216119,0.0023259215382391034,0.2029220779220779,32.10163818924243
600,abundant,99.63318482249672,78.51130176615851,0.0023258407784766686,0.2029220779220779,32.10163818924243
601,abundant,99.63319280538995,78.51141728954711,0.002325760021518343,0.2029220779220779,32.10163818924243
602,abundant,99.6332007882996,78.51153281232706,0.00232567926736403,0.2029220779220779,32.10163818924243
603,abundant,99.63320873896545,78.51164833449806,0.0023255985160136323,0.2029220779220779,32.10163818924243
604,abundant,99.63321668005378,78.51176385606009,0.002325517767467052,0.2029220779220779,32.10163818924243
605,abundant,99.63322462115848,78.51187937701313,0.002325437021724192,0.2029220779220779,32.10163818924243
606,abundant,99.63323256227955,78.5119948973572,0.0023253562787849554,0.2029220779220779,32.10163818924243
607,abundant,99.633240503417,78.5121104170923,0.002325275538649244,0.2029220779220779,32.10163818924243
608,abundant,99.63324844457084,78.51222593621844,0.0023251948013169607,0.2029220779220779,32.10163818924243
609,abundant,99.63325638558068,78.51234145473562,0.002325114066788009,0.2029220779220779,32.10163818924243
610,abundant,99.63326428490909,78.51245697264369,0.00232503333506229,0.2029220779220779,32.10163818924243
611,abundant,99.63327218425391,78.51257248994268,0.002324952606139708,0.2029220779220779,32.10163818924243
612,abundant,99.63328008361508,78.51268800663262,0.002324871880020165,0.2029220779220779,32.10163818924243
613,abundant,99.63328798299258,78.51280352271348,0.0023247911567035625,0.2029220779220779,32.10163818924243
614,abundant,99.63329588238643,78.51291903818527,0.0023247104361898054,0.2029220779220779,32.10163818924243
615,abundant,99.6333037817967,78.51303455304799,0.0023246297184787946,0.2029220779220779,32.10163818924243
616,abundant,99.63331168122328,78.51315006730164,0.002324549003570434,0.2029220779220779,32.10163818924243
617,abundant,99.63331958066622,78.51326558094624,0.0023244682914646255,0.2029220779220779,32.10163818924243
618,abundant,99.63332748012553,78.51338109398178,0.0023243875821612717,0.2029220779220779,32.10163818924243
619,abundant,99.63333537960118,78.51349660640825,0.0023243068756602764,0.2029220779220779,32.10163818924243
620,abundant,99.63334327909322,78.51361211822567,0.002324226171961541,0.2029220779220779,32.10163818924243
621,abundant,99.6333511786016,78.51372762943404,0.0023241454710649684,0.2029220779220779,32.10163818924243
622,abundant,99.63335906645776,78.51384314003334,0.002324064772970462,0.2029220779220779,32.10163818924243
623,abundant,99.63336692414052,78.51395865002347,0.0023239840776779243,0.2029220779220779,32.10163818924243
624,abundant,99.63337478183962,78.51407415940443,0.0023239033851872575,0.2029220779220779,32.10163818924243
625,abundant,99.63338263955508,78.51418966817624,0.0023238226954983648,0.2029220779220779,32.10163818924243
626,abundant,99.63339049728685,78.51430517633892,0.002323742008611149,0.2029220779220779,32.10163818924243
627,abundant,99.63339835503497,78.51442068389242,0.0023236613245255122,0.2029220779220779,32.10163818924243
628,abundant,99.63340621279941,78.51453619083682,0.0023235806432413573,0.2029220779220779,32.10163818924243
629,abundant,99.6334140705802,78.51465169717203,0.002323499964758588,0.2029220779220779,32.10163818924243
630,abundant,99.6334219283773,78.5147672028981,0.0023234192890771053,0.2029220779220779,32.10163818924243
631,abundant,99.63342978619079,78.51488270801504,0.002323338616196814,0.2029220779220779,32.10163818924243
632,abundant,99.63343764402057,78.51499821252284,0.002323257946117615,0.2029220779220779,32.10163818924243
633,abundant,99.6334455018667,78.51511371642152,0.0023231772788394117,0.2029220779220779,32.10163818924243
634,abundant,99.63345335972917,78.51522921971106,0.0023230966143621074,0.2029220779220779,32.10163818924243
635,abundant,99.63346121760796,78.51534472239148,0.002323015952685604,0.2029220779220779,32.10163818924243
636,abundant,99.6334690755031,78.51546022446274,0.002322935293809805,0.2029220779220779,32.10163818924243
637,abundant,99.63347693341457,78.5155757259249,0.002322854637734612,0.2029220779220779,32.10163818924243
638,abundant,99.63348479134235,78.51569122677795,0.0023227739844599296,0.2029220779220779,32.10163818924243
639,abundant,99.63349264928647,78.51580672702185,0.0023226933339856592,0.2029220779220779,32.10163818924243
640,abundant,99.63350050724694,78.51592222665667,0.0023226126863117036,0.2029220779220779,32.10163818924243
641,abundant,99.63350836193887,78.51603772568231,0.0023225320414379663,0.2029220779220779,32.10163818924243
642,abundant,99.63351617828343,78.51615322409839,0.0023224513993643494,0.2029220779220779,32.10163818924243
643,abundant,99.63352399464428,78.5162687219049,0.0023223707600907553,0.2029220779220779,32.10163818924243
644,abundant,99.63353181102146,78.51638421910184,0.002322290123617088,0.2029220779220779,32.10163818924243
645,abundant,99.63353959748586,78.51649971568865,0.0023222094899432496,0.2029220779220779,32.10163818924243
646,abundant,99.63354737214537,78.51661521166514,0.0023221288590691423,0.2029220779220779,32.10163818924243
647,abundant,99.63355514682117,78.51673070703124,0.0023220482309946706,0.2029220779220779,32.10163818924243
648,abundant,99.63356292151325,78.51684620178702,0.002321967605719736,0.2029220779220779,32.10163818924243
649,abundant,99.63357069622164,78.51696169593245,0.002321886983244241,0.2029220779220779,32.10163818924243
650,abundant,99.63357847094629,78.51707718946756,0.002321806363568089,0.2029220779220779,32.10163818924243
651,abundant,99.63358624568727,78.51719268239232,0.002321725746691183,0.2029220779220779,32.10163818924243
652,abundant,99.63359402044448,78.51730817470674,0.0023216451326134252,0.2029220779220779,32.10163818924243
653,abundant,99.63360179521801,78.51742366641086,0.002321564521334719,0.2029220779220779,32.10163818924243
654,abundant,99.6336095700078,78.51753915750463,0.0023214839128549666,0.2029220779220779,32.10163818924243
655,abundant,99.63361734481389,78.51765464798805,0.002321403307174071,0.2029220779220779,32.10163818924243
656,abundant,99.63362511963622,78.51777013786119,0.0023213227042919353,0.2029220779220779,32.10163818924243
657,abundant,99.63363289447489,78.517885627124,0.002321242104208463,0.2029220779220779,32.10163818924243
658,abundant,99.63364066932978,78.51800111577647,0.002321161506923555,0.2029220779220779,32.10163818924243
659,abundant,99.633648444201,78.51811660381864,0.0023210809124371164,0.2029220779220779,32.10163818924243
660,abundant,99.63365621908848,78.5182320912505,0.002321000320749048,0.2029220779220779,32.10163818924243
661,abundant,99.63366399399222,78.51834757807202,0.002320919731859254,0.2029220779220779,32.10163818924243
662,abundant,99.63367176891225,78.51846306428327,0.002320839145767636,0.2029220779220779,32.10163818924243
663,abundant,99.63367954384856,78.51857854988421,0.0023207585624740986,0.2029220779220779,32.10163818924243
664,abundant,99.63368731880115,78.51869403487484,0.0023206779819785433,0.2029220779220779,32.10163818924243
665,abundant,99.63369509377003,78.51880951925516,0.0023205974042808737,0.2029220779220779,32.10163818924243
666,abundant,99.63370286875517,78.51892500302519,0.0023205168293809913,0.2029220779220779,32.10163818924243
667,abundant,99.63371064375656,78.51904048618493,0.0023204362572788,0.2029220779220779,32.10163818924243
668,abundant,99.63371841877425,78.51915596873437,0.0023203556879742037,0.2029220779220779,32.10163818924243
669,abundant,99.63372619380823,78.51927145067353,0.002320275121467103,0.2029220779220779,32.10163818924243
670,abundant,99.63373396885846,78.5193869320024,0.0023201945577574026,0.2029220779220779,32.10163818924243
671,abundant,99.63374174392496,78.51950241272098,0.002320113996845004,0.2029220779220779,32.10163818924243
672,abundant,99.63374951900774,78.51961789282929,0.002320033438729811,0.2029220779220779,32.10163818924243
673,abundant,99.63375729410679,78.51973337232731,0.0023199528834117263,0.2029220779220779,32.10163818924243
674,abundant,99.63376506922211,78.51984885121504,0.0023198723308906523,0.2029220779220779,32.10163818924243
675,abundant,99.63377284435371,78.51996432949252,0.002319791781166493,0.2029220779220779,32.10163818924243
676,abundant,99.63378061950158,78.52007980715972,0.0023197112342391506,0.2029220779220779,32.10163818924243
677,abundant,99.6337883946657,78.52019528421664,0.0023196306901085272,0.2029220779220779,32.10163818924243
678,abundant,99.63379616984611,78.5203107606633,0.002319550148774527,0.2029220779220779,32.10163818924243
679,abundant,99.63380394504277,78.5204262364997,0.0023194696102370516,0.2029220779220779,32.10163818924243
680,abundant,99.6338117202557,78.52054171172584,0.0023193890744960055,0.2029220779220779,32.10163818924243
681,abundant,99.63381946136862,78.52065718634155,0.0023193085415512908,0.2029220779220779,32.10163818924243
682,abundant,99.63382719485904,78.52077266034684,0.00231922801140281,0.2029220779220779,32.10163818924243
683,abundant,99.63383492836572,78.52088813374165,0.002319147484050466,0.2029220779220779,32.10163818924243
684,abundant,99.63384266188864,78.52100360652602,0.0023190669594941623,0.2029220779220779,32.10163818924243
685,abundant,99.6338503954278,78.52111907869995,0.0023189864377338026,0.2029220779220779,32.10163818924243
686,abundant,99.6338581289832,78.52123455026344,0.0023189059187692877,0.2029220779220779,32.10163818924243
687,abundant,99.63386586255486,78.52135002121649,0.002318825402600522,0.2029220779220779,32.10163818924243
688,abundant,99.63387359614278,78.5214654915591,0.002318744889227408,0.2029220779220779,32.10163818924243
689,abundant,99.63388132974691,78.52158096129126,0.0023186643786498487,0.2029220779220779,32.10163818924243
690,abundant,99.6338890633673,78.52169643041302,0.0023185838708677468,0.2029220779220779,32.10163818924243
691,abundant,99.63389679700396,78.52181189892433,0.002318503365881006,0.2029220779220779,32.10163818924243
692,abundant,99.6339045306568,78.52192736682521,0.0023184228636895284,0.2029220779220779,32.10163818924243
693,abundant,99.63391226432593,78.52204283411568,0.0023183423642932173,0.2029220779220779,32.10163818924243
694,abundant,99.6339199980113,78.52215830079572,0.002318261867691976,0.2029220779220779,32.10163818924243
695,abundant,99.63392773171289,78.52227376686535,0.002318181373885706,0.2029220779220779,32.10163818924243
696,abundant,99.63393546543074,78.52238923232456,0.002318100882874312,0.2029220779220779,32.10163818924243
697,abundant,99.63394319916482,78.52250469717335,0.0023180203946576963,0.2029220779220779,32.10163818924243
698,abundant,99.63395093291516,78.52262016141174,0.002317939909235762,0.2029220779220779,32.10163818924243
699,abundant,99.6339586666817,78.5227356250397,0.002317859426608411,0.2029220779220779,32.10163818924243
700,abundant,99.6339664004645,78.52285108805728,0.0023177789467755477,0.2029220779220779,32.10163818924243
701,abundant,99.63397413426354,78.52296655046446,0.002317698469737075,0.2029220779220779,32.10163818924243
702,abundant,99.63398186807882,78.52308201226123,0.002317617995492895,0.2029220779220779,32.10163818924243
703,abundant,99.63398960191032,78.52319747344757,0.002317537524042911,0.2029220779220779,32.10163818924243
704,abundant,99.63399733575807,78.52331293402355,0.002317457055387026,0.2029220779220779,32.10163818924243
705,abundant,99.63400506962205,78.52342839398914,0.002317376589525144,0.2029220779220779,32.10163818924243
706,abundant,99.63401280350227,78.52354385334432,0.0023172961264571654,0.2029220779220779,32.10163818924243
707,abundant,99.6340205373987,78.52365931208914,0.0023172156661829956,0.2029220779220779,32.10163818924243
708,abundant,99.63402827131141,78.52377477022355,0.002317135208702537,0.2029220779220779,32.10163818924243
709,abundant,99.63403600524032,78.52389022774759,0.0023170547540156926,0.2029220779220779,32.10163818924243
710,abundant,99.63404373918546,78.52400568466125,0.0023169743021223643,0.2029220779220779,32.10163818924243
711,abundant,99.63405147314684,78.52412114096452,0.002316893853022457,0.2029220779220779,32.10163818924243
712,abundant,99.63405920712445,78.52423659665742,0.002316813406715872,0.2029220779220779,32.10163818924243
713,abundant,99.6340669411183,78.52435205173992,0.0023167329632025136,0.2029220779220779,32.10163818924243
714,abundant,99.63407467512836,78.5244675062121,0.0023166525224822838,0.2029220779220779,32.10163818924243
715,abundant,99.63408240915467,78.52458296007391,0.0023165720845550867,0.2029220779220779,32.10163818924243
716,abundant,99.63409014319721,78.52469841332532,0.002316491649420824,0.2029220779220779,32.10163818924243
717,abundant,99.63409787725597,78.5248138659664,0.0023164112170793996,0.2029220779220779,32.10163818924243
718,abundant,99.63410561133094,78.5249293179971,0.0023163307875307165,0.2029220779220779,32.10163818924243
719,abundant,99.63411334542218,78.52504476941745,0.0023162503607746777,0.2029220779220779,32.10163818924243
720,abundant,99.63412107952959,78.52516022022745,0.0023161699368111862,0.2029220779220779,32.10163818924243
721,abundant,99.63412881365329,78.52527567042709,0.0023160895156401446,0.2029220779220779,32.10163818924243
722,abundant,99.63413654779319,78.5253911200164,0.0023160090972614562,0.2029220779220779,32.10163818924243
723,abundant,99.6341442819493,78.52550656899535,0.0023159286816750242,0.2029220779220779,32.10163818924243
724,abundant,99.63415201612166,78.52562201736394,0.002315848268880752,0.2029220779220779,32.10163818924243
725,abundant,99.6341597503102,78.52573746512222,0.002315767858878542,0.2029220779220779,32.10163818924243
726,abundant,99.63416748451498,78.52585291227012,0.0023156874516682977,0.2029220779220779,32.10163818924243
727,abundant,99.634175218736,78.52596835880772,0.0023156070472499218,0.2029220779220779,32.10163818924243
728,abundant,99.63418295297326,78.52608380473497,0.002315526645623317,0.2029220779220779,32.10163818924243
729,abundant,99.6341906872267,78.5261992500519,0.0023154462467883876,0.2029220779220779,32.10163818924243
730,abundant,99.6341984214964,78.52631469475847,0.0023153658507450354,0.2029220779220779,32.10163818924243
731,abundant,99.6342061557823,78.52643013885475,0.0023152854574931643,0.2029220779220779,32.10163818924243
732,abundant,99.63421389008442,78.52654558234072,0.002315205067032677,0.2029220779220779,32.10163818924243
733,abundant,99.63422162440277,78.52666102521633,0.002315124679363477,0.2029220779220779,32.10163818924243
734,abundant,99.63422935873733,78.52677646748162,0.0023150442944854664,0.2029220779220779,32.10163818924243
735,abundant,99.6342370930881,78.52689190913662,0.0023149639123985497,0.2029220779220779,32.10163818924243
736,abundant,99.63424482745509,78.5270073501813,0.0023148835331026282,0.2029220779220779,32.10163818924243
737,abundant,99.6342525618383,78.52712279061565,0.002314803156597607,0.2029220779220779,32.10163818924243
738,abundant,99.63426029623774,78.52723823043972,0.0023147227828833883,0.2029220779220779,32.10163818924243
739,abundant,99.63426803065339,78.52735366965348,0.0023146424119598746,0.2029220779220779,32.10163818924243
740,abundant,99.63427576508525,78.52746910825692,0.0023145620438269694,0.2029220779220779,32.10163818924243
741,abundant,99.63428349953332,78.5275845462501,0.002314481678484576,0.2029220779220779,32.10163818924243
742,abundant,99.63429123399762,78.52769998363293,0.0023144013159325976,0.2029220779220779,32.10163818924243
743,abundant,99.63429896847813,78.52781542040547,0.0023143209561709375,0.2029220779220779,32.10163818924243
744,abundant,99.63430668055024,78.52793085656748,0.002314240599199498,0.2029220779220779,32.10163818924243
745,abundant,99.63431437341501,78.5280462921187,0.002314160245018183,0.2029220779220779,32.10163818924243
746,abundant,99.63432206629595,78.52816172705911,0.002314079893626895,0.2029220779220779,32.10163818924243
747,abundant,99.6343297591931,78.52827716138876,0.0023139995450255375,0.2029220779220779,32.10163818924243
748,abundant,99.6343374521064,78.52839259510763,0.002313919199214013,0.2029220779220779,32.10163818924243
749,abundant,99.63434514503592,78.52850802821573,0.0023138388561922264,0.2029220779220779,32.10163818924243
750,abundant,99.63435283798164,78.52862346071305,0.002313758515960079,0.2029220779220779,32.10163818924243
751,abundant,99.6343605309435,78.52873889259959,0.002313678178517474,0.2029220779220779,32.10163818924243
752,abundant,99.6343682239216,78.52885432387536,0.002313597843864316,0.2029220779220779,32.10163818924243
753,abundant,99.63437591691586,78.52896975454038,0.0023135175120005073,0.2029220779220779,32.10163818924243
754,abundant,99.6343836099263,78.52908518459462,0.0023134371829259506,0.2029220779220779,32.10163818924243
755,abundant,99.63439130295293,78.52920061403812,0.0023133568566405496,0.2029220779220779,32.10163818924243
756,abundant,99.63439899599574,78.52931604287085,0.0023132765331442067,0.2029220779220779,32.10163818924243
757,abundant,99.63440668905476,78.52943147109283,0.002313196212436826,0.2029220779220779,32.10163818924243
758,abundant,99.63441438212992,78.52954689870406,0.0023131158945183107,0.2029220779220779,32.10163818924243
759,abundant,99.63442207522131,78.52966232570454,0.0023130355793885633,0.2029220779220779,32.10163818924243
760,abundant,99.63442976832884,78.52977775209425,0.0023129552670474868,0.2029220779220779,32.10163818924243
761,abundant,99.6344374614526,78.52989317787323,0.002312874957494986,0.2029220779220779,32.10163818924243
762,abundant,99.63444515459253,78.53000860304147,0.002312794650730962,0.2029220779220779,32.10163818924243
763,abundant,99.6344528477486,78.53012402759894,0.0023127143467553193,0.2029220779220779,32.10163818924243
764,abundant,99.6344605409209,78.53023945154573,0.00231263404556796,0.2029220779220779,32.10163818924243
765,abundant,99.63446823410935,78.53035487488175,0.0023125537471687897,0.2029220779220779,32.10163818924243
766,abundant,99.63447592731397,78.53047029760704,0.0023124734515577077,0.2029220779220779,32.10163818924243
767,abundant,99.6344836205348,78.5305857197216,0.0023123931587346208,0.2029220779220779,32.10163818924243
768,abundant,99.6344913137718,78.53070114122544,0.00231231286869943,0.2029220779220779,32.10163818924243
769,abundant,99.63449900702496,78.53081656211855,0.00231223258145204,0.2029220779220779,32.10163818924243
770,abundant,99.6345067002943,78.53093198240093,0.0023121522969923526,0.2029220779220779,32.10163818924243
771,abundant,99.63451439357982,78.53104740207262,0.002312072015320272,0.2029220779220779,32.10163818924243
772,abundant,99.63452208688152,78.53116282113358,0.002311991736435701,0.2029220779220779,32.10163818924243
773,abundant,99.63452978019941,78.53127823958381,0.0023119114603385427,0.2029220779220779,32.10163818924243
774,abundant,99.63453747353346,78.53139365742331,0.0023118311870287006,0.2029220779220779,32.10163818924243
775,abundant,99.6345451668837,78.53150907465213,0.002311750916506078,0.2029220779220779,32.10163818924243
776,abundant,99.63455286025008,78.53162449127026,0.0023116706487705777,0.2029220779220779,32.10163818924243
777,abundant,99.63456055363264,78.53173990727767,0.002311590383822103,0.2029220779220779,32.10163818924243
778,abundant,99.6345682470314,78.53185532267437,0.002311510121660557,0.2029220779220779,32.10163818924243
779,abundant,99.63457594044633,78.53197073746038,0.0023114298622858437,0.2029220779220779,32.10163818924243
780,abundant,99.6345836338774,78.5320861516357,0.0023113496056978663,0.2029220779220779,32.10163818924243
781,abundant,99.63459132732466,78.53220156520031,0.002311269351896527,0.2029220779220779,32.10163818924243
782,abundant,99.63459902078809,78.53231697815426,0.0023111891008817296,0.2029220779220779,32.10163818924243
783,abundant,99.63460669664424,78.53243239049742,0.002311108852653378,0.2029220779220779,32.10163818924243
784,abundant,99.63461434838374,78.53254780222973,0.0023110286072113746,0.2029220779220779,32.10163818924243
785,abundant,99.63462200013937,78.53266321335119,0.0023109483645556224,0.2029220779220779,32.10163818924243
786,abundant,99.63462965191118,78.53277862386176,0.0023108681246860256,0.2029220779220779,32.10163818924243
787,abundant,99.63463730369911,78.53289403376152,0.0023107878876024866,0.2029220779220779,32.10163818924243
788,abundant,99.63464495550322,78.53300944305043,0.00231070765330491,0.2029220779220779,32.10163818924243
789,abundant,99.63465260732343,78.5331248517285,0.002310627421793197,0.2029220779220779,32.10163818924243
790,abundant,99.63466025915982,78.53324025979572,0.002310547193067253,0.2029220779220779,32.10163818924243
791,abundant,99.63466791101236,78.5333556672521,0.00231046696712698,0.2029220779220779,32.10163818924243
792,abundant,99.63467556288104,78.53347107409763,0.002310386743972281,0.2029220779220779,32.10163818924243
793,abundant,99.63468321476586,78.53358648033235,0.002310306523603061,0.2029220779220779,32.10163818924243
794,abundant,99.63469086666683,78.53370188595622,0.0023102263060192207,0.2029220779220779,32.10163818924243
795,abundant,99.63469851858397,78.53381729096927,0.002310146091220666,0.2029220779220779,32.10163818924243
796,abundant,99.63470617051722,78.5339326953715,0.0023100658792072977,0.2029220779220779,32.10163818924243
797,abundant,99.63471382246662,78.5340480991629,0.0023099856699790216,0.2029220779220779,32.10163818924243
798,abundant,99.63472147443217,78.53416350234346,0.0023099054635357394,0.2029220779220779,32.10163818924243
799,abundant,99.63472912641387,78.53427890491322,0.002309825259877354,0.2029220779220779,32.10163818924243
800,abundant,99.63473677841169,78.53439430687216,0.002309745059003771,0.2029220779220779,32.10163818924243
801,abundant,99.63474443042567,78.53450970822028,0.0023096648609148914,0.2029220779220779,32.10163818924243
802,abundant,99.63475208245578,78.53462510895761,0.00230958466561062,0.2029220779220779,32.10163818924243
803,abundant,99.63475973450204,78.53474050908412,0.0023095044730908586,0.2029220779220779,32.10163818924243
804,abundant,99.63476738656443,78.53485590859981,0.0023094242833555114,0.2029220779220779,32.10163818924243
805,abundant,99.63477503864297,78.5349713075047,0.0023093440964044817,0.2029220779220779,32.10163818924243
806,abundant,99.63478269073765,78.5350867057988,0.0023092639122376728,0.2029220779220779,32.10163818924243
807,abundant,99.63479034284846,78.5352021034821,0.0023091837308549888,0.2029220779220779,32.10163818924243
808,abundant,99.63479799497541,78.53531750055463,0.0023091035522563317,0.2029220779220779,32.10163818924243
809,abundant,99.63480564711851,78.5354328970163,0.002309023376441605,0.2029220779220779,32.10163818924243
810,abundant,99.63481329927774,78.53554829286725,0.0023089432034107127,0.2029220779220779,32.10163818924243
811,abundant,99.63482095145308,78.53566368810738,0.0023088630331635587,0.2029220779220779,32.10163818924243
812,abundant,99.63482860364458,78.53577908273672,0.0023087828657000443,0.2029220779220779,32.10163818924243
813,abundant,99.6348362558522,78.53589447675527,0.0023087027010200746,0.2029220779220779,32.10163818924243
814,abundant,99.63484390807598,78.53600987016308,0.002308622539123552,0.2029220779220779,32.10163818924243
815,abundant,99.63485156031588,78.53612526296007,0.002308542380010381,0.2029220779220779,32.10163818924243
816,abundant,99.6348592125719,78.5362406551463,0.002308462223680463,0.2029220779220779,32.10163818924243
817,abundant,99.63486686484406,78.53635604672179,0.0023083820701337034,0.2029220779220779,32.10163818924243
818,abundant,99.63487451713236,78.53647143768646,0.0023083019193700046,0.2029220779220779,32.10163818924243
819,abundant,99.6348821647459,78.53658682804036,0.0023082217713892707,0.2029220779220779,32.10163818924243
820,abundant,99.63488977541343,78.53670221778319,0.0023081416261914044,0.2029220779220779,32.10163818924243
821,abundant,99.63489738609708,78.536817606915,0.0023080614837763086,0.2029220779220779,32.10163818924243
822,abundant,99.63490499679683,78.53693299543572,0.002307981344143887,0.2029220779220779,32.10163818924243
823,abundant,99.6349126075127,78.53704838334541,0.0023079012072940437,0.2029220779220779,32.10163818924243
824,abundant,99.63492021824467,78.53716377064409,0.002307821073226682,0.2029220779220779,32.10163818924243
825,abundant,99.63492782899277,78.53727915733167,0.0023077409419417043,0.2029220779220779,32.10163818924243
826,abundant,99.63493543975694,78.53739454340827,0.002307660813439014,0.2029220779220779,32.10163818924243
827,abundant,99.63494305053725,78.5375099288738,0.0023075806877185163,0.2029220779220779,32.10163818924243
828,abundant,99.63495066133363,78.53762531372833,0.002307500564780113,0.2029220779220779,32.10163818924243
829,abundant,99.63495827214612,78.5377406979718,0.0023074204446237073,0.2029220779220779,32.10163818924243
830,abundant,99.63496588297474,78.53785608160426,0.002307340327249204,0.2029220779220779,32.10163818924243
831,abundant,99.63497349381944,78.53797146462568,0.002307260212656505,0.2029220779220779,32.10163818924243
832,abundant,99.63498110468025,78.5380868470361,0.0023071801008455145,0.2029220779220779,32.10163818924243
833,abundant,99.63498871555714,78.5382022288355,0.002307099991816136,0.2029220779220779,32.10163818924243
834,abundant,99.63499632645018,78.53831761002387,0.0023070198855682737,0.2029220779220779,32.10163818924243
835,abundant,99.6350039373593,78.53843299060125,0.0023069397821018282,0.2029220779220779,32.10163818924243
836,abundant,99.63501154828451,78.5385483705676,0.0023068596814167057,0.2029220779220779,32.10163818924243
837,abundant,99.63501915922582,78.53866374992293,0.002306779583512809,0.2029220779220779,32.10163818924243
838,abundant,99.63502677018322,78.53877912866729,0.002306699488390041,0.2029220779220779,32.10163818924243
839,abundant,99.63503438115676,78.53889450680059,0.0023066193960483055,0.2029220779220779,32.10163818924243
840,abundant,99.63504199214636,78.53900988432294,0.0023065393064875053,0.2029220779220779,32.10163818924243
841,abundant,99.63504960315205,78.53912526123428,0.0023064592197075445,0.2029220779220779,32.10163818924243
842,abundant,99.63505721417387,78.53924063753462,0.002306379135708327,0.2029220779220779,32.10163818924243
843,abundant,99.63506482521177,78.53935601322397,0.0023062990544897547,0.2029220779220779,32.10163818924243
844,abundant,99.63507243626577,78.53947138830232,0.0023062189760517326,0.2029220779220779,32.10163818924243
845,abundant,99.63508004733586,78.53958676276969,0.002306138900394163,0.2029220779220779,32.10163818924243
846,abundant,99.63508765842205,78.53970213662608,0.0023060588275169505,0.2029220779220779,32.10163818924243
847,abundant,99.63509526952434,78.53981750987147,0.0023059787574199976,0.2029220779220779,32.10163818924243
848,abundant,99.63510288064269,78.5399328825059,0.0023058986901032083,0.2029220779220779,32.10163818924243
849,abundant,99.63511049177718,78.54004825452934,0.002305818625566486,0.2029220779220779,32.10163818924243
850,abundant,99.63511810292773,78.54016362594183,0.0023057385638097345,0.2029220779220779,32.10163818924243
851,abundant,99.63512571409441,78.5402789967433,0.0023056585048328556,0.2029220779220779,32.10163818924243
852,abundant,99.63513332527712,78.54039436693382,0.0023055784486357544,0.2029220779220779,32.10163818924243
853,abundant,99.63514093647596,78.54050973651339,0.002305498395218335,0.2029220779220779,32.10163818924243
854,abundant,99.63514854769092,78.540625105482,0.002305418344580499,0.2029220779220779,32.10163818924243
855,abundant,99.6351561589219,78.54074047383963,0.0023053382967221513,0.2029220779220779,32.10163818924243
856,abundant,99.63516377016902,78.5408558415863,0.0023052582516431947,0.2029220779220779,32.10163818924243
857,abundant,99.6351713814322,78.54097120872201,0.0023051782093435327,0.2029220779220779,32.10163818924243
858,abundant,99.6351789927115,78.54108657524678,0.002305098169823069,0.2029220779220779,32.10163818924243
859,abundant,99.63518660400686,78.54120194116061,0.002305018133081707,0.2029220779220779,32.10163818924243
860,abundant,99.63519421531831,78.54131730646347,0.00230493809911935,0.2029220779220779,32.10163818924243
861,abundant,99.63520182664585,78.54143267115538,0.002304858067935903,0.2029220779220779,32.10163818924243
862,abundant,99.63520943798947,78.54154803523636,0.0023047780395312667,0.2029220779220779,32.10163818924243
863,abundant,99.6352170493492,78.54166339870639,0.0023046980139053473,0.2029220779220779,32.10163818924243
864,abundant,99.635224660725,78.54177876156548,0.002304617991058047,0.2029220779220779,32.10163818924243
865,abundant,99.63523224960467,78.54189412381348,0.0023045379709892688,0.2029220779220779,32.10163818924243
866,abundant,99.63523981936002,78.54200948545025,0.002304457953698918,0.2029220779220779,32.10163818924243
867,abundant,99.63524738913144,78.54212484647577,0.0023043779391868965,0.2029220779220779,32.10163818924243
868,abundant,99.63525492318747,78.54224020688987,0.002304297927453109,0.2029220779220779,32.10163818924243
869,abundant,99.63526245133617,78.54235556669249,0.002304217918497458,0.2029220779220779,32.10163818924243
870,abundant,99.63526993970387,78.54247092588305,0.0023041379123198476,0.2029220779220779,32.10163818924243
871,abundant,99.63527742633809,78.54258628446152,0.0023040579089201813,0.2029220779220779,32.10163818924243
872,abundant,99.63528491298835,78.5427016424279,0.0023039779082983628,0.2029220779220779,32.10163818924243
873,abundant,99.6352923996546,78.54281699978223,0.002303897910454295,0.2029220779220779,32.10163818924243
874,abundant,99.63529988633685,78.54293235652446,0.002303817915387882,0.2029220779220779,32.10163818924243
875,abundant,99.63530737303513,78.54304771265461,0.002303737923099027,0.2029220779220779,32.10163818924243
876,abundant,99.63531485974943,78.54316306817269,0.002303657933587635,0.2029220779220779,32.10163818924243
877,abundant,99.63532234647971,78.54327842307872,0.002303577946853607,0.2029220779220779,32.10163818924243
878,abundant,99.63532983322601,78.54339377737267,0.0023034979628968485,0.2029220779220779,32.10163818924243
879,abundant,99.63533731998832,78.54350913105456,0.002303417981717263,0.2029220779220779,32.10163818924243
880,abundant,99.63534480676662,78.54362448412438,0.0023033380033147524,0.2029220779220779,32.10163818924243
881,abundant,99.63535229356094,78.54373983658216,0.0023032580276892223,0.2029220779220779,32.10163818924243
882,abundant,99.63535978037127,78.54385518842787,0.002303178054840575,0.2029220779220779,32.10163818924243
883,abundant,99.63536726719761,78.54397053966153,0.002303098084768715,0.2029220779220779,32.10163818924243
884,abundant,99.63537475403996,78.54408589028316,0.002303018117473545,0.2029220779220779,32.10163818924243
885,abundant,99.6353822408983,78.5442012402927,0.0023029381529549695,0.2029220779220779,32.10163818924243
886,abundant,99.63538972777263,78.54431658969021,0.0023028581912128906,0.2029220779220779,32.10163818924243
887,abundant,99.63539721466297,78.54443193847568,0.002302778232247214,0.2029220779220779,32.10163818924243
888,abundant,99.63540470156936,78.5445472866491,0.0023026982760578417,0.2029220779220779,32.10163818924243
889,abundant,99.63541218849171,78.5446626342105,0.0023026183226446777,0.2029220779220779,32.10163818924243
890,abundant,99.63541967543007,78.54477798115984,0.002302538372007626,0.2029220779220779,32.10163818924243
891,abundant,99.63542716238442,78.54489332749715,0.0023024584241465892,0.2029220779220779,32.10163818924243
892,abundant,99.63543464935478,78.54500867322247,0.0023023784790614722,0.2029220779220779,32.10163818924243
893,abundant,99.63544213634114,78.54512401833573,0.002302298536752178,0.2029220779220779,32.10163818924243
894,abundant,99.63544962334349,78.54523936283697,0.0023022185972186096,0.2029220779220779,32.10163818924243
895,abundant,99.63545711036186,78.54535470672617,0.002302138660460672,0.2029220779220779,32.10163818924243
896,abundant,99.63546459739622,78.54547005000336,0.0023020587264782674,0.2029220779220779,32.10163818924243
897,abundant,99.63547208444658,78.54558539266856,0.0023019787952713007,0.2029220779220779,32.10163818924243
898,abundant,99.63547957151293,78.54570073472172,0.002301898866839675,0.2029220779220779,32.10163818924243
899,abundant,99.6354870585953,78.54581607616285,0.002301818941183294,0.2029220779220779,32.10163818924243
900,abundant,99.63549454569362,78.545931416992,0.002301739018302061,0.2029220779220779,32.10163818924243
901,abundant,99.63550203280795,78.54604675720914,0.002301659098195879,0.2029220779220779,32.10163818924243
902,abundant,99.63550951993831,78.54616209681427,0.0023015791808646538,0.2029220779220779,32.10163818924243
903,abundant,99.63551700708463,78.54627743580738,0.0023014992663082873,0.2029220779220779,32.10163818924243
904,abundant,99.63552449424695,78.54639277418852,0.0023014193545266835,0.2029220779220779,32.10163818924243
905,abundant,99.63553198142526,78.54650811195766,0.0023013394455197464,0.2029220779220779,32.10163818924243
906,abundant,99.63553946861957,78.54662344911478,0.0023012595392873786,0.2029220779220779,32.10163818924243
907,abundant,99.6355469558299,78.54673878565993,0.0023011796358294854,0.2029220779220779,32.10163818924243
908,abundant,99.63555444305618,78.54685412159309,0.0023010997351459693,0.2029220779220779,32.10163818924243
909,abundant,99.63556193029846,78.54696945691427,0.0023010198372367353,0.2029220779220779,32.10163818924243
910,abundant,99.63556941755674,78.54708479162346,0.002300939942101685,0.2029220779220779,32.10163818924243
911,abundant,99.63557690483101,78.54720012572066,0.0023008600497407233,0.2029220779220779,32.10163818924243
912,abundant,99.63558439212127,78.5473154592059,0.002300780160153754,0.2029220779220779,32.10163818924243
913,abundant,99.63559187942751,78.54743079207914,0.0023007002733406805,0.2029220779220779,32.10163818924243
914,abundant,99.63559936674974,78.54754612434041,0.0023006203893014064,0.2029220779220779,32.10163818924243
915,abundant,99.63560685408797,78.54766145598973,0.0023005405080358354,0.2029220779220779,32.10163818924243
916,abundant,99.63561434144218,78.54777678702706,0.0023004606295438717,0.2029220779220779,32.10163818924243
917,abundant,99.63562182881238,78.54789211745245,0.0023003807538254186,0.2029220779220779,32.10163818924243
918,abundant,99.63562931619855,78.54800744726586,0.002300300880880379,0.2029220779220779,32.10163818924243
919,abundant,99.63563680360072,78.54812277646731,0.0023002210107086586,0.2029220779220779,32.10163818924243
920,abundant,99.63564429101889,78.54823810505678,0.002300141143310159,0.2029220779220779,32.10163818924243
921,abundant,99.63565177845301,78.54835343303432,0.0023000612786847853,0.2029220779220779,32.10163818924243
922,abundant,99.63565926590313,78.54846876039991,0.00229998141683244,0.2029220779220779,32.10163818924243
923,abundant,99.63566675336925,78.54858408715356,0.0022999015577530283,0.2029220779220779,32.10163818924243
924,abundant,99.63567424085133,78.54869941329522,0.002299821701446453,0.2029220779220779,32.10163818924243
925,abundant,99.6356817283494,78.54881473882499,0.002299741847912618,0.2029220779220779,32.10163818924243
926,abundant,99.63568921586345,78.54893006374279,0.0022996619971514267,0.2029220779220779,32.10163818924243
927,abundant,99.63569670339348,78.54904538804864,0.002299582149162784,0.2029220779220779,32.10163818924243
928,abundant,99.63570419093949,78.54916071174257,0.0022995023039465916,0.2029220779220779,32.10163818924243
929,abundant,99.6357116785015,78.54927603482457,0.002299422461502755,0.2029220779220779,32.10163818924243
930,abundant,99.63571916607948,78.54939135729462,0.002299342621831177,0.2029220779220779,32.10163818924243
931,abundant,99.6357266536734,78.54950667915274,0.002299262784931762,0.2029220779220779,32.10163818924243
932,abundant,99.63573414128334,78.54962200039894,0.002299182950804414,0.2029220779220779,32.10163818924243
933,abundant,99.63574162890926,78.54973732103323,0.0022991031194490356,0.2029220779220779,32.10163818924243
934,abundant,99.63574911655115,78.54985264105558,0.0022990232908655307,0.2029220779220779,32.10163818924243
935,abundant,99.63575660420899,78.54996796046603,0.002298943465053804,0.2029220779220779,32.10163818924243
936,abundant,99.63576409188286,78.55008327926456,0.002298863642013759,0.2029220779220779,32.10163818924243
937,abundant,99.63577157957266,78.55019859745114,0.0022987838217452985,0.2029220779220779,32.10163818924243
938,abundant,99.63577906727845,78.55031391502584,0.0022987040042483273,0.2029220779220779,32.10163818924243
939,abundant,99.63578655500022,78.55042923198863,0.0022986241895227486,0.2029220779220779,32.10163818924243
940,abundant,99.63579404273794,78.5505445483395,0.0022985443775684674,0.2029220779220779,32.10163818924243
941,abundant,99.63580153049166,78.5506598640785,0.0022984645683853857,0.2029220779220779,32.10163818924243
942,abundant,99.63580901826136,78.55077517920557,0.002298384761973408,0.2029220779220779,32.10163818924243
943,abundant,99.63581650604701,78.55089049372074,0.002298304958332439,0.2029220779220779,32.10163818924243
944,abundant,99.63582399384863,78.55100580762404,0.002298225157462381,0.2029220779220779,32.10163818924243
945,abundant,99.63583148166624,78.55112112091544,0.002298145359363138,0.2029220779220779,32.10163818924243
946,abundant,99.63583896949983,78.55123643359492,0.0022980655640346156,0.2029220779220779,32.10163818924243
947,abundant,99.63584645734934,78.55135174566256,0.002297985771476715,0.2029220779220779,32.10163818924243
948,abundant,99.63585393955896,78.55146705711824,0.0022979059816893416,0.2029220779220779,32.10163818924243
949,abundant,99.63586138568083,78.55158236796196,0.0022978261946723986,0.2029220779220779,32.10163818924243
950,abundant,99.63586883181867,78.55169767819363,0.0022977464104257904,0.2029220779220779,32.10163818924243
951,abundant,99.63587627797243,78.5518129878133,0.00229766662894942,0.2029220779220779,32.10163818924243
952,abundant,99.63588372414218,78.55192829682099,0.002297586850243192,0.2029220779220779,32.10163818924243
953,abundant,99.63589117032784,78.55204360521664,0.00229750707430701,0.2029220779220779,32.10163818924243
954,abundant,99.63589861652949,78.5521589130003,0.0022974273011407776,0.2029220779220779,32.10163818924243
955,abundant,99.63590606274705,78.55227422017195,0.002297347530744399,0.2029220779220779,32.10163818924243
956,abundant,99.6359135089806,78.55238952673163,0.002297267763117777,0.2029220779220779,32.10163818924243
957,abundant,99.63592095523005,78.55250483267929,0.0022971879982608165,0.2029220779220779,32.10163818924243
958,abundant,99.63592838185508,78.55262013801482,0.0022971082361734215,0.2029220779220779,32.10163818924243
959,abundant,99.63593578648496,78.55273544273804,0.0022970284768554948,0.2029220779220779,32.10163818924243
960,abundant,99.63594317993845,78.55285074684893,0.002296948720306941,0.2029220779220779,32.10163818924243
961,abundant,99.63595054283996,78.55296605034738,0.0022968689665276635,0.2029220779220779,32.10163818924243
962,abundant,99.6359579057574,78.5530813532334,0.0022967892155175665,0.2029220779220779,32.10163818924243
963,abundant,99.63596526869071,78.55319665550698,0.002296709467276554,0.2029220779220779,32.10163818924243
964,abundant,99.63597263163993,78.55331195716813,0.0022966297218045286,0.2029220779220779,32.10163818924243
965,abundant,99.63597999460504,78.5534272582169,0.002296549979101396,0.2029220779220779,32.10163818924243
966,abundant,99.6359873575861,78.55354255865322,0.0022964702391670595,0.2029220779220779,32.10163818924243
967,abundant,99.63599472058301,78.55365785847717,0.002296390502001422,0.2029220779220779,32.10163818924243
968,abundant,99.63600208359584,78.55377315768865,0.002296310767604388,0.2029220779220779,32.10163818924243
969,abundant,99.63600944662458,78.55388845628774,0.0022962310359758618,0.2029220779220779,32.10163818924243
970,abundant,99.63601680966921,78.55400375427443,0.0022961513071157466,0.2029220779220779,32.10163818924243
971,abundant,99.63602417272975,78.55411905164871,0.002296071581023946,0.2029220779220779,32.10163818924243
972,abundant,99.63603153580618,78.55423434841059,0.0022959918577003654,0.2029220779220779,32.10163818924243
973,abundant,99.63603889889852,78.55434964456008,0.0022959121371449076,0.2029220779220779,32.10163818924243
974,abundant,99.63604626200674,78.55446494009716,0.002295832419357476,0.2029220779220779,32.10163818924243
975,abundant,99.63573349859305,78.53303345632698,0.0023100703890056975,0.2029220779220779,32.10163818924243
976,abundant,99.63562283628617,78.52622317750996,0.002314592292549744,0.2029220779220779,32.10163818924243
977,abundant,99.63550813723984,78.5194129681687,0.002319114039085977,0.2029220779220779,32.10163818924243
978,abundant,99.63538950194155,78.51262337371074,0.0023236219760658424,0.2029220779220779,32.10163818924243
979,abundant,99.63526764655299,78.50658240568382,0.0023276323440869664,0.2029220779220779,32.10163818924243
980,abundant,99.63514319485793,78.5005415043636,0.0023316425715469045,0.2029220779220779,32.10163818924243
981,abundant,99.63501480553994,78.49450066936112,0.002335652658450533,0.2029220779220779,32.10163818924243
982,abundant,99.63486883931314,78.48769037052801,0.002340173950683718,0.2029220779220779,32.10163818924243
983,abundant,99.63472847213234,78.48164967061687,0.002344183738734599,0.2029220779220779,32.10163818924243
984,abundant,99.63456364905173,78.47560903470871,0.002348193386244413,0.2029220779220779,32.10163818924243
985,abundant,99.63439985632502,78.4687989350042,0.002352714239099028,0.2029220779220779,32.10163818924243
986,abundant,99.63420343020782,78.46275843135842,0.0023567235877865805,0.2029220779220779,32.10163818924243
987,abundant,99.63404384434189,78.45594887227631,0.002361243871456015,0.2029220779220779,32.10163818924243
988,abundant,99.63387533572738,78.4491393811013,0.0023657639981738794,0.2029220779220779,32.10163818924243
989,abundant,99.63370399345362,78.44232995885845,0.002370283967945625,0.2029220779220779,32.10163818924243
990,abundant,99.6335300127647,78.4347510775787,0.0023753151266576902,0.2029220779220779,32.10163818924243
991,abundant,99.63340244813939,78.42794179998332,0.0023798347647987876,0.2029220779220779,32.10163818924243
992,abundant,99.63322640503627,78.42113259125607,0.002384354246010729,0.2029220779220779,32.10163818924243
993,abundant,99.63303682813816,78.4143234499307,0.0023888735702989644,0.2029220779220779,32.10163818924243
994,abundant,99.6327911794922,78.40520578609373,0.002394926775311912,0.2029220779220779,32.10163818924243
995,abundant,99.63254053055984,78.39685772951508,0.0024004684242667886,0.2029220779220779,32.10163818924243
996,abundant,99.63226077101112,78.38697068727963,0.0024070325725686196,0.2029220779220779,32.10163818924243
997,abundant,99.63194734039737,78.37785325448611,0.002413085147071601,0.2029220779220779,32.10163818924243
998,abundant,99.63158689696495,78.36719683762522,0.0024201602031813747,0.2029220779220779,32.10163818924243
999,abundant,99.63117514424184,78.35654050382472,0.002427235013633743,0.2029220779220779,32.10163818924243
