step,scenario,centroid_x,centroid_y,spread,polarization,mean_nearest_neighbour_distance,convex_hull_area,elongation_ratio,number_of_clusters,alert_count,grazing_count,travelling_count,resting_count,mean_speed,mean_energy,mean_food_intake,field_mean_food,field_health_pct,field_biomass_pct,mean_grazing_pressure,degraded_area_pct,mean_ndvi_pct,mean_azimuth_deg
0,abundant,111.75149989743312,71.93032966211629,10.876238372675084,0.7416135821041129,3.1618034272233126,791.41510050945,1.129852893975483,1,0,8,28,0,0.8353204247094016,0.8488382586439307,0.0031111111111111114,0.30269940561623215,99.99997306462394,81.99394039200978,4.090767047920584e-06,0.0,32.10163818924243,78.46964268531262
1,abundant,112.06520772199966,72.50866684337562,11.246178815879292,0.7521624923894282,3.140653532092691,809.2348750786114,1.124514188454188,1,0,8,28,0,0.835816247743936,0.8476759718825237,0.0031111111111111114,0.3026770352877589,99.999943002742,81.98788081162954,8.181392057784622e-06,0.0,32.10163818924243,74.96740129905517
2,abundant,112.37836680229273,72.98731418338339,11.56533879010218,0.6726537255060532,3.008964203775301,797.4941007398593,1.1870387084608538,1,0,9,27,0,0.8156763694466573,0.8465467278761323,0.0035,0.3026518241624119,99.99989746265892,81.98105172815409,1.2783220915513983e-05,0.0,32.10163818924243,79.54455786560703
3,abundant,112.71030058234088,73.46593864347021,12.021111577402618,0.6992980437804286,3.0268398991689325,819.6074233564359,1.173855341204342,1,0,10,26,0,0.7955188136893544,0.8454505460699626,0.00388888888888889,0.3026237722518949,99.99981681810176,81.97345314475373,1.7896235871283215e-05,0.0,32.10163818924243,64.56036586384386
4,abundant,113.0433032734796,73.82719211953099,12.380245546709308,0.5422135391606908,3.040295998101092,821.4167642937682,1.2393071624959535,1,0,11,25,0,0.7753436597402662,0.8443874458220262,0.004277777777777779,0.30259287956281833,99.99969916837117,81.96508506321906,2.352041917588317e-05,0.0,32.10163818924243,107.37499924447907
5,abundant,113.46399148160869,74.17210511714953,12.776591460477444,0.631913206479244,3.056170592592094,841.0942112616904,1.278431201107108,1,0,12,24,0,0.7551509877813305,0.8433574464021335,0.004666666666666668,0.3025591461029987,99.99957831617027,81.9559474856674,2.9655753080720996e-05,0.0,32.10163818924243,89.77348413643402
6,abundant,113.89426966989423,74.47377163751791,13.10781065639069,0.5869527119086211,3.07685566664488,849.6945986216015,1.3237400620885387,3,0,15,21,0,0.6936106136282826,0.8424278080604757,0.005833333333333334,0.302516890091541,99.99943407658746,81.94450135521458,3.7324911599800214e-05,0.0,32.10163818924243,86.55764059024122
7,abundant,114.31517734171955,74.73905674282895,13.479242722666179,0.5006302680783766,3.0692781970327006,861.8076414804818,1.3690038081271625,2,0,15,21,0,0.6940405271656971,0.8414976968139266,0.005833333333333334,0.30247463425148097,99.99932525231218,81.93305527118928,4.499380383327611e-05,0.0,32.10163818924243,106.81866793617974
8,abundant,114.75613142663762,75.00742119854095,13.82460988246171,0.5338499013827751,3.0441480788154136,867.5516832775975,1.4166847732833738,3,1,14,21,0,0.715695777923449,0.8405328759026554,0.0054444444444444445,0.30243521948738056,99.99920433035858,81.92237876585673,5.2151083909404506e-05,0.0,32.10163818924243,87.91667391365434
9,abundant,115.24811951979028,75.24218610581454,14.148749025870025,0.5837743202752633,3.000479158008547,879.9937486146737,1.5047992110035064,4,1,15,20,0,0.6954401122167935,0.8396012251125502,0.005833333333333334,0.30239296400427174,99.9990714813715,81.91093277852087,5.981946135416814e-05,0.0,32.10163818924243,124.64317536296234
10,abundant,115.73523011172772,75.47227217846483,14.435262873464126,0.5006414038319791,2.947430316923024,875.0238764640453,1.6112172001725373,4,2,14,20,0,0.717102868245518,0.8386348564019247,0.0054444444444444445,0.30235354961576005,99.99893871331543,81.90025637492624,6.697622665945854e-05,0.0,32.10163818924243,111.4043142489432
11,abundant,116.21993032063558,75.68573966154537,14.755110270841676,0.5064650478288936,2.908960828167189,875.3929908346036,1.7095146639546275,4,2,14,20,0,0.7175304504905896,0.8376680173508293,0.0054444444444444445,0.30231413540974905,99.99877231443803,81.88958002076662,7.413274347026777e-05,0.0,32.10163818924243,118.06713727968499
12,abundant,116.72756476672264,75.87649097913504,15.098053112783955,0.4964235761001659,2.8687780213253236,870.155577337151,1.8249801415216527,4,2,14,20,0,0.7179562042005032,0.8367007099706532,0.0054444444444444445,0.3022747213845057,99.99859311757261,81.87890371557258,8.128901179522399e-05,0.0,32.10163818924243,102.19637111227956
13,abundant,117.20143347268514,76.108649625986,15.476384102986856,0.4860429854006274,2.8389087828686064,878.4367428204787,1.9226522393800862,4,1,15,20,0,0.6971219910716451,0.8357672091138076,0.005833333333333334,0.3022324666376593,99.99835756674226,81.86745792767238,8.89563775239451e-05,0.0,32.10163818924243,91.1760311635708
14,abundant,117.69591703947079,76.27333467340314,15.864117108441665,0.49124395752396643,2.769127237242539,891.4084265700294,1.9609214070564795,4,1,15,20,0,0.6975379270991086,0.8348332507273319,0.005833333333333334,0.3021902120835672,99.99810881049952,81.85601219198463,9.662347702931144e-05,0.0,32.10163818924243,117.86890595019369
15,abundant,118.18566393756961,76.44866916870154,16.202722992537854,0.4712623347483249,2.761237242671028,884.5452542736894,2.0802124469395786,4,2,15,19,0,0.6984886088429937,0.8338982465909381,0.005833333333333334,0.30214795773076997,99.99780844451548,81.8445665108228,0.00010429031032056678,0.0,32.10163818924243,132.28145538550785
16,abundant,118.67304471582631,76.62001992634721,16.536220775847298,0.5286128012692566,2.702315725555853,884.1273288679149,2.1590505259937665,5,2,16,18,0,0.6781582398220708,0.8329964947493561,0.006222222222222223,0.30210286269546055,99.99753181040253,81.83235135754356,0.00011246822328794454,0.0,32.10163818924243,114.2849000065297
17,abundant,119.1319359826176,76.74632351485575,16.881878561863328,0.4611911255783931,2.6620798625670146,879.8086727954069,2.221814904446562,5,2,17,17,0,0.6578111617895545,0.8321280135824987,0.006611111111111113,0.30205492699692676,99.99725104840735,81.81936673737152,0.00012115719818593077,0.0,32.10163818924243,132.80343786452647
18,abundant,119.56744165106255,76.9154461610511,17.174418268499622,0.49384911365275214,2.582840404526028,871.326723067119,2.262285414747802,5,3,18,15,0,0.6379798948238034,0.8312922356981923,0.007,0.3020041506633383,99.99692730379033,81.80561265793717,0.00013035721726962753,0.0,32.10163818924243,124.97803967272529
19,abundant,119.99428024125801,77.07679502025474,17.440392645981177,0.5052524946297368,2.46944165709419,866.0362694186551,2.3256135632866277,5,3,18,15,0,0.6383617124241877,0.8304560378145255,0.007,0.301953374596866,99.99664945250723,81.79185865085812,0.00013955691691376306,0.0,32.10163818924243,143.17761119956756
20,abundant,120.38041302032164,77.1925590234635,17.68655095515689,0.44889849870099313,2.3977179903825525,864.9414706742391,2.379446486240686,5,3,20,13,0,0.5972002745279412,0.8296868952903225,0.007777777777777778,0.30189691701305044,99.99635677304605,81.77656565828477,0.00014977898889140901,0.0,32.10163818924243,162.67202993034542
21,abundant,120.743726579706,77.35035782317254,17.92698631446294,0.49200439983824584,2.3655689303852707,863.1945263481102,2.4334798218741516,5,3,21,12,0,0.5767859138027648,0.8289510974518062,0.008166666666666668,0.3018376188336215,99.99586693112283,81.76050321713278,0.00016051205182315224,0.0,32.10163818924243,115.71621987456211
22,abundant,121.2866023566193,77.50544954899712,18.27681239143205,0.4678221482705547,2.287632745531996,848.8120224440936,2.612671147296692,5,4,12,20,0,0.7647351689637021,0.8279105554326128,0.004666666666666667,0.3018038889954402,99.99556090813665,81.75136662059523,0.00016664262915665852,0.0,32.10163818924243,102.8905566418371
23,abundant,121.77223756086379,77.69406474858641,18.619292512059744,0.5345548318238728,2.246083421208469,855.785651908147,2.6534389311944215,5,3,16,17,0,0.6814561273135238,0.8270051759147902,0.006222222222222223,0.30175879576198283,99.99522611972014,81.73915195539409,0.0001748183771505522,0.0,32.10163818924243,112.36373261062415
24,abundant,122.13072937889511,77.7654656074508,18.924155034642244,0.4933672221698651,2.112131564846035,833.6528205172217,2.8302508588900266,5,1,23,12,0,0.5351968591837724,0.8263369038141324,0.008944444444444446,0.3016938165379577,99.99490220212218,81.72155065680353,0.00018657326243616605,0.0,32.10163818924243,119.45821807521618
25,abundant,122.44050842724414,77.83386994834183,19.199870232242674,0.4481458595831661,2.0060409205427656,818.7546793521615,2.9129281785422734,5,1,25,10,0,0.49392106931250496,0.8257358128601107,0.009722222222222224,0.3016231559113555,99.99451970922475,81.70241040380606,0.00019935043133510698,0.0,32.10163818924243,153.80202414010688
26,abundant,122.73084817727369,77.90702288126776,19.491205635879837,0.49375045211695845,1.9541857921094723,822.2836776115873,2.9649307096743738,5,0,27,9,0,0.45209350084021716,0.8252025100091864,0.0105,0.30154681391202703,99.99395901962144,81.68173120448749,0.00021314984835203233,0.0,32.10163818924243,140.40182278670358
27,abundant,122.95557664097277,77.95991991960096,19.728166310213645,0.39844749072257296,1.8893582558450153,801.7114050772288,3.0247128210589698,5,1,28,7,0,0.43210031982824404,0.8247020885462641,0.010888888888888889,0.301467631460846,99.9932014162663,81.66028259553164,0.00022746013211184197,0.0,32.10163818924243,142.83577111401306
28,abundant,123.20481038208729,78.0746136780918,19.98668193619716,0.5420067572888451,1.873695346319355,796.119504577211,3.0942978457441463,5,0,29,7,0,0.41105085390881,0.8242357103847423,0.011277777777777779,0.3013856085531446,99.99224334967207,81.63806457567411,0.0002422812648764153,0.0,32.10163818924243,116.01462548754459
29,abundant,123.43227222266147,78.22353475126728,20.22916625487145,0.6027545609453554,1.8565779774962836,803.6485496654568,3.1467226955462406,5,0,30,6,0,0.3905061610117912,0.8237911790648229,0.011250909185490442,0.3013037823682874,99.99102361253168,81.61589984327226,0.000257066553799844,0.0,32.10163818924243,95.3508601247033
30,abundant,123.65769083810557,78.34400486670826,20.482423835771097,0.5412428468216176,1.8088077231001403,811.8172692550506,3.1888931826617664,5,0,30,6,0,0.3907880933644516,0.8233362025926699,0.010888943948137157,0.30122460083669717,99.98973301578637,81.59445148341128,0.0002713753850973436,0.0,32.10163818924243,104.73764142956128
31,abundant,123.96455842557702,78.49761573673283,20.788369225917183,0.5766973477610139,1.7293893946267023,816.0599692496617,3.251241855116595,5,0,26,10,0,0.47446458230990834,0.8226965061848589,0.007579094026082062,0.3011695986688273,99.98869454255984,81.57955272778085,0.0002813316329636076,0.0,32.10163818924243,103.67148384566138
32,abundant,124.11785218537794,78.63572487338679,20.989794695128843,0.5731311420225352,1.7015797997480415,822.8523947499416,3.2804429761134455,5,0,33,3,0,0.32877981313504734,0.8222879625971553,0.010111221669452879,0.3010960992054446,99.98758529198423,81.55964350262998,0.00029461700295145354,0.0,32.10163818924243,101.15574072117832
33,abundant,124.44011612317637,78.75644097939096,21.329203675565154,0.5151052924521372,1.6808703012612396,832.1480611921506,3.299972683895372,5,0,25,11,0,0.4959388729060512,0.8216845811863454,0.009719691049527024,0.3010254603373587,99.98695040414984,81.54050914348778,0.00030738709218458896,0.0,32.10163818924243,107.95477553077808
34,abundant,124.64844298722853,78.92515552319414,21.573276585749415,0.5496290605573495,1.6278539789299584,813.3580693949625,3.329252775057865,5,1,28,7,0,0.43415148583445895,0.8211710148691703,0.010500011330101209,0.30094912151358927,99.98605037607817,81.51983080435127,0.0003211827728915237,0.0,32.10163818924243,77.6943729347975
35,abundant,124.78196224669331,79.10159351585669,21.731430043233004,0.6058060758636996,1.5661228747982776,793.6486893123292,3.361568477352093,5,1,32,3,0,0.3509327571725373,0.8207832637232918,0.01172410310754382,0.30086384092613605,99.98461133302847,81.49673035791994,0.00033658751990298113,0.0,32.10163818924243,66.80916900842891
36,abundant,124.87006381024929,79.27583354003222,21.853589569816396,0.635330232859616,1.5363851554893988,773.7059451107853,3.4010509721061104,4,1,34,1,0,0.3094247106123658,0.820338363645371,0.008052396562607873,0.3008053831416347,99.98271498713306,81.48089555940723,0.0003471638439904997,0.0,32.10163818924243,78.66025375044238
37,abundant,124.94795566556701,79.46080125555594,21.99003072599803,0.5739643372148409,1.5163060385460547,754.6195518046334,3.4336716482870773,4,1,33,2,0,0.33055791946921453,0.8198516438193746,0.007389067336420807,0.30075177134462083,99.98081618698721,81.46637342157972,0.00035686759627721583,0.0,32.10163818924243,84.51658772914057
38,abundant,125.02527421846146,79.66235765415293,22.089343355328584,0.6786629281953459,1.495409081161819,739.1591802678595,3.450690226582662,4,1,34,1,0,0.30991006367169216,0.819420302827218,0.00855571706722362,0.30068963721678976,99.9787751326678,81.44954279066613,0.0003681050270081204,0.0,32.10163818924243,87.67745604810007
39,abundant,125.09063237593098,79.84446725733386,22.187992487094647,0.6745261217121338,1.486711732660333,723.9092586411716,3.482547979302232,4,1,35,0,0,0.28924751985782005,0.8189761264638368,0.007285568159368459,0.30063678201705885,99.97676038430929,81.43522559672476,0.00037767196221137985,0.0,32.10163818924243,78.87095674623036
40,abundant,125.16993396777467,79.99396157637767,22.321557784141927,0.6312818024647614,1.5081063200818328,733.9949431311179,3.481551182084624,4,0,36,0,0,0.268066607311878,0.8185690373270361,0.007778004687233843,0.3005803297510137,99.97499170932907,81.41993404460666,0.000387886064809887,0.0,32.10163818924243,88.34546348420076
41,abundant,125.25834062976469,80.12397708905975,22.447568265558072,0.5860215674063558,1.4947086193077568,723.1284772766667,3.557221458388486,4,0,36,0,0,0.2682925576302193,0.8181943661374713,0.00894466513673061,0.300515355138711,99.9732990572928,81.40233399522006,0.00039963384222629027,0.0,32.10163818924243,106.37600291232032
42,abundant,125.32940099678444,80.27543263125668,22.574022413528816,0.6230409881405161,1.4631119494731861,716.6020539618112,3.6505051554937893,4,0,36,0,0,0.2685171839836982,0.8178521125102466,0.010111259827043695,0.30044185871857726,99.97170515086952,81.38242559441166,0.00041291515474286243,0.0,32.10163818924243,101.0897821252567
43,abundant,125.53220652638181,80.57902710131793,22.836707394501893,0.6206242993637393,1.4752673818759505,717.5029250339649,3.7385823297008414,4,0,26,10,0,0.4780338014883579,0.8172031660787045,0.007388955360545659,0.30038824954355453,99.97062411868662,81.36790416681806,0.00042261647680169855,0.0,32.10163818924243,74.82074505368827
44,abundant,125.68332240538085,80.8275034536619,23.050508535807754,0.56059271080095,1.4598973189297453,720.2089242582006,3.7834824648089858,3,0,29,7,0,0.41551288574517226,0.8166665525342857,0.008944665353600867,0.30032327595384894,99.96951936181718,81.35030439442826,0.0004343630486071151,0.0,32.10163818924243,102.41749665066837
45,abundant,125.78728751002414,80.99294240742366,23.219235688147357,0.5818428544714926,1.4363249160636553,720.7414350883482,3.825268373091303,3,0,34,2,0,0.3110674273768919,0.8163319356648961,0.012055617883042484,0.300235576743281,99.96827501942003,81.3265488015519,0.00045019977108309904,0.0,32.10163818924243,80.41051171242462
46,abundant,125.90569369982245,81.14722745904929,23.399147718744622,0.5606660074570866,1.4050097977574323,723.7739200060387,3.848149548109071,3,0,33,3,0,0.3322479844201115,0.8159498092550044,0.011190941891795056,0.3001541946002646,99.96672982480013,81.30450434933411,0.00046489899037996423,0.0,32.10163818924243,93.21526638356046
47,abundant,125.99448332771401,81.31121511194212,23.537478560770538,0.6377816491148811,1.4027585750140903,725.3904617361186,3.8909331756269876,3,0,34,2,0,0.31153000355084415,0.8154915451596312,0.007657818161888892,0.3000986229044082,99.96506307875023,81.28945132236085,0.00047495203232560503,0.0,32.10163818924243,105.15244552106384
48,abundant,126.23503442440862,81.71710314622356,23.85770729019794,0.622277506013112,1.3740759871926138,726.8779082620822,3.9220308512768836,3,0,21,15,0,0.5842543404912792,0.8147148685952537,0.007000114648676061,0.3000478561651384,99.96445794935235,81.27569984179513,0.0004841399178300504,0.0,32.10163818924243,96.68716900577277
49,abundant,126.37241858340833,81.98208942018408,24.0878987507335,0.5971984333816818,1.3521294676908335,738.3799207933334,3.899529447227122,3,0,29,7,0,0.4168239160115533,0.8141985922198355,0.009722497578368055,0.299977202320216,99.96350620349061,81.25656142579052,0.0004969071167957123,0.0,32.10163818924243,88.79397734637271
50,abundant,126.4545485249276,82.12076692327079,24.23489334972986,0.5255330407602397,1.3719453323442563,742.6058174696227,3.9073665979935157,3,0,35,1,0,0.2912394288401959,0.813885789815694,0.012055748842251378,0.29988950415553894,99.96225254580592,81.23280611622067,0.0005127418398372409,0.0,32.10163818924243,127.91948179480505
51,abundant,126.53718956339713,82.26978309039907,24.387123318872536,0.5660284170048312,1.3692043350319265,741.1428817607157,3.919433455309426,3,0,35,1,0,0.29145803608398246,0.8135836349017931,0.012444604492554166,0.29979896586568616,99.96089451173783,81.2082814855024,0.0005290873152474675,0.0,32.10163818924243,94.89073686116633
52,abundant,126.8032962975655,82.43605176290232,24.678898436904024,0.533606197784639,1.3669170811636613,750.1241700894388,3.9167882658258275,3,0,27,9,0,0.4595626307159286,0.813020342679838,0.009722381136869709,0.2997283143705836,99.95998263492014,81.18914370600709,0.00054185280045901,0.0,32.10163818924243,101.90605942030204
53,abundant,126.97613854431552,82.60870307133007,24.904533754590766,0.49355237830249565,1.3584223358273921,755.2005768190575,3.944564561787334,3,0,30,6,0,0.3968510482512969,0.8125695865145117,0.011277856705361305,0.2996463002984487,99.95864119345879,81.16692807949059,0.0005566631207820504,0.0,32.10163818924243,120.906280283792
54,abundant,127.03773012878158,82.76755878536333,25.036058509323354,0.47683727561328715,1.4089517027866407,761.4357377173146,3.9799634832974995,3,0,34,2,0,0.31310335297472885,0.8121428668071524,0.008846213604031122,0.2995820501756385,99.95659510401347,81.14952427676704,0.000568275585108177,0.0,32.10163818924243,120.27630332433819
55,abundant,127.1183798041023,82.8947045315245,25.184447208103848,0.4794899695573433,1.4436801074853143,774.9902419790669,3.9999377188581744,3,0,35,1,0,0.2923181649631064,0.8116873198927279,0.007000109536970018,0.29953128643368027,99.95451073398193,81.13577360810046,0.0005774602235464124,0.0,32.10163818924243,129.83064437777742
56,abundant,127.19711169558542,83.03979123857818,25.32796288921422,0.5305802922209993,1.4340284850909086,772.1780512650512,4.054447234453484,3,0,35,1,0,0.29252959268271606,0.8112136598772995,0.00636151916152676,0.29948518792532797,99.95241101725351,81.12328663826878,0.0005858048673582401,0.0,32.10163818924243,125.3561932890207
57,abundant,127.28135492829227,83.15880780673811,25.485208953819694,0.536627988509007,1.4186479670703296,773.7800328811281,4.124340794499496,3,0,36,0,0,0.2717236037109451,0.8107916660117582,0.007389360662165195,0.2994315811043599,99.95053238934459,81.10876584833161,0.0005955007193330808,0.0,32.10163818924243,114.26400532489268
58,abundant,127.36776714112372,83.2726980579609,25.63460625042113,0.5257372205378213,1.4142286100521053,766.3276080871292,4.211834950312984,3,0,36,0,0,0.2719262342953612,0.8104021059937956,0.008555672848653531,0.2993694544783783,99.9489037581901,81.09193724948742,0.0006067298061929779,0.0,32.10163818924243,102.89801379618442
59,abundant,127.47767341011013,83.4012993965041,25.797131040360362,0.5358063826825401,1.4200108300428707,767.7577924586731,4.276323418896561,3,0,34,2,0,0.31418282298725875,0.8099987302010875,0.00972233259206517,0.2992988055744356,99.94749330640215,81.07280017187458,0.0006194925317004503,0.020292207792207792,32.10163818924243,126.49485701105692
60,abundant,127.7815674366394,83.57011079851019,26.138240676670137,0.4600077370157012,1.3892473639647807,770.1221537758393,4.356211332328393,3,0,23,13,0,0.545762621392706,0.809297060953685,0.008166772718912677,0.2992395206876663,99.94665415294719,81.05674133138226,0.0006302094248643018,0.020292207792207792,32.10163818924243,122.72646424339104
61,abundant,127.84217972660521,83.77053006508203,26.27486373630422,0.6409692128985691,1.3489994795709244,763.9337445955462,4.37415444317825,3,0,32,4,0,0.35668257230696476,0.8088904908526379,0.011277883160372641,0.29915750902500277,99.94541210403408,81.03452635753322,0.0006450167120876712,0.020292207792207792,32.10163818924243,113.04784659743966
62,abundant,127.81575356659431,84.18503491236588,26.391987668325598,0.662852197527292,1.3926707229393585,757.5641510517162,4.37113582615483,3,0,24,12,0,0.5252621130101112,0.8082331479028202,0.00894447766048557,0.299092543758018,99.94471945331597,81.01692883956699,0.0006567553150010715,0.020292207792207792,32.10163818924243,94.01097250357913
63,abundant,128.17611358714893,84.47787961139615,26.813469918743767,0.46513272216291657,1.3996734228370784,759.1764949847056,4.39416363172079,3,0,16,20,0,0.6939308592187617,0.8073031582168934,0.005833366400491573,0.299050306025761,99.94422155157065,81.0054876605071,0.0006644027430874839,0.020292207792207792,32.10163818924243,100.81476246257236
64,abundant,128.59925699157216,84.76718000916699,27.28287156646908,0.5042333931842541,1.4237169992007734,774.070505730997,4.398216678561477,3,0,16,20,0,0.6942375472476685,0.8063728311699658,0.005833366251608412,0.2990080685484558,99.94369204006604,80.99404655050749,0.000672049905447044,0.020292207792207792,32.10163818924243,86.24243057611939
65,abundant,128.9823002550009,84.91550565323867,27.684822128129824,0.4946977051106498,1.3919186676459332,785.8749213259507,4.38559080349641,3,0,22,14,0,0.56817069799798,0.8056465109863775,0.008166699436058312,0.29894878598958136,99.94309426447988,80.97798834058554,0.000682764877374918,0.020292207792207792,32.10163818924243,71.07611284590584
66,abundant,129.14287171900042,85.02473378244741,27.91527157476476,0.4350407492688531,1.3893704718045035,788.0396233713036,4.444497411256394,3,0,32,4,0,0.3577652591476837,0.8052714136457596,0.012444444444444445,0.29885825422607515,99.94202640415672,80.95346547769653,0.0006991042388643798,0.020292207792207792,32.10163818924243,114.59985062982845
67,abundant,129.5417669174104,85.3766607257919,28.38648301449157,0.5226625241935059,1.4185979699235296,809.1494838218496,4.399944355493027,3,0,16,20,0,0.6951437672211621,0.8043469264875867,0.006077535206083843,0.29881423422992254,99.94141450278732,80.94154152649735,0.000707071251503876,0.020292207792207792,32.10163818924243,84.74646334772096
68,abundant,129.98107272647061,85.71869917699843,28.874272502837496,0.5665244864943905,1.413495677501372,831.642307251379,4.3449897297273905,3,0,16,20,0,0.6954411982362498,0.8034261633917489,0.006222222222222223,0.29876915753095473,99.94081426274197,80.9293313400891,0.0007152282349408247,0.020292207792207792,32.10163818924243,75.87229236676013
69,abundant,130.29295776741225,85.93810843752729,29.242556922884326,0.4995747239916621,1.3737803611103738,849.3794728061912,4.258339324891771,3,0,24,12,0,0.5270657847252072,0.8027777243618844,0.009333333333333334,0.29870135400948766,99.94021776974762,80.91096500769997,0.0007274757022020194,0.020292207792207792,32.10163818924243,83.91370767156829
70,abundant,130.4196623621184,86.03083085735635,29.447066319388284,0.4200797262307389,1.3369817798379209,856.9297998015245,4.278837445030968,3,0,34,2,0,0.3164235958794028,0.8024698806286392,0.013222222222222225,0.29860514205146405,99.93935684746673,80.88490351763815,0.0007448362030212179,0.020292207792207792,32.10163818924243,140.33540663597125
71,abundant,130.5108543737223,86.10339834140886,29.60907281663652,0.4246707547438273,1.3314361832925288,859.1403541495965,4.327826773761195,3,0,36,0,0,0.27442891737622255,0.802229919176858,0.013996798476161408,0.2985032723111432,99.93801882952226,80.85730947133135,0.0007632145831679087,0.020292207792207792,32.10163818924243,101.06540632008455
72,abundant,130.60302593328564,86.17031376722964,29.78216004970472,0.41476929923808903,1.3551313926764221,862.996128536528,4.3636678141677985,3,0,36,0,0,0.27461113022147043,0.8019511811952599,0.012619080773058223,0.2984114676125295,99.93624293885587,80.83244180114048,0.0007797807787720956,0.020292207792207792,32.10163818924243,152.25678568011037
73,abundant,131.05495655793294,86.42174533845204,30.25079640771847,0.5336495016544779,1.4092201814423961,869.3703334750899,4.432913202245041,3,0,17,19,0,0.6757881042681452,0.8010411521591073,0.005833495662230253,0.2983692331836411,99.93566670358132,80.82100151688317,0.0007874241051800679,0.020292207792207792,32.10163818924243,95.59603629677702
74,abundant,131.48141017243768,86.65777816088445,30.714674120397106,0.49201910268594073,1.4135904301050954,902.7005513285912,4.323882115978871,3,0,18,18,0,0.6549559313322763,0.8001649273815877,0.0062223838194918005,0.29832415811399654,99.93505109010218,80.80879177181916,0.0007955785111183507,0.020292207792207792,32.10163818924243,86.45971641673951
75,abundant,131.54911147528247,86.84499750717691,30.901765632956558,0.5446607558704982,1.4172835085766502,933.1218007431162,4.195229681359692,3,0,33,3,0,0.3384950598232247,0.7997868583909655,0.011581270542259424,0.2982399358618713,99.93415249012423,80.78597800280505,0.0008107789773142872,0.020292207792207792,32.10163818924243,85.95338622222977
76,abundant,131.9377771703319,87.1845996251092,31.380166615363457,0.47739618618931723,1.4114579256518593,958.733766053323,4.11430749275702,3,0,17,19,0,0.6766153740740987,0.7988541441030984,0.005055807986232084,0.2982033836046674,99.93358954812211,80.77607688128727,0.0008173986541265026,0.020292207792207792,32.10163818924243,84.73815755052898
77,abundant,132.22772732060375,87.4679418272108,31.753256648319052,0.5393657217514203,1.4154312533424922,964.6142371948299,4.168451057384758,3,0,23,13,0,0.550132708547356,0.7981476673513019,0.008166758128769352,0.2981441056293244,99.93304290439656,80.760019912933,0.0008281086564848673,0.020292207792207792,32.10163818924243,79.68826373755105
78,abundant,132.36513520773312,87.68302358759324,31.98824296572002,0.5903302585167922,1.4089405790583092,979.228827453233,4.186419629237079,3,0,31,5,0,0.38132604095467154,0.7977248779104893,0.011666757294202468,0.2980592600452696,99.93236328647433,80.73703729839052,0.0008434203988061534,0.020292207792207792,32.10163818924243,88.3374407464566
79,abundant,132.55084038682804,88.08497832121247,32.3394013525664,0.5196075811980994,1.4139973199969038,990.2480831718494,4.163228849702308,3,0,21,15,0,0.5928789271849252,0.7969713777572526,0.008166666666666668,0.297999983690299,99.93180850698988,80.72098076895593,0.0008541293773848527,0.020292207792207792,32.10163818924243,109.20298441463515
80,abundant,132.65739831940843,88.34925051971237,32.588901588300864,0.5538778511630844,1.3986077772511132,1006.3079399591807,4.200359187191302,3,0,29,7,0,0.4239985360230922,0.796490757145405,0.011277777777777779,0.2979179806010647,99.93094985861623,80.6987681174413,0.0008689287511783937,0.020292207792207792,32.10163818924243,97.76374072805194
81,abundant,132.87114416485318,88.7628378342535,32.95335843738505,0.5398313254159863,1.3883645541810559,1025.9847101191626,4.243225185170143,3,0,20,16,0,0.6145105810233334,0.7956792660399149,0.006945376201277381,0.29786762687667917,99.93026512771651,80.6851285126083,0.0008780309821684402,0.020292207792207792,32.10163818924243,88.97038253705088
82,abundant,132.9772832754175,89.0830654493676,33.22247800367947,0.4992513907434799,1.3861215400220324,1033.999565770835,4.217850306873728,3,0,25,11,0,0.5090036164417934,0.7950289234852769,0.008555765123140376,0.29780550935921357,99.92964922050719,80.66830238104058,0.000889250380450824,0.020292207792207792,32.10163818924243,113.34504352427818
83,abundant,132.86819459019537,89.60727374442699,33.37983190248522,0.6223070745302762,1.398850299894833,1070.3504864577699,4.079578709612928,3,0,16,20,0,0.6996180750090772,0.7940600160964572,0.004666874774657637,0.29777180114101837,99.92903222568401,80.65917164083383,0.0008953559284484252,0.020292207792207792,32.10163818924243,117.99402774989146
84,abundant,132.8197351177844,90.02396008133798,33.56283130559535,0.5091044339000321,1.3723259873326792,1090.9874634523585,4.0660195049439505,3,0,21,15,0,0.5940777901088063,0.7932616474106919,0.006611317262657058,0.2977238886820901,99.9283680131176,80.64619331570827,0.000904017991283954,0.020292207792207792,32.10163818924243,122.14438142443653
85,abundant,132.60550876496595,90.28431856905193,33.57775968080256,0.581632631087809,1.3864372984814515,1101.5696274234724,4.077596040661146,3,0,23,13,0,0.5519816955985491,0.7925313621518851,0.007389093083984262,0.29767029477521195,99.92764651872578,80.6316760238854,0.000913702442548098,0.020292207792207792,32.10163818924243,151.30029071135255
86,abundant,132.46556031943297,90.5350719997004,33.65159545310045,0.6141433210296169,1.3547911437565798,1112.415803871525,4.042324392796652,3,0,28,8,0,0.44635687159703813,0.7919825974780322,0.009722424460861438,0.29759965590575826,99.92685688933439,80.6125416643727,0.0009264546302658275,0.020292207792207792,32.10163818924243,144.70727919013984
87,abundant,132.1499541345314,90.88200652579582,33.614602136180565,0.6827562991977472,1.3903870024300702,1122.6281283713033,3.974947378447202,3,0,20,16,0,0.6159442862459578,0.7911601754960855,0.00661131189013814,0.2975517446210345,99.92608543089473,80.59956365731071,0.0009351156062397994,0.020292207792207792,32.10163818924243,144.22769472901217
88,abundant,132.00591722960792,91.20474490043127,33.702336862302246,0.6364118750754109,1.386295373169021,1136.9203868739569,3.9991962448345824,3,0,26,10,0,0.4891043936234568,0.7905752717742109,0.010111111111111114,0.29747826712111153,99.92524436941164,80.57966038152934,0.0009483781304173545,0.020292207792207792,32.10163818924243,126.18134721786512
89,abundant,131.75706171573677,91.41868288663896,33.713238801719314,0.6608713821067996,1.4279072840334164,1159.1357442942244,3.8842589350555756,3,0,28,8,0,0.4469398286685949,0.7900497572356068,0.01057568831897348,0.2974013963023795,99.92419191283442,80.5588379378375,0.0009622510617485298,0.020292207792207792,32.10163818924243,150.95989476345355
90,abundant,131.56905148989074,91.60503798428667,33.75945832613044,0.6647106783686411,1.4252687533614923,1170.5903523171146,3.89773266792677,3,0,31,5,0,0.3835677827019505,0.7895920098066117,0.010506326142043956,0.29732503269615473,99.92301498083967,80.53815288573385,0.0009760323077972848,0.020292207792207792,32.10163818924243,145.0855801706004
91,abundant,131.26993155776523,91.89847434834495,33.75777105569924,0.6574004739963565,1.3811247554957289,1171.4577890070505,3.8743006909797217,3,0,24,12,0,0.5320865191566208,0.7888944987894837,0.0077780054980124734,0.2972686003512326,99.92207197408295,80.52286672976567,0.0009862256354216847,0.020292207792207792,32.10163818924243,135.84511841743958
92,abundant,131.07765424114316,92.11790796489173,33.80481945394915,0.5980206103326847,1.3539720249324456,1191.190122666405,3.9036643444408727,3,0,29,7,0,0.42630897566872195,0.7883786763419969,0.010111336633885366,0.29719512304269907,99.92098742647755,80.50296350582705,0.0009994866815137657,0.020292207792207792,32.10163818924243,164.46085747705396
93,abundant,130.94680818179492,92.3005096692497,33.875727758707036,0.6517072730765847,1.3179952745923929,1188.0459013070795,3.908730558174688,3,0,33,3,0,0.34168647565627436,0.7879994941542693,0.011666890553369502,0.2971102826488736,99.9195569886198,80.47998229719205,0.0010147926485335583,0.020292207792207792,32.10163818924243,145.97254300623715
94,abundant,130.80826319207551,92.45346860254593,33.94994590432688,0.6061781836228295,1.2903699438688288,1191.8050977203166,3.8962428734095025,3,0,34,2,0,0.3206425934299724,0.7875993478598153,0.01009144851139767,0.29703695159669985,99.9176485792169,80.46011869056032,0.0010280265520510729,0.020292207792207792,32.10163818924243,156.43051466815345
95,abundant,130.45604580894226,92.78856572566582,33.92228074010047,0.7222638922063174,1.2790558918895925,1226.1208424966608,3.737885431782299,3,0,22,14,0,0.5753086449969801,0.7868107386703174,0.006222511428518106,0.2969918841519292,99.91659652994672,80.44791101089004,0.0010361727716745226,0.020292207792207792,32.10163818924243,144.2274963677388
96,abundant,130.18094950428826,93.01809333603788,33.92335003712946,0.6384765296219099,1.2665558629493698,1240.319129509182,3.6830537591884327,3,0,27,9,0,0.46944531507544024,0.7861930235093957,0.008166953059336929,0.2969326125278754,99.91505295297392,80.43185576294626,0.001046875434153379,0.020292207792207792,32.10163818924243,139.7411674080547
97,abundant,130.05967701898575,93.16479093658171,34.00912756477278,0.41495275702123857,1.2712397791761234,1242.7486691850427,3.6878573427714243,3,0,32,4,0,0.3635380864273042,0.7857296762759796,0.009519452201929055,0.29686346103535716,99.91321666300128,80.4131242978348,0.001059356111815737,0.020292207792207792,32.10163818924243,142.87801519509262
98,abundant,130.03537028605973,93.48061479240042,34.19940749443858,0.37829223453647426,1.259878441375438,1260.8005975876658,3.573288397881829,3,0,16,20,0,0.7032441391408104,0.7847676713543821,0.005055843980628065,0.29682691729198224,99.91252207611213,80.40322548250715,0.0010659672049559436,0.020292207792207792,32.10163818924243,164.37351773020913
99,abundant,129.96770012606436,93.6703758380338,34.31454283717957,0.30099158942035054,1.2145393336424584,1245.2150158432269,3.5848323929882535,3,0,16,20,0,0.7034657248028301,0.7838055398390265,0.005060027925980465,0.2967903431957075,99.91180765367714,80.39331844531382,0.0010725835699737193,0.020292207792207792,32.10163818924243,174.98662666800695
100,abundant,130.0517352137989,93.74495771986608,34.47738818868659,0.1899933888141879,1.1685932472506992,1251.6246925490705,3.569082019990774,3,0,16,20,0,0.7036847556702083,0.782853029113942,0.005412232362596154,0.2967511963934167,99.91106187890021,80.38271452434795,0.0010796628151438347,0.020292207792207792,32.10163818924243,173.79119297383303
101,abundant,130.00874664854402,93.82686830355362,34.5925775219221,0.20157634832562338,1.1952530158299455,1243.8696549647866,3.630230315769151,3,0,16,20,0,0.7039012257381034,0.7818794103362569,0.0046668775223884336,0.2967174947358429,99.91041338436374,80.3735855612547,0.001085761755326309,0.020292207792207792,32.10163818924243,192.82472744433593
102,abundant,129.9073201059916,93.96037976516885,34.670371458502274,0.3016772201885295,1.191632170055502,1234.8871537168743,3.7007962579141465,3,0,16,20,0,0.7041151290718793,0.780905597189637,0.004668339119974877,0.29668378257771333,99.90967698808512,80.36445375381513,0.0010918624055828894,0.020292207792207792,32.10163818924243,188.7650227274147
103,abundant,129.9384649973409,93.9331547722109,34.81319794434838,0.08051728384153943,1.1819878959545569,1261.0686385742447,3.6458672024386565,3,0,16,20,0,0.7043264598072676,0.7799260120780221,0.004470499791893609,0.29665151584954264,99.90895860496549,80.35571347835642,0.0010977027071779819,0.020292207792207792,32.10163818924243,193.00629956933076
104,abundant,129.88701625161232,94.00712875230566,34.917454015686296,0.21197306159557858,1.1800956267831377,1254.477897906654,3.7178213329674463,3,0,16,20,0,0.7045352121505302,0.7789408095741489,0.004278079624730599,0.2966206549468398,99.90812430023223,80.34735400698082,0.0011032897947486067,0.020292207792207792,32.10163818924243,203.45180866163113
105,abundant,129.9067244376994,93.97895969955303,35.036217362849705,0.08639387558184122,1.1715097000534018,1274.1319667459902,3.6932455189417603,3,0,16,20,0,0.7047413803786152,0.7779367487310198,0.0036126669745478544,0.29659465515784544,99.90733799099768,80.34031129361749,0.0011080017442806557,0.020292207792207792,32.10163818924243,211.5005343095918
106,abundant,129.79733617936893,93.99388073394353,35.09985260342184,0.2186953252701871,1.166421599166029,1269.2245192170594,3.747136167704246,3,0,16,20,0,0.7049449588393171,0.7769293338032928,0.003500875964149693,0.2965694721652029,99.9065313332669,80.33348983061057,0.0011125665373906749,0.020292207792207792,32.10163818924243,212.1784446213301
107,abundant,129.7492655498518,94.1100738841585,35.2198901482411,0.22121979484092855,1.173041416708583,1289.0344942395022,3.7561229822699067,3,0,16,20,0,0.7051459419514292,0.7759216831376128,0.0035003525166686566,0.29654429313693137,99.90572817248298,80.32666944145579,0.0011171304837281368,0.020292207792207792,32.10163818924243,190.82418404674888
108,abundant,129.80864910504434,94.10991316012434,35.37953653278881,0.09974525091833401,1.192064683408082,1301.808442903959,3.7579859414243963,3,0,16,20,0,0.7053443242048986,0.774913814185124,0.0035003501477309427,0.29651911426614075,99.90501147242962,80.31984909495876,0.0011216942684830996,0.020292207792207792,32.10163818924243,213.44309295931077
109,abundant,129.7543353075383,94.17523836773884,35.46510195296189,0.2148923916551542,1.1781925988904267,1307.2225933276131,3.781153521110388,3,0,16,20,0,0.7055401001609748,0.7739383946947955,0.004666950708883736,0.2964854133483981,99.90440826163208,80.31072033226788,0.0011277918454975955,0.020292207792207792,32.10163818924243,179.5811252558024
110,abundant,129.62095723820332,94.32590258263245,35.517462131892444,0.37331211714919743,1.182533236595333,1310.9425476377946,3.7811017816615116,3,0,16,20,0,0.7057332644523618,0.7729518717536618,0.0042779874915662335,0.29645455405459803,99.90371508378271,80.30236129670507,0.0011333777671796892,0.020292207792207792,32.10163818924243,162.8451914891665
111,abundant,129.72839763143637,94.25416828681053,35.66173972441257,0.04721125277141044,1.2147858579036968,1319.2638608474736,3.8097586951632674,3,0,16,20,0,0.7059238117833622,0.7719651391649086,0.004277985864594467,0.2964236949431393,99.90297146367197,80.29400231053414,0.0011389634927702482,0.020292207792207792,32.10163818924243,215.41846736563372
112,abundant,129.60106494906978,94.44149731767976,35.74708373251829,0.36434123928538137,1.194287973708468,1319.5668547439782,3.7959494071298385,3,0,16,20,0,0.7061117369300257,0.7709783302991476,0.00428264445935914,0.29639280196986034,99.90216625083342,80.28563415201592,0.0011445551499522824,0.020292207792207792,32.10163818924243,184.3827696286676
113,abundant,129.5276825238711,94.40697921298914,35.811894749949765,0.17425530502326117,1.1846168497467215,1312.968432661015,3.852313587779937,3,0,16,20,0,0.7062970347402883,0.7699911866926298,0.004277968989157234,0.2963619433170046,99.90131862337367,80.27727529006943,0.001150140465256677,0.020292207792207792,32.10163818924243,206.4286616668664
114,abundant,129.58806141572222,94.40240411860073,35.945056517228636,0.10178113607630353,1.184457491618291,1332.2377836527303,3.855566365109445,3,0,16,20,0,0.7064797001341173,0.7690147309995702,0.004666856324572235,0.2963282439560615,99.90045901156456,80.26814694907783,0.0011562369304682232,0.020292207792207792,32.10163818924243,219.2578649975588
115,abundant,129.51305611583905,94.47146941771787,36.02728587623854,0.22869338327832414,1.1484257726924747,1322.6303398450254,3.9087629002278503,3,0,16,20,0,0.7066597281036494,0.7680380897300231,0.0046673011202477115,0.2962945415317005,99.89954719425701,80.2590177782805,0.001162333768857747,0.020292207792207792,32.10163818924243,179.90968165356202
116,abundant,129.4774977707474,94.46197661109538,36.10381767263979,0.168615232148772,1.1250663134044676,1327.2946858618961,3.9687446836187266,3,0,16,20,0,0.7068371137133261,0.7670721284113031,0.005055696655883694,0.2962580020047883,99.89869284828846,80.24912010509053,0.001168941092731192,0.020292207792207792,32.10163818924243,176.8828789873226
117,abundant,129.503469903,94.47707424297171,36.22971543792888,0.13334950812732696,1.1507032427909292,1345.1622609609767,3.941771175259715,3,0,16,20,0,0.7070118521000315,0.7660842515293825,0.004279862692481884,0.29622713026052705,99.89773470419205,80.24075769699922,0.0011745280513266064,0.020292207792207792,32.10163818924243,212.248762854981
118,abundant,129.3243361800859,94.59205187445608,36.25931941681128,0.34798900415316547,1.1670486186309312,1350.7694495077812,3.946867243995182,3,0,16,20,0,0.7071839384732246,0.7650751796711976,0.0035296597905561783,0.29620173902535435,99.89675872722363,80.23387982613261,0.001179128382083983,0.020292207792207792,32.10163818924243,168.16711242364136
119,abundant,129.46708037702226,94.57268461650811,36.46370301074718,0.07753464306527628,1.1489055357828053,1358.4759134600245,3.9640621467363317,3,0,16,20,0,0.7073533681150704,0.7640543380830471,0.0031159684562851765,0.2961793699970682,99.89576216870837,80.22782059794156,0.0011831845947567034,0.020292207792207792,32.10163818924243,205.72543022817902
120,abundant,129.26778040112384,94.59609672118432,36.46570458344963,0.30911762548565413,1.208245265056946,1365.8163271327794,3.9272076823789823,3,0,16,20,0,0.7075201363805697,0.7630440744507828,0.003500304205512347,0.29615419345594773,99.89482829814295,80.22100088249579,0.001187746025597026,0.020292207792207792,32.10163818924243,180.88209247054795
121,abundant,129.3307215319577,94.63344654681494,36.60536415406573,0.1882683875612069,1.1961763799194567,1394.8442747441004,3.8951923698988744,3,0,16,20,0,0.707684238697686,0.7620402762737086,0.0037376601961953606,0.29612728313059095,99.89395122915194,80.21371152687666,0.0011926193949352189,0.020292207792207792,32.10163818924243,181.848124974808
122,abundant,129.22202336383452,94.71706283373652,36.66826067640366,0.27407890863040546,1.1621164486232538,1370.5194005359372,3.9884263849796993,3,0,16,20,0,0.707845670567472,0.7610296636842693,0.0035006302923217014,0.2961021044855884,99.89296434949412,80.20689124154016,0.001197180926952092,0.020292207792207792,32.10163818924243,171.532001762254
123,abundant,129.29744065804417,94.76932553833609,36.840488717010146,0.1555596319222822,1.1828924105360679,1396.2547419338007,3.9765413728245713,3,0,16,20,0,0.7080044275641909,0.7600188664714631,0.0035002734826520953,0.2960769285728981,99.89197636763262,80.2000716963209,0.001201741831419931,0.020292207792207792,32.10163818924243,183.10656898956
124,abundant,129.20609726640888,94.85123752900742,36.90893306081704,0.2362656980983487,1.2231303727883374,1422.4197157775998,3.944670305291212,3,0,16,20,0,0.7081605053354397,0.7590187847481946,0.00388910116431005,0.29604891234062114,99.89099972244576,80.19248277729199,0.0012068138429260319,0.020292207792207792,32.10163818924243,178.3086372381132
125,abundant,129.2105628193484,94.9024863987118,37.03221350163608,0.19892575190770825,1.1961479298426094,1427.5574864792943,3.9973241663920973,3,0,16,20,0,0.7083138996022676,0.7580294231109265,0.004277987581937521,0.2960180553708546,99.88992851358753,80.18412437125362,0.001212397020955234,0.020292207792207792,32.10163818924243,192.75313173897382
126,abundant,129.17540514057336,94.86354056641052,37.10468691811198,0.1424176648666104,1.2235359301872502,1435.5159667466796,4.01788650091753,3,0,16,20,0,0.7084646061592932,0.7569988208887791,0.0028110301652835646,0.2959979148907193,99.88881750613858,80.17866880280174,0.0012160511183579264,0.020292207792207792,32.10163818924243,194.17324821699378
127,abundant,129.18172698679345,94.97476866126848,37.22675523409609,0.24935560509412477,1.2065247805939552,1445.6509976206798,4.073269781662757,3,0,16,20,0,0.7086126208748197,0.755965582587954,0.002722699362031483,0.29597841976023065,99.88768150356493,80.17338804394471,0.00121958894364682,0.020292207792207792,32.10163818924243,170.5012202941149
128,abundant,129.18937643456468,95.03389156538404,37.3487317388477,0.21045757411932697,1.1531874757929306,1462.9580157038436,4.065438191236487,3,0,16,20,0,0.7087579396909489,0.7549321843336787,0.002722695692323544,0.29595892473115126,99.8865197317017,80.16810731255703,0.0012231266412714304,0.020292207792207792,32.10163818924243,177.16425503831476
129,abundant,129.0783840599286,95.0707641063791,37.38562654505955,0.2697155323823496,1.1701377789411866,1471.6900003183764,4.093652634398996,3,0,16,20,0,0.7089005586236927,0.7539023318437156,0.0028549330186737913,0.29593846376924104,99.88544275617824,80.16256493335145,0.001226838093521245,0.020292207792207792,32.10163818924243,191.27573043681198
130,abundant,129.04038169254343,95.1839492019787,37.480039075670824,0.29194761980068695,1.1922254855974186,1468.944632432569,4.127000497319585,3,0,16,20,0,0.7090404737630808,0.7528686273617282,0.002722858541141983,0.2959189677267772,99.88450814261616,80.15728392746243,0.0012303757535718188,0.020292207792207792,32.10163818924243,188.8793610984636
131,abundant,129.07342655428295,95.1867410937885,37.58872380446984,0.17708356941549905,1.1687158153015043,1463.2531745836604,4.228270753371178,3,0,16,20,0,0.7091776812732687,0.7518347910361834,0.002723540137709252,0.2958994667961203,99.88354918378333,80.15200159748025,0.0012339141870132137,0.020292207792207792,32.10163818924243,181.1766052934331
132,abundant,128.96210688795568,95.27977012340855,37.648763199306615,0.3028373754303054,1.1903291764928088,1476.9588661652597,4.221195707003251,3,0,16,20,0,0.7093121773926434,0.750800782857946,0.002722686317657721,0.29587997219291656,99.88256589326406,80.14672098145196,0.0012374513749155273,0.020292207792207792,32.10163818924243,171.0787187195251
133,abundant,128.97312382008764,95.30695906043631,37.760644447678715,0.21439657679828625,1.1706674008584257,1476.5764159491664,4.270981932603525,3,0,16,20,0,0.7094439584339257,0.7497667233684524,0.002726030885134676,0.2958604532468649,99.88160997969449,80.14143377153552,0.0012409928377372992,0.020292207792207792,32.10163818924243,175.27866025044463
134,abundant,128.9212389004265,95.35825164831729,37.82668999156908,0.24263455151899402,1.1440993974032316,1485.8067257532239,4.315319837808657,3,0,16,20,0,0.7095730207842715,0.7487324294901945,0.0027227301644577096,0.29584095850731623,99.8806705313402,80.13615311857468,0.0012445298375110892,0.020292207792207792,32.10163818924243,181.2099884370399
135,abundant,128.85916500899495,95.5055167563859,37.91505964339226,0.3491414866650149,1.096007514987446,1476.4340629966755,4.422192964651502,3,0,16,20,0,0.7096993609053723,0.7476979936379816,0.00272262302796086,0.2958214646545767,99.87975542413098,80.13087270582898,0.0012480665736018745,0.020292207792207792,32.10163818924243,176.8006543181469
136,abundant,128.84324809066183,95.52950559218542,37.99011245384715,0.24312962157601697,1.0804788899056699,1485.794336999621,4.419610995546341,3,0,16,20,0,0.7098229753335488,0.7466634308440592,0.002722945676591519,0.2958019685449015,99.87881614132944,80.12559168173402,0.001251603611138722,0.040584415584415584,32.10163818924243,185.78797543080293
137,abundant,128.79994990629527,95.53707543486031,38.06555003326116,0.21125465465306204,1.1069494527316002,1487.3178681869758,4.473315018756385,3,0,16,20,0,0.7099438606798495,0.7456649636287855,0.004016822552649533,0.2957730205756689,99.8779130683847,80.11775037772189,0.0012568418308638194,0.040584415584415584,32.10163818924243,182.11091417039498
138,abundant,128.79155369641308,95.61573014688095,38.160815025525324,0.2414115969164685,1.1083332521740603,1505.7878491757438,4.486503008258426,3,0,16,20,0,0.7100620136301415,0.7446301292042783,0.002722635374499811,0.2957535269952087,99.87691945911415,80.11247003873005,0.0012603781556965908,0.040584415584415584,32.10163818924243,197.76889819857405
139,abundant,128.75539997522907,95.68947945365285,38.26521114418984,0.20794419102652656,1.1309376534163431,1521.1740158421017,4.452338996552682,3,0,16,20,0,0.710177430945202,0.7435951677176029,0.0027226316915871414,0.2957340335414023,99.87599013960968,80.10718973404568,0.0012639143528998134,0.040584415584415584,32.10163818924243,170.02885173268882
140,abundant,128.71547904949472,95.79847431410764,38.35126668119269,0.3007281398623458,1.0807184245204517,1530.821092285405,4.487298161857399,3,0,16,20,0,0.710290109460807,0.7425884174084021,0.0037346004002135375,0.2957071476018125,99.8750116797481,80.09990698394043,0.0012687810542570067,0.040584415584415584,32.10163818924243,163.5467652337186
141,abundant,128.6974745694402,95.71427852278923,38.44510574037667,0.15166627251432951,1.1022635963879595,1539.7640738405753,4.50287758199668,3,0,16,20,0,0.7104000460878181,0.7415532386348855,0.0027236170421521028,0.2956876472010332,99.87407590556163,80.09462479748927,0.0012723182553250052,0.040584415584415584,32.10163818924243,202.46019514365727
142,abundant,128.59592238024527,95.92987152024223,38.50144139799917,0.4393264799085306,1.0963744929610297,1547.408836407165,4.49215119480552,3,0,16,20,0,0.7105072378122669,0.7405070666146173,0.0023352121901824615,0.2956709842532464,99.87301915923778,80.09011120835683,0.001275344624149683,0.040584415584415584,32.10163818924243,150.0924762886956
143,abundant,128.64810860185867,95.95800331080362,38.619495752735105,0.192891948755724,1.1357762996292793,1587.475258529099,4.403853896802519,3,0,16,20,0,0.710611681695438,0.7394717885306737,0.002728384497193889,0.2956514492146996,99.87215801768964,80.08481963937307,0.0012788878659960447,0.040584415584415584,32.10163818924243,198.53143878706692
144,abundant,128.54326592536012,95.97481826957602,38.628155118230175,0.25181881643318704,1.146157291290545,1577.8751910988212,4.466585336416615,3,0,16,20,0,0.7107133748739503,0.7384362416562537,0.0027227799264729147,0.29563195523017666,99.87127761342262,80.07953919093043,0.0012824236154246322,0.040584415584415584,32.10163818924243,181.0678437105998
145,abundant,128.58276407015438,96.08474952121257,38.77939689895077,0.25045198255622947,1.1636286494813453,1588.896085819957,4.4674982381907835,3,0,16,20,0,0.7108123145598335,0.7374114709966553,0.003111531657761651,0.2956096214672609,99.87039203322534,80.0734895152744,0.0012864704076201883,0.040584415584415584,32.10163818924243,172.47788084976239
146,abundant,128.3675361455765,96.16393664440595,38.7722671493714,0.3567424339030311,1.1511567150997983,1609.3482064431155,4.448981925103706,3,0,16,20,0,0.7109084980406064,0.736397483378323,0.0035004189111626505,0.2955844469547271,99.86953186983189,80.06667034932366,0.0012910284030350706,0.040584415584415584,32.10163818924243,166.31283850839793
147,abundant,128.58897935418028,96.17004771072214,38.98292558969561,0.24169118731972425,1.161470747197502,1614.0005336591275,4.4729222894954725,3,0,16,20,0,0.7110019226793498,0.7353942787645815,0.0038891964716411412,0.29555643251112473,99.86869894310452,80.05908191480337,0.001296097439685413,0.040584415584415584,32.10163818924243,202.74134398308965
148,abundant,128.38544579618335,96.32143523275705,38.97824492960665,0.4137810900162514,1.1851195609880762,1631.1781153830962,4.4656219587283195,3,0,16,20,0,0.7110925859147801,0.7343800913407529,0.0035005150241942643,0.29553125760196985,99.86777866378362,80.05226264141756,0.0013006552272121588,0.040584415584415584,32.10163818924243,163.98636991919142
149,abundant,128.55812148479612,96.28892145845202,39.17396096373355,0.14336375770785575,1.1625541275225197,1631.477282623484,4.537249381541868,3,0,16,20,0,0.7111804852613193,0.7333658012854322,0.0035003028023848012,0.2955060843802753,99.86683995176607,80.0454438251239,0.0013052125774369314,0.040584415584415584,32.10163818924243,208.028427017911
150,abundant,128.40198419616522,96.30016268070175,39.163183114881406,0.2842126483046981,1.1558791399332284,1641.1589845824565,4.552971763955291,3,0,16,20,0,0.7112656183091618,0.7323405564735199,0.0031124060081386493,0.2954837449375497,99.86587249807037,80.03939261094492,0.0013092597280368716,0.040584415584415584,32.10163818924243,177.7956167197161
151,abundant,128.46170846334329,96.39285749988653,39.31661524163581,0.2280920633452412,1.2087953819121,1669.2362162503268,4.495197567600511,3,0,16,20,0,0.7113479827243432,0.7313173305755957,0.003187745824016237,0.2954608552443854,99.86498914581084,80.0331923472441,0.0013134058016391068,0.040584415584415584,32.10163818924243,171.84683374350524
152,abundant,128.30983813630044,96.4770628914195,39.324798300464956,0.33412468975475745,1.1766417124730992,1682.7564443915908,4.5380904816271475,3,0,16,20,0,0.7114275762488003,0.7302918853225135,0.003111610028277305,0.2954385218585909,99.86409559588179,80.0271427737411,0.0013174516211315458,0.040584415584415584,32.10163818924243,168.66205022690792
153,abundant,128.43964234014186,96.54424904683066,39.509027882649974,0.213713716226537,1.1787334483383896,1680.4074330985532,4.598383584030025,3,0,16,20,0,0.7115043967004367,0.7292663501362379,0.0031114160748130846,0.2954161900054698,99.86319377143421,80.02109361540224,0.0013214970451192244,0.040584415584415584,32.10163818924243,202.04488000242608
154,abundant,128.34944024184108,96.62327213095315,39.548025182189015,0.2787458943303535,1.1866348253029968,1695.215953485138,4.632113571657866,3,0,16,20,0,0.7115784419731814,0.7282516222939881,0.0035003015685959055,0.2953910174058406,99.86233859654998,80.01427496761102,0.0013260536700600315,0.040584415584415584,32.10163818924243,184.09797891927877
155,abundant,128.4770265447244,96.59840194248126,39.6819551794006,0.211458622026059,1.2169142949811051,1712.2257789951254,4.592990459826625,3,0,16,20,0,0.7116497100370454,0.727247710610603,0.003889392773416274,0.2953630025729391,99.86147323016067,80.00668642763902,0.0013311217486915074,0.040584415584415584,32.10163818924243,190.7211197836792
156,abundant,128.17256195954215,96.76450932916428,39.617492697696264,0.4635998449369627,1.2571929891980507,1732.3285864216014,4.5617288453602205,3,0,16,20,0,0.7117181989381789,0.7262546066755236,0.004278074419731579,0.29533214852021705,99.86064587177962,79.99832881175737,0.0013367007247310112,0.040584415584415584,32.10163818924243,171.65330004933003
157,abundant,128.3832729220527,96.83251159189844,39.83936746788045,0.2829019418625551,1.2227495183825998,1735.9948734397476,4.613904045823779,3,0,16,20,0,0.711783906798924,0.7252564061039257,0.00409863306718043,0.29530260548550236,99.85981287472863,79.99032631891313,0.0013420435615255585,0.040584415584415584,32.10163818924243,197.9935915809557
158,abundant,128.1973881936378,96.88886185382844,39.81284939436145,0.3153674919541861,1.2470847447613294,1765.760317959488,4.553404348181936,3,0,16,20,0,0.7118468318178666,0.7242631631143044,0.004278161620655814,0.2952717511478652,99.85909113479103,79.98196862585488,0.0013476222730016052,0.040584415584415584,32.10163818924243,177.41727981962595
159,abundant,128.29014311245567,96.9327280377404,39.97832677868868,0.21629563269509908,1.2927539786536588,1769.238000456964,4.574676084359182,3,0,16,20,0,0.711906972269885,0.7232698818970965,0.004279159010320642,0.29524088971587475,99.85840171547812,79.9736090111081,0.0013532021022328615,0.040584415584415584,32.10163818924243,192.09970465630838
160,abundant,128.15197534663696,97.09982275001866,40.00803887310949,0.399430340206003,1.2358125194733498,1762.3152586862634,4.624049715944392,3,0,16,20,0,0.7119643265061991,0.7222982839036614,0.005055813061484914,0.29520435490587593,99.85774695822813,79.96371261561575,0.0013598029519091691,0.040584415584415584,32.10163818924243,166.58099956295143
161,abundant,128.23514564375316,97.10626239725055,40.13559578182972,0.19359077960858304,1.256690865689654,1781.464414214839,4.6181001966657185,3,0,16,20,0,0.7120188929544132,0.7213048496771827,0.0042780912775449605,0.2951735016963555,99.8570107878306,79.955355228137,0.0013653809542570109,0.040584415584415584,32.10163818924243,194.56173451079934
162,abundant,128.026072841519,97.19483859014059,40.131435893696775,0.36423890857329094,1.2557942426558244,1797.9279712484495,4.621390168490908,3,0,16,20,0,0.7120706701185606,0.7203331341287339,0.0050557924529189375,0.2951369674486266,99.85629348845066,79.94545898494995,0.0013719813539658683,0.040584415584415584,32.10163818924243,189.4705831057718
163,abundant,128.122857486923,97.21507063134696,40.259894731003364,0.2214759431332292,1.2386215535917577,1795.8323232480252,4.711149936076034,3,0,16,20,0,0.7121196565791443,0.7193395868847016,0.004278013507310557,0.2951061152022166,99.8554592665052,79.93710185835451,0.001377558831200611,0.040584415584415584,32.10163818924243,208.1322621752854
164,abundant,127.99590421943819,97.27843595404478,40.27893419146806,0.29196726080599444,1.2719259044387776,1809.7875694624454,4.710928386778211,3,0,16,20,0,0.7121658509931756,0.7183459887710897,0.004278011517167053,0.2950752631401441,99.8545579519375,79.92874478169163,0.0013831361121594934,0.040584415584415584,32.10163818924243,200.65188691363068
165,abundant,128.16156035104402,97.29024364155391,40.45379589708019,0.20910547601767024,1.2820677363375474,1824.947650329319,4.755934171210478,3,0,16,20,0,0.7122092520942112,0.717369080508989,0.004875782685816129,0.2950400444387006,99.85367752247913,79.9192048881429,0.0013894992024443688,0.040584415584415584,32.10163818924243,222.9549521449446
166,abundant,127.95366324958198,97.41416142601885,40.429782615162075,0.43484496313641063,1.279788603866753,1845.5859127130534,4.683618679414476,3,0,16,20,0,0.7122498586923878,0.7163427269058326,0.003111472907330539,0.2950177144689139,99.85271266414057,79.91315623995372,0.0013935421995518245,0.040584415584415584,32.10163818924243,161.9594015648055
167,abundant,128.05341264806688,97.55528610764672,40.61029434032509,0.24828972878778144,1.294075959119482,1864.9448500815706,4.732689715839058,3,0,16,20,0,0.7122876696744558,0.715348998276441,0.004278135973227897,0.29498686195442847,99.85174202079729,79.90479904074313,0.00139911908918823,0.040584415584415584,32.10163818924243,199.9588265620324
168,abundant,127.99496906902414,97.5695316563034,40.6539459584218,0.2737253832049174,1.2982753414189807,1876.8402145558575,4.807869171192054,3,0,16,20,0,0.7123226840038073,0.7143552290650365,0.004278062178557822,0.2949560101418184,99.85082540323783,79.89644203165358,0.0014046956881541663,0.040584415584415584,32.10163818924243,199.9623656599139
169,abundant,128.0764834002161,97.64847658314683,40.79030229144465,0.24691391984699723,1.3169527363598466,1873.472406264933,4.899797357637435,3,0,16,20,0,0.7123549007205067,0.713372313242864,0.004666948879292618,0.29492231762744103,99.85003848623938,79.88731554523089,0.001410783436495365,0.040584415584415584,32.10163818924243,193.75466732942033
170,abundant,127.86693065346147,97.70940945023617,40.757496258257525,0.329632699498012,1.3157600373661298,1886.4589952822207,4.941842459014791,3,0,16,20,0,0.712384318941317,0.7123860699814861,0.004549267480626061,0.29488948498544043,99.84923134121712,79.87842197741688,0.0014167162354354265,0.040584415584415584,32.10163818924243,189.49761694269503
171,abundant,127.87220253378948,97.81088148322443,40.84779487279825,0.32486076688929766,1.3019562375159717,1891.649613686539,4.990461845877475,3,0,16,20,0,0.7124109378597228,0.7113704275174869,0.0035003417016575456,0.2948643150953423,99.84840840069283,79.87160406357202,0.0014212696069822845,0.040584415584415584,32.10163818924243,194.98107231955404
172,abundant,127.88724188116281,97.88530142195711,40.960650054290134,0.17280806464006238,1.272013958394863,1928.1942526606072,4.963036833656633,3,0,16,20,0,0.7124347567459522,0.7103972270878571,0.005017064385387246,0.2948280654698919,99.84773563788899,79.8617849176693,0.001427817143020813,0.040584415584415584,32.10163818924243,181.31970481727168
173,abundant,127.94495950192047,97.9781768345109,41.0581477289576,0.3128213199296695,1.2754796269554929,1922.3922518376567,5.058693329406982,3,0,16,20,0,0.7124557749469995,0.7094073272179283,0.004421481518312884,0.2947961668842347,99.84700410228704,79.85314436310449,0.0014335813261146296,0.040584415584415584,32.10163818924243,187.71421806861363
174,abundant,127.85948826020538,98.02288487857564,41.106268593715576,0.21344672931542708,1.287398825395558,1947.11559233375,5.076068381876423,3,0,16,20,0,0.7124739918866392,0.7084133962290854,0.004278228651161815,0.2947653149790819,99.84629830500522,79.84478732894736,0.0014391569473889549,0.040584415584415584,32.10163818924243,188.47770597271037
175,abundant,127.94488062708193,98.13991420871554,41.24415547819851,0.2825966167547145,1.2952088412930851,1972.0287529867346,5.081166176091329,3,0,16,20,0,0.7124894070654453,0.7074085631289113,0.003889473128494717,0.29473730317861,99.84554387165035,79.83719961038712,0.0014442212045495228,0.040584415584415584,32.10163818924243,181.59366936389912
176,abundant,127.89202640644311,98.21723634341656,41.2949699880477,0.25064445564100796,1.326291962158605,1964.8505337181705,5.1064133798297195,3,0,16,20,0,0.7125020200608024,0.7064472610279492,0.005444647182315876,0.2946979307763509,99.84500216217022,79.8265345798518,0.001451330167762251,0.040584415584415584,32.10163818924243,210.3969857788539
177,abundant,127.82464337203659,98.32631404667559,41.336412241548594,0.32924810108168223,1.366977852266376,1986.102447182886,5.102108514328763,3,0,16,20,0,0.7125118305269194,0.7054859523203698,0.005444796642858233,0.2946585575281683,99.84438621762143,79.81586932017626,0.0014584390806643484,0.040584415584415584,32.10163818924243,179.33388334363372
178,abundant,127.8718976499839,98.46173725326634,41.44158115029521,0.3311044793675781,1.3592116787941113,2018.6407567070928,5.065909189559718,3,0,16,20,0,0.7125188381948369,0.7045246338501772,0.005444723279348501,0.29461918506742296,99.84375711518898,79.80520427379844,0.001465547650268576,0.040584415584415584,32.10163818924243,197.8635698971521
179,abundant,127.73741044471811,98.50959279575052,41.44874150118672,0.24507572857054133,1.344368661529978,2013.7835939908327,5.0329336886741265,3,0,16,20,0,0.7125230428724364,0.7035633085507651,0.005444644562417467,0.2945798134308087,99.84318362431586,79.79453945065775,0.001472655869547696,0.040584415584415584,32.10163818924243,206.18261350241033
180,abundant,127.84345855708769,98.53216269931337,41.603651384183316,0.17635842521974732,1.366939699001332,2036.8655498389853,5.0095028434077,3,0,16,20,0,0.7125244444444445,0.7026128684174249,0.005833455555314129,0.29453760172369,99.84273517732734,79.78310532117774,0.0014802750854743063,0.040584415584415584,32.10163818924243,197.17796656607763
181,abundant,127.66801440480928,98.62065084917384,41.56437185276052,0.3552867160051115,1.4006582446141167,2051.441099545227,4.977299004115399,3,0,16,20,0,0.7125230428724363,0.7016624298090279,0.005833454955809769,0.29449539029011634,99.8421514639138,79.77167126579448,0.0014878940360611196,0.040584415584415584,32.10163818924243,187.4264254001245
182,abundant,127.87966338408539,98.71990778620581,41.760785094280116,0.3339528821327584,1.3914130578276855,2073.418457858832,4.918311068924567,3,0,16,20,0,0.7125188381948369,0.7007119958089901,0.005833454356303545,0.2944531791313947,99.84164241738827,79.76023728486196,0.0014955127213173453,0.040584415584415584,32.10163818924243,172.0504722174955
183,abundant,127.60169817467161,98.80255276640179,41.64857151331692,0.3886624957346142,1.4189579819712224,2109.3917348381874,4.879508590523688,3,0,16,20,0,0.7125118305269194,0.6997600249216613,0.0057782902232446885,0.2944113712254871,99.84110230399317,79.7489125353537,0.0015030586073062065,0.040584415584415584,32.10163818924243,170.72741464564572
184,abundant,127.84819420915048,98.83970567539765,41.85669201916565,0.31922054648818504,1.4122240576359872,2111.4693950936926,4.832991560930989,3,0,16,20,0,0.7125020200608024,0.6987987235689842,0.005444673906779292,0.29437200069872277,99.84050941530327,79.73824801284451,0.0015101655627287433,0.040584415584415584,32.10163818924243,188.96655336884362
185,abundant,127.67592305360247,98.97928519196397,41.794100509189875,0.33589778137852633,1.4370360461564031,2141.1166544308217,4.770170572810786,3,0,16,20,0,0.7124894070654454,0.6978483356215893,0.005833942870613023,0.29432978675752214,99.83999399382587,79.72681327820578,0.0015177841170237881,0.040584415584415584,32.10163818924243,156.34809223031485
186,abundant,127.82943496977458,98.9695775655699,41.95738824379141,0.21023039716565534,1.4679624349313787,2146.580188622007,4.71905003695693,3,0,16,20,0,0.7124739918866393,0.6968979492627876,0.005833394009767855,0.2942875770994309,99.83948910558499,79.71537970375772,0.0015254016850989778,0.040584415584415584,32.10163818924243,185.55178195727802
187,abundant,127.61600691153677,99.13646231567394,41.92927340824614,0.38166717801896494,1.4570648226097793,2167.9479333220006,4.690620631186388,3,0,16,20,0,0.7124557749469995,0.695936703213813,0.005444832266680129,0.29424820622791015,99.83893405648062,79.70471508786235,0.001532508072959427,0.040584415584415584,32.10163818924243,170.57645961061232
188,abundant,127.87528780031556,99.25613159651793,42.15440456454181,0.39105268147043254,1.4619102570971796,2202.038527215387,4.636212829569704,3,0,16,20,0,0.7124347567459522,0.694975474151225,0.005444613208304306,0.2942088372219285,99.83839736970015,79.69405097729634,0.0015396139260370435,0.040584415584415584,32.10163818924243,132.13027619461803
189,abundant,127.67341375203097,99.39968469228062,42.088925390218634,0.3811687547835291,1.4963301397355921,2241.820707026811,4.6265073075215115,3,0,16,20,0,0.7124109378597226,0.6940142712676869,0.005444612432420155,0.29416946847836234,99.83774417718463,79.68338693781236,0.0015467195313677317,0.040584415584415584,32.10163818924243,153.10662248253638
190,abundant,127.80689754919798,99.47642312942479,42.20873924048499,0.3184418833092633,1.4641868689906268,2244.8304222264196,4.6263264307376755,3,0,16,20,0,0.712384318941317,0.6930423547743565,0.005060937768042011,0.2941329027940159,99.8371464827624,79.67348217920673,0.0015533204002278873,0.040584415584415584,32.10163818924243,168.84497373994404
191,abundant,127.69162145401384,99.56981243463535,42.19255440776728,0.3262433798154308,1.5045766777100589,2248.891989285017,4.617994437883552,3,0,16,20,0,0.7123549007205067,0.6920641686783725,0.004835867671732324,0.29409798152274413,99.83649587748774,79.66402285229051,0.0015596250976094332,0.040584415584415584,32.10163818924243,167.37892795056115
192,abundant,127.82223246723093,99.66877160438219,42.29810244718492,0.36089973338625086,1.5746999996633722,2252.286493511987,4.6231676058980105,3,0,16,20,0,0.7123226840038073,0.6910595121138496,0.0038892281386119897,0.2940699758250774,99.83585942687213,79.65643678683244,0.0015646848497861356,0.040584415584415584,32.10163818924243,158.53487067129907
193,abundant,127.78935730231814,99.68153656316372,42.321449400810906,0.20791500594022344,1.6147168704274777,2250.9383806940605,4.575269522455731,3,0,16,20,0,0.7122876696744557,0.6900657828874363,0.004278114651024605,0.2940391294396374,99.83521866807757,79.64808124783188,0.0015702557690362355,0.040584415584415584,32.10163818924243,151.8295321872248
194,abundant,127.7898880551953,99.8174122529023,42.37002302639348,0.34876144882462373,1.5571060104223957,2263.5799504919632,4.5560763006835705,3,0,16,20,0,0.7122498586923878,0.6890720951980092,0.004278112683374056,0.29400828327341927,99.83456370547674,79.6397257682132,0.0015758264922677541,0.040584415584415584,32.10163818924243,143.5426430554937
195,abundant,127.75422906830893,99.90893457584632,42.424413357709724,0.2774774364899851,1.5604292104230604,2269.511462958377,4.529700890288077,3,0,16,20,0,0.7122092520942112,0.688100228270041,0.0050558303334167325,0.2939717559673145,99.8339584356344,79.62983140534409,0.0015824196347753992,0.040584415584415584,32.10163818924243,152.03252322499856
196,abundant,127.79935285525056,100.0095781426464,42.51405471608558,0.3154395715281424,1.5430752688709217,2277.2402142114515,4.516579021729838,3,0,16,20,0,0.7121658509931756,0.6871284090474659,0.005055829054187329,0.293935228919146,99.83334936377376,79.61993711234364,0.001589012546676414,0.040584415584415584,32.10163818924243,154.76420096691402
197,abundant,127.70641795018534,100.11164376110361,42.53837434383463,0.3177136770882655,1.5602566875032082,2278.2848553232034,4.465016059199138,3,0,16,20,0,0.7121196565791443,0.6861566406029276,0.005055827774954417,0.2938987021254089,99.83269473018183,79.61004288826253,0.0015956052279788014,0.040584415584415584,32.10163818924243,148.22092796014252
198,abundant,127.7151148509207,100.2119329994654,42.62242937685474,0.29636952966194113,1.6138404346126118,2292.5595587743155,4.445824776998251,3,0,16,20,0,0.7120706701185606,0.6851729783810359,0.004629125544246268,0.2938652926998934,99.8319961733235,79.60099308375871,0.0016016366141289782,0.040584415584415584,32.10163818924243,163.35718520696113
199,abundant,127.77710050711705,100.24676179642259,42.71639068160568,0.24769347006123102,1.5617837405548447,2288.55993937518,4.434743894407362,3,0,16,20,0,0.7120188929544131,0.6841795502200478,0.004278307902203914,0.2938344462791427,99.8313492409119,79.5926375351933,0.0016072065044579085,0.040584415584415584,32.10163818924243,165.53510153945075
200,abundant,127.85793251642114,100.26054118064843,42.81888998232973,0.24227723064106552,1.5785908531914723,2266.749442091066,4.431394027877512,3,0,16,20,0,0.7119643265061991,0.6831970627884463,0.0046669045555469925,0.2938007613213482,99.83081213584467,79.58351309566596,0.0016132871630147928,0.040584415584415584,32.10163818924243,173.32358624419152
201,abundant,127.75308981629372,100.35014962338569,42.80366732484482,0.2889347612831789,1.5769151895925129,2284.998719623087,4.400496178685074,3,0,16,20,0,0.711906972269885,0.6822146384062968,0.004666903119549998,0.29376707661052814,99.83027951872316,79.57438872303801,0.001619367608553188,0.040584415584415584,32.10163818924243,171.77830100160494
202,abundant,127.8906014996923,100.50089619315314,42.93994053238462,0.3814858388773479,1.6423602804469803,2304.873644126994,4.399655266478799,3,0,16,20,0,0.7118468318178666,0.6812322777583304,0.0046668166797531364,0.2937333927695057,99.8297390068776,79.56526458601718,0.0016254477293098939,0.040584415584415584,32.10163818924243,124.70293563721427
203,abundant,127.70270371325051,100.68415132223213,42.90156906718636,0.4223167100521073,1.5922901901131146,2322.5604420131567,4.355658600559936,3,0,16,20,0,0.711783906798924,0.6802608751788575,0.005055704214505067,0.2936968682797569,99.82922172776448,79.5553709860307,0.00163203898305541,0.040584415584415584,32.10163818924243,122.50889390390236
204,abundant,127.85387111430337,100.80437905568871,43.04729736507769,0.374197445393137,1.6433459466698421,2356.5373810579513,4.292295204994384,3,0,16,20,0,0.7117181989381789,0.6793004315437314,0.005444513703782851,0.29365750373753896,99.82875890239349,79.54470808459023,0.0016391412494212046,0.040584415584415584,32.10163818924243,139.36105718425836
205,abundant,127.7581057700316,100.88754253047811,43.04074798496584,0.32057731457252414,1.6361053559710816,2358.3760173633564,4.261619053577726,3,0,16,20,0,0.7116497100370454,0.6783400632281108,0.005444513050718462,0.2936181394801907,99.82832178528976,79.53404526031406,0.0016462432683261026,0.040584415584415584,32.10163818924243,168.20684784759572
206,abundant,127.85894758418011,100.91797756580553,43.164221242396415,0.25713895180434926,1.6041940915150437,2370.474073596146,4.223350685425333,3,0,16,20,0,0.7115784419731814,0.6773906621779635,0.005833401286541326,0.2935759346124619,99.82788165842665,79.52261298345918,0.0016538563856596832,0.040584415584415584,32.10163818924243,149.72969347412933
207,abundant,127.7332238738191,100.98669825099748,43.132444076055684,0.2733198300564727,1.6127879611562832,2405.3750653172647,4.151126276279595,3,0,16,20,0,0.711504396700437,0.6764413425684768,0.005833400960129849,0.29353373004060446,99.82736191107307,79.5111807867487,0.0016614692382243062,0.040584415584415584,32.10163818924243,141.965189634154
208,abundant,127.84691658581382,101.1449034307247,43.268010178303825,0.3961936669306863,1.57505850295321,2364.038074030119,4.198411105516238,3,0,16,20,0,0.7114275762488003,0.675492107452347,0.005833400633717545,0.29349152576576737,99.8268176316723,79.49974867049386,0.0016690818260291641,0.040584415584415584,32.10163818924243,109.61212562806725
209,abundant,127.71142432910536,101.22823043759362,43.27722376802471,0.3109222183670073,1.535511107606627,2389.1314792299527,4.159142968403371,3,0,16,20,0,0.7113479827243432,0.6745429598799548,0.005833400307304417,0.29344932179692257,99.82628502055609,79.4883166371249,0.001676694149083448,0.040584415584415584,32.10163818924243,142.90267734267314
210,abundant,127.76945323332524,101.30201722249741,43.37177485885761,0.2689174868635448,1.5340106378942882,2389.3224649042604,4.138973059640048,3,0,16,20,0,0.7112656183091618,0.6735939028992797,0.005833399980890461,0.2934071181396318,99.82572601092843,79.47688468814839,0.0016843062073963499,0.040584415584415584,32.10163818924243,130.948043908423
211,abundant,127.7327836551266,101.45935840560875,43.40329180146155,0.38377455958848455,1.5679738763402806,2406.735240082391,4.130611771168172,3,0,16,20,0,0.7111804852613193,0.6726449395558176,0.005833399654475676,0.2933649148025689,99.82521949523492,79.46545282591386,0.0016919180009770604,0.040584415584415584,32.10163818924243,116.60112246597224
212,abundant,127.82569856212055,101.50621478778686,43.50150309470904,0.26772750133947043,1.5428463318054704,2425.1867089298685,4.060950196506088,4,0,16,20,0,0.7110925859147801,0.6716928258202208,0.0057174324610650175,0.29332355893455037,99.82467771533332,79.45425052252556,0.00169937704622965,0.040584415584415584,32.10163818924243,121.96716099007992
213,abundant,127.74891632195823,101.57957016328534,43.50095569948989,0.28990032353173034,1.5545741637359198,2421.189575191751,4.0574975225913,4,0,16,20,0,0.7110019226793498,0.67073317168351,0.0054445706512974605,0.29328419666071953,99.82414305448624,79.44358823553624,0.0017064770493885274,0.040584415584415584,32.10163818924243,128.72408159169976
214,abundant,127.81631510214737,101.72603291926049,43.6168937354923,0.3368615045340875,1.5494309810457048,2419.4361812800635,4.067662202927546,4,0,16,20,0,0.7109084980406064,0.6697845091705699,0.005833458389450586,0.29324199379968147,99.82359011418332,79.4321565022453,0.0017140881503916968,0.040584415584415584,32.10163818924243,126.09188105553488
215,abundant,127.7409466791498,101.78489271416187,43.61954140338255,0.2481808186121486,1.534942542516905,2437.277109203569,4.0165989753241895,4,0,16,20,0,0.7108123145598335,0.6688320470909794,0.005693980943758041,0.2932008101605471,99.82301924157248,79.42100085149193,0.0017215155897090815,0.040584415584415584,32.10163818924243,136.54834223322723
216,abundant,127.90031270386446,101.85679390964316,43.772650399390784,0.3336554295522919,1.5434158514894531,2441.476332945007,4.005900348629519,4,0,16,20,0,0.7107133748739503,0.6678727086955929,0.005444511320533562,0.2931614492515414,99.82247443768348,79.41033893420068,0.0017286147461684847,0.040584415584415584,32.10163818924243,121.48738060952908
217,abundant,127.78243471550144,101.87009652109933,43.76310660648367,0.2311258891168937,1.5308904501213805,2451.0190402544868,3.9673307356358762,4,0,16,20,0,0.710611681695438,0.6669352580679501,0.006222222222222223,0.29311640735635475,99.82202274129614,79.39813817529414,0.0017367362599609978,0.040584415584415584,32.10163818924243,137.87528506479418
218,abundant,127.94591921775593,102.01054561868214,43.894520126259465,0.301567514521769,1.5327133989052322,2445.5025199256124,3.9646466268172507,4,1,15,20,0,0.7322831967019249,0.6659413197604765,0.00505618603209181,0.29307988386009404,99.82150743643628,79.38824484441953,0.0017433242831253496,0.040584415584415584,32.10163818924243,110.79408552917413
219,abundant,127.88589210878598,102.01447625137916,43.8304308154317,0.17434721388392546,1.5555409016860593,2420.450788766175,3.920017378084412,4,1,15,20,0,0.7321744027278295,0.6649583758313238,0.005444568351710053,0.29304052345027454,99.82100369312603,79.37758306234575,0.0017504227573412897,0.040584415584415584,32.10163818924243,168.39032936256584
220,abundant,127.975696615327,102.18013784852697,43.89400454687342,0.3155590807804099,1.523521701577327,2430.1068296703525,3.918436040341914,4,1,15,20,0,0.7320628228217062,0.6639646694298699,0.00505581084464341,0.2930040032648205,99.82043121458162,79.36769062828851,0.0017570098119582865,0.040584415584415584,32.10163818924243,126.92813257506808
221,abundant,127.9052622049047,102.25393534020617,43.86650490829962,0.21464492866201326,1.5621166819533938,2412.5243859147595,3.918444775217299,4,1,15,20,0,0.7319484600425751,0.6629819740054629,0.005444567201429724,0.2929646434311454,99.81987567382087,79.3570290022783,0.0017641078094780113,0.040584415584415584,32.10163818924243,144.40631821531505
222,abundant,127.97226453520453,102.3194934726338,43.91990565706271,0.2161937224968852,1.5655420498433417,2382.977726959165,3.9592945867024683,4,1,15,20,0,0.7318313175257489,0.6619885222108849,0.005055809096439892,0.2929281238227961,99.81928103220334,79.34713672454475,0.0017706943866291423,0.040584415584415584,32.10163818924243,141.20477737698081
223,abundant,127.96958212560675,102.39923866208434,43.93181489859665,0.21300710048396565,1.6397619341229694,2344.868788808344,3.9673539549630332,4,1,15,20,0,0.7317113984827495,0.6610049775282029,0.005404923416031724,0.29288905416420064,99.81882651567453,79.33655369993824,0.001777739781804751,0.040584415584415584,32.10163818924243,145.49370654169212
224,abundant,128.00049981237717,102.40706765287096,43.93438422057916,0.15408522824559573,1.5828078118068556,2323.3536886324728,3.9504080682700455,4,1,15,20,0,0.7315887062012177,0.6600117910798421,0.005055754587881929,0.29285253554033164,99.81835636924849,79.32666168887658,0.0017843258139590003,0.040584415584415584,32.10163818924243,149.34456373108912
225,abundant,128.19522923588497,102.51828986421313,44.051783744905805,0.296261712956235,1.6414655747270117,2312.9637780138873,4.013055596090771,4,1,15,20,0,0.7314632440448245,0.6590078537250985,0.004666864775204276,0.2928188580973331,99.81779013521201,79.31753928492552,0.0017904002703398787,0.040584415584415584,32.10163818924243,133.98437154158344
226,abundant,128.05299637602226,102.63043900931228,43.96951931209493,0.2751075492387364,1.6196920851086367,2283.987856224252,3.9752406274884535,4,1,15,20,0,0.7313350154531779,0.65800405738617,0.0046668635025018685,0.29278518092560396,99.81717434982413,79.30841695445477,0.0017964745141323308,0.040584415584415584,32.10163818924243,161.88635448761883
227,abundant,128.2431924139603,102.71860440185694,44.057144400304146,0.3006024726310606,1.6155118626796896,2270.795034187162,3.9745399469772145,4,1,15,20,0,0.7312040239417302,0.6570221795394754,0.005444520701470866,0.2927458231225763,99.81658027881825,79.29775587849778,0.0018035710802313835,0.040584415584415584,32.10163818924243,129.2890650732152
228,abundant,128.2030776694243,102.59426911576708,44.03783158614037,0.04924062696813744,1.6164781971710886,2252.884083001518,3.9919858404536517,4,1,15,20,0,0.7310702731016794,0.6560404488089425,0.005444520352826646,0.29270646562521563,99.81594221645904,79.28709488533858,0.0018106673994677405,0.040584415584415584,32.10163818924243,158.98600228988968
229,abundant,128.2327064011806,102.74699289002557,44.04759522384003,0.26296705695649125,1.6019830405902058,2238.5073104653857,3.992717858427175,4,1,15,20,0,0.7309337665998723,0.6550495593501096,0.005112060158103294,0.2926695371075994,99.81530722773337,79.27709184398465,0.0018173263239196912,0.040584415584415584,32.10163818924243,138.23382673624988
230,abundant,128.38781636569294,102.8703280523858,44.15324970199154,0.28819496782755427,1.6481628049238433,2260.1276481321547,3.9873884140346774,4,1,15,20,0,0.7307945081787035,0.6540463566580865,0.004666830963340048,0.2926358613478857,99.81474722571949,79.2679698959947,0.00182339959001056,0.040584415584415584,32.10163818924243,147.71082558257402
231,abundant,128.2804712412924,102.95160428725099,44.049967492732605,0.20463158260474718,1.6446215427886317,2239.6138420371935,4.01185428498837,4,1,15,20,0,0.7306525016560135,0.6530433101409883,0.004666829811544919,0.29260218586885706,99.81416391061373,79.25884802403553,0.0018294726437133116,0.040584415584415584,32.10163818924243,159.34654605890327
232,abundant,128.3029565654779,102.78653667852758,44.07304852936631,0.05264072636802283,1.683174317284699,2198.1668604679653,4.002937464207603,4,1,15,20,0,0.7305077509249824,0.6520420059022618,0.004723367403257613,0.2925680976517902,99.8137023173629,79.24961435133451,0.0018356198272303146,0.040584415584415584,32.10163818924243,183.52800850187438
233,abundant,128.27034926123676,102.94499788997895,44.03333570578432,0.2813204611794033,1.685147118706256,2208.416741195797,4.009284210105271,4,1,15,20,0,0.7303602599540251,0.6510283943205613,0.004278025151736156,0.292537262998809,99.81312901214453,79.24126199037299,0.0018411812214975756,0.040584415584415584,32.10163818924243,139.90371097614943
234,abundant,128.35758340841784,103.10123026955682,44.111155807684774,0.2845273213512906,1.6683490360107107,2176.253847657368,4.054837305036113,4,1,15,20,0,0.7302100327866804,0.650025836823151,0.004666912094823263,0.2925035877202176,99.812614118639,79.23214017270742,0.0018472537659866973,0.040584415584415584,32.10163818924243,136.39736607192427
235,abundant,128.4664326257734,103.06862133300618,44.16065091389771,0.1668704074327755,1.7022243489004183,2159.535822947728,4.044564110760357,4,1,15,20,0,0.7300570735415024,0.6490234475376762,0.0046669105507505205,0.2924699127277971,99.81211479610394,79.22301843255862,0.001853326097596955,0.040584415584415584,32.10163818924243,144.98924327580798
236,abundant,128.4064507417563,103.10687267990357,44.15578678040669,0.1731688122021083,1.7227534892405787,2113.6093650780895,4.044701826180597,4,1,15,20,0,0.7299013864119457,0.6480321183536988,0.0050557978955621564,0.2924333971314986,99.81168849345619,79.2131272415925,0.0018599095622167253,0.040584415584415584,32.10163818924243,156.24296591975965
237,abundant,128.54820972755894,103.18270905510879,44.2412617630302,0.27067023343776714,1.7346920069147405,2115.561464892351,4.022400056247581,4,1,15,20,0,0.7297429756662522,0.6470409589842481,0.0050556394207909375,0.2923968829901251,99.8111825433983,79.20323644473036,0.0018664925898711445,0.040584415584415584,32.10163818924243,143.437391433764
238,abundant,128.56026688562088,103.26214646342719,44.245855156325966,0.2068923797642354,1.7703846842205806,2094.46902867515,4.027419959725022,4,1,15,20,0,0.7295818456473322,0.6460571682795715,0.00531247591198425,0.29235849291215915,99.81073457183126,79.19283750206321,0.0018734131005341073,0.040584415584415584,32.10163818924243,131.38230720581507
239,abundant,128.55750645548184,103.3072111319546,44.22906033530848,0.22399589854434326,1.7761921734428305,2033.5543316477342,4.026622381503558,4,1,15,20,0,0.7294180007726464,0.6450554826314923,0.004666934027523891,0.292324818910292,99.81018419977059,79.18371603023132,0.0018794845547192678,0.040584415584415584,32.10163818924243,130.3615084686673
240,abundant,128.5989784699499,103.41610530994541,44.28387993717662,0.23465790266931144,1.8021960491152897,2029.9783128796553,4.05204688056205,4,1,15,20,0,0.7292514455340852,0.6440757527778586,0.005444526301922418,0.2922854647609294,99.80975948264377,79.17305594396375,0.001886578245939258,0.040584415584415584,32.10163818924243,130.9069127065563
241,abundant,128.74201971931973,103.41673669007957,44.353711364067486,0.23889751898183853,1.8512622232956946,2002.7120286059653,4.049173020844412,4,1,15,20,0,0.7290821844978441,0.6430962091001245,0.005444525900491878,0.29224611093566033,99.80934642034437,79.16239594548524,0.0018936716903269653,0.040584415584415584,32.10163818924243,124.50757610608952
242,abundant,128.6489965408331,103.4581829925508,44.321230234442716,0.1849520766746708,1.8311988519157494,1974.3228268803214,4.062182219486932,4,1,15,20,0,0.7289102223043005,0.6421168545695636,0.005444525499060238,0.29220675744430596,99.80898882432044,79.15173603745616,0.001900764887890957,0.040584415584415584,32.10163818924243,153.34149023328462
243,abundant,128.64949787510005,103.59065638171253,44.335318921498015,0.2574103675623068,1.8597037182919713,1958.8255121722323,4.041289921052004,4,1,15,20,0,0.7287355636678841,0.6411376921522625,0.005444525097627498,0.2921674042811986,99.8085981993398,79.14107621834123,0.0019078578386398039,0.040584415584415584,32.10163818924243,135.85476447775025
244,abundant,128.79687216574888,103.64413883348509,44.43747216259619,0.21341074945550834,1.845293077428978,1942.2199442089914,4.017983355830768,4,1,15,20,0,0.7285582133769503,0.6401587248090413,0.005444524696193654,0.2921280514438572,99.80814711053945,79.13041648746842,0.0019149505425820727,0.040584415584415584,32.10163818924243,152.03755870189832
245,abundant,128.86600024366896,103.67823617052437,44.5108925090148,0.14959269879235926,1.8928621614476333,1949.9178562751695,4.016332852500111,4,1,15,20,0,0.7283781762936464,0.6391908421484516,0.005833333333333334,0.2920858586314052,99.80771630472073,79.11898747609618,0.0019225542406129897,0.040584415584415584,32.10163818924243,145.66606169897003
246,abundant,128.75156371305542,103.78558135613687,44.44038062806917,0.27008714736624745,1.9082329629496309,1912.9338578105599,4.013297088262114,4,1,15,20,0,0.7281954573537802,0.6382231604786957,0.005833333333333334,0.29204366616859156,99.8073136464258,79.1075585594325,0.0019301576746311982,0.040584415584415584,32.10163818924243,118.64940030544793
247,abundant,128.85489552770863,103.79308820466207,44.51038284774158,0.17184273597470054,1.8720535030835512,1854.491503265148,4.023231333277751,4,1,15,20,0,0.7280100615666841,0.6372556827443057,0.005833333333333334,0.29200147406490473,99.80698013974802,79.09612974004759,0.0019377608446458638,0.040584415584415584,32.10163818924243,140.29419774445057
248,abundant,128.8950116302694,103.82621573000439,44.51603714146272,0.164082606800842,1.880893367430568,1863.8107007166764,4.016582035535015,4,1,15,20,0,0.7278219940150767,0.6362884118842222,0.005833333333333334,0.29195928229528356,99.80649185105877,79.08470101115296,0.0019453637506661539,0.040584415584415584,32.10163818924243,144.28730891089384
249,abundant,128.80771897330882,103.96156875144658,44.505193578340794,0.2527883159784022,1.9428116707002745,1845.7509492518948,3.9955291304379243,4,1,15,20,0,0.7276312598549249,0.6353213508317151,0.005833333333333334,0.29191709086152523,99.80599836704123,79.07327237323545,0.0019529663927012346,0.040584415584415584,32.10163818924243,142.9113125277319
250,abundant,128.91263277360508,103.90350067157834,44.56089888597423,0.1361177875916346,1.9498292609869905,1808.673848616294,3.9994388103759033,4,1,15,20,0,0.7274378643153028,0.6343545025143017,0.005833333333333334,0.29187489974473196,99.80538108621585,79.0618438211761,0.001960568770760272,0.040584415584415584,32.10163818924243,152.82008718235338
251,abundant,128.78503903489053,104.0355128024908,44.49341503372375,0.31239185217268617,1.9485587393884534,1739.4479629051057,4.0258581091373475,4,1,15,20,0,0.7272418126982458,0.6333878698536669,0.005833333333333334,0.2918327089713285,99.804911993463,79.05041536213274,0.001968170884852432,0.040584415584415584,32.10163818924243,120.09055062196133
252,abundant,129.01455436832842,104.02355470906811,44.58489261032829,0.3153813488561863,1.9977243441708505,1737.2624712226461,4.024017076927904,4,1,15,20,0,0.7270431103786089,0.6324124071739106,0.005510169345008852,0.2917928792938444,99.80435483299222,79.03962646680995,0.001975347810081501,0.040584415584415584,32.10163818924243,137.30514098067354
253,abundant,128.95076457656523,104.03767452108974,44.55284983611155,0.13419130139700514,2.0462241627858986,1692.221178494634,4.028336882862027,4,1,15,20,0,0.7268417628039159,0.6314353277569045,0.005444518645646072,0.2917535295262616,99.80383102268301,79.02896756746041,0.0019824381627068666,0.040584415584415584,32.10163818924243,141.597604172332
254,abundant,129.10202732975657,104.15281685251324,44.62691604214811,0.2956240701621225,2.0506178120101906,1664.9685655327776,4.022078856761744,4,1,15,20,0,0.7266377754942126,0.630469359537194,0.005833333333333334,0.29171133971811036,99.80323760351511,79.01753936988052,0.0019900395174583226,0.040584415584415584,32.10163818924243,133.06764859858475
255,abundant,129.10874389008274,104.13576121025523,44.65623355065585,0.059851264327320956,2.10728505522606,1664.093561873211,4.037768124968641,4,1,15,20,0,0.7264311540419145,0.6294927338488508,0.005444592182246092,0.2916719900478508,99.80259535427155,79.0068804968935,0.0019971294566563124,0.040584415584415584,32.10163818924243,155.3507082847347
256,abundant,129.124997413389,104.24372920855858,44.61572345629847,0.2492521267705667,2.0960066771992363,1615.9806934787557,4.043019028325519,4,1,15,20,0,0.7262219041116524,0.6285272230876613,0.005833333333333334,0.2916298008624999,99.80197907337474,78.99545246801513,0.0020047303013022507,0.040584415584415584,32.10163818924243,131.2680237044371
257,abundant,129.28192682648938,104.2030996631924,44.69652522945433,0.1928700951541166,2.102134993159985,1578.6701421664693,4.0559792435200075,4,1,15,20,0,0.7260100314401189,0.6275619453864105,0.005833333333333334,0.291587611992106,99.80136157658099,78.98402452445097,0.002012330882034555,0.040584415584415584,32.10163818924243,181.35815719708813
258,abundant,129.1327299080028,104.36291052701262,44.58189820643125,0.23472349160501535,2.1342902161766073,1569.9069356326218,4.040338298405295,4,1,15,20,0,0.7257955418359108,0.6265969036237241,0.005833333333333334,0.2915454234294882,99.80070713766676,78.97259666425592,0.002019931198862387,0.040584415584415584,32.10163818924243,150.7286988601191
259,abundant,129.2951833759676,104.33596681849262,44.712838110417174,0.12736983614241257,2.165168195666871,1573.566665844599,4.050584688196884,4,1,15,20,0,0.7255784411793685,0.6256321006717602,0.005833333333333334,0.2915032351787097,99.79996657002775,78.96116888853058,0.0020275312517949113,0.040584415584415584,32.10163818924243,179.47762660136826
260,abundant,129.27378556157078,104.33120708008916,44.65028708707903,0.11906981480512217,2.1831853187297057,1548.0765659583703,4.058014007332026,4,1,15,20,0,0.7253587354224166,0.6246536322360118,0.00533664904343536,0.2914646755916859,99.79922401200409,78.95072402996361,0.002034477955929254,0.040584415584415584,32.10163818924243,133.6643699135012
261,abundant,129.38902750527177,104.37593557879727,44.71865274994716,0.19289599470540525,2.204894530138438,1531.0801448436105,4.0414447621485285,4,1,15,20,0,0.725136430588399,0.6236739716702814,0.005285339568457525,0.29142649110446056,99.79843224191094,78.94038077685057,0.0020413569525775874,0.040584415584415584,32.10163818924243,153.88096086621667
262,abundant,129.43224973284606,104.4170562227039,44.695123665184894,0.19581181923115654,2.2126846131241917,1515.3041501650296,4.030376729466303,4,1,15,20,0,0.7249115327719152,0.6226528314005064,0.003795086295507633,0.2913991933652267,99.79761407660907,78.93298648019173,0.0020462761921317906,0.040584415584415584,32.10163818924243,122.50316786660954
263,abundant,129.44152098998936,104.45874255579169,44.69417186364899,0.137809880411309,2.1830078102889607,1498.156397603576,4.038080215368303,4,1,15,20,0,0.7246840481386525,0.6216563591522124,0.004667150166383178,0.2913655252559289,99.79688297964698,78.92386660451423,0.0020523419284291704,0.040584415584415584,32.10163818924243,156.35526247500013
264,abundant,129.46647159946988,104.5565642116413,44.630586689146895,0.2544072306698914,2.1435427133502523,1485.2707160768623,4.026169052036883,4,1,15,20,0,0.7244539829252167,0.6206274732130042,0.0035004800717652936,0.29134038002428614,99.79607716790252,78.91705537004793,0.002056873411964017,0.040584415584415584,32.10163818924243,149.32125577165203
265,abundant,129.57606705828545,104.5902392086134,44.70426912875792,0.16209497201647347,2.1094380438698015,1457.5553019420622,4.048459874044212,4,1,15,20,0,0.7242213434389624,0.6196141227252706,0.004046178216049213,0.291311248549118,99.79519807630331,78.9091643587207,0.0020621222708684423,0.040584415584415584,32.10163818924243,154.06124967226415
266,abundant,129.56854115100975,104.49605649407388,44.61911617712183,0.126998666595327,2.052368850396332,1428.9243516568968,4.053550934815043,4,1,15,20,0,0.723986136057818,0.6185748664700876,0.0031117319457352067,0.2912889435177634,99.79436162341236,78.903122465749,0.0020661422540205624,0.040584415584415584,32.10163818924243,180.6703881261993
267,abundant,129.65435239573523,104.68045622923277,44.694484670002765,0.29907060895994325,2.0127384749744577,1436.5409881606029,4.080537737425047,4,1,15,20,0,0.7237483672301134,0.6175794184676968,0.004666971484370006,0.2912552773720646,99.79348113473172,78.89400312196291,0.002072207065589016,0.040584415584415584,32.10163818924243,113.42273613328125
268,abundant,129.79100944559772,104.66731144964326,44.67762754432519,0.28429838827235704,1.9628380391514928,1409.2935004254468,4.071400438011496,4,1,15,20,0,0.7235080434744007,0.6165189142509652,0.002334093967503994,0.2912386534017214,99.7924275618076,78.88950009087627,0.002075204190639695,0.040584415584415584,32.10163818924243,172.7807034335218
269,abundant,129.74024923728703,104.64547728651858,44.65780714926677,0.05353752660208245,1.956315141916586,1419.7980867934457,4.088574917888234,4,1,15,20,0,0.723265171379277,0.6154656068414488,0.002581581392888975,0.2912202215631852,99.79147514437375,78.88450735206605,0.0020785266302196545,0.040584415584415584,32.10163818924243,173.504093929105
270,abundant,129.90967426934353,104.66368371408231,44.71390480515882,0.24800879692010316,1.909450697846979,1399.7998113637805,4.0614571369133685,4,1,15,20,0,0.7230197576032036,0.6143947512339327,0.0019452187802692224,0.2912064384886715,99.79045252655513,78.88077385087931,0.002081012207979986,0.040584415584415584,32.10163818924243,150.12715790605213
271,abundant,129.92560121753866,104.695297685173,44.71051765054533,0.07224194917632921,1.8328463891574829,1356.0134059220145,4.0443202319382445,4,1,15,20,0,0.7227718088743231,0.6133350569524328,0.0023340967236361526,0.2911898146288042,99.7894684670199,78.87627084971791,0.0020840090309258703,0.040584415584415584,32.10163818924243,148.35603066131637
272,abundant,129.9817341613451,104.6685518676009,44.68325763932663,0.15842782366872984,1.795744143875706,1345.145696811378,4.036696702297178,4,1,15,20,0,0.7225213319902749,0.6122647490303029,0.001945197966411393,0.2911760317582432,99.7884033319335,78.87253740377702,0.0020864943909604497,0.040584415584415584,32.10163818924243,167.56407642327918
273,abundant,130.00967663685378,104.74883685157825,44.716209520990716,0.11585098632791933,1.741268240808101,1348.6963106922885,4.043941410717432,4,1,15,20,0,0.7222683338180097,0.6112056079877274,0.0023340758794375073,0.2911594080999766,99.78745649299806,78.86803445722435,0.0020894909961482475,0.040584415584415584,32.10163818924243,146.03302207433367
274,abundant,130.0999107016122,104.73217256078267,44.68960041111242,0.21313003301023795,1.7131761289374376,1318.0403551282434,4.056552839827199,4,1,15,20,0,0.7220128212936002,0.6101572535992184,0.0027092755326367304,0.29114004359874956,99.78655075759157,78.86278908267168,0.002092980843339035,0.040584415584415584,32.10163818924243,169.24305821954943
275,abundant,130.19334325841112,104.77867190761083,44.72962571283155,0.16191721075410415,1.6595000401142783,1316.486198883642,4.05725738999218,4,1,15,20,0,0.7217548014220511,0.6090986752833292,0.0023339987741093932,0.2911234206285662,99.78560155174473,78.85828632250413,0.0020959771219217233,0.040584415584415584,32.10163818924243,154.98596637917888
276,abundant,130.258848404539,104.75138248470302,44.659516973715796,0.22719333227662733,1.6315120999995596,1291.8837769373276,4.012566853977019,4,1,15,20,0,0.7214942812771075,0.6080403914716701,0.002334282062345697,0.29110679564755004,99.78462281736059,78.85378301765064,0.002098973668961468,0.040584415584415584,32.10163818924243,161.89056260067272
277,abundant,130.3258380380098,104.83505864275169,44.64154739696347,0.23991347165900348,1.5930116913509624,1282.9298541844255,4.032188973090523,4,1,15,20,0,0.7212312680010609,0.6069823847873838,0.0023338468041048228,0.2910901738879196,99.78366383367278,78.84928058539255,0.002101969539639796,0.040584415584415584,32.10163818924243,137.42158440073987
278,abundant,130.4144444101043,104.81178306380963,44.609972560757036,0.22481030927336879,1.5633289690006105,1258.748895796125,4.040121581603451,4,1,15,20,0,0.7209657688045532,0.6059137928782304,0.001945372733274093,0.2910763900323009,99.78263329360335,78.84554687262339,0.0021044545058555232,0.040584415584415584,32.10163818924243,177.85731582323493
279,abundant,130.25135241065283,104.75708925457049,44.500582089561384,0.13687398230615008,1.5197088057855765,1230.4104899021477,4.024701885401495,4,1,15,20,0,0.720697790966379,0.6048672590220747,0.002722632639551351,0.2910569282006853,99.78175247177343,78.84027513362489,0.0021079613966074285,0.040584415584415584,32.10163818924243,173.57065534197926
280,abundant,130.3957590127327,104.96151768948177,44.534528562304125,0.2963076070682016,1.4940264418416982,1223.7101161407336,4.053227262207421,4,1,15,20,0,0.7204273418332858,0.6037992563214546,0.0019452634070108146,0.2910431452000768,99.78075104253745,78.83654165245727,0.0021104460110242334,0.040584415584415584,32.10163818924243,130.764616069181
281,abundant,130.52743077717417,104.79020109169974,44.55485902120211,0.2911518206292896,1.4510564446138905,1254.0771759951822,4.0399068972885175,4,1,15,20,0,0.7201544288197732,0.6027424437540922,0.0023341894406956215,0.29102652105645416,99.77969812798112,78.83203857443341,0.00211344193389349,0.040584415584415584,32.10163818924243,186.4818172930912
282,abundant,130.68502933997172,104.82353950363859,44.59729398530382,0.26171867503751267,1.4393848012809907,1245.5868919199565,4.035741887197263,4,1,15,20,0,0.71987905940789,0.6016750401030326,0.0019451183674676457,0.291012739159212,99.7786002895652,78.82830539214103,0.002115926167306206,0.040584415584415584,32.10163818924243,160.743032960588
283,abundant,130.7004228261493,104.76709683373984,44.514383507444066,0.15352364464716134,1.3915387979089056,1229.4922946658044,4.01455585491537,4,1,15,20,0,0.7196012411470266,0.6006079417389087,0.0019451071834958758,0.29099895735038384,99.77755638966974,78.82457223379785,0.0021184102997566286,0.040584415584415584,32.10163818924243,154.39174360752983
284,abundant,130.8279976788479,104.8878586011916,44.51631220861226,0.2956474777698895,1.352951819863865,1234.7540099080506,3.9982272806887647,4,1,15,20,0,0.7193209816537122,0.5995411456775268,0.001944893515615856,0.2909851771111663,99.77654064456635,78.8208395006242,0.0021208940650043174,0.060876623376623376,32.10163818924243,141.67400280033883
285,abundant,130.85346446979028,104.87698380608501,44.466135136749514,0.13654672565266068,1.322772149649101,1239.757358500996,4.029048213935945,4,1,15,20,0,0.7190382886114016,0.5984746715962838,0.0019452870081907833,0.2909713940040346,99.77543967498744,78.81710599060202,0.002123378261410874,0.060876623376623376,32.10163818924243,181.7444385406482
286,abundant,130.85707356039947,104.85452434662776,44.427100234479184,0.07705415914823269,1.2793972919793457,1222.867867843568,4.047138973131868,4,1,15,20,0,0.7187531697702674,0.597430274951115,0.0027225657706632616,0.29095193277348963,99.77433137764301,78.81183441441901,0.002126884407174148,0.08116883116883117,32.10163818924243,148.99733809523175
287,abundant,131.00460655910675,104.88918536963045,44.42131284484956,0.29748591305718397,1.2389863258510119,1223.3441710362895,4.041324763019707,4,1,15,20,0,0.718465632946987,0.5963721839228402,0.0022221845702460655,0.29093612695153925,99.77319930113474,78.80755299992397,0.002129732485257843,0.08116883116883117,32.10163818924243,184.47854358224657
288,abundant,130.97805598175617,104.92674665162741,44.37693036119203,0.08222353058121441,1.2165435019343551,1235.836260858072,4.054276353149128,4,1,15,20,0,0.718175686024527,0.5952848857453243,0.0011676813253957165,0.2909280244452398,99.77209518461375,78.80535822713546,0.0021311939093040244,0.08116883116883117,32.10163818924243,160.54579750929358
289,abundant,131.12997450271632,104.88849572803741,44.49945306666342,0.26389000539680424,1.2538565191860345,1234.194188798865,4.054223899746064,4,1,15,20,0,0.7178833369519296,0.5942305641867769,0.002333932574984819,0.29091140228153206,99.77100430641907,78.80085568542262,0.002134188774022651,0.08116883116883117,32.10163818924243,167.6357484382756
290,abundant,130.97073362619187,104.85588544538194,44.354001731975536,0.054748658196921936,1.1994655216155528,1219.2792602656773,4.0619758637931795,4,1,15,20,0,0.7175885937440919,0.593165677676396,0.001945033669203374,0.2908976211072145,99.76988940562292,78.79712269895302,0.0021366721757026296,0.08116883116883117,32.10163818924243,165.58640158080544
291,abundant,131.1273892314035,104.9647424013783,44.47200336008622,0.311648482377684,1.2603036914000674,1239.9158344528187,4.04292179814359,4,1,15,20,0,0.7172914644815478,0.5920872800783884,0.0014508218900716593,0.2908874502197118,99.76875594160983,78.79436765177367,0.002138505657321062,0.08116883116883117,32.10163818924243,132.45680956581703
292,abundant,131.20797773032604,105.00503570091482,44.47033763412222,0.17054484071370432,1.2175079413302476,1216.8412407587239,4.022940923693463,4,1,15,20,0,0.716991957310246,0.5910012792367003,0.001167511119763918,0.2908793489454411,99.76762167555604,78.79217321271193,0.00213996655294692,0.08116883116883117,32.10163818924243,184.97675353916244
293,abundant,131.16928228361954,104.83813957847943,44.499167062612145,0.18841852527915773,1.2562163247673845,1203.8426313200034,4.023838223641007,4,1,15,20,0,0.7166900804413273,0.5899264880233397,0.0015559955401674584,0.29086840971491934,99.76647744903936,78.78921004001091,0.0021419382118977788,0.08116883116883117,32.10163818924243,200.2576017258503
294,abundant,131.30323515393525,104.74686738762078,44.55420518981496,0.21156230619123012,1.2155472083774654,1188.9052891813844,4.045968363933525,4,1,15,20,0,0.7163858421508981,0.5888424757647135,0.0012147202764256136,0.2908599635407773,99.76539006351318,78.78692217592432,0.00214346106315985,0.08116883116883117,32.10163818924243,151.69278149446052
295,abundant,131.17110269877423,104.87530764109003,44.472076217225336,0.06247997145313403,1.2369218779279694,1212.8162053826672,4.0380061027494625,4,1,15,20,0,0.7160792507798052,0.587757487315163,0.0011678116538233552,0.2908518600147985,99.76429193049286,78.78472712692937,0.002144922181895044,0.08116883116883117,32.10163818924243,177.3000134076834
296,abundant,131.30039397947118,104.88891825056213,44.554385723384875,0.17554626202118087,1.1926415492540858,1179.1534176683344,4.039376971625377,4,1,15,20,0,0.7157703147334057,0.5866728156956609,0.0011669902394571509,0.29084376245792526,99.7631826252367,78.78253369482059,0.0021463821698287796,0.08116883116883117,32.10163818924243,184.7372404324349
297,abundant,131.33432140590384,104.77816905530031,44.5861792413682,0.18011176770980108,1.2184625342260467,1220.9234544646679,4.027931902962499,4,1,15,20,0,0.7154590424813374,0.5855884970124321,0.0011673665535998582,0.2908356621285062,99.76210241238034,78.78033951169628,0.0021478426018808495,0.08116883116883117,32.10163818924243,176.84058356775915
298,abundant,131.42624012802696,104.85078826261872,44.63522543712795,0.19432766363222545,1.2473301994680002,1233.2245272019427,4.029088312021025,4,1,15,20,0,0.7151454425572862,0.5845045362044713,0.001167827816143001,0.29082755840853,99.76101723339058,78.77814441015212,0.002149303589733586,0.08116883116883117,32.10163818924243,177.10879360656298
299,abundant,131.4094029103634,104.87550258022462,44.629289968824814,0.12995264584168226,1.234264222018427,1203.9311270721155,4.022770326612925,4,1,15,20,0,0.714829523558753,0.5834317874664081,0.0015558477804158842,0.2908166201204004,99.75995383740349,78.77518149272233,0.002151274730199675,0.08116883116883117,32.10163818924243,166.2787611521952
300,abundant,131.532111651209,104.7922434589272,44.68160012579465,0.2947334992458823,1.2230319895212984,1219.505250302449,4.013859559096872,4,1,15,20,0,0.7145112941468157,0.5823594114412968,0.0015566570875055327,0.2908056759158138,99.75887710330258,78.77221697266758,0.0021532468663738942,0.08116883116883117,32.10163818924243,181.31950508052154
301,abundant,131.59023442240797,104.83758238302613,44.72846994692236,0.142978023748313,1.192153432453958,1196.1100046841311,4.013384885146637,4,1,15,20,0,0.7141907630458952,0.581287364741477,0.0015558264118120371,0.2907947377702858,99.75778673254997,78.7692540938651,0.0021552178418256813,0.08116883116883117,32.10163818924243,180.52922561332144
302,abundant,131.4462196814981,104.8773750777739,44.59731704725599,0.05087342293213882,1.184151419789055,1231.3340922585048,4.016312845925779,4,1,15,20,0,0.7138679390435134,0.5802156727959044,0.0015558138348287834,0.29078379970743595,99.75668115691558,78.76629123745815,0.0021571887323046665,0.08116883116883117,32.10163818924243,165.84161865070865
303,abundant,131.57265977236975,104.87183572138161,44.721326540857085,0.15676467582687345,1.205936766062301,1236.9087645577965,4.013765324889438,4,1,15,20,0,0.7135428309900534,0.5791443723678446,0.0015570245010432166,0.29077285279852083,99.75561332806193,78.76332598486626,0.0021591611462433253,0.08116883116883117,32.10163818924243,187.6265759253887
304,abundant,131.56944139902748,104.8345248808618,44.68024231727121,0.17094000259679729,1.2166839820538706,1225.9596089737606,4.000022096662598,4,1,15,20,0,0.7132154477985164,0.5780734088855985,0.0015561967975904851,0.2907619119328846,99.75453812981895,78.76036236925232,0.002161132403358074,0.08116883116883117,32.10163818924243,191.47652613940465
305,abundant,131.67361860338121,104.88697300430408,44.797593487313364,0.12666719928915923,1.2000567567361617,1233.4371709741827,4.037084809050295,4,1,15,20,0,0.7128857984442787,0.5770136892034778,0.001944810577423301,0.2907481321800164,99.7534503393288,78.75662976781892,0.0021636145761705903,0.08116883116883117,32.10163818924243,151.59072475465558
306,abundant,131.63894342409478,104.7925225876738,44.748458232600775,0.11879306639867268,1.187957962656893,1199.3119630828805,3.9963739360663793,4,1,15,20,0,0.7125538919648429,0.5759413505494163,0.0014810938249917244,0.2907377399573078,99.75235067072438,78.753814766291,0.0021654869265518416,0.08116883116883117,32.10163818924243,173.67100453917786
307,abundant,131.7674003190348,104.8317650374898,44.8154343153659,0.22541003039696303,1.1891886015578963,1223.3928234286723,4.027125407501517,4,1,15,20,0,0.7122197374595931,0.5748605821906962,0.0011669054459144408,0.2907296429174479,99.75127829841516,78.75162147422863,0.002166946088950208,0.08116883116883117,32.10163818924243,153.32229284919273
308,abundant,131.7869918315404,104.84231850998577,44.82026919294322,0.11916321558258937,1.1763845256664363,1234.262609337049,3.9990972935778535,4,1,15,20,0,0.7118833440895445,0.57379110531767,0.0015569573382885017,0.2907186964748619,99.75023945932331,78.74865634795403,0.0021689180757860477,0.08116883116883117,32.10163818924243,180.67853596336013
309,abundant,131.75387466502423,104.78233993446064,44.79877460471359,0.09398009551893492,1.1830358019917473,1251.391869050036,4.0246455508000025,4,1,15,20,0,0.7115447210770909,0.5727328618314614,0.0019448466777250175,0.29070491646868235,99.74927168429481,78.74492367790471,0.0021714000257353136,0.08116883116883117,32.10163818924243,165.9046155183966
310,abundant,131.8324249445461,104.74930785190512,44.84046459031331,0.17233781692233638,1.129994523372823,1232.6047025010994,4.009729520049024,4,1,15,20,0,0.7112038777057528,0.5716641158979736,0.001556368999590768,0.29069397436779254,99.74821128251108,78.74195972769049,0.0021733710843229335,0.08116883116883117,32.10163818924243,195.45440421519095
311,abundant,131.82274714472814,104.76713486105025,44.865180027274356,0.05890660032915839,1.1371100907361589,1227.2481274368038,4.039850484129527,4,1,15,20,0,0.7108608233199237,0.5705957351788753,0.0015559352340558,0.2906830354319256,99.74714007964094,78.73899663480432,0.0021753415041184995,0.08116883116883117,32.10163818924243,179.0854399680688
312,abundant,131.84947192508466,104.80271642237857,44.83811941456515,0.17015774434882783,1.1132250607313845,1211.4476650520155,3.9998421817137353,4,1,15,20,0,0.7105155673246131,0.5695277338897154,0.0015559226749022339,0.2906720965850879,99.74605807206997,78.73603356603404,0.0021773118389840015,0.08116883116883117,32.10163818924243,185.08672955717168
313,abundant,131.905910098027,104.81395738074583,44.91944967911314,0.04890287194825957,1.1175803439552525,1257.2476791590161,4.027102817567255,4,1,15,20,0,0.7101681191851882,0.5684601144465593,0.0015559102838433368,0.29066115782716023,99.74500759015234,78.73307052134732,0.0021792820891434134,0.08116883116883117,32.10163818924243,172.40107688778738
314,abundant,131.865093510923,104.74636352141206,44.854143989682214,0.1522756494381483,1.126268775798332,1248.9076073278702,3.987430139414353,4,1,15,20,0,0.7098184884271156,0.5674037866950896,0.0019454494928638295,0.2906473734535407,99.74402829024491,78.72933666826425,0.0021817644718725927,0.08116883116883117,32.10163818924243,180.53198824500515
315,abundant,131.93413949471523,104.86821399889513,44.95048568070972,0.10046735073868743,1.1278723100714607,1251.1885422975465,4.046740692810779,4,1,15,20,0,0.7094666846356987,0.5663478349952532,0.0019450590451014142,0.29063359196460625,99.7430982660367,78.72560359657254,0.0021842462550137965,0.08116883116883117,32.10163818924243,157.7119386867297
316,abundant,131.88105299348376,104.82315771366626,44.85084097699695,0.13950283484723366,1.1122981375159577,1257.740901489422,4.0023924730011515,4,1,15,20,0,0.7091127174558165,0.5652922624497113,0.0019446944164063908,0.29061981317494057,99.74213646748451,78.72187125604738,0.0021867274725370614,0.08116883116883117,32.10163818924243,182.1386220149069
317,abundant,131.93116598967376,104.78370550479221,44.95223780861554,0.044825020166763575,1.120715310917589,1263.1787864934304,4.010747823906647,4,1,15,20,0,0.7087565965916582,0.5642479743610704,0.0023337202717937443,0.29060319259739764,99.74166996464203,78.7173691439882,0.002189720129885224,0.08116883116883117,32.10163818924243,173.92638599531267
318,abundant,131.9242180251206,104.72264701318905,44.912195413987696,0.17047013953500323,1.090628939015072,1250.922746300268,4.006466472302629,4,1,15,20,0,0.7083983318064564,0.5631931930475436,0.0019448875521476548,0.290589412600414,99.74115863463537,78.71363647642983,0.0021922014112988296,0.08116883116883117,32.10163818924243,169.2945418742024
319,abundant,132.1583577292687,104.83634919494229,45.132066988759824,0.2733018600778043,1.1175328449568949,1264.5941747836114,4.006261204346319,4,1,15,20,0,0.7080379329222221,0.5621496911713217,0.002333566071159142,0.290572793370919,99.74083952616225,78.7091347295242,0.002195193675826192,0.08116883116883117,32.10163818924243,157.26264926725236
320,abundant,132.08411150171486,104.66506386866124,45.00661464043554,0.15764186425002186,1.0610293861484505,1237.477834463185,4.019442572285274,4,1,15,20,0,0.7076754098194719,0.5611064066560953,0.002327086984824199,0.29055622160461886,99.74046558910392,78.7046458392489,0.0021981773171752886,0.08116883116883117,32.10163818924243,197.44585779655495
321,abundant,131.93852827897175,104.79980950293042,44.977788804371386,0.15865691309385346,1.0576338001400731,1247.9668564792082,3.994780421940832,4,1,15,20,0,0.7073107724369607,0.5600419260228777,0.001555757730825586,0.2905452846442455,99.74029435113736,78.70168328147614,0.0022001466422611605,0.08116883116883117,32.10163818924243,160.30057199826874
322,abundant,132.20346704851838,104.74619222348055,45.05751517257926,0.4373461284156428,1.006339738336763,1267.488717380751,3.9944413284092204,4,1,15,20,0,0.7069440307714059,0.5589778845436352,0.0015570340930695112,0.2905343384306879,99.73987873211888,78.69871821723976,0.0022021175772440733,0.08116883116883117,32.10163818924243,175.4071793186764
323,abundant,131.9820018614663,104.73300664402345,44.995224976630766,0.22968858358794178,1.0272544532848702,1255.896461001219,3.9644950139884467,4,1,15,20,0,0.7065751948772159,0.557925107450099,0.0019448436010375747,0.29052055931272913,99.73960338226246,78.69498578778796,0.0022045983704073804,0.08116883116883117,32.10163818924243,176.82847386204924
324,abundant,132.15903778418652,104.79537783967206,45.08279829176101,0.29002325017293507,1.0284300832464213,1257.8522046748985,3.9807551730503605,4,1,15,20,0,0.7062042748662126,0.5568618494277038,0.0015559528556294698,0.29050962120145996,99.739312486316,78.69202291826537,0.0022065677291114244,0.08116883116883117,32.10163818924243,175.8248287710964
325,abundant,132.29159271111436,104.70491477785198,45.152652111396904,0.2021529442047504,0.9935716868732504,1284.064631696856,3.9673030675239804,4,1,15,20,0,0.7058312809073557,0.5558207837214946,0.0023338822424601112,0.2904930003172485,99.73913044608665,78.68752072313711,0.0022095599105472624,0.08116883116883117,32.10163818924243,165.99727273056112
326,abundant,132.30039512953283,104.73269682389227,45.13853912370331,0.11680551005489494,0.9899373706064287,1272.9519616837933,3.982862040800088,4,1,15,20,0,0.705456223226463,0.5547801160178278,0.002333362210081121,0.29047638340160326,99.73907851343415,78.68301960299733,0.002212551304304649,0.08116883116883117,32.10163818924243,160.2199507028974
327,abundant,132.20994673589175,104.65392935051318,45.08262074921017,0.16724959366315956,0.9630239770358207,1242.814675451562,4.016948207427504,4,1,15,20,0,0.7050791121059304,0.5537289838922664,0.0019448177769693217,0.29046260500102333,99.73893461165434,78.6792873678661,0.0022150317012362623,0.08116883116883117,32.10163818924243,206.44348940938775
328,abundant,132.3756509262593,104.79288312307013,45.17624186442709,0.2754952202764236,1.0056067727550433,1265.7803039053615,3.980416536754643,4,1,15,20,0,0.7046999578844498,0.5526782858691163,0.0019454260900980723,0.29044882227049257,99.73871204865448,78.67555395985599,0.002217512811908968,0.08116883116883117,32.10163818924243,135.4804150712073
329,abundant,132.21989098997045,104.64734074044641,45.10160057827276,0.18557597632654563,0.9855101725778608,1276.4621649341934,3.949031657694545,4,1,15,20,0,0.7043187709567253,0.5516388795648959,0.002333726565427412,0.29043220307190304,99.7383898818739,78.67105222132189,0.0022205044086157253,0.08116883116883117,32.10163818924243,197.63092848408138
330,abundant,132.34940213238772,104.69070437534994,45.177036509717816,0.21234133118593762,1.0085966757755347,1259.9146808228616,4.0008463807508035,4,1,15,20,0,0.7039355617731895,0.550589001112558,0.0019446666290219806,0.2904184261488988,99.73822465279285,78.66732038643013,0.0022229843306598427,0.08116883116883117,32.10163818924243,154.79415259219115
331,abundant,132.3800708498255,104.62809143329079,45.17976139406574,0.08776590727499138,0.9545852000902149,1237.6019846672934,3.9693063404775306,4,1,15,20,0,0.7035503408397157,0.5495504392737428,0.002333697718159271,0.2904018074274327,99.73802240887208,78.6628187771372,0.0022259756994556417,0.08116883116883117,32.10163818924243,174.53056827250361
332,abundant,132.25520808489534,104.67588480048965,45.10165892937498,0.020685426629955435,0.9983990989513443,1272.6493623338247,3.96622926693151,4,1,15,20,0,0.7031631187173301,0.5485123094169563,0.002333913350095008,0.2903851872755343,99.73773796504429,78.65831678037482,0.0022289672479184203,0.08116883116883117,32.10163818924243,177.5551942315664
333,abundant,132.48840404537773,104.6365357827755,45.2280078432035,0.26811266799200745,0.9510211668383826,1233.0028861661995,3.992913018889064,4,1,15,20,0,0.7027739060219231,0.5474637133613701,0.0019448300370698741,0.2903714095589315,99.73746178392983,78.6545847305164,0.0022314470909825627,0.08116883116883117,32.10163818924243,153.9241497909797
334,abundant,132.3418990524208,104.73353233455151,45.12823619042966,0.15297729336608762,0.9608350876350108,1252.7640082333455,3.9647277242918526,4,1,15,20,0,0.702382713423957,0.5464155422328035,0.0019446377214175105,0.29035763335990844,99.73725278412273,78.65085309173362,0.002233926595068725,0.08116883116883117,32.10163818924243,163.55918963293004
335,abundant,132.43796806857546,104.6454444455822,45.21674750114745,0.14066143941595396,0.946317660587023,1268.0530381627468,3.953890451105739,4,1,15,20,0,0.7019895516481749,0.5453786924397626,0.0023335254918615753,0.2903410164007929,99.73695581357453,78.6463519598188,0.0022369173574728492,0.08116883116883117,32.10163818924243,161.26331252509627
336,abundant,132.36645393811654,104.74440850801123,45.168414514155444,0.11230624556779058,0.931043233305882,1254.5096174840728,3.977086130387591,4,1,15,20,0,0.7015944314733052,0.5443313997899935,0.001945043744701647,0.29032723747666245,99.73662416786415,78.6426195828704,0.0022393972054982154,0.08116883116883117,32.10163818924243,150.32878573370965
337,abundant,132.44160097843903,104.66150221888927,45.23688359809327,0.11671417615967491,0.9540069202002243,1230.8105332717969,3.9667708994396302,4,1,15,20,0,0.7011973637317674,0.5432845369612966,0.0019447954074261545,0.29031346046658035,99.7362862079428,78.63888772439135,0.0022418766408831897,0.10146103896103895,32.10163818924243,165.1768175853768
338,abundant,132.5178496121414,104.70071770256409,45.23115494175532,0.16732277983443802,0.9376344659746455,1243.4687068711428,3.955191623640601,4,1,15,20,0,0.7007983593093736,0.5422490034377084,0.002333738273296378,0.29029684228541425,99.73591396431756,78.63438626145262,0.002244867407032903,0.10146103896103895,32.10163818924243,175.8538258104871
339,abundant,132.4123205217483,104.65788251798897,45.23764083081039,0.14222439020929314,0.9115380236771351,1233.3972295784915,3.984640077861998,4,1,15,20,0,0.7003974291450324,0.541203025617551,0.0019449768536421086,0.2902830641788742,99.73557063565782,78.63065410596965,0.002247346891065329,0.10146103896103895,32.10163818924243,183.71598020037865
340,abundant,132.6094551400722,104.79383259921478,45.257714736259885,0.3515723518874039,0.8979371678089082,1226.5347456590462,3.9673997923844513,4,1,15,20,0,0.699994584230446,0.5401683708930298,0.0023335470761561773,0.29026644763047915,99.7352674968137,78.62615308530908,0.002250337215876003,0.10146103896103895,32.10163818924243,144.78758768114113
341,abundant,132.48362837796415,104.58095154642896,45.2457163419042,0.3024856919868325,0.8829192722305752,1205.366119797487,4.018093206003006,4,1,15,20,0,0.699589835609812,0.5391232813040637,0.0019449725073061705,0.29025266978827513,99.73489540829264,78.62242100142835,0.002252816504272857,0.10146103896103895,32.10163818924243,188.112663491347
342,abundant,132.517236874993,104.67083157551221,45.19404101323095,0.20903440281039015,0.9180518144020596,1197.726251592845,3.9941214765370794,4,1,15,20,0,0.6991831943795174,0.5380786345443526,0.001944812646655897,0.29023889320662183,99.73451036130407,78.61868925900029,0.0022552954963857273,0.10146103896103895,32.10163818924243,134.21297055921252
343,abundant,132.50881430006527,104.70841453445834,45.257039957383064,0.11607198936848485,0.9007436694736316,1200.373518828077,3.983812610594158,4,1,15,20,0,0.6987746716878378,0.5370453259876169,0.002333699361463732,0.2902222758608106,99.73410942668059,78.61418802233896,0.00225828574544629,0.10146103896103895,32.10163818924243,153.5389535401038
344,abundant,132.48382276252977,104.66779903456279,45.200288251168594,0.04685692399294217,0.8445687989185845,1179.9034115774193,4.013482215199316,4,1,15,20,0,0.6983642787346288,0.5360015705340532,0.001944473323015258,0.290208501988898,99.73381991959539,78.61045701391407,0.0022607641014851885,0.10146103896103895,32.10163818924243,174.53123461122033
345,abundant,132.6078316718247,104.62781872974244,45.26024316701292,0.21049794207763659,0.8427207899511556,1187.2243942487985,3.9858144522881913,4,1,15,20,0,0.6979520267710204,0.5349691660891839,0.0023336708778166427,0.29019188507935384,99.7334171762024,78.60595589542693,0.0022637541232140806,0.10146103896103895,32.10163818924243,189.4990921809753
346,abundant,132.54049642773487,104.69662929442435,45.260736926694435,0.17684971049192694,0.8750795018668831,1180.974142330204,4.019599257170801,4,1,15,20,0,0.6975379270991086,0.5339263390550005,0.0019451673437746913,0.2901781063485983,99.73295137989409,78.6022235708591,0.002266233201942593,0.10146103896103895,32.10163818924243,136.68027301775356
347,abundant,132.53571359581798,104.70445999662476,45.25433952981338,0.009543055052634095,0.862175926313019,1188.9194445968096,4.003217649588513,4,1,15,20,0,0.697121991071645,0.5328839501178746,0.001944473323318984,0.29016433278612036,99.73265209321546,78.59849264625255,0.0022687112820333312,0.10146103896103895,32.10163818924243,159.9370029780434
348,abundant,132.4872525150168,104.7630357714524,45.23796532492423,0.005026572562590123,0.8941817993454271,1209.6962531449026,3.985246893774702,4,1,15,20,0,0.6967042300917259,0.5318420291725482,0.0019447752776545206,0.29015055711132665,99.73230766889137,78.5947611494708,0.002271189673117673,0.10146103896103895,32.10163818924243,150.5279032802952
349,abundant,132.42962518384144,104.72953837862116,45.17997364572501,0.09153925735428602,0.9257005262804786,1217.5458333688075,3.9652779206832784,4,1,15,20,0,0.6962846556124795,0.5308114694747568,0.0023340508350886456,0.2901339378011404,99.7316415908914,78.59025938070783,0.002274179832455627,0.10146103896103895,32.10163818924243,190.97890531891355
350,abundant,132.57319394158492,104.76171215380836,45.26809308674122,0.19487474905287377,0.9376976320119645,1193.2573299420328,3.9978536317450795,4,1,15,20,0,0.6958632791367525,0.5297813540096566,0.0023333622125115677,0.29011732365321785,99.73131320308083,78.58575901027714,0.002277168982507874,0.10146103896103895,32.10163818924243,141.56587697312145
351,abundant,132.46492330952205,104.6335448684683,45.22727012584207,0.24313526323303886,0.8547934818756727,1191.4831769718876,4.011570311682874,4,1,15,20,0,0.6954401122167935,0.5287408333448249,0.0019451235216710128,0.2901035457423835,99.73081326782264,78.58202690780612,0.002279647537829528,0.10146103896103895,32.10163818924243,196.00060174384336
352,abundant,132.61016899843247,104.75164517207678,45.31208547298219,0.19872865420784877,0.8695176018025277,1191.6724431805778,3.995119858608438,4,1,15,20,0,0.6950151664539375,0.5277007668546454,0.0019446497471299177,0.29008977137678726,99.73036982731084,78.57829576565427,0.0022821253841306013,0.10146103896103895,32.10163818924243,126.49541678963948
353,abundant,132.41613561908696,104.69608902951094,45.21448104927188,0.2235953579722189,0.899287547226005,1208.828441791622,4.002891088428327,4,1,15,20,0,0.6945884534982868,0.5266720586080509,0.0023335375804860495,0.2900731562295428,99.7299228323168,78.57379512453146,0.002285114488889919,0.10146103896103895,32.10163818924243,179.10225224342398
354,abundant,132.66315201247573,104.7422312622245,45.34473182153053,0.27908009659921584,0.8771854293776445,1204.610401650767,4.006726112330669,4,1,15,20,0,0.6941599850483929,0.5256329450645809,0.001945087145833276,0.29005937886275646,99.72939125905324,78.57006316942986,0.00228759272050052,0.10146103896103895,32.10163818924243,175.63606784637852
355,abundant,132.38552357655638,104.69765944679075,45.156175332378524,0.3528032273891702,0.8426478704083499,1188.9194117355291,3.9834885378066267,4,1,15,20,0,0.6937297728509356,0.5246051805272418,0.0023335075998865023,0.29004276412292707,99.72888564552736,78.56556263866594,0.002290581596003893,0.10146103896103895,32.10163818924243,174.20448401682089
356,abundant,132.62791383170617,104.81565098116322,45.344209621596924,0.31130890465387834,0.8883898278069443,1188.7512028147103,4.020996577066065,4,1,15,20,0,0.6932978287003984,0.5235670078710879,0.0019448198363043634,0.29002898890257367,99.72840758400264,78.56183126498107,0.0022930592863052127,0.10146103896103895,32.10163818924243,136.2374278240428
357,abundant,132.47001587349385,104.58756885187694,45.24247960866494,0.3282249212724043,0.860609654196254,1195.0897821363833,4.001040021979298,4,1,15,20,0,0.6928641644387492,0.5225214472891354,0.0016639285332280497,0.2900172656917025,99.72774052865557,78.55865573098416,0.002295167549577826,0.10146103896103895,32.10163818924243,195.15644551275875
358,abundant,132.37730866027425,104.75530413310227,45.20717402793504,0.23033665375744622,0.8805339110330579,1194.763965714963,3.9962934473760447,4,1,15,20,0,0.6924287919551124,0.5214579360198717,0.001005728638818511,0.2900103507788901,99.72723645899494,78.55678264851873,0.002296410279578447,0.10146103896103895,32.10163818924243,148.98520582355698
359,abundant,132.55222292690573,104.66730083867307,45.27242601177086,0.2531364966776329,0.8740952186686436,1195.599887404991,3.9674645090380594,4,1,15,20,0,0.6919917231854446,0.5204103168058939,0.0015561314830717472,0.28999941513031174,99.72671843931255,78.55382044607947,0.002298376685299655,0.10146103896103895,32.10163818924243,175.71836687446483
360,abundant,132.44881867442325,104.70992493234958,45.221365389518034,0.1076474472263882,0.8911393692192444,1210.2375414977796,3.9908484380600098,4,1,15,20,0,0.691552970112207,0.5193240515646518,0.00015867949576375492,0.2899986881081734,99.72621435378416,78.55362351338397,0.0022985055279274086,0.10146103896103895,32.10163818924243,150.10862294039973
361,abundant,132.60777634339695,104.74057312248456,45.25587095319422,0.19952145732114734,0.8825657059750167,1185.4721880792713,3.9601791708503007,4,1,15,20,0,0.6911125447640367,0.5182482489916967,0.0005150437959064178,0.28999535776389,99.7256144097581,78.55272140374784,0.0022991029457252767,0.10146103896103895,32.10163818924243,153.16191331025732
362,abundant,132.52631277514763,104.67759078714347,45.241263784818464,0.13395585891638573,0.8803385050728083,1189.962659604571,3.991196711124055,4,1,15,20,0,0.6906704592154171,0.517158543598552,1.1468568645860549e-06,0.2899957814926336,99.72511169449078,78.55283618160567,0.002299024625137748,0.10146103896103895,32.10163818924243,174.30703862624836
363,abundant,132.57146895007037,104.71708226547281,45.27869369576477,0.08968434536067361,0.8882746427951351,1219.91459473726,3.966159413648843,4,1,15,20,0,0.6902267255863469,0.5160801980581985,0.00038942349255691546,0.2899933687774194,99.72459655588895,78.55218263546786,0.002299456848105385,0.10146103896103895,32.10163818924243,172.3058193169153
364,abundant,132.46906284658232,104.5476586202662,45.22007952659358,0.30906563441855434,0.9085939232492828,1211.007347406703,3.9977364722543793,4,1,15,20,0,0.6897813560420075,0.5149914952340893,2.023840606759043e-06,0.28999378603252834,99.72392334695232,78.55229565977481,0.0022993796683664263,0.10146103896103895,32.10163818924243,192.8930997401095
365,abundant,132.50639931303212,104.7048279526968,45.277780282382444,0.2202567933087068,0.9128920737709082,1207.7856679567412,3.9867937885900497,4,1,15,20,0,0.68933436279243,0.5139141384068261,0.00038967756458469866,0.2899913713828901,99.7233214977794,78.55164158964837,0.002299812213083005,0.10146103896103895,32.10163818924243,134.83375310962478
366,abundant,132.4999405713885,104.63879830401272,45.27182628860837,0.04998693169683601,0.8535614657759905,1173.6995668110685,4.035241144917258,4,1,15,20,0,0.6888857580921605,0.5128263844018619,7.260334744198578e-07,0.2899917980585457,99.7228187546903,78.55175716575332,0.002299733314532346,0.10146103896103895,32.10163818924243,181.551816307855
367,abundant,132.45865085259368,104.79702758640644,45.23879191316599,0.1047451629483791,0.8799716169211649,1211.4251540220575,3.9934062713786447,4,1,15,20,0,0.688435554239923,0.5117391426132071,1.3328931798679721e-06,0.28999222025012894,99.72223077902431,78.55187152723163,0.0022996552166745722,0.10146103896103895,32.10163818924243,158.1127467429592
368,abundant,132.5196381947463,104.73503932055854,45.2650087394388,0.07638543215039623,0.8752879510183571,1203.677959199842,3.9747949935931435,4,1,15,20,0,0.6879837635782837,0.5106632697227936,0.0003896160543799476,0.28998980593398377,99.7215422227251,78.55121754744037,0.002300087670944551,0.10146103896103895,32.10163818924243,153.13362817594546
369,abundant,132.39786383836469,104.67230457609857,45.18405288435778,0.09178839590338084,0.9063620093633052,1188.2702786452355,3.997914495684496,4,1,15,20,0,0.6875303984933117,0.5095770013947487,5.396534856728705e-07,0.2899902338546644,99.72103948121081,78.55133346079246,0.0023000085177604765,0.10146103896103895,32.10163818924243,176.27646002859632
370,abundant,132.47797320678637,104.70660537081733,45.20051644943086,0.08725296183551712,0.9057830412782918,1201.2790466311344,3.9779310560771743,4,1,15,20,0,0.6870754714142399,0.5085021393827258,0.00039003594760571287,0.2899878164114879,99.72043465957894,78.55067863396414,0.002300441511876424,0.10146103896103895,32.10163818924243,145.55345247177988
371,abundant,132.5066334483128,104.71463616503621,45.28272500075823,0.023253083683884276,0.8794797441806163,1207.2170208695316,4.000704639589212,4,1,15,20,0,0.6866189948131243,0.507416914508188,2.000705597241737e-06,0.28998823358926895,99.71984663605468,78.55079163732483,0.002300364267528366,0.10146103896103895,32.10163818924243,155.53592198839053
372,abundant,132.49262217815948,104.66800756225176,45.22480441855643,0.05851616291201287,0.8319493673651817,1195.750057864796,4.000842534049268,4,1,15,20,0,0.6861609812045008,0.5063321576120651,7.208286359118594e-07,0.2899886600736615,99.71934385103869,78.55090716162124,0.0023002853429656966,0.10146103896103895,32.10163818924243,158.7397181067356
373,abundant,132.55837130877796,104.67478939387792,45.278396279179,0.1325565699666364,0.8661416832137497,1213.9077733126906,3.992495514930365,4,1,15,20,0,0.6857014431450448,0.5052588054287175,0.00038997871828719044,0.28998624292858105,99.71865228841888,78.55025241553993,0.0023007182522195996,0.10146103896103895,32.10163818924243,150.18044337416634
374,abundant,132.50376939623126,104.74492967314674,45.22531624384665,0.14256560831286413,0.8905912703414257,1199.0912138812855,4.018687608448051,4,1,15,20,0,0.6852403932332233,0.5041750787109633,1.3469572256212747e-06,0.2899866647706814,99.71814949783902,78.5503666823518,0.002300640138655859,0.10146103896103895,32.10163818924243,161.23508201186505
375,abundant,132.57289903014208,104.68278400895728,45.27647270693856,0.16901062778764278,0.8879948159303852,1208.979697606148,3.995768994155975,4,1,15,20,0,0.6847778441089531,0.5030918607130747,1.3439511108812265e-06,0.28998708657463546,99.71747625275576,78.55048093883073,0.0023005620238516398,0.12175324675324675,32.10163818924243,175.88983886395204
376,abundant,132.4082926222924,104.61480177895127,45.17560846928443,0.15451788059545163,0.8682329442360697,1210.7998887019348,3.9743001018800825,4,1,15,20,0,0.684313808453252,0.5020200235866319,0.00038957367342459267,0.28998467226980973,99.71688483154209,78.54982696210567,0.002300994390909535,0.12175324675324675,32.10163818924243,180.2054771495264
377,abundant,132.48938198137313,104.75477110693244,45.27813986673689,0.19260705164603614,0.8646038448578816,1207.104917215518,3.982878385922442,4,1,15,20,0,0.6838482989878922,0.500948700788292,0.00038965466237997283,0.2899822573563948,99.71627701938851,78.5491728205285,0.002301426849446465,0.12175324675324675,32.10163818924243,135.6728866887483
378,abundant,132.46253659993084,104.70768498203888,45.25147129283329,0.14552451385816637,0.8539726616196189,1176.2555594806945,4.004748130118345,4,1,15,20,0,0.6833813284750505,0.49986701340411993,1.1456125189320202e-06,0.28998268052493265,99.7156890031511,78.54928744664016,0.0023013484465330596,0.12175324675324675,32.10163818924243,180.3289622532776
379,abundant,132.43969005374026,104.7011780965132,45.239046262963754,0.03221221197415351,0.8979957130670364,1207.5521353510267,3.9852234877042996,4,1,15,20,0,0.6829129097169592,0.49879672807367864,0.00038995965169380433,0.28998026331197385,99.71507970742782,78.54863268217224,0.002301781293803823,0.12175324675324675,32.10163818924243,157.5333623941343
380,abundant,132.50745709033913,104.72966895800158,45.26427755746265,0.1233789362738003,0.8430452211772345,1151.5676120202115,4.032091932764892,4,1,15,20,0,0.6824430555555556,0.49771606074578145,7.154719255925784e-07,0.28998068956836703,99.71466214943167,78.54874814470915,0.0023017023129962245,0.12175324675324675,32.10163818924243,143.40708876146115
381,abundant,132.50558730491616,104.68217886265022,45.24699552121464,0.12214561324881798,0.9015726086498861,1191.7194448148002,3.989937192459386,4,1,15,20,0,0.6819717788721287,0.49663593505853154,1.5453396261294463e-06,0.28998110971029484,99.71407412963093,78.54886195098543,0.002301624426115218,0.12175324675324675,32.10163818924243,192.4348612067639
382,abundant,132.47188439261498,104.83185634901412,45.2544907235944,0.23575485169874907,0.858956327838492,1192.937937747396,3.991446959412345,4,1,15,20,0,0.6814990925869667,0.49556720223553125,0.0003898635301875026,0.2899786930932583,99.71346335461695,78.54820734793842,0.0023020571374143734,0.12175324675324675,32.10163818924243,145.9449241908506
383,abundant,132.58164271160143,104.63370862066017,45.31351810422666,0.30761047838336697,0.869848162632461,1175.978032354269,4.016144518367927,4,1,15,20,0,0.6810250096590033,0.4944880936981867,6.776171544667691e-07,0.2899791195201409,99.71304579689347,78.54832285665678,0.002301978097254201,0.12175324675324675,32.10163818924243,184.6566700005652
384,abundant,132.54091640938339,104.73346320651105,45.27783355972978,0.06523623963217391,0.8498904192832418,1205.3174010497241,3.9894220001792395,4,1,15,20,0,0.680549543085461,0.49340951828254365,1.0386339591996088e-06,0.28997954324428976,99.71228732693011,78.54843763327001,0.0023018995345356033,0.12175324675324675,32.10163818924243,157.02747195389605
385,abundant,132.50911620925405,104.69579990444055,45.242665689668144,0.040292721923927806,0.8811401261736697,1210.1390453938948,3.997108045905636,4,1,15,20,0,0.6800727059014965,0.49233145582620313,6.257196863173209e-07,0.2899799699416862,99.71178454242052,78.54855321526402,0.002301820431608226,0.12175324675324675,32.10163818924243,145.47470712885197
386,abundant,132.452982245291,104.64926392424309,45.23225812162307,0.1040991108745091,0.8614227604885316,1194.1234190132527,3.968067772611767,4,1,15,20,0,0.6795945111798418,0.4912648311533316,0.00039033176522733555,0.2899775497520415,99.71127834156577,78.54789764448397,0.002302253751779048,0.12175324675324675,32.10163818924243,174.1303698223932
387,abundant,132.49626569912004,104.68650763497016,45.28582355962766,0.02113080931126131,0.9056316673319453,1192.3547184705385,4.00986106749633,4,1,15,20,0,0.6791149720304467,0.49018783958478107,1.2464529647935145e-06,0.2899779718385681,99.7105198697214,78.54801197750498,0.0023021754527482886,0.12175324675324675,32.10163818924243,150.42952655914618
388,abundant,132.51425140433022,104.77413431159052,45.321570192225266,0.18915060120840335,0.8624814599745692,1205.6456248650647,3.9953072365368896,4,1,15,20,0,0.6786341016001192,0.4891222439270726,0.0003893519304136968,0.2899755587314877,99.71001257910565,78.54735832522012,0.002302607472217783,0.12175324675324675,32.10163818924243,137.26080830688792
389,abundant,132.4486399059466,104.67081096543325,45.22584188511033,0.11075362135315427,0.8718146132220878,1201.2045709536178,4.007489529616939,4,1,15,20,0,0.6781519130721654,0.48804630208558986,9.022463119277955e-07,0.28997598328808816,99.70959501929482,78.54747332732433,0.0023025287083115954,0.12175324675324675,32.10163818924243,209.78265448571292
390,abundant,132.48870705254907,104.76044066535839,45.23698506213739,0.0705459487693471,0.8828203808906712,1227.3380374775006,3.984380789479638,4,1,15,20,0,0.677668419666027,0.48698178100825273,0.000389792296265621,0.2899735668957296,99.7088304610812,78.54681878513715,0.0023029612945478788,0.12175324675324675,32.10163818924243,163.326243842411
391,abundant,132.56956094957343,104.8079498904073,45.324912915322656,0.14700355157743802,0.8858818456294135,1209.5208115447022,3.987565241766568,4,1,15,20,0,0.6771836346369204,0.4859177927089981,0.00038977495878932686,0.2899711506262059,99.70838866546062,78.54616427622294,0.0023033938429672042,0.12175324675324675,32.10163818924243,137.53447058311224
392,abundant,132.53212132873912,104.58007362890348,45.27864081299432,0.32133099508928004,0.8722675721798961,1207.1742554262528,4.004293770407309,4,1,15,20,0,0.6766975712754716,0.4848434648167054,1.408432504649592e-06,0.28997157139768515,99.70780064650128,78.54627825302947,0.0023033157173358134,0.12175324675324675,32.10163818924243,207.79534595213553
393,abundant,132.46906539534768,104.66410813650862,45.26020218022025,0.15310427848209113,0.8819626808230981,1191.4471981331008,4.010549873458975,4,1,15,20,0,0.676210242907353,0.4837696574945602,8.551804610592719e-07,0.28997199616055896,99.70721263240773,78.54639331100815,0.0023032368669518182,0.12175324675324675,32.10163818924243,154.36902138687336
394,abundant,132.48754130617075,104.78157946109212,45.218657449361125,0.17481246473147674,0.8978837676364608,1212.952023354359,4.006471481049688,4,1,15,20,0,0.675721662892919,0.4827072796768728,0.00038985755339122766,0.28996957916617455,99.70661694720677,78.54573860574673,0.0023036695144055914,0.12175324675324675,32.10163818924243,129.68061917888835
395,abundant,132.46674602546344,104.79271881090631,45.28265295178023,0.08381633741676806,0.8837301454320161,1222.047204613802,3.9966514557608406,4,1,15,20,0,0.6752318446268364,0.481645439780712,0.000389826176021824,0.2899671623812035,99.70600321721406,78.54508395721034,0.002304102105579372,0.12175324675324675,32.10163818924243,166.75742672074574
396,abundant,132.52839501268744,104.6809471705922,45.20823957992379,0.22356804596447663,0.8708381771865988,1192.135867593497,4.007645026082339,4,1,15,20,0,0.6747408015377209,0.4805732468076163,7.82449851559648e-07,0.28996758759308766,99.70550043086527,78.54519913681503,0.002304023132257996,0.12175324675324675,32.10163818924243,168.03464399568594
397,abundant,132.34361046669767,104.73763858507712,45.19635685707202,0.3199850638510823,0.8432662414816972,1207.133095967969,3.9982115083716017,4,1,15,20,0,0.6742485470877669,0.47951247850446244,0.0003894678086673123,0.28996517336405414,99.70488522325154,78.54454518062023,0.0023044552399401545,0.12175324675324675,32.10163818924243,168.20220640667026
398,abundant,132.56462454796963,104.77304777693026,45.237399793810624,0.32902215318339323,0.8668933998080712,1183.1837656249772,4.0244013641139285,4,1,15,20,0,0.6737550947723788,0.47844138426413035,1.298711342961803e-06,0.28996559473417566,99.70429720502949,78.54465931958445,0.002304376933184148,0.12175324675324675,32.10163818924243,158.73640501287386
399,abundant,132.4295001173185,104.78356074045614,45.23330971463002,0.24538101679941407,0.8668789746608712,1203.871732358246,3.999451615868987,4,1,15,20,0,0.6732604581198007,0.47738170657168616,0.0003896004102733272,0.28996317946553324,99.70368051552308,78.54400508178476,0.002304809202938213,0.12175324675324675,32.10163818924243,159.270391082738
400,abundant,132.50490650553806,104.72064482632125,45.237088197200244,0.18561148065869823,0.8511948034072679,1186.7609578544507,4.023109175348269,4,1,15,20,0,0.6727646506907468,0.47631169548685015,1.072532990396951e-06,0.2899636024244974,99.70317772648163,78.544119651128,0.0023047305864925187,0.12175324675324675,32.10163818924243,155.1312908305816
401,abundant,132.516079561102,104.69378514643303,45.24263834585191,0.05222918710454288,0.8077200581142222,1199.8694634506246,3.9986617377025877,4,1,15,20,0,0.6722676860780279,0.4752422231891673,7.91321531002197e-07,0.28996402738003335,99.70250448537577,78.54423476129418,0.0023046516030145446,0.14204545454545456,32.10163818924243,175.11230880041728
402,abundant,132.3827814239883,104.77311470915873,45.198377943731586,0.18229720684847792,0.8812179980948914,1206.8856740181363,3.986294275606746,4,1,15,20,0,0.6717695779061799,0.474184184202423,0.00038955531973205895,0.2899616123183859,99.70188631637748,78.5435805795644,0.0023050838039425526,0.14204545454545456,32.10163818924243,175.4841824504303
403,abundant,132.63365035074048,104.62198241466423,45.32335561684725,0.29815436185444993,0.8263313109019056,1172.4416153318016,4.025603564412361,4,1,15,20,0,0.6712703398310902,0.47311581777756523,1.1053198753227964e-06,0.2899620348986801,99.70121307244423,78.5436950463351,0.0023050052210733946,0.14204545454545456,32.10163818924243,168.31116119744183
404,abundant,132.4212712531748,104.71830358181032,45.20716155423931,0.24918864711496577,0.8766739095796563,1196.6651109644445,4.000209590317545,4,1,15,20,0,0.6707699855396227,0.4720479914869059,7.390512236580966e-07,0.28996246010334176,99.70062505901038,78.54381022398341,0.0023049261593299894,0.14204545454545456,32.10163818924243,147.966319783288
405,abundant,132.5655938922772,104.81218622884752,45.29412192108222,0.1804272600737672,0.8344834561326283,1202.1592062395066,3.992483671520781,4,1,15,20,0,0.6702685287492428,0.4709916070437251,0.00038967637297770936,0.289960044032494,99.70009063638405,78.54315576888573,0.0023053585098965885,0.14204545454545456,32.10163818924243,157.26794293205856
406,abundant,132.3871233538069,104.76398733216577,45.17713341690167,0.17423312255385184,0.8545025943782392,1195.8560778778628,4.031293000845072,4,1,15,20,0,0.669765983207642,0.4699248824633264,6.428974893159594e-07,0.2899604698851266,99.69958785099111,78.54327112205365,0.0023052793094548965,0.14204545454545456,32.10163818924243,172.42813781591133
407,abundant,132.55335524719632,104.74688514897947,45.26655463948899,0.15156396109210063,0.8760647047475343,1195.6739872052713,4.0015533166476125,4,1,15,20,0,0.66926236269236,0.4688587309849268,1.3257343568091439e-06,0.2899608906964943,99.69899983235526,78.543385109665,0.002305201009618137,0.14204545454545456,32.10163818924243,153.83569235014838
408,abundant,132.4142180356727,104.67858193978138,45.19319993088649,0.1505037543116311,0.8792738386594792,1192.1872653313985,4.011279828816993,4,1,15,20,0,0.6687576810104082,0.46779311366557075,5.760626892204187e-07,0.2899613169414281,99.69849704757988,78.54350056909786,0.0023051217267647394,0.14204545454545456,32.10163818924243,192.0050610009303
409,abundant,132.5968504126561,104.68945038940569,45.325192851948174,0.1648573805881206,0.879711514449278,1208.937909056338,3.9641355309790365,4,1,15,20,0,0.6682519519978888,0.46673895208603966,0.0003898417023821876,0.28995889949514775,99.69779069000874,78.54284574142876,0.0023055542879308025,0.14204545454545456,32.10163818924243,166.33811578933236
410,abundant,132.42018540972128,104.77491118369319,45.20100349743273,0.24894766830636894,0.8919479270467561,1187.6418693359446,4.012633486194413,4,1,15,20,0,0.6677451895196191,0.4656744513049271,6.759771083371903e-07,0.28995932493586146,99.69728790428269,78.54296098301786,0.002305475124187421,0.14204545454545456,32.10163818924243,155.25237990465723
411,abundant,132.51186348626408,104.7047784475554,45.2461413658729,0.18013432617066277,0.8807859842655104,1209.7283666572184,3.9662251488275215,4,1,15,20,0,0.6672374074687482,0.46462139784020245,0.0003895601246741526,0.28995690949166797,99.69677587446527,78.54230669766564,0.0023059073028394088,0.14204545454545456,32.10163818924243,191.54974366207114
412,abundant,132.48894552790267,104.70615323559794,45.202806505618774,0.05057223077329183,0.8436748299703305,1190.7189040329395,3.993709599044234,4,1,15,20,0,0.6667286197663771,0.46355802340529934,9.659585714717814e-07,0.2899573327593274,99.69627308612242,78.54242135062694,0.0023058285081323324,0.16233766233766234,32.10163818924243,167.8465626366798
413,abundant,132.52738158352656,104.83058019285869,45.25506238806194,0.1597068445558935,0.8634050213363607,1212.9758074050915,3.977325637845435,4,1,15,20,0,0.666218840361178,0.4625060944567043,0.00038970627865015354,0.28995491618264135,99.69565047801674,78.5417667585099,0.002306260866690571,0.16233766233766234,32.10163818924243,145.59114713448477
414,abundant,132.61769035957005,104.69097747947939,45.28168655521982,0.18935576083376573,0.8417394249909493,1187.801353125622,3.99512024680319,4,1,15,20,0,0.6657080832290106,0.4614438397700906,8.644620788383268e-07,0.28995534010202845,99.69489200867064,78.54188158800845,0.002306181926250523,0.16233766233766234,32.10163818924243,177.00037307824707
415,abundant,132.35654989439766,104.71975854871248,45.18140169637383,0.2977082007370465,0.879759696886232,1200.5933957501693,3.9847336095196946,4,1,15,20,0,0.6651963623725402,0.46039302653568165,0.0003893844357437865,0.28995292580599497,99.6944636268548,78.54122761366497,0.0023066138493496834,0.16233766233766234,32.10163818924243,165.58077716405757
416,abundant,132.6271911623065,104.71435299245103,45.29568502724094,0.2895172519399011,0.8611871268544511,1212.4359782934407,3.9735542498574348,4,1,15,20,0,0.6646836918208522,0.45934278561023084,0.00038968341258122286,0.28995050930453076,99.6938395391432,78.5405730419237,0.0023070461505732514,0.18262987012987011,32.10163818924243,155.1394471328739
417,abundant,132.30816945858635,104.64256703908237,45.16651884731895,0.39047587578436843,0.8853318577007094,1166.725825260648,4.020180223271852,4,1,15,20,0,0.6641700856290684,0.458282227291621,1.0276993586266942e-06,0.28995093195727906,99.69325150396654,78.54068752832046,0.0023069673975058447,0.18262987012987011,32.10163818924243,184.51507232826796
418,abundant,132.67216498868177,104.71737727315521,45.3000552916175,0.5209941504748491,0.8505987384779906,1206.8610326118505,3.981538200217839,4,1,15,20,0,0.6636555578779626,0.45723310481240265,0.00038923694454875117,0.28994851864547905,99.69262589777077,78.54003382058201,0.0023073990993975613,0.18262987012987011,32.10163818924243,124.25210727730895
419,abundant,132.47544442638304,104.73285134611776,45.27177034521127,0.35575270581454516,0.8936296246515012,1193.6229529289121,4.014815185308224,4,1,15,20,0,0.6631401226735729,0.456173674812284,8.619579420248616e-07,0.2899489424371333,99.69203784089686,78.54014861548082,0.002307320116143567,0.18262987012987011,32.10163818924243,157.02603707744495
420,abundant,132.5493387616548,104.73232186306284,45.256605119296765,0.16963546614392053,0.9013361709641879,1196.0334998572362,4.011551854975184,4,1,15,20,0,0.662623794146816,0.455114814604847,9.273615881070687e-07,0.2899493657046032,99.69153501073824,78.54026326839079,0.00230724122163056,0.18262987012987011,32.10163818924243,161.4103453959984
421,abundant,132.5015234374683,104.64530841298954,45.28797877224392,0.2044478265935966,0.8854889844808697,1190.5339368232817,3.9962589950850935,4,1,15,20,0,0.6621065864530983,0.45405651649781054,6.835022112313758e-07,0.28994979070352167,99.69094695546049,78.54037839030823,0.002307162009208787,0.18262987012987011,32.10163818924243,182.11391511261445
422,abundant,132.50467413527616,104.72279776135265,45.234953498306105,0.16317618617309507,0.914810903288546,1207.1126648878708,3.965720934732608,4,1,15,20,0,0.661588513771931,0.45300968067506353,0.0003896979429353921,0.2899473738652966,99.69043172263238,78.53972372734661,0.0023075943105051663,0.18262987012987011,32.10163818924243,151.68826908991804
423,abundant,132.5398532979492,104.67342583854717,45.29246854475873,0.04398647412068336,0.8515802388793399,1183.5814142647578,3.9867362064717526,4,1,15,20,0,0.6610695903065381,0.4519634074061441,0.0003894028720627682,0.2899449591597426,99.68980463707304,78.53906964207394,0.002308026208805779,0.18262987012987011,32.10163818924243,156.35779729160072
424,abundant,132.43621201862638,104.67612543483207,45.211063446736375,0.05487227207091354,0.8879271187578193,1164.8280668426378,4.004755592798984,4,1,15,20,0,0.660549830283468,0.45090681573829067,4.6948065415610376e-07,0.28994538565360345,99.68938703805166,78.53918516893509,0.0023079466877133016,0.18262987012987011,32.10163818924243,172.27468590825754
425,abundant,132.51042141874993,104.71017585044056,45.241283814864076,0.1085779569907412,0.8711400128167177,1209.9658616817906,3.9974698930022985,4,1,15,20,0,0.6600292479522052,0.449861696409683,0.0003897444335624798,0.28994296840391287,99.68884369628756,78.53853039451742,0.002308379022894405,0.18262987012987011,32.10163818924243,149.88382057845968
426,abundant,132.4314127497379,104.7485946631344,45.2176889714541,0.1824306908699149,0.9080165530166062,1193.8244685915342,4.025875815130821,4,1,15,20,0,0.6595078575847767,0.4488062665424317,1.0277175714578747e-06,0.28994339073884257,99.68808518320678,78.53864479482482,0.0023083002235714605,0.18262987012987011,32.10163818924243,170.20639308404552
427,abundant,132.4773518003043,104.77405239931885,45.27553380535181,0.12508424641789662,0.9183932244290889,1203.0076442741774,4.000300572204421,4,1,15,20,0,0.6589856734753629,0.4477622862832168,0.00038942791457171634,0.28994097572015803,99.68754036376333,78.53799062473267,0.0023087321302897586,0.18262987012987011,32.10163818924243,141.76408391784005
428,abundant,132.6254163208973,104.74258545011375,45.26497109149888,0.2636794483499677,0.854999964235672,1162.6421539312578,4.020989081313527,4,1,15,20,0,0.6584627099399049,0.44670799347620727,5.776401516750585e-07,0.2899414012926119,99.68712276364433,78.53810590200698,0.002308652726904322,0.18262987012987011,32.10163818924243,154.26005340521496
429,abundant,132.39965773178938,104.66229282433594,45.20592403438547,0.3118905491712303,0.8962154960099912,1189.0914844959916,3.997624388385743,4,1,15,20,0,0.6579389813157123,0.4456651745858159,0.0003897853234275783,0.28993898360457165,99.68649123336992,78.537451008851,0.0023090850913362517,0.18262987012987011,32.10163818924243,191.78394542286333
430,abundant,132.57581726198433,104.7254597028841,45.26685355269504,0.21909202019432175,0.863894105602654,1187.360443124082,4.0094916024019085,4,1,15,20,0,0.6574145019610698,0.44461203713927155,6.609147452143886e-07,0.2899394085025479,99.68598840517346,78.53756610342565,0.002309005785192317,0.18262987012987011,32.10163818924243,158.8136378404672
431,abundant,132.43207379941455,104.77119703236242,45.19025671404249,0.1792155002938742,0.8532468809953342,1184.6805931179624,4.006473378806621,4,1,15,20,0,0.6568892862548439,0.4435594816875511,8.129699950140842e-07,0.28993983223802416,99.68540033778957,78.5376808831072,0.002308926681737857,0.18262987012987011,32.10163818924243,176.29756566512273
432,abundant,132.53188211510624,104.78115830543601,45.283116216279204,0.13706526506938874,0.860252877824801,1192.0422689397383,3.9974178425143148,4,1,15,20,0,0.6563633485960886,0.4425183861124908,0.0003894324426927965,0.2899374170090059,99.68476728921543,78.53702665604074,0.002309358572658491,0.18262987012987011,32.10163818924243,143.11628003782712
433,abundant,132.50172937202163,104.68297881878004,45.24602784116545,0.1374263453377622,0.8564573095467715,1175.2612265783246,4.00386933011065,4,1,15,20,0,0.6558367034036502,0.4414669826293692,6.032365165978189e-07,0.289937842217234,99.68434964678002,78.53714183465512,0.0023092791811783497,0.18262987012987011,32.10163818924243,170.31300239927927
434,abundant,132.51103654064926,104.76377801441788,45.21936361599379,0.15090544868940123,0.9064828671786087,1185.2761690104599,3.9915012572953144,4,1,15,20,0,0.6553093651157729,0.44042705101765295,0.00038959606825320943,0.28993542574153547,99.683800343676,78.53648726989314,0.002309711275009148,0.18262987012987011,32.10163818924243,140.19428387156398
435,abundant,132.44731859718297,104.66475186160886,45.219705557620586,0.23862855268029506,0.8539453202302346,1169.0066128721955,4.003373875029773,4,1,15,20,0,0.6547813481897022,0.43937681899583797,9.807569194601406e-07,0.28993584812444323,99.68321224331092,78.53660168319662,0.0023096323676801895,0.18262987012987011,32.10163818924243,180.78044049052968
436,abundant,132.40939325524698,104.75413004793299,45.18613881889194,0.10495593745441727,0.8626251037037828,1206.955152517432,3.9890194561883408,4,1,15,20,0,0.6542526671012889,0.4383380453715852,0.00038943962709267515,0.28993343271432176,99.68257623396528,78.53594740707369,0.0023100642435449565,0.18262987012987011,32.10163818924243,157.2518936308476
437,abundant,132.46900269708445,104.73914280466931,45.251374627470675,0.06635704277653161,0.8683625021248121,1185.8872946992778,4.00442309721993,4,1,15,20,0,0.653723336344592,0.437288963175536,4.812117795791702e-07,0.28993385867913324,99.68207336517744,78.53606279062818,0.0023099846671137446,0.18262987012987011,32.10163818924243,161.55744172981778
438,abundant,132.6326443372257,104.7642085530466,45.30850102920414,0.2137144146554654,0.880053727184337,1209.6749551299145,3.9997278462370804,4,1,15,20,0,0.6531933704314816,0.4362404755870181,8.971055949714626e-07,0.289934281546519,99.6814000382142,78.53617733516504,0.0023099056402999286,0.18262987012987011,32.10163818924243,142.3450954638281
439,abundant,132.4776415052656,104.7259788150835,45.232685314830086,0.18802302746838445,0.8755582497759522,1203.1924155725428,3.9906400042893164,4,1,15,20,0,0.6526627838912412,0.43520344581623394,0.0003892604105781944,0.28993186732044485,99.6807625511306,78.53552337977185,0.0023103372710263307,0.18262987012987011,32.10163818924243,168.07117312339017
440,abundant,132.58879512561074,104.77062039226354,45.28701084170745,0.15528013528785953,0.915296743466868,1201.086958099615,3.9914531888755915,4,1,15,20,0,0.6521315912701685,0.4341670119984069,0.00038967616321848987,0.2899294500367365,99.68016047607759,78.53486859613959,0.002310769433434558,0.18262987012987011,32.10163818924243,143.1248797809836
441,abundant,132.5084008189868,104.70909750054085,45.24233890754733,0.1507735704656859,0.8521033088324672,1190.5993924356735,3.9937586931177655,4,1,15,20,0,0.6515998071311777,0.43312026493977024,4.5461456206917787e-07,0.2899298760420481,99.67957238010085,78.53498399066459,0.002310689797545612,0.18262987012987011,32.10163818924243,177.3818706877132
442,abundant,132.59170346713574,104.80614549339192,45.28145574613484,0.2171030965958225,0.8835830049138359,1209.760180215133,3.977294321837431,4,1,15,20,0,0.6510674460533996,0.43208498483298197,0.0003890744239448228,0.2899274631018347,99.67913918317086,78.53433038357994,0.0023111211564929503,0.18262987012987011,32.10163818924243,122.87690398253747
443,abundant,132.51711674884422,104.74028499391997,45.2539227882021,0.1949024610716498,0.8667219550287114,1217.590239296791,3.986729357162404,4,1,15,20,0,0.6505345226317816,0.43106120286271976,0.0007787858797411047,0.28992220324997264,99.67848305876088,78.53290561705563,0.002312064927928312,0.18262987012987011,32.10163818924243,170.8567840425955
444,abundant,132.40474571697305,104.75871817054845,45.22424538062859,0.15734410938993626,0.8644361557083041,1183.9977646591215,4.014714422594717,4,1,15,20,0,0.6500010514766891,0.4300162141619758,4.448528703451554e-07,0.2899226292871487,99.67798014801535,78.53302102021193,0.002311985234222154,0.18262987012987011,32.10163818924243,151.1429844728582
445,abundant,132.4941046776469,104.67381790593372,45.224286165875384,0.18585989290273344,0.8572011799121023,1156.9180684527964,4.000257771338188,4,1,15,20,0,0.6494670472135031,0.4289718133687647,4.628115617076022e-07,0.2899230551409588,99.67739200985564,78.53313637369882,0.002311905566896784,0.18262987012987011,32.10163818924243,176.78089687736556
446,abundant,132.41539470765144,104.81342617481707,45.21392297146116,0.1846891318375705,0.9023787812827909,1208.4547364640457,3.9798012470443602,4,1,15,20,0,0.6489325244822203,0.42793889142589564,0.00038942264504799874,0.28992063954759045,99.67683674896895,78.53248204793876,0.002312337341502882,0.18262987012987011,32.10163818924243,139.2231903291461
447,abundant,132.56146651421875,104.71755068106243,45.26148628435566,0.30207918785422516,0.8729313041348443,1176.8613531650917,4.009839432891353,4,1,15,20,0,0.6483974979370513,0.4268956786613837,8.744006745833008e-07,0.28992106233256926,99.67633383439917,78.53259657015356,0.0023122582031459412,0.18262987012987011,32.10163818924243,192.04079603940866
448,abundant,132.40852925719398,104.70922035162536,45.152638624024796,0.19763173646534712,0.8664630562085907,1213.4929786970606,4.001178738934147,4,1,15,20,0,0.6478619822460192,0.42586393859030014,0.0003895753352500512,0.289918645568828,99.67581217139876,78.5319419273678,0.0023126901662786675,0.18262987012987011,32.10163818924243,173.31321461118193
449,abundant,132.55167314416067,104.70860043463244,45.28031167866814,0.1591226253152997,0.8771229463764589,1193.8190876373264,3.9907869045271442,4,1,15,20,0,0.647325992090557,0.4248327880041481,0.0003895716124129089,0.28991622880594276,99.67517016088856,78.5312872848139,0.0023131221095178144,0.18262987012987011,32.10163818924243,167.11240999531964
450,abundant,132.3850432662735,104.63095269464586,45.15604124587789,0.14064101464996073,0.8564656312296856,1179.0973014719275,4.018243553245779,4,1,15,20,0,0.6467895421651055,0.4237913291281775,3.4358610605262153e-07,0.28991665538751354,99.67466720905657,78.53140283543355,0.0023130422459500042,0.18262987012987011,32.10163818924243,174.52182702838178
451,abundant,132.52923844303126,104.77377533891195,45.24604442500076,0.2044590261747219,0.8616065432686786,1188.771882795365,4.002242316996919,4,1,15,20,0,0.6462526471767106,0.4227504699064494,6.675059394976644e-07,0.2899170795572293,99.67416425440095,78.53151773274007,0.002312962811073944,0.18262987012987011,32.10163818924243,143.23276506142287
452,abundant,132.40684055056653,104.73406383775936,45.1708185123435,0.10973986574951118,0.8657434646025187,1203.757414975771,3.9817060896537995,4,1,15,20,0,0.6457153218446199,0.42172108615805715,0.0003893966298875019,0.28991466396602084,99.67355577391224,78.53086340756505,0.0023133945147637528,0.18262987012987011,32.10163818924243,162.82648817002263
453,abundant,132.58452952274527,104.70762368653406,45.29417932598241,0.18344853458804022,0.8650873421684293,1172.7416422254537,4.014407559472289,4,1,15,20,0,0.6451775808998782,0.4206814000705693,3.3041078855772694e-07,0.2899150905292625,99.67296759486437,78.53097895321979,0.0023133146244135056,0.18262987012987011,32.10163818924243,150.57879645922375
454,abundant,132.46579434310863,104.73918985775882,45.21400694000819,0.19525758860281045,0.8873358282679403,1217.7519977953343,3.9665851195273465,4,1,15,20,0,0.6446394390849256,0.4196532095847586,0.00038974632795314745,0.28991267229640255,99.67223887840878,78.53032391248533,0.0023137467757020683,0.2029220779220779,32.10163818924243,180.0546785969967
455,abundant,132.53501176088378,104.76443811939004,45.30926784322445,0.12519071240322632,0.8960847061434225,1199.5262498621887,3.9897490529850734,4,1,15,20,0,0.6441009111531915,0.41861470414666946,1.9872069045423262e-07,0.2899130997505622,99.67182115498619,78.53043969946818,0.002313666699962836,0.2029220779220779,32.10163818924243,133.03118918481647
456,abundant,132.50810425054524,104.72768879064532,45.200092725223435,0.03817847892601241,0.8745305733683145,1206.3408401560519,3.978081126539257,4,1,15,20,0,0.6435620118686916,0.4175877005048092,0.0003898061141179514,0.28991068101960304,99.6711761850993,78.52978452381072,0.00231409891763896,0.2029220779220779,32.10163818924243,165.81657955589222
457,abundant,132.45180926840015,104.7225433475562,45.25041451124911,0.14335837111430902,0.8699742619765309,1190.0309846991004,3.9875565684374377,4,1,15,20,0,0.6430227560056212,0.41655038423470864,3.1291091440980756e-07,0.28991110756987876,99.67067323332829,78.5299000659533,0.0023140189798203053,0.2029220779220779,32.10163818924243,171.56139412069933
458,abundant,132.63408125355207,104.74996554711966,45.286181148386156,0.2753283597691782,0.8712249941332199,1207.2807113468443,3.988377318520602,4,1,15,20,0,0.6424831583479528,0.41552456128317383,0.00038959009456911436,0.28990869035410927,99.67006317207667,78.52924530072403,0.002314450901222886,0.2029220779220779,32.10163818924243,154.9396004143143
459,abundant,132.40818523175477,104.77859564850672,45.21051447162982,0.3376527533356033,0.864393141226301,1195.5780267496812,3.9967418618860573,4,1,15,20,0,0.6419432336890288,0.41449932505252113,0.0003893330859037635,0.2899062749949407,99.66950195443115,78.528591038403,0.002314882469690484,0.2029220779220779,32.10163818924243,185.50027423568037
460,abundant,132.5882757661804,104.74469391779422,45.271166274019414,0.31061937716109,0.8421974191913251,1184.56266182314,4.011679076584213,4,1,15,20,0,0.6414029968311562,0.41346379449952697,4.551257165957725e-07,0.2899067004222949,99.6689990012483,78.52870627637331,0.00231480269166237,0.2029220779220779,32.10163818924243,168.22825055181914
461,abundant,132.40277078573627,104.72645116411886,45.17709342720808,0.2453423322936869,0.8969519774568288,1201.9725711274295,4.001570449757462,4,1,15,20,0,0.6408624625852019,0.4124288627004324,6.039196119302065e-07,0.2899071247085404,99.66841081950425,78.52882120524492,0.0023147231120517957,0.2029220779220779,32.10163818924243,151.46664484422797
462,abundant,132.58795232471923,104.77104193169943,45.29563368646521,0.21394984385993424,0.8631983499829701,1181.6261618762146,3.997579171538138,4,1,15,20,0,0.6403216457701844,0.41140540146279414,0.0003890204538915161,0.28990471152609476,99.66793335283852,78.52816753254544,0.0023151542599912714,0.2029220779220779,32.10163818924243,163.31300615953182
463,abundant,132.40106422130535,104.74458205996847,45.19662656954907,0.2774603335693007,0.828311436616157,1176.766969311051,4.008222418893758,4,1,15,20,0,0.6397805612128705,0.4103716570603595,5.076749804608733e-07,0.28990513645149685,99.66734517186372,78.52828263454909,0.0023150745416226286,0.2029220779220779,32.10163818924243,191.20043809176664
464,abundant,132.5886630929532,104.71541156709412,45.27055748224454,0.31069954633620883,0.8923981807163207,1188.1335486845492,3.9931111372228623,4,1,15,20,0,0.6392392237473666,0.4093494077875667,0.00038978119033264056,0.28990271762988984,99.66669576387943,78.5276274343373,0.0023155066776441888,0.2029220779220779,32.10163818924243,177.39044083158686
465,abundant,132.4697638459731,104.77072676477603,45.21649232888547,0.18337524355202212,0.8466621684469191,1194.2229479029265,4.008753789570479,4,1,15,20,0,0.6386976482147126,0.40831685128944073,3.898182238041278e-07,0.2899031433447366,99.6661927735763,78.52774275018241,0.0023154267920704338,0.2029220779220779,32.10163818924243,175.40101675059356
466,abundant,132.43251009766257,104.72450695461238,45.189047712362616,0.09603594515403181,0.843852368322286,1187.7064253210046,3.9888402551962905,4,1,15,20,0,0.6381558494624755,0.40728489124377715,4.0674090049509175e-07,0.28990356888528124,99.66560455157169,78.52785801881328,0.002315346931521883,0.2029220779220779,32.10163818924243,168.6216271382875
467,abundant,132.4525621099267,104.6800621555557,45.211014478695716,0.027805687641274807,0.8350464754807073,1182.7285590896063,3.990496613185994,4,1,15,20,0,0.6376138423443416,0.40626441169341665,0.0003891312935059785,0.2899011546984354,99.665038855742,78.5272040740461,0.002315778203543171,0.2029220779220779,32.10163818924243,150.7023896213969
468,abundant,132.4743508851316,104.72086061726816,45.24585951683359,0.029070649446764556,0.8711590717875176,1187.399593370399,4.015973262522684,4,1,15,20,0,0.6370716417197101,0.4052336544652595,7.706333781941492e-07,0.28990157750838946,99.66445063047277,78.52731860302609,0.00231569880927141,0.2029220779220779,32.10163818924243,134.0576244671056
469,abundant,132.5853298133368,104.75019980397471,45.286115885926634,0.20819195285369058,0.850380353811933,1191.731959413315,3.9979653402202393,4,1,15,20,0,0.6365292624532847,0.40421436637994823,0.0003890751209754327,0.28989916365951734,99.66388345508011,78.52666474980781,0.002316129995214268,0.2029220779220779,32.10163818924243,166.8947386060936
470,abundant,132.50788474151935,104.7298786088206,45.23556591936162,0.12573392560118,0.902275736176483,1196.7577907018203,4.016490970252829,4,1,15,20,0,0.6359867194146669,0.40318479559766107,5.217524617960902e-07,0.28989958821475786,99.66329523191813,78.52677975154366,0.002316050261476849,0.2029220779220779,32.10163818924243,167.1679229057893
471,abundant,132.52177116145558,104.78591110874942,45.26276168574403,0.03636824981494703,0.8537137800130495,1190.9798390965516,3.998966292975784,4,1,15,20,0,0.6354440274779487,0.4021558203061365,4.6923932772253565e-07,0.2899000131108869,99.6627922365052,78.52689484561795,0.002315970461458951,0.2029220779220779,32.10163818924243,175.9615731279963
472,abundant,132.5040116949417,104.7581387610259,45.2014237087415,0.030685228828519758,0.8733054666465015,1193.0892640128368,3.9963750972099863,4,1,15,20,0,0.6349012015213034,0.4011383323999328,0.00038940769534979866,0.2898975967069275,99.66209533398317,78.52624030028836,0.002316402075268127,0.2029220779220779,32.10163818924243,175.47090507806604
473,abundant,132.37419506782683,104.73047458126513,45.17542892189544,0.24144057588138035,0.8685308394522456,1166.5951336076032,4.003195358483954,4,1,15,20,0,0.6343582564265784,0.4001105484190286,3.6075589322731753e-07,0.2898980223292697,99.66167756671936,78.52635559107621,0.0023163221203909654,0.2029220779220779,32.10163818924243,172.28246681435547
474,abundant,132.62658113177028,104.68687144113906,45.26479325845929,0.40878213351039616,0.8540931522649486,1184.1497301380296,4.016326740817266,4,1,15,20,0,0.6338152070788884,0.3990833636750248,4.279922479904385e-07,0.2898984474013454,99.661004117064,78.5264707328102,0.002316242256698337,0.2029220779220779,32.10163818924243,180.5733655765751
475,abundant,132.53367481153452,104.70976449966162,45.26235204720632,0.22708892878773887,0.8162939449443674,1173.4296828893202,3.9885117917433197,4,1,15,20,0,0.633272068366205,0.3980567739869337,3.42396846884608e-07,0.2898988730555423,99.6605011227204,78.5265860322267,0.0023161622832302197,0.2029220779220779,32.10163818924243,163.28160608040713
476,abundant,132.54260544999616,104.69354927130657,45.25532462415967,0.02812251508018996,0.8670425292435963,1201.3417713074668,3.9870995134006573,4,1,15,20,0,0.6327288551789509,0.3970416673198814,0.00038910977302005975,0.2898964586763011,99.65997309728607,78.52593203534428,0.002316593498644118,0.2029220779220779,32.10163818924243,154.7966872879034
477,abundant,132.58819957408986,104.73872629798535,45.30436113616175,0.036943511879777034,0.8274319312027438,1206.391544600534,3.9974234313707746,4,1,15,20,0,0.6321855824095898,0.3960162734124534,3.6547223428830186e-07,0.28989688408286773,99.65921445701498,78.52604726768377,0.0023165135433218936,0.2029220779220779,32.10163818924243,166.18077667312775
478,abundant,132.51486102057643,104.70161906974961,45.234758277280285,0.061020105687360375,0.8897054339112592,1203.046613686427,3.9847138458288165,4,1,15,20,0,0.6316422649522191,0.39500237668495486,0.00038963442674452067,0.2898944657898266,99.6586848093582,78.52539221064768,0.002316945436401097,0.2029220779220779,32.10163818924243,169.0407252071851
479,abundant,132.50657602242634,104.7101315723185,45.2209192091004,0.032468023925922844,0.8483699389044025,1182.0038594520884,3.9941433900640777,4,1,15,20,0,0.6310989177021611,0.3939781770934793,3.292141725587138e-07,0.2898948914029481,99.65818181498108,78.52550749893787,0.0023168654211836825,0.2029220779220779,32.10163818924243,185.01767234070599
480,abundant,132.56124861045632,104.71917368806808,45.2648864885999,0.06965055749082524,0.8704735058667757,1187.050292578373,3.9858347888348664,4,1,15,20,0,0.6305555555555554,0.3929654658285694,0.0003892802214703643,0.2898924756222616,99.65748017062882,78.52485312243785,0.002317296836304354,0.2029220779220779,32.10163818924243,164.54762587554154
481,abundant,132.53044705641022,104.67514112097818,45.25686181338128,0.09333780279820156,0.8684255017288662,1192.1992758070992,4.000237294941159,4,1,15,20,0,0.6300121934089502,0.39194246120280923,3.138210610277164e-07,0.2898929012582617,99.65680672176669,78.52496841692529,0.002317216788645526,0.2029220779220779,32.10163818924243,174.17307728312912
482,abundant,132.47759623209333,104.7796924046987,45.23025618245685,0.2189066670331073,0.8837507858179374,1196.2411908630675,3.9953348686395005,4,1,15,20,0,0.6294688461588921,0.3909309469534833,0.0003893386231756965,0.2898904849775776,99.6562739500582,78.52431390498799,0.0023176482683579342,0.2029220779220779,32.10163818924243,134.3003877628547
483,abundant,132.5298401847448,104.70294972922686,45.232641813991194,0.14293681025792634,0.8726106269504819,1160.7046693153025,3.985974533767691,4,1,15,20,0,0.6289255287015215,0.3899200267651957,0.00038921047442934024,0.28988806961164687,99.65570530664559,78.52365964083528,0.002318079564587238,0.2029220779220779,32.10163818924243,172.1169433262833
484,abundant,132.57784072226528,104.78959779825314,45.27297843862803,0.09567421629402657,0.9025595310199799,1185.7005951631436,4.0151193765884345,4,1,15,20,0,0.62838225593216,0.38889881694035777,3.805959799293277e-07,0.289888494676138,99.65518895917369,78.52377478051477,0.002317999577552451,0.2029220779220779,32.10163818924243,150.21079834445473
485,abundant,132.5401816261544,104.70182479095641,45.24540857464101,0.1421649108320068,0.8842035529540281,1214.5329283716346,3.9811387326680414,4,1,15,20,0,0.6278390427449061,0.38788908998659366,0.00038914261626160797,0.2898860797362403,99.6546187992089,78.52312063176407,0.0023184307723577453,0.2029220779220779,32.10163818924243,184.078984488175
486,abundant,132.4525907792775,104.65054475785307,45.20599875548828,0.11718515333536346,0.8743301464363773,1177.6685967995145,4.006702179634256,4,1,15,20,0,0.6272959040322229,0.38686907355565175,3.2369619740378213e-07,0.2898865051494195,99.65411577568743,78.52323586589472,0.0023183506983115343,0.2029220779220779,32.10163818924243,154.30598062742396
487,abundant,132.53909556732845,104.73209310946693,45.245389822747015,0.14357258998679043,0.8571606068566991,1188.2838599138486,4.003903196795534,4,1,15,20,0,0.6267528546845327,0.3858496515767114,2.200433078926713e-07,0.2898869312956095,99.65386834775857,78.52335129858027,0.0023182704907535358,0.2029220779220779,32.10163818924243,167.66891020075673
488,abundant,132.40001410371843,104.71019934277562,45.157640913181716,0.20172311665550324,0.8619680720075465,1200.347376300102,3.984084354061716,4,1,15,20,0,0.6262099095898078,0.38484172514709036,0.0003894453902762168,0.28988451403443394,99.6530782435693,78.5226965210516,0.0023187020742666295,0.2029220779220779,32.10163818924243,190.32447026839822
489,abundant,132.5119263184192,104.82009134966715,45.24926150840324,0.2297790063222388,0.8954310974524233,1187.5167726618383,4.01107473940589,4,1,15,20,0,0.6256670836331624,0.38383438555071087,0.00038907841489530285,0.2898820994525374,99.65276212965883,78.52204246927474,0.0023191331602624037,0.2029220779220779,32.10163818924243,145.4094805626719
490,abundant,132.4889015898664,104.68605160151562,45.20986037567879,0.18651656752230492,0.8471229437062161,1176.552766795001,4.008920338100206,4,1,15,20,0,0.6251243916964442,0.38281675365942874,1.7641371226156544e-07,0.2898825258454822,99.65242942820699,78.52215796880017,0.0023190528681679675,0.2029220779220779,32.10163818924243,186.46779263792425
491,abundant,132.4668090212488,104.7467669873352,45.2215570054766,0.08374564947364511,0.8675695346284551,1182.7961000173527,4.020351156515402,4,1,15,20,0,0.6245818486578266,0.3817997294942224,5.667256174592838e-07,0.2898829493400887,99.65192626880386,78.52227268323594,0.002318973092078392,0.2029220779220779,32.10163818924243,159.58838523232396
492,abundant,132.49091720800945,104.74570302184446,45.220275323478354,0.07289930475396185,0.8499710995092115,1189.1709664338414,3.995503152605295,4,1,15,20,0,0.6240394693914012,0.38078329068389677,1.645001726352642e-07,0.2898833757434528,99.65159356748802,78.52238818558371,0.002318892789876795,0.2029220779220779,32.10163818924243,164.75113099900636
493,abundant,132.41229892548,104.76171262783166,45.18124745459586,0.10695128403921157,0.87580151821359,1199.6170169807883,3.973561481434602,4,1,15,20,0,0.6234972687667694,0.3797783455165274,0.00038935100978955097,0.2898809590374815,99.65097221377187,78.52173355844644,0.0023193242276827535,0.2029220779220779,32.10163818924243,156.0537109499177
494,abundant,132.5206353146791,104.70275984100648,45.25835539393992,0.10088558661141298,0.8728732991186949,1204.2039369023405,3.9707113859616117,4,1,15,20,0,0.6229552616486356,0.3787739918464292,0.00038918277554793513,0.2898785435366925,99.65039893206028,78.52107925776386,0.0023197554292990704,0.2029220779220779,32.10163818924243,171.27136117501217
495,abundant,132.48447915792568,104.74312137255255,45.22317170925959,0.03939221011658225,0.887709463151231,1201.10159255271,3.998347503289439,4,1,15,20,0,0.6224134628963984,0.3777593437541268,2.3988869934159023e-07,0.2898789693085788,99.65006618816867,78.52119458905959,0.002319675199061033,0.2029220779220779,32.10163818924243,168.16945061251243
496,abundant,132.71458036737633,104.70729906620423,45.318296036493734,0.2944074786824936,0.8671615107807289,1194.773011520112,3.9792244480590293,4,1,15,20,0,0.6218718873637448,0.3767561798839738,0.00038911449811055137,0.28987655425768294,99.64952847606102,78.52054041024216,0.002320106298713776,0.2029220779220779,32.10163818924243,164.087471847956
497,abundant,132.44696165980974,104.67868722651316,45.237537499062356,0.4055154199638713,0.8925921615720228,1192.3682161420875,3.9972068139111183,4,1,15,20,0,0.6213305498982409,0.37575361386190287,0.00038919938632644345,0.28987413857046396,99.6490389495176,78.51988605906023,0.0023205374950166563,0.2029220779220779,32.10163818924243,159.8810441254245
498,abundant,132.55893995552893,104.73671374782245,45.24221285810343,0.29917247681439263,0.8696887517758289,1171.5318931458605,4.0227883352756235,4,1,15,20,0,0.6207894653409267,0.37474074978091215,1.5467443849704476e-07,0.2898745649055782,99.64879135458872,78.52000154292077,0.002320457125576702,0.2029220779220779,32.10163818924243,150.96514568501036
499,abundant,132.5205129399801,104.73975078150279,45.24719012407789,0.16485543742176442,0.8671142733432512,1191.7583692285807,3.991927700019243,4,1,15,20,0,0.6202486485259096,0.3737284860159267,3.481568954078956e-07,0.2898749897651714,99.64811769589856,78.52011662709837,0.002320377013335338,0.2029220779220779,32.10163818924243,165.64539895107805
500,abundant,132.40530836408192,104.8036650455835,45.1653806952569,0.146807910616124,0.9061513557039985,1215.3974472436676,3.9689856892221154,4,1,15,20,0,0.619708114279955,0.37272770169172975,0.0003890929111071962,0.2898725747743627,99.64786799533057,78.51946246455712,0.002320808060235431,0.2029220779220779,32.10163818924243,158.23732143724777
501,abundant,132.565931526176,104.72456510869907,45.2631334110847,0.18341753111328163,0.8958167169219808,1190.6090092067825,3.98029871601449,4,1,15,20,0,0.6191678774220826,0.37172751314532815,0.0003891470986663017,0.2898701593931957,99.64763258774481,78.51880819627726,0.002321239163419524,0.2029220779220779,32.10163818924243,193.77268755700246
502,abundant,132.47627945894726,104.66632656685522,45.20294416276378,0.12429111849404795,0.8508534525061723,1188.7730453823751,4.00468706560863,4,1,15,20,0,0.6186279527631583,0.37071702623689856,1.3712892282600521e-07,0.2898705857812625,99.64738502996109,78.51892369448136,0.0023211587465460943,0.2029220779220779,32.10163818924243,151.58958736337027
503,abundant,132.60807949336538,104.72693037447831,45.29796357713903,0.12992440650448725,0.8496312941436203,1182.8444957965548,3.9863900385944784,4,1,15,20,0,0.6180883551054901,0.36971802951478877,0.00038930244665190145,0.28986816923057834,99.6469776866639,78.5182691094076,0.002321590041819212,0.2029220779220779,32.10163818924243,131.45168661550898
504,abundant,132.4366681187588,104.73933697722036,45.1730571657725,0.14420519473537186,0.8725965261363489,1182.003313736568,4.014047252242831,4,1,15,20,0,0.6175490992424199,0.36870872753716505,7.25551057073762e-08,0.2898685960766862,99.64697322267934,78.51838473168394,0.0023215095278552875,0.2029220779220779,32.10163818924243,171.37708107584788
505,abundant,132.58306144894044,104.72285489975896,45.28747477655989,0.13666843182145227,0.8768190712763536,1184.6324963029256,4.002797295034654,4,1,15,20,0,0.6170101999579197,0.3677000317759587,5.520981211703229e-07,0.28986901938700665,99.64664039747294,78.51849939620108,0.00232142964723297,0.2029220779220779,32.10163818924243,172.17434044457949
506,abundant,132.4620232580331,104.72306482726407,45.19564548974413,0.12009708285768504,0.8867992362365119,1204.8138636932708,3.9787420559515567,4,1,15,20,0,0.6164716720261856,0.3667028073417491,0.00038908589354378373,0.2898666043845638,99.64640199473443,78.51784523050841,0.002321860648356589,0.2029220779220779,32.10163818924243,164.34279199504738
507,abundant,132.50258789481177,104.82935773765357,45.25757243824271,0.0050276945334974755,0.8978843003660106,1205.6972931083437,3.9948545760649607,4,1,15,20,0,0.6159335302112331,0.3656952862609669,2.0723036253628618e-07,0.28986703019939125,99.64623955333393,78.51796057343586,0.0023217803020798354,0.2029220779220779,32.10163818924243,158.9487116433336
508,abundant,132.458284024389,104.6775011661793,45.18229257855768,0.11571359764017075,0.8427016068888091,1182.2891269208267,4.011781464930367,4,1,15,20,0,0.6153957892664913,0.3646883597015953,3.146007709691866e-07,0.28986745518944024,99.64582153933074,78.51807569295079,0.002321700099773048,0.2029220779220779,32.10163818924243,195.74234664055504
509,abundant,132.58198258314007,104.74938082819708,45.29545250292943,0.19181254420887625,0.8695561982059294,1199.0926980308068,3.9910073890666333,4,1,15,20,0,0.6148584639344004,0.36369290895722395,0.00038905592701637124,0.28986504035877425,99.64562139247856,78.5174215737883,0.0023221310521034477,0.2029220779220779,32.10163818924243,151.45091520858074
510,abundant,132.49465443093777,104.68185242286647,45.25287639145799,0.20645677073130564,0.8493621818169035,1175.2465119516928,3.9982632486765133,4,1,15,20,0,0.6143215689460058,0.3626871628129967,2.707719032088113e-07,0.28986546565343974,99.64537378835333,78.51753677581647,0.002322050779987937,0.2029220779220779,32.10163818924243,169.85705296194968
511,abundant,132.42816273983215,104.71793370764983,45.204984288413186,0.03866103016941289,0.8938196494894102,1211.2661479076341,3.9836568491639244,4,1,15,20,0,0.6137851190205543,0.36169289262432347,0.0003890515089072538,0.28986305083365393,99.64513383185559,78.51688265960118,0.002322481714332827,0.2029220779220779,32.10163818924243,159.38603044106068
512,abundant,132.5604975133728,104.61180833436225,45.27997243893406,0.1588673469902184,0.8452109902363628,1184.6268413453217,4.005191231115292,4,1,15,20,0,0.613249128865092,0.36068832539606205,2.4333893624187826e-07,0.28986347632327425,99.64505661196597,78.51699791443788,0.0023224013939704383,0.2029220779220779,32.10163818924243,164.1362671456726
513,abundant,132.46828021121883,104.74548732012067,45.23228384015673,0.173869081906984,0.8751422920462236,1195.7788094112984,4.012633539709399,4,1,15,20,0,0.6127136131740598,0.3596843496414788,3.2928243379140007e-07,0.28986390115200045,99.64472374657282,78.51711299025436,0.0023223211894030974,0.2029220779220779,32.10163818924243,145.83299756964138
514,abundant,132.60340032963163,104.67865534974631,45.31713946328614,0.12582482321120084,0.8586561517604288,1177.8908299457034,3.9860484498069404,4,1,15,20,0,0.6121785866288908,0.3586918461820085,0.0003890352079096604,0.28986148641099274,99.64448231112264,78.51645889537815,0.002322752092924926,0.2029220779220779,32.10163818924243,146.96980606474924
515,abundant,132.40055423762573,104.72844108458236,45.19502875870543,0.23594014250859635,0.8965285884874715,1192.015471384635,4.0156715695414125,4,1,15,20,0,0.6116440638976078,0.357689044406199,2.3908849284778007e-07,0.28986191189135946,99.6444050912101,78.51657414770828,0.002322671757585691,0.2029220779220779,32.10163818924243,168.65630944080945
516,abundant,132.47609488934103,104.72400539622075,45.24295522553056,0.05916441206951335,0.8676084802736831,1193.7887082015877,3.9971766569141187,4,1,15,20,0,0.611110059634422,0.3566868269843724,1.3013469082859993e-07,0.28986233815871704,99.64432790881467,78.51668961321519,0.00232259128177363,0.2029220779220779,32.10163818924243,161.1106812145667
517,abundant,132.46902357256195,104.75621443257704,45.194738299271435,0.044526987023964536,0.8708217463147633,1193.4629763527482,3.992151894142026,4,1,15,20,0,0.6105765884793295,0.3556852027493911,3.575837858697825e-07,0.28986276272476946,99.64390981535004,78.51680461787971,0.002322511107826225,0.2029220779220779,32.10163818924243,173.9244502366886
518,abundant,132.53961377910755,104.74394887437138,45.23649642789984,0.08972506487813908,0.8875359541831342,1210.5796244604717,3.98081303365718,4,1,15,20,0,0.6100436650577118,0.3546950495204035,0.0003891000919951026,0.28986034746157197,99.64370805131922,78.51615038155492,0.002322942090069174,0.2029220779220779,32.10163818924243,151.9447279098983
519,abundant,132.48355796287814,104.66506724855486,45.22129533908328,0.14096906800968156,0.8454254775520031,1175.0510542041739,3.985186514766073,4,1,15,20,0,0.6095113039799336,0.35370548173058325,0.00038909444849048584,0.2898579322332265,99.6433799073491,78.5154961546707,0.002323373049927138,0.2029220779220779,32.10163818924243,176.8525851773499
520,abundant,132.4959016628517,104.65241275591,45.242018970608086,0.0587930968877991,0.8165641603897594,1177.572062162326,4.01648893172197,4,1,15,20,0,0.6089795198409426,0.35270561002510337,2.0594090036743608e-07,0.2898583578877937,99.64313222784142,78.51561145418752,0.002323292649441853,0.2029220779220779,32.10163818924243,177.93186023118005
521,abundant,132.41002107367507,104.70072515175187,45.15632729723076,0.05502162091287191,0.8380174214251352,1185.4317231894238,4.003576566362749,4,1,15,20,0,0.6084483272198699,0.3517063222305512,1.9162105892848368e-07,0.2898587836302578,99.64296970265289,78.51572677751349,0.0023232122329191955,0.2029220779220779,32.10163818924243,157.7452469737949
522,abundant,132.43291550124076,104.76763245468506,45.213384407825835,0.126232710466777,0.8843592725120751,1200.3031621159753,3.99088600298173,4,1,15,20,0,0.6079177406796294,0.3507185085561386,0.00038913715482175113,0.2898563680375582,99.64255488893068,78.51507245193457,0.0023236432395514635,0.2029220779220779,32.10163818924243,141.33139512444052
523,abundant,132.5682850603343,104.72672663175302,45.288007161695404,0.19930424938387137,0.8882471598696507,1181.6797635125113,4.023628527318204,4,1,15,20,0,0.6073877747665191,0.3497203863363343,1.547299578886126e-07,0.28985679401944964,99.64239236398956,78.5151878401156,0.0023235627623480314,0.2029220779220779,32.10163818924243,159.9792785216377
524,abundant,132.48644316987819,104.78463648666154,45.21881227265107,0.11409816078930507,0.8482005262860164,1192.5711363718292,3.993781361770489,4,1,15,20,0,0.6068584440098225,0.3487228467320274,1.6728942617495862e-07,0.2898572198776039,99.64205945750398,78.51530319477922,0.00232348230445321,0.2029220779220779,32.10163818924243,166.81711180354034
525,abundant,132.59127714573955,104.74651651546365,45.301635840350706,0.13542130518355341,0.9009193545355689,1205.9145388506877,3.9740625058193584,4,1,15,20,0,0.6063297629214089,0.34773678017855425,0.0003891494907263219,0.2898548041551983,99.64185611079157,78.51464883406608,0.002323913317928508,0.2029220779220779,32.10163818924243,147.67724732533677
526,abundant,132.4327693855679,104.74061862063837,45.18771542828924,0.16930462325945464,0.8756131540722397,1194.8360504235534,3.9858480517336057,4,1,15,20,0,0.6058017459953383,0.34675129177590114,0.0003890542122071685,0.28985238912962547,99.64161029228805,78.51399466210806,0.002324344191157605,0.2029220779220779,32.10163818924243,174.42289169215314
527,abundant,132.54515038009362,104.6996521949018,45.260026591821195,0.10472682391006538,0.8678176149890766,1154.559438337128,4.0177448935024005,4,1,15,20,0,0.6052744077074611,0.3457554950659767,1.8351977960475726e-07,0.28985281484796493,99.64127734354601,78.51410997889926,0.00232426372747143,0.2029220779220779,32.10163818924243,184.6011139020642
528,abundant,132.563645700608,104.69096786876129,45.2795338841934,0.12815655661567646,0.8362231480853441,1198.7012768709756,3.991542244029568,4,1,15,20,0,0.6047477625150228,0.34477116495180704,0.00038901516417054623,0.2898504000851515,99.64111506707528,78.51345587811639,0.0023246945371898893,0.2029220779220779,32.10163818924243,175.40160944256147
529,abundant,132.51257709946682,104.71981115770068,45.21984904954443,0.142990763129065,0.8647452807474143,1179.0040734933573,4.025430012391393,4,1,15,20,0,0.6042218248562672,0.3437765263935624,1.9461061752854094e-07,0.2898508257222087,99.64103780007001,78.51357117289017,0.0023246140759223574,0.2029220779220779,32.10163818924243,139.3928447388736
530,abundant,132.5931190892839,104.77913297611582,45.300717215269884,0.033544970810558745,0.8750733566782176,1198.6941192839877,3.989819231184709,4,1,15,20,0,0.6036966091500415,0.34278246638160437,2.235038188921617e-07,0.28985125112438687,99.64078999725872,78.51368640404091,0.0023245336554399356,0.2029220779220779,32.10163818924243,148.53520516620776
531,abundant,132.52114578421583,104.70222993006311,45.270557537615595,0.045230299021774015,0.8545338972308435,1181.2938553567583,3.9790202774523435,4,1,15,20,0,0.603172129795399,0.3417998717490883,0.00038909679496324645,0.2898488357253544,99.64045592908386,78.51303213092173,0.0023249645631215248,0.2029220779220779,32.10163818924243,164.50081918775808
532,abundant,132.54268434557346,104.77401856350713,45.27541837769575,0.05914702437962052,0.8492698583766327,1195.013222612797,3.9922416096833335,4,1,15,20,0,0.6026484011712063,0.340806962138388,1.296638577421e-07,0.28984926179654347,99.64037851048828,78.51314754329132,0.0023248840070804484,0.2029220779220779,32.10163818924243,179.5356496843084
533,abundant,132.4837974367733,104.73000047154896,45.227856490288474,0.10596943923748182,0.875644343072731,1208.670971368032,3.969161147492883,4,1,15,20,0,0.6021254376357486,0.33982552064606797,0.000389160324257612,0.2898468459013319,99.63987243380214,78.51249313576922,0.002325314986131257,0.2029220779220779,32.10163818924243,178.93074991088582
534,abundant,132.53460804931808,104.66894561660519,45.25871464282811,0.09565274785875354,0.8674612195573953,1189.4567738947808,3.9961897677485885,4,1,15,20,0,0.6016032535263347,0.3388337608988521,1.3684511147137035e-07,0.28984727188021353,99.63970989804154,78.51260852313497,0.002325234427365481,0.2029220779220779,32.10163818924243,177.66251161906942
535,abundant,132.54904589676326,104.73428135580315,45.26627994438538,0.04137101613016856,0.8857777126583222,1210.9809933338765,3.967395538602936,4,1,15,20,0,0.601081863158906,0.3378485805953924,0.00021463378625343577,0.28984613090598305,99.63946018153463,78.51229946083981,0.002325435911152848,0.2029220779220779,32.10163818924243,146.1600911578871
536,abundant,132.42654801406087,104.67557118246589,45.20034935018758,0.18716548531108937,0.8839801209183752,1189.2372216017684,3.995783382172594,4,1,15,20,0,0.6005612808276432,0.33685796622262043,1.0843351410528414e-07,0.28984655705743284,99.63921241922921,78.5124148949501,0.002325355310830251,0.2029220779220779,32.10163818924243,178.09106929261782
537,abundant,132.54008000784899,104.78138563545822,45.261785805798006,0.19481072819804457,0.8740476360482519,1200.6930814690058,3.9695853509225603,4,1,15,20,0,0.6000415208045732,0.33587881765630484,0.0003891823774842359,0.2898441409578161,99.63900741521685,78.51176043205959,0.002325786302514184,0.2029220779220779,32.10163818924243,139.08403471097523
538,abundant,132.4765214716862,104.76749283190306,45.22814951886363,0.10468952319794081,0.8450123675717276,1203.7296674068057,3.9783350974594716,4,1,15,20,0,0.5995225973391801,0.3348893750446107,1.1516206741909625e-06,0.289844559476408,99.6388448339067,78.51187379861348,0.002325707061701179,0.2029220779220779,32.10163818924243,168.3889259957183
539,abundant,132.54887059020572,104.70840437491337,45.27017044304315,0.11482045594923693,0.8604602211366237,1175.8764037742512,4.011987669424346,4,1,15,20,0,0.5990045246580128,0.33390047606147627,2.1407105013050896e-07,0.289844984812403,99.63851180628531,78.5119890118368,0.002325626590865473,0.2029220779220779,32.10163818924243,168.08718427550752
540,abundant,132.49847418968045,104.67601957825387,45.224731162758395,0.03998147389124142,0.8432987930825467,1189.2624033643733,3.9837075094759613,4,1,15,20,0,0.5984873169642955,0.3329121607637126,7.411034633455254e-07,0.28984540628400435,99.63843445587729,78.51210317828945,0.002325546815813184,0.2029220779220779,32.10163818924243,167.04194538419057
541,abundant,132.43548114428523,104.7427707309654,45.21410327777842,0.183139047558815,0.8612727332324529,1199.425379837594,4.01626323710371,4,1,15,20,0,0.5979709884375382,0.33192439862880535,2.125847910074013e-07,0.28984583159205957,99.63818669262989,78.51221838394457,0.0023254663485872086,0.2029220779220779,32.10163818924243,155.64996446102117
542,abundant,132.42758094372067,104.69772574218102,45.20745776004297,0.09382587831283817,0.8482128763421968,1177.3352062422782,3.998442673885183,4,1,15,20,0,0.5974555532331484,0.33093720095234314,1.2257479329196208e-07,0.28984625753384213,99.63793889262344,78.51233376126109,0.0023253857658019927,0.2029220779220779,32.10163818924243,168.2159169709779
543,abundant,132.45459050209428,104.7316212863002,45.23098418542305,0.09684171703114411,0.8610332843974995,1193.5823872608162,3.9840996585307056,4,1,15,20,0,0.5969410254820426,0.3299505998426661,1.2149411866735707e-06,0.2898466754509802,99.63752066556845,78.51244696489569,0.002325306622155742,0.2029220779220779,32.10163818924243,176.32348261344094
544,abundant,132.44016793761534,104.71147603935604,45.18929829065617,0.07276396490665256,0.8314924410511835,1183.8671114409226,3.99618275499517,4,1,15,20,0,0.5964274192902591,0.3289645331183511,1.2274658266334626e-07,0.2898471013364465,99.63743978308432,78.51256232695748,0.002325226045142371,0.2029220779220779,32.10163818924243,203.87930662822598
545,abundant,132.53052469037152,104.78884942614069,45.28125235040221,0.10847686686639035,0.8707334991661365,1194.645236590688,3.973039377772181,4,1,15,20,0,0.5959147487385709,0.32797904819842616,7.608459814301003e-07,0.28984752253277857,99.63719197820942,78.51267641884635,0.002325146309956905,0.2029220779220779,32.10163818924243,156.86396549033387
546,abundant,132.53531989368682,104.74198533930169,45.24069420781059,0.05892096355402452,0.8395849233708795,1183.67191614279,4.001401151269689,4,1,15,20,0,0.5954030278821005,0.32699410693803244,7.393845074404868e-08,0.28984794874430386,99.63719294620067,78.51279186922963,0.0023250656743325376,0.2029220779220779,32.10163818924243,174.2776859887632
547,abundant,132.51778626351995,104.76383068655902,45.26056933112377,0.10199890844770063,0.8518216252919245,1185.217814459218,3.9947509964120145,4,1,15,20,0,0.5948922707499332,0.3260206210308142,0.0003891282359510423,0.28984553285466347,99.63707163333481,78.51213746321663,0.0023254966048829903,0.2029220779220779,32.10163818924243,152.69059290090667
548,abundant,132.52858326370173,104.65698353556236,45.25799360147965,0.16538253714126225,0.8374032969120413,1192.1246575606056,4.005765920002304,4,1,15,20,0,0.5943824913447343,0.32503680367666454,1.2094034363502314e-07,0.2898459587212992,99.636909061377,78.51225282017768,0.002325416018898106,0.2029220779220779,32.10163818924243,188.1182933332424
549,abundant,132.38709904411883,104.71996937119647,45.18643259804916,0.102310621268308,0.8516291729870267,1191.7570669131237,3.9808346240462305,4,1,15,20,0,0.5938737036423631,0.32405358525643646,1.5233492329023927e-06,0.2898463743287738,99.63683133796987,78.51236539818038,0.0023253372797238927,0.2029220779220779,32.10163818924243,168.2152464674723
550,abundant,132.5745780784613,104.7309421620315,45.277416439966444,0.20110763988065733,0.8213554025061842,1189.3552788181114,4.021645932189291,4,1,15,20,0,0.593365921591492,0.3230708878772454,1.833771284619192e-07,0.2898467997149812,99.63675395534797,78.51248062500503,0.0023252567813685037,0.2029220779220779,32.10163818924243,148.6054112752382
551,abundant,132.4256195771544,104.76617977670985,45.173374917749946,0.1113997672820836,0.8722214186145809,1180.6842398916488,4.0052626769093544,4,1,15,20,0,0.5928591591132223,0.3220887468148344,1.4330762665187782e-07,0.2898472253760995,99.63659128136317,78.51259592629638,0.0023251762331211842,0.2029220779220779,32.10163818924243,168.0652701638159
552,abundant,132.6070149835937,104.6660075570279,45.28518664252982,0.18924912577429037,0.8700317759102022,1177.8392188233702,3.995971641939826,4,1,15,20,0,0.5923534301007032,0.32110716253698346,1.6054499120637254e-07,0.28984765090125914,99.63651374709846,78.51271119075983,0.0023250957103358584,0.2029220779220779,32.10163818924243,167.6256473527679
553,abundant,132.48226195282413,104.73514847735522,45.211322420152634,0.1425162080741065,0.8666158128879781,1201.262733901458,3.9789019056798742,4,1,15,20,0,0.591848748418751,0.320137021284284,0.0003890132343320904,0.2898452357977199,99.63639077882131,78.5120569976826,0.002325526488629002,0.2029220779220779,32.10163818924243,170.61730339009256
554,abundant,132.59460360672267,104.73814689866694,45.2939779643241,0.11747943023531814,0.8747568959643094,1171.4659876874648,4.018013521160052,4,1,15,20,0,0.5913451279034694,0.3191565444379043,9.979693120132494e-08,0.28984566177257814,99.63631342883852,78.51217238395851,0.002325445873805257,0.2029220779220779,32.10163818924243,155.09706479549408
555,abundant,132.53263558518532,104.76171410479387,45.24614337961222,0.09841731756205267,0.8746557700485873,1216.4655066828127,3.9801893867231164,4,1,15,20,0,0.5908425823618685,0.31818751031130454,0.00038902549993864244,0.2898432465928071,99.63627392401659,78.51151817023192,0.0023258766560680733,0.2029220779220779,32.10163818924243,162.21841601118697
556,abundant,132.54494523119146,104.70515444152481,45.28207972432721,0.035481594518960845,0.8742935723426345,1203.7075924839883,4.001510879937831,4,1,15,20,0,0.5903411255714887,0.3172082054772631,2.5144316873379707e-06,0.2898436549297225,99.63611121561928,78.51162877881617,0.0023257992040636145,0.2029220779220779,32.10163818924243,147.49375660854167
557,abundant,132.47658026707734,104.80859431423255,45.253295820083316,0.22234305968472906,0.8362760856251046,1181.0599331727717,4.020445689046034,4,1,15,20,0,0.589840771280021,0.31622938336365153,9.767130011693799e-08,0.28984408091151803,99.63603386559481,78.51174416697121,0.0023257185769757784,0.2029220779220779,32.10163818924243,135.30574540859087
558,abundant,132.53254285292874,104.76362654528606,45.23967241939749,0.18306532915444418,0.8886241333484884,1183.7813358415879,4.022235692521179,4,1,15,20,0,0.5893415332049313,0.3152511111289832,1.232806112690118e-07,0.2898445066884295,99.6358712153295,78.51185949962813,0.0023256379863608565,0.2029220779220779,32.10163818924243,175.75508270343042
559,abundant,132.58644163063755,104.64935779048125,45.299883812700976,0.20354294077996707,0.8321992242803133,1177.445112685382,3.9911258723554943,4,1,15,20,0,0.5888434250330834,0.3142733876942809,1.5474407646817323e-07,0.28984493222545704,99.63579368142777,78.51197476730631,0.0023255574399151497,0.2029220779220779,32.10163818924243,190.22313430892882
560,abundant,132.46155233013417,104.67266937793335,45.209964721660675,0.15409736481726716,0.8549634380127461,1173.608056118086,3.9764520896788538,4,1,15,20,0,0.5883464604203645,0.3133070986830968,0.0003890034027958818,0.2898425171626159,99.63566755338262,78.5113205852532,0.0023259881892489114,0.2029220779220779,32.10163818924243,143.62326522195292
561,abundant,132.51504872059988,104.7608048937502,45.26309760781656,0.041667886451434266,0.8440056784538118,1197.1142407097977,3.9891256719204353,4,1,15,20,0,0.5878506529913103,0.31233046507902373,7.550776243879312e-08,0.28984294329155214,99.6356753578573,78.51143601326513,0.0023259075264566026,0.2029220779220779,32.10163818924243,162.73342405137012
562,abundant,132.52123456551223,104.72046769395511,45.207645169121136,0.12991361407600058,0.8511316655509225,1182.3954109908227,3.990163336091356,4,1,15,20,0,0.5873560163387324,0.3113652676163254,0.00038907697408297945,0.2898405277040216,99.63554757667593,78.51078168908636,0.002326338360372899,0.2029220779220779,32.10163818924243,166.31251705096528
563,abundant,132.58670327830714,104.73333313202264,45.305700608981766,0.11468717944185962,0.8505607236080004,1193.1696404225513,3.976296679598497,4,1,15,20,0,0.5868625640233441,0.3103897867945241,2.428522299832961e-06,0.2898409366445511,99.63547002276604,78.51089246117503,0.002326260779375974,0.2029220779220779,32.10163818924243,160.5604530246224
564,abundant,132.45930920046465,104.76187554218279,45.22320015999003,0.13232719520572708,0.8505887009484532,1185.857815197327,4.004669045537729,4,1,15,20,0,0.5863703095733902,0.30941478150260565,7.316472511562422e-08,0.28984136278916595,99.63547782659141,78.5110078934339,0.0023261801040380596,0.2029220779220779,32.10163818924243,158.46799161779035
565,abundant,132.56242650923488,104.68526049116981,45.28006802051257,0.1347479822445968,0.8704614703335168,1189.815692093507,3.9840769098365856,4,1,15,20,0,0.5858792664842747,0.30844033835739904,8.588545017917015e-07,0.28984178315653164,99.63514471487565,78.51112176077585,0.002326100464596489,0.2029220779220779,32.10163818924243,158.46626272191753
566,abundant,132.57784663393656,104.74520164277521,45.29870323271865,0.0705288377993409,0.8480836194514259,1181.0003723629488,3.999696546545197,4,1,15,20,0,0.5853894482181924,0.3074664126221266,9.49202694031695e-08,0.289842209102321,99.63515244461856,78.51123713917771,0.002326019823431098,0.2029220779220779,32.10163818924243,154.1290353614397
567,abundant,132.52218718522406,104.73972914718355,45.25409741145859,0.007744353220667351,0.881572030501359,1190.8338267768486,3.978051688816943,4,1,15,20,0,0.5849008682037579,0.3064930442300102,8.058181350339655e-07,0.28984262983277287,99.63498978753246,78.5113511048709,0.002325940119817773,0.2029220779220779,32.10163818924243,155.2205745250452
568,abundant,132.48584332517441,104.6427041834256,45.215626910221964,0.11126892713339397,0.8388055487231391,1177.6534192972686,4.00948431581727,4,1,15,20,0,0.5844135398356397,0.3055201920785135,9.794008856024614e-08,0.28984305572438385,99.63491240049623,78.51146646859715,0.002325859488190541,0.2029220779220779,32.10163818924243,176.4694167870836
569,abundant,132.52943731642216,104.71468248636562,45.234679587045505,0.11102099482378634,0.8481051475663914,1196.5222198232223,3.989460821474897,4,1,15,20,0,0.5839274764741909,0.3045587638554462,0.00038900003765128966,0.2898406406173618,99.63469788909401,78.51081227457651,0.0023262902226119046,0.2029220779220779,32.10163818924243,156.92979005915947
570,abundant,132.4475662780222,104.7855465652537,45.21016442879299,0.1788035130108893,0.8441573403474352,1191.028265697183,3.9963332877030266,4,1,15,20,0,0.5834426914450843,0.3035869789524305,7.34847816691589e-08,0.2898410666923132,99.63470569300759,78.51092768796522,0.002326209546672512,0.2029220779220779,32.10163818924243,167.05150834654103
571,abundant,132.56831877111998,104.76343623531112,45.255673345606134,0.2321144535612843,0.8867050039304418,1195.4515708769613,3.983434395228153,4,1,15,20,0,0.5829591980389457,0.3026266192436972,0.0003891217539141827,0.2898386507082741,99.63457457128027,78.51027325638191,0.0023266404289827036,0.2029220779220779,32.10163818924243,157.03207754479465
572,abundant,132.4921446359624,104.73350905818751,45.22969164869694,0.17838669257222237,0.8663940239540482,1191.3372507039894,3.981590930159559,4,1,15,20,0,0.5824770095109919,0.3016559426040596,1.7168151599199136e-06,0.2898390647785318,99.63449709678667,78.51038541798974,0.002326561901681287,0.2029220779220779,32.10163818924243,179.81133738537392
573,abundant,132.4599910555836,104.766278859016,45.20855921941992,0.018718462763847338,0.8367124022180864,1191.2722824675802,4.003217273096647,4,1,15,20,0,0.5819961390806646,0.30068574929289615,8.72080447930632e-08,0.2898394907511242,99.63450486421588,78.5105008036519,0.0023264812343533306,0.2029220779220779,32.10163818924243,158.7440597945318
574,abundant,132.60064260134504,104.77590682816691,45.2870402480431,0.14718874179199445,0.8452192886050728,1199.884338085969,3.990202488762702,4,1,15,20,0,0.5815165999312695,0.29971610448173436,8.374558098195029e-07,0.2898399112131457,99.63425694368702,78.5106146966338,0.002326401556319115,0.2029220779220779,32.10163818924243,135.01327420190879
575,abundant,132.5654489141663,104.76643010913703,45.29382959531799,0.04735408958759828,0.8710834030450187,1178.849712926596,4.015481163167043,4,1,15,20,0,0.5810384052096146,0.298746963911256,5.983043520663397e-08,0.28984033735361475,99.63426478396617,78.51073012776968,0.0023263208585600804,0.2029220779220779,32.10163818924243,149.52316701977426
576,abundant,132.52412138698102,104.72765145345028,45.23832810713946,0.09287208182224702,0.8419633542259135,1180.7190368195515,3.991084162350879,4,1,15,20,0,0.5805615680256501,0.2977783687544632,8.060012603546004e-07,0.2898407580210639,99.63410205362516,78.51084407639696,0.0023262411447351177,0.2029220779220779,32.10163818924243,163.77009374955645
577,abundant,132.52130644884647,104.7326816220537,45.273526109384335,0.0856755700605307,0.8514661023822842,1181.2388576299636,4.0063364785694535,4,1,15,20,0,0.5800861014521079,0.2968102776341095,1.2825870304888245e-07,0.2898411836295192,99.63402455657443,78.5109593634232,0.0023261605425214374,0.2029220779220779,32.10163818924243,162.45106508843003
578,abundant,132.47427861754056,104.67193279428642,45.19637236053486,0.10978745822276123,0.8194890372285133,1175.701559245048,3.9986188860140732,4,1,15,20,0,0.5796120185241445,0.29584270657010014,7.701311600954277e-08,0.28984160961007327,99.63403236132305,78.51107475124198,0.0023260798757241178,0.2029220779220779,32.10163818924243,176.71624950278917
579,abundant,132.39417128211318,104.74404670876115,45.17032773919547,0.2033068899293343,0.8517968273504567,1185.1490921996956,4.001962233822802,4,1,15,20,0,0.5791393322389824,0.2948865462022876,0.00038903205893971713,0.28983919420459153,99.63381465670189,78.51042047637581,0.002326510644597722,0.2029220779220779,32.10163818924243,132.29689504826922
580,abundant,132.60164887698937,104.70947803539727,45.29512798861459,0.2527498925016303,0.8571339561046768,1190.404027506309,3.999596825127863,4,1,15,20,0,0.5786680555555556,0.2939200140780714,9.774624726182338e-08,0.28983962003776603,99.63382238697308,78.51053582427305,0.0023264299929060656,0.2029220779220779,32.10163818924243,180.94483810655203
581,abundant,132.4242768366934,104.6916756039139,45.19716383983183,0.21620852119218198,0.8633171545332435,1181.828693537318,3.9914855454619076,4,1,15,20,0,0.578198201394152,0.2929648878345163,0.0003889920706581157,0.2898372049281917,99.63360321199183,78.50988162956105,0.002326860697042867,0.2029220779220779,32.10163818924243,183.41701304218046
582,abundant,132.49181768403983,104.71234485159755,45.23142320958594,0.10859880242621622,0.8065720130531441,1181.8567321357405,4.00024473743248,4,1,15,20,0,0.577729782636061,0.2919993885357456,1.236474645953319e-07,0.2898376305681664,99.63352571502912,78.50999692512512,0.0023267800672540587,0.2029220779220779,32.10163818924243,177.7083533325054
583,abundant,132.5461020621528,104.74115161935259,45.27163786728913,0.17184952780694301,0.8342193856697575,1206.7603632393439,3.9778854168459503,4,1,15,20,0,0.5772628121232191,0.2910344651074141,2.3451787152656833e-06,0.28983803994190677,99.63319258962893,78.51010781456013,0.0023267023613327592,0.2029220779220779,32.10163818924243,157.4199878322555
584,abundant,132.61449761336303,104.73349305050272,45.27438660239457,0.18622223677895214,0.8157072802953862,1176.4605732686032,4.003796743168244,4,1,15,20,0,0.576797302657859,0.2900699904169513,8.365931937865066e-08,0.2898384658342255,99.63320035618605,78.51022317847809,0.002326621684461635,0.2029220779220779,32.10163818924243,145.41081890761234
585,abundant,132.53735215741733,104.73273667669952,45.2652272605462,0.13119251265047907,0.8572839945287682,1201.558851768932,3.98121280815005,4,1,15,20,0,0.576333267002158,0.2891169174635789,0.0003890585832104075,0.28983605020245784,99.63306461059747,78.50956884231655,0.002327052469399246,0.2029220779220779,32.10163818924243,159.9292119943638
586,abundant,132.55842838535852,104.72786164415805,45.25048001841127,0.07869896035146415,0.8403590563346287,1209.5279828113416,3.97571537757872,4,1,0,0,35,0.05380342753552911,0.29747773369328984,0.0,0.28983647671718593,99.6330726348921,78.50968437483014,0.002326971670369049,0.2029220779220779,32.10163818924243,164.57848171791596
587,abundant,132.5322131878505,104.73656281994674,45.26255826056853,0.13768144301052182,0.871537765934703,1217.5132818701459,3.970154540861775,4,1,0,0,35,0.05378865527865793,0.30583856617248334,0.0,0.28983690322966893,99.63308065920317,78.5097999067356,0.0023268908741443267,0.2029220779220779,32.10163818924243,159.21335905118082
588,abundant,132.55100585504857,104.72536361192982,45.24955946022952,0.08838618324111133,0.8588438030296905,1225.4779561172545,3.9646915786734915,4,1,0,0,35,0.053773931462250395,0.31419941484787484,0.0,0.2898373297399066,99.63308868353066,78.50991543803283,0.002326810080724979,0.2029220779220779,32.10163818924243,164.09392013685226
589,abundant,132.52486905272292,104.73382921760007,45.26125764758946,0.1344487881268542,0.8923181991421623,1233.3990697441914,3.959502445587422,4,1,0,0,35,0.05375925648996735,0.32256027966573586,0.0,0.2898377562478991,99.63309670787459,78.5100309687219,0.00232672929011091,0.2029220779220779,32.10163818924243,159.16600959482136
590,abundant,132.54608648938577,104.73151207519709,45.24744835584454,0.08473872266472347,0.87933001306653,1241.3527469414548,3.9546796800458117,4,1,0,0,35,0.053744630764130594,0.3309211605718953,0.0,0.2898381827536465,99.63310473223494,78.51014649880283,0.002326648502302022,0.2029220779220779,32.10163818924243,165.07702125517477
591,abundant,132.51885389903876,104.725677832238,45.258835030543736,0.13743525498513193,0.9138743174720303,1249.2757008085246,3.9499017334332596,4,1,0,0,35,0.05373005468571177,0.339282057511741,0.0,0.2898386092571486,99.63311275661171,78.51026202827556,0.002326567717298218,0.2029220779220779,32.10163818924243,160.29848977694476
592,abundant,132.5399359515526,104.72889452265996,45.24606823880579,0.08281602715500097,0.8998591435585853,1257.11110292816,3.9451905030268297,4,1,0,0,35,0.053715528654321436,0.3476429704302213,0.0,0.28983903575840564,99.63312078100492,78.51037755714016,0.0023264869350994,0.2029220779220779,32.10163818924243,154.93867003554163
593,abundant,132.51344315392413,104.72039703492938,45.25720230058916,0.1381956896224275,0.9333938399897309,1265.0647358106726,3.94038724253483,4,1,0,0,35,0.05370105306819809,0.35600389927184634,0.0,0.2898394622574175,99.6331288054145,78.51049308539662,0.00232640615570547,0.2029220779220779,32.10163818924243,160.33868858337328
594,abundant,132.5336879617894,104.72662122275166,45.24482576796149,0.08600382153562086,0.9201790657731918,1272.8845785214144,3.9355911914885287,4,1,0,0,35,0.05368662832419723,0.3643648439806897,0.0,0.28983988875418415,99.63313682984055,78.51060861304488,0.002326325379116332,0.2029220779220779,32.10163818924243,145.01557521108634
595,abundant,132.50719824225996,104.71773786856238,45.255743980100206,0.143826391267525,0.9527528858853164,1280.711814369075,3.9308442249370823,4,1,0,0,35,0.05367225481778049,0.3727258045003901,0.0,0.2898403152487058,99.63314485428302,78.51072414008502,0.0023262446053318874,0.2029220779220779,32.10163818924243,149.802053915321
596,abundant,132.5284460150817,104.71960047217013,45.244342867190724,0.09242442190713744,0.9369161799162052,1288.4295776941362,3.9262041163333374,4,1,0,0,35,0.053657932943004825,0.3810867807741528,0.0,0.28984074174098223,99.63315287874188,78.510839666517,0.00232616383435204,0.2029220779220779,32.10163818924243,144.64531131663318
597,abundant,132.50111005836936,104.71913439455575,45.25404003933036,0.13954245165917203,0.9697550369313546,1296.173657362975,3.9215779898223335,4,1,0,0,35,0.05364366309251165,0.3894477727447511,0.0,0.2898411682310121,99.63316087391534,78.51095519234043,0.002326083066176692,0.2029220779220779,32.10163818924243,149.88834622641534
598,abundant,132.52266624049838,104.71562803335449,45.24352220984494,0.09861494813539814,0.9531788669587351,1303.8397458567997,3.917048643866001,4,1,0,0,35,0.053629445657516144,0.3978087803545278,0.0,0.2898415947187948,99.6331688567594,78.51107071755516,0.0023260023008057447,0.2029220779220779,32.10163818924243,155.61384125441498
599,abundant,132.49597906904876,104.71806555064815,45.252731651808716,0.13970075688352002,0.9841363228877742,1311.416137235181,3.9127025804144346,4,1,0,0,35,0.053615281027796474,0.40616980354539717,0.0,0.28984202120433034,99.63317683961984,78.51118624216119,0.0023259215382391034,0.2029220779220779,32.10163818924243,150.34331280883146
600,abundant,132.51653185608504,104.70835191865939,45.242716895848766,0.1113424786325347,0.9681609752320104,1318.9337206709315,3.908390157435885,4,1,0,0,35,0.05360116959168308,0.41453084225884634,0.0,0.2898424476876187,99.63318482249672,78.51130176615851,0.0023258407784766686,0.2029220779220779,32.10163818924243,164.77333928847818
601,abundant,132.49020106527877,104.71240560260622,45.251666584489215,0.14046624576242886,0.9990880684696042,1326.5648914535413,3.904006756000773,4,1,0,0,35,0.05358711173604815,0.4228918964359367,0.0,0.28984287416865984,99.63319280538995,78.51141728954711,0.002325760021518343,0.2029220779220779,32.10163818924243,160.37602996466006
602,abundant,132.51067792741776,104.70201611818933,45.24201116823251,0.11707635144107512,0.9822386208046822,1334.156184652733,3.8995484543997003,4,1,0,0,35,0.05357310784629489,0.4312529660173058,0.0,0.28984330064745395,99.6332007882996,78.51153281232706,0.00232567926736403,0.2029220779220779,32.10163818924243,165.78470865931993
603,abundant,132.48501665267935,104.70712261690775,45.250692846588414,0.14196132637586695,1.0103344682899733,1341.7323242427374,3.8952262791674923,4,1,0,0,35,0.053559158306347,0.43961405094316885,0.0,0.28984372712400003,99.63320873896545,78.51164833449806,0.0023255985160136323,0.2029220779220779,32.10163818924243,160.71130934986954
604,abundant,132.50297698608443,104.69116070105706,45.24313786023581,0.12718506996167195,0.9952423967015877,1349.435103005584,3.8908854204800813,4,1,0,0,35,0.05354526349863817,0.4479751511533203,0.0,0.2898441535982979,99.63321668005378,78.51176385606009,0.002325517767467052,0.2029220779220779,32.10163818924243,165.1793899321647
605,abundant,132.4836771505556,104.70577557204751,45.24772573755917,0.1298164992991352,1.0170745041428524,1357.16714470015,3.886408657734988,4,1,0,0,35,0.05353142380410156,0.4563362665871358,0.0,0.28984458007034763,99.63322462115848,78.51187937701313,0.002325437021724192,0.2029220779220779,32.10163818924243,160.3478386595906
606,abundant,132.4971070691862,104.68408757565213,45.24292259660979,0.14219756373621223,1.0072852730987447,1364.981435231486,3.8819927167136896,4,1,0,0,35,0.05351763960215941,0.4646973971835735,0.0,0.28984500654014916,99.63323256227955,78.5119948973572,0.0023253562787849554,0.2029220779220779,32.10163818924243,165.61023590884255
607,abundant,132.4765175142099,104.69667330049805,45.248456975129336,0.13257779182709206,1.0309330937521832,1372.6854102939542,3.8775783664026773,4,1,0,0,35,0.05350391127071257,0.47305854288117577,0.0,0.2898454330077026,99.633240503417,78.5121104170923,0.002325275538649244,0.2029220779220779,32.10163818924243,161.02540920193505
608,abundant,132.49623522290986,104.6829250774868,45.24029837946355,0.13083538297449346,1.0148543461393278,1380.4103548690764,3.8731720425502836,4,1,0,0,35,0.05349023918613018,0.48141970361807096,0.0,0.28984585947300784,99.63324844457084,78.51222593621844,0.0023251948013169607,0.2029220779220779,32.10163818924243,166.88434421274567
609,abundant,132.47002853394213,104.68299226461119,45.24887547797701,0.14851397546679215,1.0444369875510848,1388.1380953243206,3.868797858827193,4,1,0,0,35,0.05347662372323934,0.4897808793319754,0.0,0.289846285936065,99.63325638558068,78.51234145473562,0.002325114066788009,0.2029220779220779,32.10163818924243,162.39840442200222
610,abundant,132.49199133091304,104.67787678168808,45.23904684112168,0.12670430662694826,1.025988651231109,1395.8564549220173,3.8643616091703064,4,1,0,0,35,0.05346306525531485,0.4981420699601944,0.0,0.2898467123968735,99.63326428490909,78.51245697264369,0.00232503333506229,0.2029220779220779,32.10163818924243,168.09168816674944
611,abundant,132.46554404084,104.67344447879533,45.24846172481651,0.1531085460300926,1.055456733082603,1403.5205607219978,3.859836974149421,4,1,0,0,35,0.05344956415406896,0.5065032754396249,0.0,0.28984713885543345,99.63327218425391,78.51257248994268,0.002324952606139708,0.2029220779220779,32.10163818924243,163.35329642124998
612,abundant,132.48684840576166,104.67617924353567,45.23832181191645,0.12202176164049536,1.0361460055627083,1411.1387071248027,3.855352734631854,4,1,0,0,35,0.05343612078964117,0.5148644957067563,0.0,0.2898475653117449,99.63328008361508,78.51268800663262,0.002324871880020165,0.2029220779220779,32.10163818924243,158.65298594047266
613,abundant,132.4632395961834,104.66135853010718,45.24764948432072,0.1668221975041013,1.0617758777929456,1418.744861444473,3.850828771898741,4,1,0,0,35,0.05342273553058811,0.5232257306976726,0.0,0.28984799176580783,99.63328798299258,78.51280352271348,0.0023247911567035625,0.2029220779220779,32.10163818924243,164.2823807766503
614,abundant,132.47877166149826,104.67407432470533,45.23936596858175,0.12320096500882081,1.0477647912145511,1426.3869372030604,3.846248246026849,4,1,0,0,35,0.05340940874387343,0.5315869803480546,0.0,0.28984841821762225,99.63329588238643,78.51291903818527,0.0023247104361898054,0.2029220779220779,32.10163818924243,159.72254233153214
615,abundant,132.4605658511599,104.6516472676406,45.246092751380445,0.18499350448981827,1.067793722379812,1433.9127640661973,3.84159773543605,4,1,0,0,35,0.0533961407948577,0.5399482445931802,0.0,0.28984884466718813,99.6333037817967,78.51303455304799,0.0023246297184787946,0.2029220779220779,32.10163818924243,164.7402013655843
616,abundant,132.47374017095606,104.6660919847708,45.23923884271352,0.13163076150736552,1.055914615589206,1441.4218323298555,3.8370061878190502,4,1,0,0,35,0.05338293204728846,0.5483095233679283,0.0,0.2898492711145055,99.63331168122328,78.51315006730164,0.002324549003570434,0.2029220779220779,32.10163818924243,169.2564510886136
617,abundant,132.45621642915341,104.64286272370232,45.245046047991956,0.1923805162062151,1.0746996739022974,1448.9429194237455,3.8324372549300474,4,1,0,0,35,0.053369782863290194,0.5566708166067786,0.0,0.2898496975595744,99.63331958066622,78.51326558094624,0.0023244682914646255,0.2029220779220779,32.10163818924243,174.65464565509487
618,abundant,132.47261317247663,104.65356541914024,45.23793538840286,0.14532913203942394,1.0593017368507216,1456.448301526325,3.8275809005170056,4,1,0,0,35,0.05335669360335442,0.565032124243815,0.0,0.2898501240023948,99.63332748012553,78.51338109398178,0.0023243875821612717,0.2029220779220779,32.10163818924243,169.3615751590771
619,abundant,132.4499564042456,104.63531549878937,45.2444617584454,0.2023999773847549,1.0831724581340785,1463.8587596720754,3.822683402284467,4,1,0,0,35,0.053343664626329806,0.573393446212726,0.0,0.28985055044296676,99.63333537960118,78.51349660640825,0.0023243068756602764,0.2029220779220779,32.10163818924243,173.5183898685079
620,abundant,132.46916002799543,104.64078387899524,45.23760454488106,0.16170577881164996,1.0657157857260975,1471.2852657135227,3.8178173233328203,4,1,0,0,35,0.05333069628941236,0.5817547824468077,0.0,0.2898509768812902,99.63334327909322,78.51361211822567,0.002324226171961541,0.2029220779220779,32.10163818924243,178.78444946448707
621,abundant,132.44375649584143,104.62811521158496,45.24379978340146,0.211953824672947,1.093848259745101,1478.6963776855118,3.812938791532772,4,1,0,0,35,0.05331778894813557,0.5901161328789648,0.0,0.28985140331736525,99.6333511786016,78.51372762943404,0.0023241454710649684,0.2029220779220779,32.10163818924243,184.2109988184953
622,abundant,132.46374140694908,104.63185331326021,45.23791739528591,0.18039090329720506,1.0761330405889682,1486.1933241701627,3.8081911189651474,4,1,0,0,35,0.05330494295636071,0.5984774974417127,0.0,0.2898518297511917,99.63335906645776,78.51384314003334,0.002324064772970462,0.2029220779220779,32.10163818924243,179.1713864691854
623,abundant,132.44247549892262,104.6113351910612,45.2430901327844,0.22736441144307845,1.0996086795371869,1493.6409163092394,3.8034671613008135,4,1,0,0,35,0.05329215866626716,0.6068388760671799,0.0,0.2898522561827693,99.63336692414052,78.51395865002347,0.0023239840776779243,0.2029220779220779,32.10163818924243,194.56598650305256
624,abundant,132.45277555048722,104.62605476379824,45.239064784584805,0.18211888418294145,1.0910634247424509,1501.0854149008155,3.7987066009860495,4,1,0,0,35,0.05327943642834267,0.6152002686871086,0.0,0.289852682612098,99.63337478183962,78.51407415940443,0.0023239033851872575,0.2029220779220779,32.10163818924243,190.13617203662716
625,abundant,132.43858607114444,104.59905648289184,45.24220532848104,0.24296248416251853,1.1073847398107823,1508.5839020077328,3.794021785260778,4,1,0,0,35,0.05326677659137383,0.6235616752328581,0.0,0.28985310903917794,99.63338263955508,78.51418966817624,0.0023238226954983648,0.2029220779220779,32.10163818924243,195.14591674554495
626,abundant,132.45280014492147,104.61059377900433,45.238223005844965,0.19136316666060446,1.0942871318992788,1516.0352425120655,3.789375302775483,4,1,0,0,35,0.053254179502436466,0.6319230956354053,0.0,0.2898535354640091,99.63339049728685,78.51430517633892,0.002323742008611149,0.2029220779220779,32.10163818924243,189.84902848327204
627,abundant,132.43305094796983,104.58795878639646,45.24246153496204,0.24596952724731722,1.1161787884245067,1523.610744078891,3.784740274749742,4,1,0,0,35,0.05324164550688612,0.6402268146053737,0.0,0.2898539618865913,99.63339835503497,78.51442068389242,0.0023236613245255122,0.2029220779220779,32.10163818924243,195.06888946112224
628,abundant,132.44760174819004,104.59896860326353,45.23977545239672,0.20194291320724836,1.1035703278441469,1531.2264802353748,3.7801188111395674,4,1,0,0,35,0.053229174948348626,0.6483483458462638,0.0,0.28985438830692484,99.63340621279941,78.51453619083682,0.0023235806432413573,0.2029220779220779,32.10163818924243,190.0947542996308
629,abundant,132.4301926264827,104.57395005034984,45.24293615812392,0.2537847636999838,1.1235462229762445,1538.7422205559633,3.775460611232508,4,1,0,0,35,0.05321676816871064,0.6564698907346116,0.0,0.2898548147250095,99.6334140705802,78.51465169717203,0.002323499964758588,0.2029220779220779,32.10163818924243,195.46566955868218
630,abundant,132.44456021326468,104.58509318325211,45.241117692163506,0.20280929133979694,1.1122615699915444,1546.1694251307345,3.7709248713243726,4,1,0,0,35,0.05320442550811029,0.6645573871906101,0.0,0.2898552411408454,99.6334219283773,78.5147672028981,0.0023234192890771053,0.2029220779220779,32.10163818924243,190.41784350289942
631,abundant,132.42694120024004,104.56038444887844,45.24387575983333,0.2555769593453235,1.134156547730303,1553.7742785270239,3.7664866425540846,4,1,0,0,35,0.053192147304927856,0.6723345540457185,0.0,0.28985566755443243,99.63342978619079,78.51488270801504,0.002323338616196814,0.2029220779220779,32.10163818924243,195.49723582719707
632,abundant,132.432820601411,104.57639158194127,45.24612600094428,0.20492342101034236,1.1326201301339873,1561.469017749041,3.762024339551915,4,1,0,0,35,0.05317993389577649,0.6798276868156115,0.0,0.2898560939657708,99.63343764402057,78.51499821252284,0.002323257946117615,0.2029220779220779,32.10163818924243,190.8716095253484
633,abundant,132.42577145130488,104.54589493297391,45.243739455638625,0.27109876573468794,1.1447215723858628,1569.0674551367265,3.7576577266613875,4,1,0,0,35,0.05316778561549296,0.6864736738686535,0.0,0.2898565203748604,99.6334455018667,78.51511371642152,0.0023231772788394117,0.2029220779220779,32.10163818924243,196.15835046478173
634,abundant,132.43199683657352,104.56144373037726,45.24702736165535,0.21524705683292802,1.143190784671217,1576.639565280755,3.7532673828695726,4,1,0,0,35,0.05315570279712851,0.692546471937287,0.0,0.2898569467817012,99.63345335972917,78.51522921971106,0.0023230966143621074,0.2029220779220779,32.10163818924243,190.7273615480881
635,abundant,132.42698325977722,104.53059917095159,45.24417055253596,0.2705394022496334,1.1539218384600405,1584.199022660032,3.748882445366116,4,1,0,0,35,0.0531436857719397,0.6984512049591126,0.0,0.28985737318629334,99.63346121760796,78.51534472239148,0.002323015952685604,0.2029220779220779,32.10163818924243,186.40449427830242
636,abundant,132.42211909443458,104.54725605765807,45.25079265758191,0.21534521102202753,1.164009347260899,1591.7731493494866,3.744519105502238,4,1,0,0,35,0.05313173486937936,0.7041559481552344,0.0,0.28985779958863667,99.6334690755031,78.51546022446274,0.002322935293809805,0.2029220779220779,32.10163818924243,182.36712313464585
637,abundant,132.42424106776863,104.5161554328177,45.24519744016457,0.27810830746663573,1.1673969607140142,1599.321337957248,3.7401785744388265,4,1,0,0,35,0.05311985041708753,0.7093803951972091,0.0,0.2898582259887313,99.63347693341457,78.5155757259249,0.002322854637734612,0.2029220779220779,32.10163818924243,187.24077191611298
638,abundant,132.41828344674965,104.53196494640211,45.25291392163285,0.23648941079354097,1.1782779812902835,1606.8935565906213,3.735809294790878,4,1,0,0,35,0.05310803274088244,0.7142693302794774,0.0,0.28985865238657726,99.63348479134235,78.51569122677795,0.0023227739844599296,0.2029220779220779,32.10163818924243,192.37116670421076
639,abundant,132.419908335824,104.50029181352832,45.24686479821535,0.2962607389707265,1.1819668342928955,1614.485192804219,3.731490702744296,4,1,0,0,35,0.05309628216475168,0.7190321743690962,0.0,0.28985907878217443,99.63349264928647,78.51580672702185,0.0023226933339856592,0.2029220779220779,32.10163818924243,197.2304310453684
640,abundant,132.4168412719391,104.51610615078016,45.254559255260375,0.24663274410553543,1.1893363422218501,1622.0728481628903,3.7272177839619465,4,1,0,0,35,0.053084599010843225,0.7237950313101842,0.0,0.289859505175523,99.63350050724694,78.51592222665667,0.0023226126863117036,0.2029220779220779,32.10163818924243,202.08001787334783
641,abundant,132.41980909252698,104.48417502586018,45.24776867993697,0.3122037877211398,1.1909069915184292,1629.5386976078298,3.7229316231474883,4,1,0,0,35,0.05307298359945664,0.7285579010282249,0.0,0.2898599315666227,99.63350836193887,78.51603772568231,0.0023225320414379663,0.2029220779220779,32.10163818924243,206.64855453031012
642,abundant,132.40436755081654,104.49461737946292,45.26040878881922,0.2805390710952711,1.2107301676705442,1636.9706248730872,3.7187412635468995,4,1,0,0,35,0.05306143624903428,0.7333207834483508,0.0,0.28986035795547205,99.63351617828343,78.51615322409839,0.0023224513993643494,0.2029220779220779,32.10163818924243,212.41855752905684
643,abundant,132.41576340426724,104.46531205448726,45.250360164772566,0.32551802561183796,1.204404641977115,1644.4521623018154,3.714597121486525,4,1,0,0,35,0.05304995727615261,0.7380836784953471,0.0,0.289860784342071,99.63352399464428,78.5162687219049,0.0023223707600907553,0.2029220779220779,32.10163818924243,217.12793550007382
644,abundant,132.40509245183935,104.47820133536226,45.26141832531485,0.28180087536198595,1.2190167626037922,1651.9283981183544,3.710452737366721,4,1,0,0,35,0.05303854699551347,0.7428465860936521,0.0,0.2898612107264196,99.63353181102146,78.51638421910184,0.002322290123617088,0.2029220779220779,32.10163818924243,211.57970240219672
645,abundant,132.4106182468811,104.4460908369032,45.25362174420293,0.33816593743340795,1.2181242264295773,1659.2987359353283,3.706375874495741,4,1,0,0,35,0.05302720571993546,0.7476095061673601,0.0,0.2898616371085158,99.63353959748586,78.51649971568865,0.0023222094899432496,0.2029220779220779,32.10163818924243,216.12340818593935
646,abundant,132.40643867644218,104.46043466547525,45.26233251761325,0.28920524283299637,1.2263150640149192,1666.59299983862,3.7023707858289407,4,1,0,0,35,0.05301593376034537,0.7523724386402237,0.0,0.28986206348835886,99.63354737214537,78.51661521166514,0.0023221288590691423,0.2029220779220779,32.10163818924243,220.60521881984988
647,abundant,132.40907698127913,104.42747952222541,45.25521617873792,0.3456956480372513,1.2287529155608683,1673.8468147870663,3.6984270809330777,4,1,0,0,35,0.05300473142576969,0.7571353834356555,0.0,0.28986248986594854,99.63355514682117,78.51673070703124,0.0023220482309946706,0.2029220779220779,32.10163818924243,225.82057624409998
648,abundant,132.40355962850867,104.44118135733765,45.26560066270343,0.3023759315703793,1.2389488776116113,1681.0692498674107,3.6944539525262328,4,1,0,0,35,0.05299359902332605,0.7618983404767298,0.0,0.289862916241285,99.63356292151325,78.51684620178702,0.002321967605719736,0.2029220779220779,32.10163818924243,221.11623755915966
649,abundant,132.40783256315532,104.40820347539224,45.25712141188734,0.3582212283911773,1.2399038683468584,1688.21187876568,3.6904645539125696,4,1,0,0,35,0.052982536858214926,0.7666613096861857,0.0,0.2898633426143683,99.63357069622164,78.51696169593245,0.002321886983244241,0.2029220779220779,32.10163818924243,235.9724808074476
650,abundant,132.39639144469857,104.4196122983211,45.27029951267247,0.3195280477758478,1.2560150259044203,1695.318004556044,3.6864487758439037,4,1,0,0,35,0.05297154523371113,0.7714242909864287,0.0,0.2898637689851984,99.63357847094629,78.51707718946756,0.002321806363568089,0.2029220779220779,32.10163818924243,231.28517599903165
651,abundant,132.40319272726725,104.38705788539536,45.2601902998692,0.36937424076703357,1.2541696683541468,1702.441420905263,3.6824105924214834,4,1,0,0,35,0.05296062445115561,0.7761872842995324,0.0,0.2898641953537753,99.63358624568727,78.51719268239232,0.002321725746691183,0.2029220779220779,32.10163818924243,236.1612801385542
652,abundant,132.39516756941654,104.39967660971118,45.27306012495936,0.31912921400816724,1.2650736559046372,1709.469304853672,3.6783646200576374,4,1,0,0,35,0.05294977480994714,0.7809502895472415,0.0,0.28986462172009897,99.63359402044448,78.51730817470674,0.0023216451326134252,0.2029220779220779,32.10163818924243,230.87448251872195
653,abundant,132.39945826212258,104.36621927183818,45.263255776725366,0.37629102435272005,1.2639317764965627,1716.5756625498034,3.6742972458081327,4,1,0,0,35,0.052938996607534115,0.7857133066509733,0.0,0.2898650480841696,99.63360179521801,78.51742366641086,0.002321564521334719,0.2029220779220779,32.10163818924243,236.07183862513642
654,abundant,132.39263519568726,104.37875432119503,45.27700981675791,0.3315322698733235,1.2734160852815448,1723.8827616208437,3.6702231365269737,4,1,0,0,35,0.05292829013940639,0.7904763355318198,0.0,0.2898654744459869,99.6336095700078,78.51753915750463,0.0023214839128549666,0.2029220779220779,32.10163818924243,231.32709599659177
655,abundant,132.39697323937992,104.34484080594365,45.26620638411122,0.39332517099779535,1.272103432452985,1731.1430687832617,3.66612380517396,4,1,0,0,35,0.052917655699087206,0.7952393761105508,0.0,0.2898659008055511,99.63361734481389,78.51765464798805,0.002321403307174071,0.2029220779220779,32.10163818924243,236.06457726004894
656,abundant,132.3883116708173,104.35642623546435,45.282080946942955,0.3467732263283842,1.2838359817529432,1738.3948621362724,3.6620074869742836,4,1,0,0,35,0.052907093578125106,0.8000024283076148,0.0,0.28986632716286215,99.63362511963622,78.51777013786119,0.0023213227042919353,0.2029220779220779,32.10163818924243,231.82229766886076
657,abundant,132.3916615340777,104.32199620524011,45.27106088606146,0.4016430128004837,1.2840410566743474,1745.60337350599,3.6579576127495756,4,1,0,0,35,0.052896604066085984,0.8047654920431423,0.0,0.28986675351792013,99.63363289447489,78.517885627124,0.002321242104208463,0.2029220779220779,32.10163818924243,236.3179341704918
658,abundant,132.39482763511577,104.33419837076548,45.282926521360615,0.3443213897099001,1.2836452551423612,1752.839847221323,3.653975295399316,4,1,0,0,35,0.0528861874505451,0.8095285672369464,0.0,0.28986717987072486,99.63364066932978,78.51800111577647,0.002321161506923555,0.2029220779220779,32.10163818924243,230.37574246305934
659,abundant,132.38950877615525,104.29955315689304,45.27455085938235,0.40598772337371836,1.2922662036188592,1759.9039047359838,3.6499592959816436,4,1,0,0,35,0.05287584401707924,0.8142916538085277,0.0,0.28986760622127655,99.633648444201,78.51811660381864,0.0023210809124371164,0.2029220779220779,32.10163818924243,245.38961531327402
660,abundant,132.3872953390436,104.31196540019229,45.289535255527305,0.3514779991055399,1.2972692148815708,1766.9735198851704,3.645968901442101,4,1,0,0,35,0.052865574049258866,0.8190547516770735,0.0,0.2898680325695751,99.63365621908848,78.5182320912505,0.002321000320749048,0.2029220779220779,32.10163818924243,230.47690484190414
661,abundant,132.38562523595306,104.2768394491344,45.27866830147718,0.41199296845958056,1.3019059626265277,1773.9372358559485,3.6419818724085724,4,1,0,0,35,0.052855377828640304,0.8238178607614621,0.0,0.2898684589156205,99.63366399399222,78.51834757807202,0.002320919731859254,0.2029220779220779,32.10163818924243,245.42395821939675
662,abundant,132.38596752341766,104.28889414947605,45.2940096682336,0.3602236583514281,1.304476581189608,1780.9217100304231,3.637923255062044,4,1,0,0,35,0.05284525563475812,0.8285809809802639,0.0,0.2898688852594129,99.63367176891225,78.51846306428327,0.002320839145767636,0.2029220779220779,32.10163818924243,240.93386831614237
663,abundant,132.38776959005875,104.25370158015303,45.282298893703604,0.4204307421522831,1.305859907867813,1787.9432075670484,3.6338675838174685,4,1,0,0,35,0.052835207745117366,0.8333441122517443,0.0,0.28986931160095225,99.63367954384856,78.51857854988421,0.0023207585624740986,0.2029220779220779,32.10163818924243,246.45246522229297
664,abundant,132.36887148399734,104.25743673232351,45.30331705287809,0.3888127648719966,1.3275251632699523,1794.9831141923205,3.6298077588397644,4,1,0,0,35,0.052825234435186,0.8381072544938656,0.0,0.28986973794023846,99.63368731880115,78.51869403487484,0.0023206779819785433,0.2029220779220779,32.10163818924243,243.17317058424877
665,abundant,132.38098908753608,104.22599856228119,45.28984317842224,0.42360988940474964,1.3182553603177074,1801.9142638338672,3.625753450079121,4,1,0,0,35,0.05281533597838736,0.8428704076242894,0.0,0.2898701642772716,99.63369509377003,78.51880951925516,0.0023205974042808737,0.2029220779220779,32.10163818924243,247.83056102810926
666,abundant,132.3785823509909,104.23740581203326,45.30219477248319,0.38141013455001466,1.3233309762292724,1808.8688806685095,3.621689517838078,4,1,0,0,35,0.052805512646092644,0.8476335715603788,0.0,0.28987059061205167,99.63370286875517,78.51892500302519,0.0023205168293809913,0.2029220779220779,32.10163818924243,242.06477276513073
667,abundant,132.3805099093729,104.20169843050274,45.2933885366248,0.44012211790039607,1.3246974275080037,1815.7948777281345,3.617612887059128,4,1,0,0,35,0.05279576470761346,0.8523967462192004,0.0,0.2898710169445788,99.63371064375656,78.51904048618493,0.0023204362572788,0.2029220779220779,32.10163818924243,247.2634278734396
668,abundant,132.37070246890028,104.21139597023684,45.3097711973701,0.3874570699447365,1.3374802953599205,1822.8063535070396,3.613549912778065,4,1,0,0,35,0.05278609243019448,0.8571599315175271,0.0,0.28987144327485276,99.63371841877425,78.51915596873437,0.0023203556879742037,0.2029220779220779,32.10163818924243,243.18766890020547
669,abundant,132.37830470060806,104.17746870812853,45.297958100464875,0.42730235177619863,1.3336169605379298,1829.744390159336,3.60950774626317,4,1,0,0,35,0.05277649607900606,0.8619231273718403,0.0,0.2898718696028738,99.63372619380823,78.51927145067353,0.002320275121467103,0.2029220779220779,32.10163818924243,248.18984632869237
670,abundant,132.36964974660626,104.18775603806138,45.3151224787958,0.3801969098318904,1.3455579388002963,1836.6110367456713,3.605480853350854,4,1,0,0,35,0.05276697591713703,0.8666863336983313,0.0,0.2898722959286418,99.63373396885846,78.5193869320024,0.0023201945577574026,0.2029220779220779,32.10163818924243,242.9183964689893
671,abundant,132.37841401401036,104.15418911584923,45.302522640239346,0.43206615017313366,1.340717752101107,1843.4501573064044,3.6013921282342376,4,1,0,0,35,0.05275753220558741,0.8714495504129052,0.0,0.28987272225215677,99.63374174392496,78.51950241272098,0.002320113996845004,0.2029220779220779,32.10163818924243,248.55978788587643
672,abundant,132.3567651959282,104.15360430276158,45.324037814946706,0.4053130496398572,1.3656234257788098,1850.3221116170098,3.5973424259165587,4,1,0,0,35,0.05274816520326135,0.8762127774311815,0.0,0.2898731485734188,99.63374951900774,78.51961789282929,0.002320033438729811,0.2029220779220779,32.10163818924243,244.44791994018235
673,abundant,132.37472380804073,104.12689113604648,45.30893651585823,0.4353035017866818,1.3507560512345433,1857.1500012129327,3.5932820517473263,4,1,0,0,35,0.05273887516695995,0.8809760146684981,0.0,0.28987357489242777,99.63375729410679,78.51973337232731,0.0023199528834117263,0.2029220779220779,32.10163818924243,249.82613421004513
674,abundant,132.35776289237572,104.13169113355708,45.328717638202605,0.3975931230910503,1.3705467851709305,1864.0928016989783,3.589243223918846,4,1,0,0,35,0.05272966235137424,0.8857392620399113,0.0,0.2898740012091838,99.63376506922211,78.51984885121504,0.0023198723308906523,0.2029220779220779,32.10163818924243,244.46273995005433
675,abundant,132.36977587450122,104.09928298692793,45.31620214496283,0.44772831848434164,1.3615157969652971,1870.8933728032862,3.5852291605769677,4,1,0,0,35,0.05272052700907821,0.8905025194602013,0.0,0.28987442752368686,99.63377284435371,78.51996432949252,0.002319791781166493,0.2029220779220779,32.10163818924243,249.0563529435326
676,abundant,132.36917912641644,104.11008077318913,45.32862329385488,0.39803706842597364,1.3650599070645733,1877.7452289147477,3.5812037235313428,4,1,0,0,35,0.052711469390521876,0.8952657868438718,0.0,0.2898748538359369,99.63378061950158,78.52007980715972,0.0023197112342391506,0.2029220779220779,32.10163818924243,243.89455618515072
677,abundant,132.37302760084063,104.07417811335034,45.32084090755297,0.4554654266787953,1.3648988046408814,1884.6448803313033,3.5772399041659617,4,1,0,0,35,0.052702489744024444,0.9000290641051534,0.0,0.28987528014593406,99.6337883946657,78.52019528421664,0.0023196306901085272,0.2029220779220779,32.10163818924243,249.0421016108981
678,abundant,132.35682406755853,104.0788173363006,45.337431669554924,0.41333890665381084,1.384381727458682,1891.5003690034573,3.57323741586569,4,1,0,0,35,0.052693588315767446,0.904792351158006,0.0,0.2898757064536783,99.63379616984611,78.5203107606633,0.002319550148774527,0.2029220779220779,32.10163818924243,245.20361348432627
679,abundant,132.3734583404799,104.04972681451844,45.32635790154276,0.45759544422100884,1.3712439137637702,1898.3579598777214,3.56927480836422,4,1,0,0,35,0.05268476534978805,0.9095556479161213,0.0,0.28987613275916957,99.63380394504277,78.5204262364997,0.0023194696102370516,0.2029220779220779,32.10163818924243,250.14035539878134
680,abundant,132.35080005673657,104.04469053697034,45.345664460824615,0.43755956879856156,1.3969478564060842,1905.1393226883883,3.5653268274243906,4,1,0,0,35,0.0526760210879723,0.9143189542929248,0.0,0.28987655906240795,99.6338117202557,78.52054171172584,0.0023193890744960055,0.2029220779220779,32.10163818924243,245.5614261680022
681,abundant,132.37225223261316,104.02308743262806,45.332980245889345,0.4500391314146438,1.3789303165304132,1911.9727727736608,3.5613654871915634,4,1,0,0,35,0.05266735577004857,0.9190822702015775,0.0,0.2898769853633928,99.63381946136862,78.52065718634155,0.0023193085415512908,0.2029220779220779,32.10163818924243,250.60195075055202
682,abundant,132.34997847043408,104.0185904798352,45.35273677256016,0.4288721041856324,1.4042552352460431,1918.767846176117,3.557414039472896,4,1,0,0,35,0.05265876963358093,0.9238455955549808,0.0,0.28987741166212405,99.63382719485904,78.52077266034684,0.00231922801140281,0.2029220779220779,32.10163818924243,245.74788719286613
683,abundant,132.37031913785097,103.99437267651051,45.340089972770464,0.4506451290386631,1.3870629559353838,1925.629104143154,3.553459322987943,4,1,0,0,35,0.05265026291396263,0.9286089302657753,0.0,0.28987783795860167,99.63383492836572,78.52088813374165,0.002319147484050466,0.2029220779220779,32.10163818924243,250.7040387694259
684,abundant,132.3492072809369,103.99161393648994,45.35991420521836,0.4321782558099278,1.4114241873477174,1932.4739548004,3.5495502158089236,4,1,0,0,35,0.052641835844409714,0.9333722742463464,0.0,0.2898782642528257,99.63384266188864,78.52100360652602,0.0023190669594941623,0.2029220779220779,32.10163818924243,245.97426887181985
685,abundant,132.37021965895374,103.96779256833076,45.34634433196251,0.4615548684893854,1.3937609127646657,1939.299642316466,3.545644204631122,4,1,0,0,35,0.052633488655954526,0.938135627408825,0.0,0.28987869054479615,99.6338503954278,78.52111907869995,0.0023189864377338026,0.2029220779220779,32.10163818924243,251.47576165064083
686,abundant,132.3504815313326,103.96667636961098,45.36655027186791,0.43937302963283154,1.4170876831477845,1946.006925651891,3.5417639293801813,4,1,0,0,35,0.05262522157743946,0.9428989896650896,0.0,0.289879116834513,99.6338581289832,78.52123455026344,0.0023189059187692877,0.2029220779220779,32.10163818924243,246.38742029789648
687,abundant,132.36850561720587,103.93776797125855,45.35388128417328,0.468248980622375,1.4031258903397699,1952.771239239475,3.5378719208801153,4,1,0,0,35,0.052617034835510654,0.9476623609267705,0.0,0.2898795431219763,99.63386586255486,78.52135002121649,0.002318825402600522,0.2029220779220779,32.10163818924243,252.04884194292032
688,abundant,132.35607198408252,103.9439079718506,45.372137934275116,0.42537865924501966,1.4198711063186482,1959.577389074504,3.533990495275208,4,1,0,0,35,0.052608928654611774,0.9524257411052505,0.0,0.28987996940718597,99.63387359614278,78.5214654915591,0.002318744889227408,0.2029220779220779,32.10163818924243,247.1290982083676
689,abundant,132.3710038802128,103.91188564952307,45.36024508385184,0.4728307635310723,1.4097187330506062,1966.3491970114555,3.530128071948745,4,1,0,0,35,0.05260090325697786,0.9571891301116678,0.0,0.28988039569014207,99.63388132974691,78.52158096129126,0.0023186643786498487,0.2029220779220779,32.10163818924243,252.0886249478163
690,abundant,132.35198580491974,103.91128267122434,45.38146759867525,0.43150102762437287,1.4332666341899145,1973.0306837474272,3.526274438626343,4,1,0,0,35,0.05259295886262924,0.9618407272174908,0.0,0.2898808219708447,99.6338890633673,78.52169643041302,0.0023185838708677468,0.2029220779220779,32.10163818924243,247.22372079070712
691,abundant,132.37141105660533,103.88397267338463,45.36703931310869,0.47233090845268266,1.4180520800955907,1979.5883569567159,3.522413303092778,4,1,0,0,35,0.05258509568936551,0.9663436650215732,0.0,0.28988124824929373,99.63389679700396,78.52181189892433,0.002318503365881006,0.2029220779220779,32.10163818924243,251.74356885700456
692,abundant,132.3523884666941,103.8835602077699,45.388858851456966,0.43851794450150106,1.4410128151452501,1986.134728013516,3.5185559662425554,4,1,0,0,35,0.05257731395275951,0.9705456526663482,0.0,0.28988167452548924,99.6339045306568,78.52192736682521,0.0023184228636895284,0.2029220779220779,32.10163818924243,246.20826438190858
693,abundant,132.3705643110962,103.85505122326657,45.37395154784642,0.471935304936636,1.4270398013589467,1992.7241449074645,3.514745131202214,4,1,0,0,35,0.05256961386615152,0.9732850473471581,0.0,0.2898821007994313,99.63391226432593,78.52204283411568,0.0023183423642932173,0.2029220779220779,32.10163818924243,250.45445078662155
694,abundant,132.35654464554167,103.86020084166904,45.394124874427774,0.4275789560666034,1.4452319744523405,1999.157266026974,3.5109673638866963,4,1,0,0,35,0.05256199564064326,0.9744372425781006,0.0,0.2898825270711198,99.6339199980113,78.52215830079572,0.002318261867691976,0.2029220779220779,32.10163818924243,244.5653749887973
695,abundant,132.3719500301482,103.82894152388046,45.37976930070474,0.47131016736778364,1.4334072191867402,2005.6007422771581,3.507217610418278,4,1,0,0,35,0.05255445948509227,0.9750354000433822,0.0,0.28988295334055475,99.63392773171289,78.52227376686535,0.002318181373885706,0.2029220779220779,32.10163818924243,249.87174017546508
696,abundant,132.35198323447878,103.8268629561371,45.40320843583957,0.4366426139605553,1.4574489590990682,2011.9137604721836,3.503472299064887,4,1,0,0,35,0.05254700560610605,0.9751824243206924,0.0,0.28988337960773625,99.63393546543074,78.52238923232456,0.002318100882874312,0.2029220779220779,32.10163818924243,245.8221007376517
697,abundant,132.37118137197476,103.79917911371297,45.38747829816353,0.4747042232723988,1.4424003593663628,2018.2236450055861,3.499772121139633,4,1,0,0,35,0.052539634208036444,0.9751475473897303,0.0,0.28988380587266427,99.63394319916482,78.52250469717335,0.0023180203946576963,0.2029220779220779,32.10163818924243,250.64824492181555
698,abundant,132.3617392682401,103.80654806139292,45.40688888962294,0.43375645157592696,1.456029645340405,2024.4342370272207,3.496112663943436,4,1,0,0,35,0.05253234549297406,0.9751126784763547,0.0,0.28988423213533887,99.63395093291516,78.52262016141174,0.002317939909235762,0.2029220779220779,32.10163818924243,244.23812123318723
699,abundant,132.3749804284955,103.77307922979412,45.39394544217775,0.48649737882613125,1.446736872704533,2030.647575942363,3.4924685980560195,4,1,0,0,35,0.05252513966074271,0.9750778174893946,0.0,0.28988465839575994,99.6339586666817,78.5227356250397,0.002317859426608411,0.2029220779220779,32.10163818924243,249.77982471727248
700,abundant,132.35282413966397,103.76429807883642,45.41736490698045,0.45798010962193325,1.4732540621801873,2036.9609667355253,3.4888068860910377,4,1,0,0,35,0.05251801690889391,0.9750429643374614,0.0,0.2898850846539276,99.6339664004645,78.52285108805728,0.0023177789467755477,0.2029220779220779,32.10163818924243,246.32420862978586
701,abundant,132.37572521843884,103.74355887956634,45.40153929293209,0.467926008438523,1.4548628204474459,2043.304488855967,3.485197218194136,4,1,0,0,35,0.05251097743270152,0.9750081189289522,0.0,0.2898855109098418,99.63397413426354,78.52296655046446,0.002317698469737075,0.2029220779220779,32.10163818924243,250.7946339997341
702,abundant,132.3551167273111,103.7393274306387,45.42429979096053,0.44823739371753707,1.4796284626088416,2049.62166108191,3.481640689923899,4,1,0,0,35,0.052504021425156325,0.9749732811720511,0.0,0.2898859371635026,99.63398186807882,78.52308201226123,0.002317617995492895,0.2029220779220779,32.10163818924243,245.42461574492123
703,abundant,132.37728597459193,103.71618760480278,45.40839844504156,0.4768553672667708,1.4616752977298466,2055.757305508567,3.478142944557029,4,1,0,0,35,0.052497149076960785,0.974938450974733,0.0,0.28988636341490986,99.63398960191032,78.52319747344757,0.002317537524042911,0.2029220779220779,32.10163818924243,250.47094093486072
704,abundant,132.35635091655297,103.71047717201121,45.432493783094166,0.4471539555809268,1.4873346678432302,2061.9091275036917,3.4746713566857035,4,1,0,0,35,0.052490360576523794,0.9749036282447656,0.0,0.2898867896640638,99.63399733575807,78.52331293402355,0.002317457055387026,0.2029220779220779,32.10163818924243,246.01635044896543
705,abundant,132.37872297343145,103.6876541679438,45.41621969404838,0.4693390394706477,1.4696189714888748,2067.9236383222524,3.4712496938229673,4,1,0,0,35,0.052483656109955534,0.9748688128897113,0.0,0.28988721591096434,99.63400506962205,78.52342839398914,0.002317376589525144,0.2029220779220779,32.10163818924243,250.4253579273676
706,abundant,132.36019499430682,103.6867680082235,45.44005999738752,0.444271153161134,1.4928483985577128,2073.770355143337,3.467834517411063,4,1,0,0,35,0.052477035861062324,0.9748340048169308,0.0,0.28988764215561147,99.63401280350227,78.52354385334432,0.0023172961264571654,0.2029220779220779,32.10163818924243,244.76434129616894
707,abundant,132.38137868412997,103.66102732349539,45.42398682342998,0.48232768449980856,1.4762006035094961,2079.589781264898,3.4644323170555014,4,1,0,0,35,0.05247050001134165,0.974799203933585,0.0,0.28988806839800524,99.6340205373987,78.52365931208914,0.0023172156661829956,0.2029220779220779,32.10163818924243,249.819225327287
708,abundant,132.3593650799214,103.65027507256622,45.44938262794609,0.46043504926732387,1.502759582597434,2085.400469729153,3.4610428625386827,4,1,0,0,35,0.05246404873997713,0.9747644101466376,0.0,0.2898884946381456,99.63402827131141,78.52377477022355,0.002317135208702537,0.2029220779220779,32.10163818924243,245.65677376933778
709,abundant,132.3831229337469,103.63184460712158,45.43212217772272,0.47734006255973827,1.4833479859780483,2091.092186255526,3.4576512738874845,4,1,0,0,35,0.0524576822238336,0.9747296233628582,0.0,0.2898889208760326,99.63403600524032,78.52389022774759,0.0023170547540156926,0.2029220779220779,32.10163818924243,250.30268911789324
710,abundant,132.36143283783326,103.62391489393154,45.457578840484544,0.46081728728218174,1.5089305865313793,2096.7771932116448,3.4542976722679977,4,1,0,0,35,0.052451400637452364,0.9746948434888236,0.0,0.28988934711166625,99.63404373918546,78.52400568466125,0.0023169743021223643,0.2029220779220779,32.10163818924243,244.9071736598447
711,abundant,132.38393093007264,103.60188258927792,45.44037669985904,0.47992037092439094,1.4903881186494985,2102.3655265931156,3.4509258845871074,4,1,0,0,35,0.05244520415304625,0.9746600704309221,0.0,0.28988977334504656,99.63405147314684,78.52412114096452,0.002316893853022457,0.2029220779220779,32.10163818924243,249.36915874553313
712,abundant,132.36563244149553,103.60168464370825,45.46494526583235,0.4511047576318362,1.5130609029128925,2107.959540452357,3.447532779331642,4,1,0,0,35,0.052439092940495015,0.974625304095354,0.0,0.28989019957617346,99.63405920712445,78.52423659665742,0.002316813406715872,0.2029220779220779,32.10163818924243,243.63953803941462
713,abundant,132.3853556045211,103.57448637435643,45.44837413525835,0.48779499968549306,1.4976155207766777,2113.536164388279,3.4441295067388102,4,1,0,0,35,0.05243306716734065,0.9745905443881367,0.0,0.28989062580504704,99.6340669411183,78.52435205173992,0.0023167329632025136,0.2029220779220779,32.10163818924243,248.97324326838665
714,abundant,132.36281511903903,103.56327939702503,45.474599235848785,0.469465713577043,1.5248986539875986,2119.0474241861375,3.440765570411768,4,1,0,0,35,0.05242712699878276,0.9745557912151046,0.0,0.2898910520316674,99.63407467512836,78.5244675062121,0.0023166525224822838,0.2029220779220779,32.10163818924243,244.8458681438675
715,abundant,132.38635036000866,103.54614739658608,45.4565826659175,0.4811806666918635,1.5063216020086234,2124.6295637559815,3.437328591797069,4,1,0,0,35,0.05242127259767406,0.9745210444819139,0.0,0.2898914782560344,99.63408240915467,78.52458296007391,0.0023165720845550867,0.2029220779220779,32.10163818924243,250.03686586284533
716,abundant,132.36361861830537,103.53233597292389,45.483114810299256,0.47824121916403123,1.5338802765365562,2130.2219925585887,3.433921279572301,4,1,0,0,35,0.05241550412451594,0.9744863040940436,0.0,0.28989190447814805,99.63409014319721,78.52469841332532,0.002316491649420824,0.2029220779220779,32.10163818924243,245.0696661350565
717,abundant,132.38745283271504,103.51599317301725,45.46506336822448,0.4889028964203092,1.5150048319934324,2135.7649635788985,3.430556367391269,4,1,0,0,35,0.052409821737453975,0.9744515699567989,0.0,0.28989233069800846,99.63409787725597,78.5248138659664,0.0023164112170793996,0.2029220779220779,32.10163818924243,250.0374244410638
718,abundant,132.36487426353628,103.49985566363864,45.49160496806218,0.4948636307521506,1.541544518771126,2141.290796157089,3.427254027459412,4,1,0,0,35,0.05240422559227369,0.9744168419753143,0.0,0.2898927569156156,99.63410561133094,78.5249293179971,0.0023163307875307165,0.2029220779220779,32.10163818924243,245.39791605460738
719,abundant,132.3886466784709,103.48309503546753,45.474089576924214,0.50149930803124,1.5217355750804333,2146.678750242543,3.4239563590440376,4,1,0,0,35,0.05239871584239623,0.9743821200545543,0.0,0.28989318313096946,99.63411334542218,78.52504476941745,0.0023162503607746777,0.2029220779220779,32.10163818924243,250.08745472833823
720,abundant,132.3688471434818,103.47936938701801,45.498609140082145,0.4856480035203266,1.5458724985186274,2152.166606172963,3.4206482894428856,4,1,0,0,35,0.05239329263887418,0.974347404099318,0.0,0.28989360934407005,99.63412107952959,78.52516022022745,0.0023161699368111862,0.2029220779220779,32.10163818924243,244.28584286699748
721,abundant,132.3878568856593,103.45057945253129,45.483423107746205,0.5155435849092141,1.5311665825266714,2157.646970242058,3.417350600631798,4,1,0,0,35,0.05238795613038739,0.9743126940142415,0.0,0.28989403555491733,99.63412881365329,78.52527567042709,0.0023160895156401446,0.2029220779220779,32.10163818924243,248.80361339705775
722,abundant,132.37673463971396,103.45583103101298,45.504652243182896,0.4705643518059807,1.5469631266240738,2163.042531611005,3.4140446925250645,4,1,0,0,35,0.05238270646323893,0.9742779897037985,0.0,0.28989446176351147,99.63413654779319,78.5253911200164,0.0023160090972614562,0.2029220779220779,32.10163818924243,243.23601747322664
723,abundant,132.38711833380117,103.41968823586222,45.49226073137847,0.5293602662596789,1.540801037445134,2168.361380596296,3.4108451104425126,4,1,0,0,35,0.05237754378135111,0.9742432910723058,0.0,0.28989488796985236,99.6341442819493,78.52550656899535,0.0023159286816750242,0.2029220779220779,32.10163818924243,248.1010256696139
724,abundant,132.3874763892387,103.4276228121848,45.51056403821954,0.4815794163470448,1.5455024472468177,2173.768990831355,3.4076739781077823,4,1,0,0,35,0.05237246822626143,0.9742085980239233,0.0,0.28989531417393993,99.63415201612166,78.52562201736394,0.002315848268880752,0.2029220779220779,32.10163818924243,242.42862775886215
725,abundant,132.39047679783664,103.38923584021433,45.50050630301659,0.5385808368434287,1.5466795290501958,2179.2141717746636,3.404544193217399,4,1,0,0,35,0.052367479937118815,0.9741739104626591,0.0,0.28989574037577437,99.6341597503102,78.52573746512222,0.002315767858878542,0.2029220779220779,32.10163818924243,247.59942874629508
726,abundant,132.3767471746466,103.39213949859294,45.52384196737084,0.49254844608924797,1.5656924485230788,2184.581816020567,3.4014562029446855,4,1,0,0,35,0.052362579050679724,0.9741392282923703,0.0,0.28989616657535555,99.63416748451498,78.52585291227012,0.0023156874516682977,0.2029220779220779,32.10163818924243,243.10345936392565
727,abundant,132.3954311812357,103.36240700492493,45.510214862462426,0.5341686460735008,1.5514210172901401,2189.859703291535,3.398428900419022,4,1,0,0,35,0.05235776570130443,0.9741045514167654,0.0,0.2898965927726836,99.634175218736,78.52596835880772,0.0023156070472499218,0.2029220779220779,32.10163818924243,247.98220289696397
728,abundant,132.37305001089933,103.34173677915659,45.53154848730559,0.5183183569122286,1.5787711044070156,2195.2319826355088,3.3953738642248847,4,1,0,0,35,0.05235304002095334,0.9740698797394091,0.0,0.2898970189677584,99.63418295297326,78.52608380473497,0.002315526645623317,0.2029220779220779,32.10163818924243,244.01653835486064
729,abundant,132.39625314697423,103.32612791863917,45.520262194601465,0.5174623481010056,1.5600556942782733,2200.6765854232362,3.3922776843576306,4,1,0,0,35,0.052348402139183375,0.9740352131637225,0.0,0.2898974451605801,99.6341906872267,78.5261992500519,0.0023154462467883876,0.2029220779220779,32.10163818924243,248.71830388596197
730,abundant,132.374242203436,103.31708117691102,45.53958045577367,0.5118472867240496,1.5871617422391417,2206.231553916885,3.3891669723945053,4,1,0,0,35,0.05234385218314441,0.9740005515929878,0.0,0.2898978713511485,99.6341984214964,78.52631469475847,0.0023153658507450354,0.2029220779220779,32.10163818924243,243.69367490701993
731,abundant,132.39671094726728,103.2950690231675,45.529196847659186,0.5285349005385228,1.5697480221943447,2211.751550308094,3.386064114258564,4,1,0,0,35,0.05233939027757577,0.973965894930349,0.0,0.28989829753946383,99.6342061557823,78.52643013885475,0.0023152854574931643,0.2029220779220779,32.10163818924243,248.6330526670244
732,abundant,132.3740527821203,103.28483245233703,45.549222830176745,0.5173153452117331,1.5975450893613776,2217.1522363260883,3.382968675531826,4,1,0,0,35,0.05233501654480286,0.9739312430788165,0.0,0.28989872372552605,99.63421389008442,78.52654558234072,0.002315205067032677,0.2029220779220779,32.10163818924243,243.0983503873915
733,abundant,132.39686759006884,103.265371840914,45.538476323685,0.5335169228546692,1.5800228801813367,2222.603305940429,3.379853128558618,4,1,0,0,35,0.052330731104733776,0.973896595941268,0.0,0.2898991499093351,99.63422162440277,78.52666102521633,0.002315124679363477,0.2029220779220779,32.10163818924243,248.39130406340752
734,abundant,132.3738268164935,103.24823166841178,45.558260548777994,0.5344453598472982,1.6085202587582992,2228.1426397518735,3.3767382555310608,4,1,0,0,35,0.05232653407485602,0.9738619534204523,0.0,0.28989957609089095,99.63422935873733,78.52677646748162,0.0023150442944854664,0.2029220779220779,32.10163818924243,243.64056115260644
735,abundant,132.39687034323123,103.22981121774308,45.547908263824624,0.5374211989694092,1.5904909238655354,2233.5823774515593,3.373643952393448,4,1,0,0,35,0.05232242557023328,0.9738273154189917,0.0,0.28990000227019375,99.6342370930881,78.52689190913662,0.0023149639123985497,0.2029220779220779,32.10163818924243,248.14916355996033
736,abundant,132.3742253276387,103.21917389329784,45.567334248968805,0.5284458635291418,1.6179309124230126,2239.0447909091454,3.370525445610714,4,1,0,0,35,0.0523184057035023,0.9737926818393845,0.0,0.2899004284472434,99.63424482745509,78.5270073501813,0.0023148835331026282,0.2029220779220779,32.10163818924243,242.7177578787666
737,abundant,132.3962114162395,103.19656420190883,45.55693350623196,0.5486035834296518,1.6002527272628029,2244.5124351545965,3.367427897265351,4,1,0,0,35,0.05231447458486975,0.9737580525840078,0.0,0.28990085462203996,99.6342525618383,78.52712279061565,0.002314803156597607,0.2029220779220779,32.10163818924243,247.42020078543817
738,abundant,132.37278736937157,103.18097648924476,45.57699143253805,0.544706647001438,1.6274311163841455,2249.936483960504,3.36439092264891,4,1,0,0,35,0.052310632322109224,0.9737234275551201,0.0,0.2899012807945835,99.63426029623774,78.52723823043972,0.0023147227828833883,0.2029220779220779,32.10163818924243,242.7086723355957
739,abundant,132.3944827630673,103.1715074572055,45.56700114463057,0.5389524876974784,1.6095847086550308,2255.483913858996,3.361357859822968,4,1,0,0,35,0.052306879020558306,0.9736888066548642,0.0,0.2899017069648739,99.63426803065339,78.52735366965348,0.0023146424119598746,0.2029220779220779,32.10163818924243,238.08426210691817
740,abundant,132.37824485788678,103.13834817966244,45.58141635046955,0.5672619444172433,1.6294459052041703,2261.0438208889827,3.3583310528478307,4,1,0,0,35,0.052303214783115656,0.9736541897852694,0.0,0.2899021331329112,99.63427576508525,78.52746910825692,0.0023145620438269694,0.2029220779220779,32.10163818924243,244.17887046360732
741,abundant,132.39418627380658,103.1385654771659,45.576303747564175,0.5272774766695368,1.6177489087257706,2266.6263959339703,3.3553467162719484,4,1,0,0,35,0.05229963971023819,0.9736195768482548,0.0,0.2899025592986955,99.63428349953332,78.5275845462501,0.002314481678484576,0.2029220779220779,32.10163818924243,239.20952535456095
742,abundant,132.37839065336232,103.10512103020932,45.589323542331115,0.5665654401859087,1.6372355934743164,2272.270984877323,3.3523355365493455,4,1,0,0,35,0.05229615389993833,0.9735849677456316,0.0,0.28990298546222665,99.63429123399762,78.52769998363293,0.0023144013159325976,0.2029220779220779,32.10163818924243,244.2229635118404
743,abundant,132.39524930153226,103.10460001435366,45.58550624370618,0.5230639234789615,1.6245178322934757,2277.8877992646376,3.349342681204235,4,1,0,0,35,0.05229275744778135,0.9735503623791057,0.0,0.2899034116235048,99.63429896847813,78.52781542040547,0.0023143209561709375,0.2029220779220779,32.10163818924243,239.23456580428825
744,abundant,132.3752525847915,103.07691705833098,45.599556110758314,0.5567991066164222,1.6480196690375113,2283.4049370083085,3.346413577171821,4,1,0,0,35,0.05228945044688267,0.9735157606502808,0.0,0.289903837782529,99.63430668055024,78.52793085656748,0.002314240599199498,0.2029220779220779,32.10163818924243,244.1262354173017
745,abundant,132.3980467325444,103.0646343275159,45.594242642318015,0.5393970430455763,1.6289006483055781,2289.011064358194,3.3435456908807346,4,1,0,0,35,0.05228623298790541,0.9734811624606609,0.0,0.2899042639392983,99.63431437341501,78.5280462921187,0.002314160245018183,0.2029220779220779,32.10163818924243,238.3719058464932
746,abundant,132.3754742327582,103.04580929435822,45.60886553883742,0.545297245092399,1.6553192018400196,2294.6987129334157,3.340686642127918,4,1,0,0,35,0.05228310515905783,0.9734465677116524,0.0,0.2899046900938127,99.63432206629595,78.52816172705911,0.002314079893626895,0.2029220779220779,32.10163818924243,243.84452061588368
747,abundant,132.3988885216105,103.02927662009783,45.60416664945879,0.5475974560511292,1.6365106028592638,2300.2952262502004,3.3378379995956706,4,1,0,0,35,0.052280067046090936,0.9734119763045685,0.0,0.2899051162460723,99.6343297591931,78.52827716138876,0.0023139995450255375,0.2029220779220779,32.10163818924243,248.63097426377857
748,abundant,132.37632404772998,103.0150884339012,45.61883047145192,0.5393023407573458,1.663988183200419,2305.9216010180753,3.3349749329029676,4,1,0,0,35,0.05227711873229613,0.9733773881406296,0.0,0.2899055423960771,99.6343374521064,78.52839259510763,0.002313919199214013,0.2029220779220779,32.10163818924243,243.66708950714923
749,abundant,132.3995284966557,102.99555514520546,45.614509351157196,0.5567137286269492,1.645843761249743,2311.451390392598,3.332193181605801,4,1,0,0,35,0.052274260298502934,0.9733428031209679,0.0,0.28990596854382705,99.63434514503592,78.52850802821573,0.0023138388561922264,0.2029220779220779,32.10163818924243,248.5263957217693
750,abundant,132.3780683987164,102.98634804058935,45.629713321473616,0.5415936988285164,1.6728156601112374,2316.7846218225677,3.3294317339109845,4,1,0,0,35,0.05227149182307673,0.9733082211466291,0.0,0.28990639468932217,99.63435283798164,78.52862346071305,0.002313758515960079,0.2029220779220779,32.10163818924243,243.41310386604695
751,abundant,132.39889510450942,102.9588659797418,45.625183438174105,0.5630184764182681,1.6574647505942914,2322.081557724043,3.326609745000722,4,1,0,0,35,0.05226881338191668,0.9732736421185757,0.0,0.28990682083256253,99.6343605309435,78.52873889259959,0.002313678178517474,0.2029220779220779,32.10163818924243,248.3251034893666
752,abundant,132.37855011295093,102.95233927049755,45.64116912259314,0.5405749695018846,1.6838831085239876,2327.384248901537,3.3237867280789963,4,1,0,0,35,0.05226622504845362,0.9732390659376892,0.0,0.289907246973548,99.6343682239216,78.52885432387536,0.002313597843864316,0.2029220779220779,32.10163818924243,243.18400646613534
753,abundant,132.39875762664178,102.92430371974271,45.63555484147056,0.5679678979129582,1.6687392487447064,2332.6946623992844,3.3209225719182762,4,1,0,0,35,0.052263726893648006,0.9732044925047728,0.0,0.28990767311227883,99.63437591691586,78.52896975454038,0.0023135175120005073,0.2029220779220779,32.10163818924243,247.59630221778818
754,abundant,132.37748131331884,102.91665140396081,45.65256817281151,0.5431561463334051,1.6955972228514897,2337.8750988297397,3.318070624481007,4,1,0,0,35,0.05226131898598801,0.9731699217205549,0.0,0.2899080992487548,99.6343836099263,78.52908518459462,0.0023134371829259506,0.2029220779220779,32.10163818924243,242.63407350197429
755,abundant,132.3983335139634,102.8904991559119,45.64568858040819,0.5689607513530439,1.6797441734274168,2343.0746034072436,3.3152599090105386,4,1,0,0,35,0.05225900139148764,0.9731353534856909,0.0,0.28990852538297607,99.63439130295293,78.52920061403812,0.0023133568566405496,0.2029220779220779,32.10163818924243,247.34066531840614
756,abundant,132.37565527572997,102.87901007295444,45.66406465402235,0.5541385776602361,1.7079076557749007,2348.2236534747353,3.3124441841110825,4,1,0,0,35,0.05225677417368492,0.9731007877007664,0.0,0.2899089515149425,99.63439899599574,78.52931604287085,0.0023132765331442067,0.2029220779220779,32.10163818924243,242.5763648295509
757,abundant,132.3980819645052,102.8579433035663,45.65543538710344,0.5687340304007118,1.6907985492358337,2353.5151896411116,3.3095863776752776,4,1,0,0,35,0.052254637393640155,0.9730662242663001,0.0,0.2899093776446543,99.63440668905476,78.52943147109283,0.002313196212436826,0.2029220779220779,32.10163818924243,247.9363047520588
758,abundant,132.37580254086924,102.84743022277452,45.67440710409213,0.5523572060036631,1.7192126466293975,2358.677524858387,3.3068143790792406,4,1,0,0,35,0.05225259110993424,0.9730316630827459,0.0,0.2899098037721113,99.63441438212992,78.52954689870406,0.0023131158945183107,0.2029220779220779,32.10163818924243,242.9188000132885
759,abundant,132.39807715097405,102.82446108761282,45.665817313631955,0.573132733757536,1.7029064095610182,2363.7770904234203,3.304069924991678,4,1,0,0,35,0.05225063537866709,0.9729971040504961,0.0,0.2899102298973136,99.63442207522131,78.52966232570454,0.0023130355793885633,0.2029220779220779,32.10163818924243,248.53943960724493
760,abundant,132.3747590099118,102.80805489953181,45.68516132330178,0.5637454274631415,1.7319215461129278,2368.8690890997095,3.3013288204978664,4,1,0,0,35,0.05224877025345605,0.9729625470698839,0.0,0.2899106560202611,99.63442976832884,78.52977775209425,0.0023129552670474868,0.2029220779220779,32.10163818924243,243.51021156875933
761,abundant,132.39718387404668,102.78801060593464,45.676268086302095,0.5716540788904361,1.714979833015529,2373.8776822738364,3.298525325271742,4,1,0,0,35,0.052246995785434486,0.9729279920411867,0.0,0.289911082140954,99.6344374614526,78.52989317787323,0.002312874957494986,0.2029220779220779,32.10163818924243,248.0584016562237
762,abundant,132.3742673203334,102.77555429138357,45.69530235857021,0.5666563910576164,1.7438040069039336,2378.7759530694457,3.2957356801884465,4,1,0,0,35,0.052245312023250313,0.9728934388646278,0.0,0.28991150825939216,99.63444515459253,78.53000860304147,0.002312794650730962,0.2029220779220779,32.10163818924243,243.25277744341486
763,abundant,132.39646379224092,102.75363204446997,45.686458666383125,0.5736663110893854,1.727511850834494,2383.715647119745,3.2928503910796088,4,1,0,0,35,0.05224371901306475,0.97285888744038,0.0,0.28991193437557555,99.6344528477486,78.53012402759894,0.0023127143467553193,0.2029220779220779,32.10163818924243,248.63814432941865
764,abundant,132.37329345690443,102.74089685158611,45.70568476539662,0.5683756198099014,1.7569147179523166,2388.669024473653,3.2899983386978917,4,1,0,0,35,0.052242216798550956,0.9728243376685681,0.0,0.2899123604895044,99.6344605409209,78.53023945154573,0.00231263404556796,0.2029220779220779,32.10163818924243,243.57851734702197
765,abundant,132.3949946026754,102.71703243098247,45.69630574726899,0.5777175807754137,1.741609305864892,2393.6160923736315,3.287191777159796,4,1,0,0,35,0.052240805420892905,0.972789789449272,0.0,0.28991278660117853,99.63446823410935,78.53035487488175,0.0023125537471687897,0.2029220779220779,32.10163818924243,248.26973814715979
766,abundant,132.37228705801525,102.70582835631775,45.715718755250506,0.5676216163135208,1.771264244750868,2398.601790541754,3.284347683893638,4,1,0,0,35,0.052239484918784246,0.9727552426825279,0.0,0.289913212710598,99.63447592731397,78.53047029760704,0.0023124734515577077,0.2029220779220779,32.10163818924243,243.5157741320799
767,abundant,132.3933160297043,102.68009325270033,45.70617049790738,0.5900061658952934,1.7569102284045115,2403.652544591794,3.2815909194082242,4,1,0,0,35,0.052238255328427165,0.9727206972683334,0.0,0.28991363881776283,99.6344836205348,78.5305857197216,0.0023123931587346208,0.2029220779220779,32.10163818924243,248.00913250942793
768,abundant,132.37449859004235,102.6767652555429,45.72415543702124,0.5666485053771325,1.7830273410776505,2408.645744172216,3.278898073984146,4,1,0,0,35,0.052237116683531565,0.9726861531066481,0.0,0.289914064922673,99.6344913137718,78.53070114122544,0.00231231286869943,0.2029220779220779,32.10163818924243,242.21090619632812
769,abundant,132.38879191029943,102.64155923185734,45.716241847170174,0.6064722629616462,1.774898438169292,2413.5651709525555,3.2761810633019675,4,1,0,0,35,0.05223606901531391,0.9726516100973979,0.0,0.28991449102532857,99.63449900702496,78.53081656211855,0.00231223258145204,0.2029220779220779,32.10163818924243,247.36229228466243
770,abundant,132.37514414597206,102.64310681202531,45.73347422714747,0.5616863210092492,1.7958884962582278,2418.3857001521974,3.2734528957438433,4,1,0,0,35,0.0522351123524966,0.9726170681404768,0.0,0.2899149171257295,99.6345067002943,78.53093198240093,0.0023121522969923526,0.2029220779220779,32.10163818924243,241.7080458289966
771,abundant,132.38424337484932,102.60461085036349,45.72698455000059,0.6101441496759838,1.7926490097115027,2423.2230971762765,3.2707454349159404,4,1,0,0,35,0.05223424672130701,0.9725825271357501,0.0,0.28991534322387585,99.63451439357982,78.53104740207262,0.002312072015320272,0.2029220779220779,32.10163818924243,246.4647129508369
772,abundant,132.3827205061227,102.60994737350651,45.740017080949436,0.5621654705741755,1.8021545162234152,2428.1219842779246,3.268066525239248,4,1,0,0,35,0.052233472145476856,0.9725479869830568,0.0,0.2899157693197676,99.63452208688152,78.53116282113358,0.002311991736435701,0.2029220779220779,32.10163818924243,241.52376838100776
773,abundant,132.3831252971778,102.56924557932642,45.73581564823244,0.6162170560657118,1.8082606306182722,2433.115634574635,3.2653271107779798,4,1,0,0,35,0.05223278864624152,0.9725134475822126,0.0,0.28991619541340474,99.63452978019941,78.53127823958381,0.0023119114603385427,0.2029220779220779,32.10163818924243,246.5028274053869
774,abundant,132.3830554797172,102.57465643410619,45.75033915975036,0.5607954435882148,1.8165545745915845,2438.1191437626258,3.2624849783532537,4,1,0,0,35,0.052232196242339504,0.9724789088330126,0.0,0.2899166215047872,99.63453747353346,78.53139365742331,0.0023118311870287006,0.2029220779220779,32.10163818924243,241.7040579352278
775,abundant,132.38275392579,102.5338872804918,45.74469350970165,0.6181273308861153,1.822907284020433,2443.0707310474536,3.25968639890572,4,1,0,0,35,0.05223169495001183,0.9724443706352344,0.0,0.2899170475939152,99.6345451668837,78.53150907465213,0.002311750916506078,0.2029220779220779,32.10163818924243,246.46641699824755
776,abundant,132.3800068579502,102.53901487806769,45.76219983268456,0.5670436748067035,1.8337282019757508,2448.022038158648,3.2569601756003643,4,1,0,0,35,0.052231284783001694,0.9724098328886396,0.0,0.28991747368078863,99.63455286025008,78.53162449127026,0.0023116706487705777,0.2029220779220779,32.10163818924243,241.50904199516057
777,abundant,132.38207237886758,102.49842620221996,45.753718388119665,0.6163558754055157,1.8375374451364235,2452.941705839723,3.2541623234052253,4,1,0,0,35,0.05223096575255404,0.9723752954929784,0.0,0.2899178997654075,99.63456055363264,78.53173990727767,0.002311590383822103,0.2029220779220779,32.10163818924243,247.0905680251313
778,abundant,132.3740709304366,102.50253207581052,45.775288579446254,0.5639221402265767,1.8533014479148575,2457.773796926718,3.2514612882252165,4,1,0,0,35,0.052230737867415236,0.9723407583479909,0.0,0.28991832584777183,99.6345682470314,78.53185532267437,0.002311510121660557,0.2029220779220779,32.10163818924243,242.11249627001928
779,abundant,132.37993071251054,102.46274931699162,45.76362205813345,0.6140631248777465,1.8529159800398247,2462.697404451741,3.2487353122815215,4,1,0,0,35,0.05223060113383286,0.9723062213534104,0.0,0.28991875192788163,99.63457594044633,78.53197073746038,0.0023114298622858437,0.2029220779220779,32.10163818924243,246.79780100557662
780,abundant,132.38121207262392,102.46813480132876,45.782856928197475,0.5592078157948056,1.8594016710771675,2467.729424234378,3.245998406965233,4,1,0,0,35,0.05223055555555556,0.972271684408966,0.0,0.28991917800573686,99.6345836338774,78.5320861516357,0.0023113496056978663,0.2029220779220779,32.10163818924243,240.94049855701678
781,abundant,132.3840591889007,102.42772529748771,45.77347757508801,0.6135509671146738,1.8617428069860962,2472.71119699665,3.243368689757691,4,1,0,0,35,0.05223060113383287,0.9722371474143855,0.0,0.2899196040813376,99.63459132732466,78.53220156520031,0.002311269351896527,0.2029220779220779,32.10163818924243,246.54089998159984
782,abundant,132.3630659499981,102.4206401187418,45.79777250694834,0.5739106999657123,1.8895471219779596,2477.707346566509,3.240732769265565,4,1,0,0,35,0.052230737867415236,0.9722222222222222,0.0,0.2899200301546839,99.63459902078809,78.53231697815426,0.0023111891008817296,0.2029220779220779,32.10163818924243,242.76257229952697
783,abundant,132.3809963235741,102.38918560304006,45.785016911040174,0.6013472337298275,1.8774813017478473,2482.7440738668884,3.238105645116477,4,1,0,0,35,0.052230965752554044,0.9722222222222222,0.0,0.2899204562257754,99.63460669664424,78.53243239049742,0.002311108852653378,0.2029220779220779,32.10163818924243,247.4818948048188
784,abundant,132.37134094212487,102.39271771510646,45.804927345166206,0.5600765099133999,1.8948104987624892,2487.8951948322792,3.235465266489816,4,1,0,0,35,0.052231284783001694,0.9722222222222222,0.0,0.2899208822946117,99.63461434838374,78.53254780222973,0.0023110286072113746,0.2029220779220779,32.10163818924243,242.3270936017862
785,abundant,132.37835030914403,102.35324057719698,45.79551911640257,0.614422125237181,1.8932016103133595,2493.0857447897943,3.2327935850086535,4,1,0,0,35,0.05223169495001183,0.9722222222222222,0.0,0.289921308361193,99.63462200013937,78.53266321335119,0.0023109483645556224,0.2029220779220779,32.10163818924243,247.41836995640273
786,abundant,132.37537951524837,102.35841962271576,45.81460852258991,0.5658527037298584,1.9035634834103357,2498.244178013527,3.230074406438734,4,1,0,0,35,0.052232196242339504,0.9722222222222222,0.0,0.28992173442551905,99.63462965191118,78.53277862386176,0.0023108681246860256,0.2029220779220779,32.10163818924243,241.647328588357
787,abundant,132.37686019850628,102.31773028242388,45.80527613293561,0.6198216671550553,1.9066270268916459,2503.2304885398335,3.2273699169453796,4,1,0,0,35,0.05223278864624153,0.9722222222222222,0.0,0.2899221604875901,99.63463730369911,78.53289403376152,0.0023107878876024866,0.2029220779220779,32.10163818924243,246.20517015116775
788,abundant,132.36530604219564,102.32056546727735,45.829174367511136,0.5685311478255067,1.9249743863503868,2508.294824103403,3.2247031558687915,4,1,0,0,35,0.052233472145476856,0.9722222222222222,0.0,0.2899225865474061,99.63464495550322,78.53300944305043,0.00231070765330491,0.2029220779220779,32.10163818924243,241.16662588048246
789,abundant,132.37615984416732,102.28303906262883,45.81480632394678,0.6136937999708053,1.9192188277018727,2513.3467739540283,3.222059475431265,4,1,0,0,35,0.05223424672130701,0.9722222222222222,0.0,0.28992301260496706,99.63465260732343,78.5331248517285,0.002310627421793197,0.2029220779220779,32.10163818924243,246.80813064517056
790,abundant,132.3584169770728,102.28124667270507,45.842516412900835,0.5693567954830222,1.94426894629436,2518.3496646978747,3.2194553395130394,4,1,0,0,35,0.0522351123524966,0.9722222222222222,0.0,0.28992343866027287,99.63466025915982,78.53324025979572,0.002310547193067253,0.2029220779220779,32.10163818924243,242.26674614044208
791,abundant,132.37521845777582,102.24870251980929,45.825211530063605,0.6040330838227055,1.9331094238869058,2523.3275857905246,3.2169246066366175,4,1,0,0,35,0.05223606901531391,0.9722222222222222,0.0,0.28992386471332365,99.63466791101236,78.5333556672521,0.00231046696712698,0.2029220779220779,32.10163818924243,247.26694124453692
792,abundant,132.3516388496525,102.23406655044005,45.854940861906066,0.5809571100206429,1.9632160554235136,2528.1514566375336,3.2143834842100456,4,1,0,0,35,0.05223711668353156,0.9722222222222222,0.0,0.2899242907641194,99.63467556288104,78.53347107409763,0.002310386743972281,0.2029220779220779,32.10163818924243,243.15578509038838
793,abundant,132.3741058402265,102.21655561949112,45.83708124444618,0.58694373567048,1.9467750416994936,2533.003371496947,3.211765054557039,4,1,0,0,35,0.052238255328427165,0.9722222222222222,0.0,0.2899247168126601,99.63468321476586,78.53358648033235,0.002310306523603061,0.2029220779220779,32.10163818924243,239.07918119056382
794,abundant,132.35768035444525,102.18215901372042,45.860880726801355,0.6083949809774769,1.9679595429207606,2537.8430751585765,3.209098764851396,4,1,0,0,35,0.05223948491878424,0.9722222222222222,0.0,0.2899251428589458,99.63469086666683,78.53370188595622,0.0023102263060192207,0.2029220779220779,32.10163818924243,245.34193650915248
795,abundant,132.37020472680945,102.18344037644505,45.85043668741387,0.5635335571087381,1.9611098309042427,2542.6039709456236,3.206486710335302,4,1,0,0,35,0.052240805420892905,0.9722222222222222,0.0,0.28992556890297644,99.63469851858397,78.53381729096927,0.002310146091220666,0.2029220779220779,32.10163818924243,240.2493167452387
796,abundant,132.3686055811059,102.14274482870307,45.86523260070061,0.616181113844475,1.966858151527291,2547.4424755386135,3.2040023265008974,4,1,0,0,35,0.052242216798550956,0.9722222222222222,0.0,0.28992599494475213,99.63470617051722,78.5339326953715,0.0023100658792072977,0.2029220779220779,32.10163818924243,245.82876579777317
797,abundant,132.37287146362462,102.14751331665336,45.86182532559779,0.5637597942024644,1.9685320867760905,2552.2265037784455,3.201565064121393,4,1,0,0,35,0.05224371901306475,0.9722222222222222,0.0,0.2899264209842728,99.63471382246662,78.5340480991629,0.0023099856699790216,0.2029220779220779,32.10163818924243,240.57780860623416
798,abundant,132.361294768099,102.10927933728134,45.87601344672728,0.6176962199988433,1.984095646936562,2556.889001745214,3.1991991134751667,4,1,0,0,35,0.052245312023250313,0.9722222222222222,0.0,0.2899268470215384,99.63472147443217,78.53416350234346,0.0023099054635357394,0.2029220779220779,32.10163818924243,245.12094235947188
799,abundant,132.36804540279041,102.11322610937681,45.874274513792585,0.5685900653149235,1.9831648771146928,2561.538133958951,3.19681623128894,4,1,0,0,35,0.05224699578543448,0.9722222222222222,0.0,0.28992727305654914,99.63472912641387,78.53427890491322,0.002309825259877354,0.2029220779220779,32.10163818924243,240.60096870444107
800,abundant,132.36429728863052,102.07250974792142,45.884121407077195,0.6222026755455878,1.99096060920047,2566.188139641359,3.194475560321038,4,1,0,0,35,0.05224877025345605,0.9722222222222222,0.0,0.2899276990893048,99.63473677841169,78.53439430687216,0.002309745059003771,0.2029220779220779,32.10163818924243,245.70762304235535
801,abundant,132.3630334462671,102.0777818255071,45.886861321548686,0.5669615085585671,1.9985822206301498,2570.8718866699055,3.192194532975532,4,1,0,0,35,0.05225063537866709,0.9722222222222222,0.0,0.28992812511980565,99.63474443042567,78.53450970822028,0.0023096648609148914,0.2029220779220779,32.10163818924243,240.4633693049507
802,abundant,132.36465494233943,102.03685523152885,45.892679624937074,0.6277235931043075,2.001072253231233,2575.7886996887173,3.1898865648484933,4,1,0,0,35,0.05225259110993424,0.9722222222222222,0.0,0.2899285511480515,99.63475208245578,78.53462510895761,0.00230958466561062,0.2029220779220779,32.10163818924243,245.94542515775726
803,abundant,132.3596927369115,102.04156173232916,45.89870412437348,0.5744713656547629,2.012522624563001,2580.6284295551814,3.1877101467151894,4,1,0,0,35,0.05225463739364015,0.9722222222222222,0.0,0.2899289771740423,99.63475973450204,78.53474050908412,0.0023095044730908586,0.2029220779220779,32.10163818924243,240.77603999284486
804,abundant,132.36104528801954,102.00041790356171,45.902651221535336,0.6348369544464452,2.0148004963599524,2585.3919303780276,3.185489569226521,4,1,0,0,35,0.052256774173684926,0.9722222222222222,0.0,0.28992940319777827,99.63476738656443,78.53485590859981,0.0023094242833555114,0.2029220779220779,32.10163818924243,245.6145266237022
805,abundant,132.3591236657227,102.00538195202698,45.90945728684968,0.5772607906484666,2.022847048297862,2590.201511007748,3.183221232254296,4,1,0,0,35,0.05225900139148764,0.9722222222222222,0.0,0.2899298292192593,99.63477503864297,78.5349713075047,0.0023093440964044817,0.2029220779220779,32.10163818924243,240.7718568173695
806,abundant,132.35907626312104,101.96422594584686,45.912015217554035,0.6319829711640153,2.0260219891128752,2595.075771986827,3.180961125613712,4,1,0,0,35,0.05226131898598801,0.9722222222222222,0.0,0.2899302552384854,99.63478269073765,78.5350867057988,0.0023092639122376728,0.2029220779220779,32.10163818924243,245.41961354993333
807,abundant,132.35395426614338,101.96891732521063,45.92188929340083,0.5767514855654338,2.0366306525583098,2599.9250079472113,3.1787066025681927,5,1,0,0,35,0.052263726893648006,0.9722222222222222,0.0,0.2899306812554566,99.63479034284846,78.5352021034821,0.0023091837308549888,0.2029220779220779,32.10163818924243,240.48236307597438
808,abundant,132.35688406158295,101.92820255270863,45.92134268152646,0.6279405278992723,2.0365129230350774,2604.7555595648155,3.1764454113505587,5,1,0,0,35,0.05226622504845362,0.9722222222222222,0.0,0.289931107270173,99.63479799497541,78.53531750055463,0.0023091035522563317,0.2029220779220779,32.10163818924243,245.59533516707435
809,abundant,132.35287719701944,101.93304319206499,45.93271020008723,0.5776367363806153,2.0463430099893603,2609.5184280156973,3.1742578975080806,5,1,0,0,35,0.05226881338191668,0.9722222222222222,0.0,0.2899315332826344,99.63480564711851,78.5354328970163,0.002309023376441605,0.2029220779220779,32.10163818924243,240.247584783472
810,abundant,132.35499683193322,101.89206932319982,45.93036102171822,0.632363706482065,2.047429320583964,2614.0270423061884,3.1721975800299655,5,1,0,0,35,0.05227149182307672,0.9722222222222222,0.0,0.289931959292841,99.63481329927774,78.53554829286725,0.0023089432034107127,0.2029220779220779,32.10163818924243,245.42199538439704
811,abundant,132.34809987685162,101.89634964898278,45.944479230467174,0.5822559434213015,2.0600846814419485,2618.492404990626,3.1701197984126948,5,1,0,0,35,0.05227426029850293,0.9722222222222222,0.0,0.2899323853007927,99.63482095145308,78.53566368810738,0.0023088630331635587,0.2029220779220779,32.10163818924243,240.0201498316428
812,abundant,132.3511145971792,101.8554322215686,45.93971393735644,0.6375086506246963,2.0598944447010092,2623.0864353204597,3.167916725164413,5,1,0,0,35,0.05227711873229613,0.9722222222222222,0.0,0.28993281130648957,99.63482860364458,78.53577908273672,0.0023087828657000443,0.2029220779220779,32.10163818924243,245.41132504949843
813,abundant,132.34386950656506,101.85943745512895,45.95579683677659,0.5905129986311463,2.0724906605008417,2627.814715769593,3.1657204958246044,5,1,0,0,35,0.052280067046090936,0.9722222222222222,0.0,0.28993323730993154,99.6348362558522,78.53589447675527,0.0023087027010200746,0.2029220779220779,32.10163818924243,240.45421415696975
814,abundant,132.34473022992918,101.81802464352728,45.95031457877072,0.6446051833440509,2.0744011085333374,2632.518799480342,3.1635892341578047,5,1,0,0,35,0.05228310515905783,0.9722222222222222,0.0,0.2899336633111188,99.63484390807598,78.53600987016308,0.002308622539123552,0.2029220779220779,32.10163818924243,244.9162304886935
815,abundant,132.34848554926918,101.82202958703573,45.96335198343075,0.5905387385133546,2.0761126653327286,2637.074180699252,3.161505461304456,5,1,0,0,35,0.05228623298790541,0.9722222222222222,0.0,0.2899340893100511,99.63485156031588,78.53612526296007,0.002308542380010381,0.2029220779220779,32.10163818924243,239.09796046042882
816,abundant,132.34644622897656,101.78035555577644,45.95936323569377,0.6483403659473808,2.080865792764112,2641.4702997736895,3.159523365333624,5,1,0,0,35,0.05228945044688267,0.9722222222222222,0.0,0.28993451530672865,99.6348592125719,78.5362406551463,0.002308462223680463,0.2029220779220779,32.10163818924243,244.54976825952113
817,abundant,132.33296078202477,101.78153206085601,45.97846721824215,0.6042302393900214,2.0997872259916295,2645.8653847500536,3.157564541301055,5,1,0,0,35,0.05229275744778135,0.9722222222222222,0.0,0.28993494130115144,99.63486686484406,78.53635604672179,0.0023083820701337034,0.2029220779220779,32.10163818924243,240.12266010454303
818,abundant,132.34002755937144,101.74131799467658,45.97060019179144,0.657447549831154,2.0957612525927294,2650.1178444050456,3.1557318440817403,5,1,0,0,35,0.05229615389993833,0.9722222222222222,0.0,0.2899353672933193,99.63487451713236,78.53647143768646,0.0023083019193700046,0.2029220779220779,32.10163818924243,244.42815781562285
819,abundant,132.3339085427636,101.74519202759461,45.98791095168006,0.6051226647231087,2.1077719102734975,2654.3065975949576,3.1538895778976026,5,1,0,0,35,0.05229963971023818,0.9722222222222222,0.0,0.2899357932832324,99.6348821647459,78.53658682804036,0.0023082217713892707,0.2029220779220779,32.10163818924243,239.3393600352905
820,abundant,132.3368408758572,101.70373293054219,45.98005931241303,0.6594506715553042,2.107450939607855,2658.4550341083523,3.151989792340335,5,1,0,0,35,0.052303214783115656,0.9722222222222222,0.0,0.28993621927088953,99.63488977541343,78.53670221778319,0.0023081416261914044,0.2029220779220779,32.10163818924243,244.0521481787365
821,abundant,132.32951169720968,101.70730879455986,45.99970525654588,0.6117877043848063,2.1202596884343277,2662.483301323715,3.150119560353122,5,1,0,0,35,0.05230687902055831,0.9722222222222222,0.0,0.2899366452562909,99.63489738609708,78.536817606915,0.0023080614837763086,0.2029220779220779,32.10163818924243,239.16579105830826
822,abundant,132.3303052698419,101.66544986617353,45.99072694038408,0.6618310615543588,2.121558106316447,2666.772142892987,3.1482024523001955,5,1,0,0,35,0.052310632322109224,0.9722222222222222,0.0,0.28993707123943646,99.63490499679683,78.53693299543572,0.002307981344143887,0.2029220779220779,32.10163818924243,244.06173571660293
823,abundant,132.32944647621767,101.66960557998989,46.01024793002173,0.6080508132650152,2.1282504625415637,2671.1490364976635,3.1462541323702116,5,1,0,0,35,0.05231447458486974,0.9722222222222222,0.0,0.28993749722032613,99.6349126075127,78.53704838334541,0.0023079012072940437,0.2029220779220779,32.10163818924243,239.37950235149023
824,abundant,132.33021844539695,101.62765579152784,46.001258849256516,0.6651077647153713,2.129875014437686,2675.5387432722055,3.1444360932478364,5,1,0,0,35,0.052318405703502296,0.9722222222222222,0.0,0.2899379231989601,99.63492021824467,78.53716377064409,0.002307821073226682,0.2029220779220779,32.10163818924243,244.2136002082883
825,abundant,132.30807054683035,101.62047058641845,46.02687680660253,0.6277164657748936,2.1569470940091446,2679.9254195049725,3.1426596210443756,6,1,0,0,35,0.05232242557023328,0.9722222222222222,0.0,0.2899383491753382,99.63492782899277,78.53727915733167,0.0023077409419417043,0.2029220779220779,32.10163818924243,240.79446840170664
826,abundant,132.32449183493225,101.58784095222387,46.012864218726584,0.6510958993519853,2.1436799876218227,2684.3597571246573,3.1408001579390747,6,1,0,0,35,0.05232653407485602,0.9722222222222222,0.0,0.2899387751494606,99.63493543975694,78.53739454340827,0.002307660813439014,0.2029220779220779,32.10163818924243,245.7727240066209
827,abundant,132.31052635515283,101.58883498335501,46.03613365416036,0.6148703845738996,2.163121326023089,2688.602602683677,3.1390071994108255,6,1,0,0,35,0.05233073110473377,0.9722222222222222,0.0,0.28993920112132715,99.63494305053725,78.5375099288738,0.0023075806877185163,0.2029220779220779,32.10163818924243,240.32832857367092
828,abundant,132.31772744892805,101.54871671155243,46.02416721670465,0.6605241155105943,2.1584726775767,2692.9281435131707,3.1370947511489478,6,1,0,0,35,0.05233501654480286,0.9722222222222222,0.0,0.28993962709093796,99.63495066133363,78.53762531372833,0.002307500564780113,0.2029220779220779,32.10163818924243,245.37221052938153
829,abundant,132.31321337505648,101.55292133998024,46.04555781307039,0.6065403238169613,2.168631988735821,2697.271579879867,3.135170300956571,6,1,0,0,35,0.05233939027757577,0.9722222222222222,0.0,0.289940053058293,99.63495827214612,78.5377406979718,0.0023074204446237073,0.2029220779220779,32.10163818924243,239.42664494298936
830,abundant,132.3151191442323,101.5111831507178,46.034591488653156,0.6637323864999399,2.1691597132870584,2701.652226107144,3.1331220975520164,6,1,0,0,35,0.052343852183144406,0.9722222222222222,0.0,0.2899404790233924,99.63496588297474,78.53785608160426,0.002307340327249204,0.2029220779220779,32.10163818924243,244.75605337974392
831,abundant,132.2933705115025,101.50502779020948,46.06197190010687,0.630517189676235,2.1954546796090995,2705.899331619119,3.1311663354394152,6,1,0,0,35,0.052348402139183375,0.9722222222222222,0.0,0.28994090498623587,99.63497349381944,78.53797146462568,0.002307260212656505,0.2029220779220779,32.10163818924243,240.73040530026387
832,abundant,132.31133388918624,101.47486414502886,46.04532550962413,0.6535671712103117,2.1807747146781673,2710.049052514325,3.129294958783502,6,1,0,0,35,0.05235304002095334,0.9722222222222222,0.0,0.2899413309468237,99.63498110468025,78.5380868470361,0.0023071801008455145,0.2029220779220779,32.10163818924243,245.88428015471834
833,abundant,132.28581328515247,101.45851058678679,46.073289598669454,0.6461987583238279,2.209357706756401,2714.0342276207157,3.1274909436150624,6,1,0,0,35,0.05235776570130443,0.9722222222222222,0.0,0.28994175690515595,99.63498871555714,78.5382022288355,0.002307099991816136,0.2029220779220779,32.10163818924243,240.86366150531447
834,abundant,132.30453786184316,101.4296463447019,46.05866850415517,0.6505569514366907,2.1932310610458154,2718.058530856055,3.125708401710267,6,1,0,0,35,0.052362579050679724,0.9722222222222222,0.0,0.28994218286123236,99.63499632645018,78.53831761002387,0.0023070198855682737,0.2029220779220779,32.10163818924243,245.68332105199104
835,abundant,132.29541787292862,101.43273812786154,46.07804606195163,0.6155688057881838,2.2071163032254257,2722.122826132836,3.1239622681248007,6,1,0,0,35,0.05236747993711882,0.9722222222222222,0.0,0.2899426088150531,99.6350039373593,78.53843299060125,0.0023069397821018282,0.2029220779220779,32.10163818924243,239.29359979646063
836,abundant,132.29620107608787,101.39064423368657,46.07039136414481,0.6682762089293102,2.2082975013761814,2726.131084627559,3.1221836624283426,6,1,0,0,35,0.05237246822626143,0.9722222222222222,0.0,0.2899430347666182,99.63501154828451,78.5385483705676,0.0023068596814167057,0.2029220779220779,32.10163818924243,244.1656529244194
837,abundant,132.29658106950293,101.39467055233636,46.08808271759655,0.6111468289279082,2.2129935190405607,2730.0719538482444,3.1204262366190463,6,1,0,0,35,0.05237754378135111,0.9722222222222222,0.0,0.2899434607159275,99.63501915922582,78.53866374992293,0.002306779583512809,0.2029220779220779,32.10163818924243,238.89693553692243
838,abundant,132.29340086776466,101.35241626315002,46.080653007000684,0.6679017178236828,2.2179228804554034,2733.878294829825,3.1187168612831586,6,1,0,0,35,0.052382706463238934,0.9722222222222222,0.0,0.28994388666298127,99.63502677018322,78.53877912866729,0.002306699488390041,0.2029220779220779,32.10163818924243,243.51960976691458
839,abundant,132.28282192489726,101.354912750971,46.1040345910778,0.6234946174880318,2.2332346455972503,2737.5264887199737,3.1171957362675458,6,1,0,0,35,0.05238795613038739,0.9722222222222222,0.0,0.28994431260777925,99.63503438115676,78.53889450680059,0.0023066193960483055,0.2029220779220779,32.10163818924243,239.0499617293309
840,abundant,132.2867059840121,101.31322117897167,46.09266764245389,0.6746329007048137,2.2313512792230434,2741.003762228327,3.115708557627018,6,1,0,0,35,0.05239329263887418,0.9722222222222222,0.0,0.28994473855032166,99.63504199214636,78.53900988432294,0.0023065393064875053,0.2029220779220779,32.10163818924243,244.16017084940864
841,abundant,132.28737897319476,101.31677358559924,46.11324838514084,0.6262204840562459,2.233404104506984,2744.4026498690873,3.114247575017731,6,1,0,0,35,0.05239871584239622,0.9722222222222222,0.0,0.2899451644906085,99.63504960315205,78.53912526123428,0.0023064592197075445,0.2029220779220779,32.10163818924243,238.01884235324937
842,abundant,132.28551984664108,101.27423509311822,46.10415891187184,0.6771312316990721,2.2345707549996714,2747.6909233746264,3.112797823633864,6,1,0,0,35,0.05240422559227369,0.9722222222222222,0.0,0.2899455904286396,99.63505721417387,78.53924063753462,0.002306379135708327,0.2029220779220779,32.10163818924243,243.43414393464855
843,abundant,132.26771977543777,101.27261901307176,46.12968175953731,0.6266200715813491,2.2542640861614713,2751.0236675229535,3.1112554627553712,6,1,0,0,35,0.05240982173745397,0.9722222222222222,0.0,0.2899460163644151,99.63506482521177,78.53935601322397,0.0023062990544897547,0.2029220779220779,32.10163818924243,239.75882050592443
844,abundant,132.27856528223805,101.23447307640255,46.11596115781519,0.6659862466431635,2.2433103298948867,2754.5073879645133,3.1096405570429884,6,1,0,0,35,0.052415504124515934,0.9722222222222222,0.0,0.289946442297935,99.63507243626577,78.53947138830232,0.0023062189760517326,0.2029220779220779,32.10163818924243,244.33602898958122
845,abundant,132.26378299890226,101.23511280524264,46.14200164607643,0.6228782396188745,2.2606825758635334,2757.8297559268394,3.1080889378457943,6,1,0,0,35,0.05242127259767407,0.9722222222222222,0.0,0.2899468682291993,99.63508004733586,78.53958676276969,0.002306138900394163,0.2029220779220779,32.10163818924243,238.93727701168277
846,abundant,132.27181176825124,101.1952415341827,46.12763170092074,0.6688396677726564,2.252633808586586,2761.2002984767023,3.106547441678614,6,1,0,0,35,0.052427126998782755,0.9722222222222222,0.0,0.289947294158208,99.63508765842205,78.53970213662608,0.0023060588275169505,0.2029220779220779,32.10163818924243,243.7811914260503
847,abundant,132.2621493834855,101.19830964018476,46.15347483701641,0.6144803581161296,2.2659612779144793,2764.5407551191893,3.1049769359345603,6,1,0,0,35,0.05243306716734065,0.9722222222222222,0.0,0.2899477200849611,99.63509526952434,78.53981750987147,0.0023059787574199976,0.2029220779220779,32.10163818924243,238.83940252440345
848,abundant,132.26722724251096,101.15727891176877,46.13884205655912,0.6616583263194994,2.2611659651111506,2767.913763343313,3.1034578623530797,6,1,0,0,35,0.052439092940495015,0.9722222222222222,0.0,0.2899481460094587,99.63510288064269,78.5399328825059,0.0023058986901032083,0.2029220779220779,32.10163818924243,244.02467257329258
849,abundant,132.249699722258,101.15608537450105,46.16957924052275,0.6106453913175792,2.28159620045109,2771.2213195281947,3.1019389303622376,6,1,0,0,35,0.05244520415304625,0.9722222222222222,0.0,0.28994857193170065,99.63511049177718,78.54004825452934,0.002305818625566486,0.2029220779220779,32.10163818924243,239.7428028493474
850,abundant,132.2645698435709,101.12140516066364,46.151026826961726,0.645582670630678,2.2674647689197815,2774.5745499519035,3.100393585453457,6,1,0,0,35,0.052451400637452364,0.9722222222222222,0.0,0.28994899785168715,99.63511810292773,78.54016362594183,0.0023057385638097345,0.2029220779220779,32.10163818924243,245.37022283022074
851,abundant,132.23914983621503,101.10196141473327,46.18293004816159,0.6346688607798816,2.294521317908551,2777.919327550597,3.0988493177972822,6,1,0,0,35,0.05245768222383361,0.9722222222222222,0.0,0.28994942376941796,99.63512571409441,78.5402789967433,0.0023056585048328556,0.2029220779220779,32.10163818924243,241.64865857305915
852,abundant,132.26032195094092,101.08132563477515,46.16341329402857,0.6305636611021465,2.275318997512063,2781.1966656373625,3.097358234444312,6,1,0,0,35,0.05246404873997713,0.9722222222222222,0.0,0.28994984968489335,99.63513332527712,78.54039436693382,0.0023055784486357544,0.2029220779220779,32.10163818924243,246.54626130990178
853,abundant,132.23540221205826,101.0669038936323,46.195025092294784,0.6290721513125056,2.302887117442231,2784.5197687442123,3.0958540206949894,6,1,0,0,35,0.05247050001134165,0.9722222222222222,0.0,0.28995027559811315,99.63514093647596,78.54050973651339,0.002305498395218335,0.2029220779220779,32.10163818924243,241.4925082785397
854,abundant,132.25578326260415,101.04131111669821,46.175996205451526,0.6401334724628545,2.284879685365197,2787.7334172765113,3.0943276213169923,6,1,0,0,35,0.05247703586106233,0.9722222222222222,0.0,0.28995070150907754,99.63514854769092,78.540625105482,0.002305418344580499,0.2029220779220779,32.10163818924243,246.78094328860803
855,abundant,132.234732356966,101.03535367255236,46.20647082232328,0.618268439546412,2.309846187118377,2791.0222290922175,3.0928457265729823,6,1,0,0,35,0.052483656109955534,0.9722222222222222,0.0,0.28995112741778634,99.6351561589219,78.54074047383963,0.0023053382967221513,0.2029220779220779,32.10163818924243,242.0398406765191
856,abundant,132.25322227357802,101.00440601809228,46.18810879297728,0.6457827215484172,2.293964209505511,2794.3906431084324,3.0914700773238897,6,1,0,0,35,0.052490360576523794,0.9722222222222222,0.0,0.28995155332423966,99.63516377016902,78.5408558415863,0.0023052582516431947,0.2029220779220779,32.10163818924243,247.30380267032518
857,abundant,132.22874096257445,100.98297332464863,46.219639016505,0.6407482571585182,2.3222502571325134,2797.830136449913,3.0900390649844556,6,1,0,0,35,0.05249714907696078,0.9722222222222222,0.0,0.2899519792284374,99.6351713814322,78.54097120872201,0.0023051782093435327,0.2029220779220779,32.10163818924243,244.06255678364246
858,abundant,132.25083506731283,100.9619365146164,46.202356592466174,0.6379005998376908,2.3045336609559692,2801.270554597897,3.0886658949718373,6,1,0,0,35,0.05250402142515632,0.9722222222222222,0.0,0.2899524051303798,99.6351789927115,78.54108657524678,0.002305098169823069,0.2029220779220779,32.10163818924243,248.7846823572686
859,abundant,132.2324289714048,100.95834817276172,46.22980706709727,0.6212248971124258,2.3283067361638428,2804.628813679956,3.0874366136744467,6,1,0,0,35,0.05251097743270152,0.9722222222222222,0.0,0.28995283103006675,99.63518660400686,78.54120194116061,0.002305018133081707,0.2029220779220779,32.10163818924243,242.95491908792667
860,abundant,132.24534021679062,100.92056037778927,46.217708772614245,0.6566197328796454,2.3184672504713753,2807.78607869806,3.0862135948550233,6,1,0,0,35,0.05251801690889391,0.9722222222222222,0.0,0.2899532569274981,99.63519421531831,78.54131730646347,0.00230493809911935,0.2029220779220779,32.10163818924243,247.2627458325616
861,abundant,132.24759366786373,100.92460445724996,46.23647129491005,0.6092711910202312,2.322459940048082,2810.979599567967,3.0848974103271627,6,1,0,0,35,0.0525251396607427,0.9722222222222222,0.0,0.2899536828226741,99.63520182664585,78.54143267115538,0.002304858067935903,0.2029220779220779,32.10163818924243,240.82426113025838
862,abundant,132.24740319796376,100.88216909051202,46.23095903357052,0.6648211807452283,2.3255492161474884,2814.220674968703,3.083554732191125,6,1,0,0,35,0.05253234549297406,0.9722222222222222,0.0,0.2899541087155947,99.63520943798947,78.54154803523636,0.0023047780395312667,0.2029220779220779,32.10163818924243,245.98187580234384
863,abundant,132.23000907729758,100.8797595445055,46.25572771364368,0.6212655394570075,2.3488615979552088,2817.5167688930233,3.0821834473328904,6,1,0,0,35,0.052539634208036444,0.9722222222222222,0.0,0.28995453460625975,99.6352170493492,78.54166339870639,0.0023046980139053473,0.2029220779220779,32.10163818924243,242.4115057946935
864,abundant,132.2453989394055,100.84417253341181,46.2446702804076,0.6504042000933188,2.3374562525801212,2820.919596355372,3.0807150839275947,6,1,0,0,35,0.05254700560610605,0.9722222222222222,0.0,0.28995496049466946,99.635224660725,78.54177876156548,0.002304617991058047,0.2029220779220779,32.10163818924243,247.7338994464856
865,abundant,132.22476760226326,100.83810012338745,46.27218251724625,0.621184316357383,2.364328205047544,2824.2578606369934,3.0792519554958715,6,1,0,0,35,0.05255445948509227,0.9722222222222222,0.0,0.28995538638082313,99.63523224960467,78.54189412381348,0.0023045379709892688,0.2029220779220779,32.10163818924243,242.53004937559945
866,abundant,132.2416003327575,100.8041338495418,46.259601343753154,0.6567521633770186,2.351831525834859,2827.7478667958712,3.077864375545442,6,1,0,0,35,0.05256199564064326,0.9722222222222222,0.0,0.28995581226472034,99.63523981936002,78.54200948545025,0.002304457953698918,0.2029220779220779,32.10163818924243,247.04013363074898
867,abundant,132.22916613416135,100.80561675627806,46.284573923579195,0.6188007824017612,2.370603708909103,2831.0001168742747,3.0765457285257116,6,1,0,0,35,0.05256961386615151,0.9722222222222222,0.0,0.289956238146361,99.63524738913144,78.54212484647577,0.0023043779391868965,0.2029220779220779,32.10163818924243,240.89504934957762
868,abundant,132.2407422116631,100.76709956505009,46.273480590124194,0.6598391525033671,2.362657795348084,2834.2262834706416,3.0753098302590702,6,1,0,0,35,0.05257731395275951,0.9722222222222222,0.0,0.28995666402574444,99.63525492318747,78.54224020688987,0.002304297927453109,0.2029220779220779,32.10163818924243,245.99366991660176
869,abundant,132.21708340384802,100.75600388022794,46.30154837250197,0.6267721844188157,2.3911910779432044,2837.3906766566943,3.0740397469715246,6,1,0,0,35,0.0525850956893655,0.9722222222222222,0.0,0.28995708990287045,99.63526245133617,78.54235556669249,0.002304217918497458,0.2029220779220779,32.10163818924243,241.64452078327233
870,abundant,132.2371028651386,100.7279327384609,46.287609024653165,0.6467117556033456,2.375067138924089,2840.575140057066,3.072623533750645,6,1,0,0,35,0.05259295886262924,0.9722222222222222,0.0,0.28995751577773693,99.63526993970387,78.54247092588305,0.0023041379123198476,0.2029220779220779,32.10163818924243,246.60765644457408
871,abundant,132.213419155676,100.71667286126659,46.316480974949854,0.6295746764816157,2.404043788399806,2843.9917719051373,3.0711477888957055,6,1,0,0,35,0.05260090325697785,0.9722222222222222,0.0,0.2899579416503437,99.63527742633809,78.54258628446152,0.0023040579089201813,0.2029220779220779,32.10163818924243,241.99093942204502
872,abundant,132.23365913285477,100.68914812009758,46.30215299352509,0.6465351637611242,2.3882692080061947,2847.3190255857626,3.069730773079732,6,1,0,0,35,0.052608928654611774,0.9722222222222222,0.0,0.2899583675206908,99.63528491298835,78.5427016424279,0.0023039779082983628,0.2029220779220779,32.10163818924243,246.55649533692602
873,abundant,132.2094005918024,100.67636395468224,46.331618773594556,0.6410731253560294,2.417937538007241,2850.703711475144,3.0683032534015062,6,1,0,0,35,0.052617034835510654,0.9722222222222222,0.0,0.2899587933887784,99.6352923996546,78.54281699978223,0.002303897910454295,0.2029220779220779,32.10163818924243,241.79854557465185
874,abundant,132.22868365051434,100.64700463849807,46.31753443071669,0.6595011278862516,2.4026907892866873,2854.063324415467,3.0669719701721583,6,1,0,0,35,0.05262522157743946,0.9722222222222222,0.0,0.2899592192546063,99.63529988633685,78.54293235652446,0.002303817915387882,0.2029220779220779,32.10163818924243,245.97666086971788
875,abundant,132.2099465733678,100.643726354433,46.34479115146612,0.6406529732160141,2.4275823424335443,2857.3453556345703,3.0657817979255264,6,1,0,0,35,0.052633488655954526,0.9722222222222222,0.0,0.28995964511817457,99.63530737303513,78.54304771265461,0.002303737923099027,0.2029220779220779,32.10163818924243,240.49939370535296
876,abundant,132.22414128184133,100.60670020401625,46.33228460285248,0.6760160527564982,2.4176354454724875,2860.554858305957,3.064580749274305,6,1,0,0,35,0.052641835844409714,0.9722222222222222,0.0,0.28996007097948323,99.63531485974943,78.54316306817269,0.002303657933587635,0.2029220779220779,32.10163818924243,245.63371769933994
877,abundant,132.2095584823027,100.60676930119058,46.359565668363494,0.6321364368820144,2.439218522127751,2863.9099001252616,3.0633807047520025,6,1,0,0,35,0.05265026291396264,0.9722222222222222,0.0,0.28996049683853237,99.63532234647971,78.54327842307872,0.002303577946853607,0.2029220779220779,32.10163818924243,240.06216652205714
878,abundant,132.2193053771902,100.56670923745473,46.347404877073124,0.6743262642148062,2.4334090996896522,2867.396664153275,3.0622283433289796,6,1,0,0,35,0.05265876963358093,0.9722222222222222,0.0,0.28996092269532187,99.63532983322601,78.54339377737267,0.0023034979628968485,0.2029220779220779,32.10163818924243,245.17289239455866
879,abundant,132.21062756698313,100.56944278050646,46.37410822151702,0.6332682846633915,2.4496566505630213,2870.825633258675,3.061177866962353,6,1,0,0,35,0.05266735577004857,0.9722222222222222,0.0,0.28996134854985184,99.63533731998832,78.54350913105456,0.002303417981717263,0.2029220779220779,32.10163818924243,239.5526512253296
880,abundant,132.21590425534222,100.52724808372027,46.36181399610621,0.686395104414027,2.4483085009273378,2874.248977935924,3.0600664706170937,6,1,0,0,35,0.0526760210879723,0.9722222222222222,0.0,0.2899617744021222,99.63534480676662,78.54362448412438,0.0023033380033147524,0.2029220779220779,32.10163818924243,244.66594656218447
881,abundant,132.20175196410833,100.5274533475503,46.392474419625756,0.6401690959988873,2.470134952586586,2877.7715834649716,3.0589546911749688,6,1,0,0,35,0.05268476534978805,0.9722222222222222,0.0,0.289962200252133,99.63535229356094,78.54373983658216,0.0023032580276892223,0.2029220779220779,32.10163818924243,239.89270263335573
882,abundant,132.2121798504537,100.48769592884094,46.376125045052746,0.6784475588559554,2.463899178759199,2881.3104926332308,3.0579100002448,6,1,0,0,35,0.052693588315767446,0.9722222222222222,0.0,0.28996262609988427,99.63535978037127,78.54385518842787,0.002303178054840575,0.2029220779220779,32.10163818924243,244.89326366946773
883,abundant,132.19904215416605,100.48861669384004,46.40833932346149,0.6329320516378959,2.4845294026141946,2884.7731114187336,3.05684747192091,6,1,0,0,35,0.052702489744024444,0.9722222222222222,0.0,0.289963051945376,99.63536726719761,78.54397053966153,0.002303098084768715,0.2029220779220779,32.10163818924243,240.0607383427872
884,abundant,132.20846316594924,100.44835680785458,46.39082959363925,0.6765982327856199,2.478954497147369,2887.9609386983793,3.0558527954250922,6,1,0,0,35,0.052711469390521876,0.9722222222222222,0.0,0.28996347778860826,99.63537475403996,78.54408589028316,0.002303018117473545,0.2029220779220779,32.10163818924243,244.58402596449184
885,abundant,132.18961504156775,100.44527972056,46.42687948658513,0.6312747538995465,2.5044607622924975,2891.098661557655,3.054895383958907,6,1,0,0,35,0.05272052700907821,0.9722222222222222,0.0,0.2899639036295809,99.6353822408983,78.5442012402927,0.0023029381529549695,0.2029220779220779,32.10163818924243,239.78443346601014
886,abundant,132.2058395047908,100.41036447746987,46.40669498088483,0.6658654901750887,2.492302328289754,2894.1158175287637,3.0541394304757423,6,1,0,0,35,0.05272966235137424,0.9722222222222222,0.0,0.2899643294682941,99.63538972777263,78.54431658969021,0.0023028581912128906,0.2029220779220779,32.10163818924243,245.38971539038297
887,abundant,132.182375160382,100.38223843420516,46.442026218425724,0.6603778888628531,2.5202109774655277,2897.3057147179425,3.0532922723835,6,1,0,0,35,0.05273887516695995,0.9722222222222222,0.0,0.28996475530474775,99.63539721466297,78.54443193847568,0.002302778232247214,0.2029220779220779,32.10163818924243,242.22572246811654
888,abundant,132.2032081734164,100.37028902309054,46.42255450922903,0.6375106149743972,2.5050213084473003,2900.6380434127495,3.052324794470829,6,1,0,0,35,0.05274816520326135,0.9722222222222222,0.0,0.28996518113894193,99.63540470156936,78.5445472866491,0.0023026982760578417,0.2029220779220779,32.10163818924243,237.3338047679123
889,abundant,132.18032174821516,100.34071485986651,46.4565956862447,0.6678418978856346,2.5321685797898246,2903.8803503809977,3.0513889803795946,6,1,0,0,35,0.05275753220558742,0.9722222222222222,0.0,0.28996560697087664,99.63541218849171,78.5446626342105,0.0023026183226446777,0.2029220779220779,32.10163818924243,242.55459956239443
890,abundant,132.20134300456354,100.32837170166094,46.43874590853524,0.6403024316898959,2.5168671907517925,2907.1337510521844,3.050390275465029,6,1,0,0,35,0.05276697591713703,0.9722222222222222,0.0,0.2899660328005519,99.63541967543007,78.54477798115984,0.002302538372007626,0.2029220779220779,32.10163818924243,237.1687609513374
891,abundant,132.1766034261036,100.31362469438787,46.4720009303087,0.6443320011317468,2.5468262077619936,2910.2914205832058,3.0493766256475636,6,1,0,0,35,0.05277649607900606,0.9722222222222222,0.0,0.28996645862796766,99.63542716238442,78.54489332749715,0.0023024584241465892,0.2029220779220779,32.10163818924243,241.4604968086089
892,abundant,132.19530505930908,100.28235793029279,46.45858214901174,0.6597273682839923,2.5321375365738863,2913.6676859747386,3.04835201851248,6,1,0,0,35,0.05278609243019448,0.9722222222222222,0.0,0.2899668844531241,99.63543464935478,78.54500867322247,0.0023023784790614722,0.2029220779220779,32.10163818924243,245.8042456281157
893,abundant,132.19090147669698,100.28666463137074,46.47743706504014,0.6146111299749405,2.543311111505694,2916.8154971851545,3.0473309384051195,7,1,0,0,35,0.05279576470761346,0.9722222222222222,0.0,0.2899673102760209,99.63544213634114,78.54512401833573,0.002302298536752178,0.2029220779220779,32.10163818924243,239.2063626167526
894,abundant,132.19213192744076,100.24401129308043,46.47281750411151,0.6705535103068977,2.5444993718200313,2919.885662088338,3.046240658467295,7,1,0,0,35,0.052805512646092644,0.9722222222222222,0.0,0.2899677360966584,99.63544962334349,78.54523936283697,0.0023022185972186096,0.2029220779220779,32.10163818924243,244.36900492297082
895,abundant,132.1895043143741,100.24844044934305,46.49328973328155,0.6147449223566793,2.5541336006649114,2923.0153980681207,3.045148145809057,7,1,0,0,35,0.05281533597838736,0.9722222222222222,0.0,0.28996816191503644,99.63545711036186,78.54535470672617,0.002302138660460672,0.2029220779220779,32.10163818924243,239.9515110817224
896,abundant,132.1883233473147,100.20566598948348,46.487372675161,0.6681859357604455,2.558010770313317,2925.9547326484826,3.0440594414985704,7,1,0,0,35,0.052825234435186,0.9722222222222222,0.0,0.289968587731155,99.63546459739622,78.54547005000336,0.0023020587264782674,0.2029220779220779,32.10163818924243,244.45635643632627
897,abundant,132.18093568449237,100.2094244518422,46.511486878821586,0.6195311926716068,2.5719436257064556,2928.8879934925426,3.0429368597582345,7,1,0,0,35,0.05283520774511736,0.9722222222222222,0.0,0.2899690135450143,99.63547208444658,78.54558539266856,0.0023019787952713007,0.2029220779220779,32.10163818924243,240.05684506340444
898,abundant,132.18589498397407,100.16748909718422,46.5014931627179,0.6700499815190583,2.569420899760292,2931.764834475005,3.041917239597358,7,1,0,0,35,0.052845255634758115,0.9722222222222222,0.0,0.2899694393566141,99.63547957151293,78.54570073472172,0.002301898866839675,0.2029220779220779,32.10163818924243,245.28912875486483
899,abundant,132.169464520327,100.16709603129573,46.53039654540417,0.6205503427943412,2.592214157917543,2934.6869237013525,3.040910158611504,7,1,0,0,35,0.052855377828640304,0.9722222222222222,0.0,0.2899698651659545,99.6354870585953,78.54581607616285,0.002301818941183294,0.2029220779220779,32.10163818924243,240.60054124160166
900,abundant,132.18273808507246,100.12981391458563,46.51581660604941,0.6605056654049603,2.582063420646497,2937.6067507483094,3.0399316556905513,7,1,0,0,35,0.05286557404925885,0.9722222222222222,0.0,0.2899702909730356,99.63549454569362,78.545931416992,0.002301739018302061,0.2029220779220779,32.10163818924243,245.61994944124666
901,abundant,132.15821780645214,100.11780000035147,46.54831704104718,0.6372554851133194,2.6121337169931897,2940.6178742828924,3.0388844002212854,7,1,0,0,35,0.052875844017079246,0.9722222222222222,0.0,0.28997071677785735,99.63550203280795,78.54604675720914,0.002301659098195879,0.2029220779220779,32.10163818924243,241.7190356219846
902,abundant,132.17712934934042,100.08723647133698,46.53289012960641,0.6517447135330675,2.5978089604385874,2943.674688687548,3.0378694923717813,7,1,0,0,35,0.0528861874505451,0.9722222222222222,0.0,0.2899711425804197,99.63550951993831,78.54616209681427,0.0023015791808646538,0.2029220779220779,32.10163818924243,246.36205238800645
903,abundant,132.171525655614,100.09150529716175,46.555794515496636,0.6167108188240708,2.6112555715280767,2946.408398852407,3.036906759360356,7,1,0,0,35,0.052896604066085984,0.9722222222222222,0.0,0.2899715683807227,99.63551700708463,78.54627743580738,0.0023014992663082873,0.2029220779220779,32.10163818924243,239.62259385935624
904,abundant,132.17542359362199,100.04940734968986,46.54694960753845,0.6697936371850514,2.6104275858358044,2948.997613864616,3.036020577878067,7,1,0,0,35,0.0529070935781251,0.9722222222222222,0.0,0.2899719941787664,99.63552449424695,78.54639277418852,0.0023014193545266835,0.2029220779220779,32.10163818924243,244.08637798332427
905,abundant,132.1591491048447,100.04941309788369,46.573655054263725,0.6198129275553433,2.634255547355186,2951.4630628900995,3.035173697851691,7,1,0,0,35,0.0529176556990872,0.9722222222222222,0.0,0.28997241997455075,99.63553198142526,78.54650811195766,0.0023013394455197464,0.2029220779220779,32.10163818924243,239.7960083405
906,abundant,132.17033716780162,100.01061753725809,46.561438582097296,0.6620196050896233,2.6269122110266236,2953.8355685217903,3.0345019468385055,7,1,0,0,35,0.05292829013940639,0.9722222222222222,0.0,0.28997284576807575,99.63553946861957,78.54662344911478,0.0023012595392873786,0.2029220779220779,32.10163818924243,254.47605114698248
907,abundant,132.14877843431367,100.00543026987813,46.591170374627715,0.6280383409177217,2.6550486709502543,2956.1012049054116,3.0338187531257765,7,1,0,0,35,0.052938996607534115,0.9722222222222222,0.0,0.2899732715593415,99.6355469558299,78.54673878565993,0.0023011796358294854,0.2029220779220779,32.10163818924243,249.697094592157
908,abundant,132.16286412752666,99.9687816357941,46.57783956142941,0.6666623640251169,2.64472894129354,2958.3089732689914,3.0332768292571846,7,1,0,0,35,0.05294977480994714,0.9722222222222222,0.0,0.2899736973483479,99.63555444305618,78.54685412159309,0.0023010997351459693,0.2029220779220779,32.10163818924243,254.6148686757569
909,abundant,132.1632162475738,99.97308484842341,46.59857648082142,0.6214527925605366,2.652126349605096,2960.39168838528,3.032826966816488,7,1,0,0,35,0.05296062445115561,0.9722222222222222,0.0,0.28997412313509513,99.63556193029846,78.54696945691427,0.0023010198372367353,0.2029220779220779,32.10163818924243,248.94437881980366
910,abundant,132.15617276600472,99.93036351606871,46.5923869979687,0.6790807543513949,2.661983410611976,2962.591294331709,3.0323968952673335,7,1,0,0,35,0.052971545233711136,0.9722222222222222,0.0,0.28997454891958296,99.63556941755674,78.54708479162346,0.002300939942101685,0.2029220779220779,32.10163818924243,253.76171814555062
911,abundant,132.16330187733297,99.93303447353823,46.612331540234,0.619090116060179,2.66229695372492,2966.0131978027784,3.0318311814993537,7,1,0,0,35,0.052982536858214926,0.9722222222222222,0.0,0.28997497470181155,99.63557690483101,78.54720012572066,0.0023008600497407233,0.2029220779220779,32.10163818924243,248.2729068061
912,abundant,132.15688598523934,99.89033411467258,46.60618522428029,0.6739548951231964,2.671499492825427,2969.723485141956,3.0314211657836614,7,1,0,0,35,0.05299359902332606,0.9722222222222222,0.0,0.28997540048178094,99.63558439212127,78.5473154592059,0.002300780160153754,0.2029220779220779,32.10163818924243,253.82715664790067
913,abundant,132.1384444259115,99.888515722707,46.63362307752667,0.6267567962519414,2.696702142392278,2973.311064598034,3.031120129131568,7,1,0,0,35,0.05300473142576969,0.9722222222222222,0.0,0.289975826259491,99.63559187942751,78.54743079207914,0.0023007002733406805,0.2029220779220779,32.10163818924243,249.8603403311817
914,abundant,132.15156506889215,99.85094151564044,46.620656871770365,0.6635288909309626,2.6875406305372143,2976.888983054254,3.0308864359314818,7,1,0,0,35,0.05301593376034537,0.9722222222222222,0.0,0.2899762520349418,99.63559936674974,78.54754612434041,0.0023006203893014064,0.2029220779220779,32.10163818924243,254.80172690594657
915,abundant,132.13871632407896,99.85317074024435,46.647395106760456,0.6215080845707699,2.7078739337622597,2980.6089873103338,3.03060833227833,7,1,0,0,35,0.05302720571993545,0.9722222222222222,0.0,0.28997667780813347,99.63560685408797,78.54766145598973,0.0023005405080358354,0.2029220779220779,32.10163818924243,248.83223957399807
916,abundant,132.14660857447018,99.81231359968386,46.634650215072945,0.6707172148408558,2.702998751168078,2984.274573452538,3.030388542597355,7,1,0,0,35,0.05303854699551346,0.9722222222222222,0.0,0.28997710357906586,99.63561434144218,78.54777678702706,0.0023004606295438717,0.2029220779220779,32.10163818924243,253.7688770316591
917,abundant,132.1287164932117,99.81124702206812,46.664925353881515,0.6266579620669345,2.7275776900993822,2987.807830887803,3.030207862136645,7,1,0,0,35,0.05304995727615261,0.9722222222222222,0.0,0.28997752934773907,99.63562182881238,78.54789211745245,0.0023003807538254186,0.2029220779220779,32.10163818924243,249.04322929635782
918,abundant,132.1394155186057,99.77198137456806,46.65034477547394,0.6674281927549938,2.7195587890455815,2991.3205322839713,3.03003876620767,7,1,0,0,35,0.05306143624903428,0.9722222222222222,0.0,0.28997795511415303,99.63562931619855,78.54800744726586,0.002300300880880379,0.2029220779220779,32.10163818924243,253.87409187140415
919,abundant,132.14120479667085,99.77636255722508,46.67324571394895,0.615967549498378,2.7249771823203113,2994.7462691724577,3.0299112711140106,7,1,0,0,35,0.053072983599456634,0.9722222222222222,0.0,0.28997838087830785,99.63563680360072,78.54812277646731,0.0023002210107086586,0.2029220779220779,32.10163818924243,247.55247869006396
920,abundant,132.1355025652698,99.73346659605666,46.66431432192454,0.6729860703191982,2.7328562814974853,2998.108952046001,3.0297672547122683,7,1,0,0,35,0.053084599010843225,0.9722222222222222,0.0,0.2899788066402034,99.63564429101889,78.54823810505678,0.002300141143310159,0.2029220779220779,32.10163818924243,252.6047634640046
921,abundant,132.1286744265018,99.73777641984964,46.69234401141876,0.6188473977555071,2.7469294176122045,3001.406767580287,3.0296352663241866,7,1,0,0,35,0.05309628216475168,0.9722222222222222,0.0,0.28997923239983986,99.63565177845301,78.54835343303432,0.0023000612786847853,0.2029220779220779,32.10163818924243,247.9226956843321
922,abundant,132.13126601085153,99.69520523475741,46.67864325868142,0.6678962929133379,2.7466617414871894,3004.649841289298,3.0294343104241563,7,1,0,0,35,0.05310803274088244,0.9722222222222222,0.0,0.28997965815721716,99.63565926590313,78.54846876039991,0.00229998141683244,0.2029220779220779,32.10163818924243,253.4412215175304
923,abundant,132.1174325151738,99.69714170391045,46.7109998348678,0.6168799490217433,2.767415775900295,3007.853318888432,3.029227848635527,7,1,0,0,35,0.05311985041708753,0.9722222222222222,0.0,0.2899800839123353,99.63566675336925,78.54858408715356,0.0022999015577530283,0.2029220779220779,32.10163818924243,248.55535891709144
924,abundant,132.12249451596324,99.65524744708522,46.69702016667654,0.6639867273551177,2.764694411830986,3010.995564143508,3.0290329158298968,7,1,0,0,35,0.05313173486937936,0.9722222222222222,0.0,0.28998050966519423,99.63567424085133,78.54869941329522,0.002299821701446453,0.2029220779220779,32.10163818924243,253.8184535519154
925,abundant,132.1384864681888,99.65180983965953,46.713983463319195,0.6216830328000682,2.755063714021636,3014.2082678844818,3.028808063124529,7,1,0,0,35,0.0531436857719397,0.9722222222222222,0.0,0.2899809354157941,99.6356817283494,78.54881473882499,0.002299741847912618,0.2029220779220779,32.10163818924243,246.98690470580746
926,abundant,132.12381049362318,99.6120848619492,46.71258963453446,0.672100078339223,2.7723071351326225,3017.492387444676,3.0286434770116504,7,1,0,0,35,0.0531557027971285,0.9722222222222222,0.0,0.2899813611641348,99.63568921586345,78.54893006374279,0.0022996619971514267,0.2029220779220779,32.10163818924243,252.28957999798396
927,abundant,132.1131292064969,99.61519864309025,46.735219547459145,0.619249360862232,2.7902568746464795,3020.652409228256,3.02858138617355,7,1,0,0,35,0.05316778561549295,0.9722222222222222,0.0,0.2899817869102164,99.63569670339348,78.54904538804864,0.002299582149162784,0.2029220779220779,32.10163818924243,248.74699094913072
928,abundant,132.11873231612554,99.57310202346262,46.72766101628487,0.6701537127602138,2.787203027651036,3023.8313349816744,3.0284659331994503,7,1,0,0,35,0.05317993389577649,0.9722222222222222,0.0,0.28998221265403895,99.63570419093949,78.54916071174257,0.0022995023039465916,0.2029220779220779,32.10163818924243,254.02080944637976
929,abundant,132.11634475563815,99.5780155149934,46.74956615947657,0.6101293088986672,2.7975305367538774,3027.1179050337087,3.0283110353318143,7,1,0,0,35,0.053192147304927856,0.9722222222222222,0.0,0.28998263839560234,99.6357116785015,78.54927603482457,0.002299422461502755,0.2029220779220779,32.10163818924243,249.58449476854764
930,abundant,132.1117254614486,99.53510647421024,46.744609088583445,0.6659857755117032,2.8045519006391797,3030.4478974958547,3.028043557162676,7,1,0,0,35,0.05320442550811029,0.9722222222222222,0.0,0.28998306413490665,99.63571916607948,78.54939135729462,0.002299342621831177,0.2029220779220779,32.10163818924243,254.53919117432804
931,abundant,132.1243433378607,99.53570705504326,46.76148496252935,0.6153997840820807,2.7990022296087025,3033.665333694531,3.0278478731602467,7,1,0,0,35,0.05321676816871063,0.9722222222222222,0.0,0.2899834898719519,99.6357266536734,78.54950667915274,0.002299262784931762,0.2029220779220779,32.10163818924243,249.12873613528123
932,abundant,132.11078753828804,99.49586945231808,46.75917955812519,0.6620051289222947,2.815044692665245,3036.8466088041896,3.027699320488675,7,1,0,0,35,0.05322917494834861,0.9722222222222222,0.0,0.28998391560673803,99.63573414128334,78.54962200039894,0.002299182950804414,0.2029220779220779,32.10163818924243,253.46271646712
933,abundant,132.11641104741372,99.49989731979552,46.78057546057093,0.6095589012134455,2.817038790776408,3040.04550154716,3.027480609913398,7,1,0,0,35,0.053241645506886114,0.9722222222222222,0.0,0.2899843413392652,99.63574162890926,78.54973732103323,0.0022991031194490356,0.2029220779220779,32.10163818924243,249.66695227445447
934,abundant,132.11339377424173,99.45684607872039,46.774416746492086,0.6634277592318717,2.822208299396772,3043.178346281333,3.0272634980760365,8,1,0,0,35,0.05325417950243645,0.9722222222222222,0.0,0.28998476706953324,99.63574911655115,78.54985264105558,0.0022990232908655307,0.2029220779220779,32.10163818924243,254.5876552892539
935,abundant,132.09395666229088,99.45385737454042,46.802507702744684,0.6213111143356915,2.847667343023675,3046.298377225343,3.0270874549979183,8,1,0,0,35,0.05326677659137383,0.9722222222222222,0.0,0.2899851927975423,99.63575660420899,78.54996796046603,0.002298943465053804,0.2029220779220779,32.10163818924243,250.79559628024234
936,abundant,132.11101635650334,99.4193512308679,46.78951970225715,0.6502018363617701,2.8336742530696477,3049.4938763696773,3.0268259073662147,8,1,0,0,35,0.05327943642834267,0.9722222222222222,0.0,0.2899856185232923,99.63576409188286,78.55008327926456,0.002298863642013759,0.2029220779220779,32.10163818924243,256.0891909917448
937,abundant,132.08905735781343,99.41319922243957,46.819646583738546,0.6157699462185766,2.8615590107778752,3052.801440432311,3.0264334259731984,8,1,0,0,35,0.05329215866626716,0.9722222222222222,0.0,0.28998604424678326,99.63577157957266,78.55019859745114,0.0022987838217452985,0.2029220779220779,32.10163818924243,250.9959468145098
938,abundant,132.10849798225303,99.38230984199024,46.80529798839903,0.6411627101181789,2.8451815915558765,3056.068437127884,3.0261363886024792,8,1,0,0,35,0.05330494295636071,0.9722222222222222,0.0,0.2899864699680152,99.63577906727845,78.55031391502584,0.0022987040042483273,0.2029220779220779,32.10163818924243,255.7297887016408
939,abundant,132.0835516783545,99.36806370078767,46.836670454766974,0.6253957950057443,2.8750167351732694,3059.3292656120466,3.0258672638269712,8,1,0,0,35,0.05331778894813557,0.9722222222222222,0.0,0.28998689568698816,99.63578655500022,78.55042923198863,0.0022986241895227486,0.2029220779220779,32.10163818924243,251.45524110861166
940,abundant,132.10596208446114,99.34516193409017,46.821645295121336,0.6356361469083966,2.8568016452193956,3062.5736674448635,3.025545279673887,8,1,0,0,35,0.05333069628941235,0.9722222222222222,0.0,0.28998732140370215,99.63579404273794,78.5505445483395,0.0022985443775684674,0.2029220779220779,32.10163818924243,256.1268451222699
941,abundant,132.08123746307527,99.31940055568549,46.85188456682687,0.6406893438526953,2.884746099050916,3065.8916437388543,3.0251553169773975,8,1,0,0,35,0.053343664626329806,0.9722222222222222,0.0,0.28998774711815717,99.63580153049166,78.5506598640785,0.0022984645683853857,0.2029220779220779,32.10163818924243,251.86492509516313
942,abundant,132.10244988693586,99.30738232453385,46.83814790128348,0.627924161663294,2.8676115420262893,3069.148087728252,3.024762593049534,8,1,0,0,35,0.053356693603354405,0.9722222222222222,0.0,0.28998817283035316,99.63580901826136,78.55077517920557,0.002298384761973408,0.2029220779220779,32.10163818924243,246.46595933127284
943,abundant,132.07752429253293,99.280134861039,46.867083192987266,0.6561100638807389,2.894923930397689,3072.331869097885,3.0243855461519966,8,1,0,0,35,0.05336978286329019,0.9722222222222222,0.0,0.28998859854029024,99.63581650604701,78.55089049372074,0.002298304958332439,0.2029220779220779,32.10163818924243,251.34401128786268
944,abundant,132.09831676340616,99.268870629831,46.85429711252708,0.6324298910172799,2.8781220491519477,3075.6226648402953,3.0239444692507256,8,1,0,0,35,0.05338293204728846,0.9722222222222222,0.0,0.28998902424796835,99.63582399384863,78.55100580762404,0.002298225157462381,0.2029220779220779,32.10163818924243,246.4740158726702
945,abundant,132.07599158991337,99.23650857314811,46.881039596912416,0.6627780780754362,2.9020212665555247,3078.889121786815,3.0235738542837653,8,1,0,0,35,0.0533961407948577,0.9722222222222222,0.0,0.2899894499533876,99.63583148166624,78.55112112091544,0.002298145359363138,0.2029220779220779,32.10163818924243,252.02856264072904
946,abundant,132.0939244345644,99.23065278783615,46.8707829524357,0.6301815542791305,2.888192996145029,3082.256908847179,3.0231060405668577,8,1,0,0,35,0.05340940874387342,0.9722222222222222,0.0,0.28998987565654777,99.63583896949983,78.55123643359492,0.0022980655640346156,0.2029220779220779,32.10163818924243,246.4248364091972
947,abundant,132.07342480947287,99.19504886602382,46.89472409803824,0.6709898250062887,2.909802912600362,3085.5477036258744,3.0226854521347386,8,1,0,0,35,0.05342273553058811,0.9722222222222222,0.0,0.28999030135744913,99.63584645734934,78.55135174566256,0.002297985771476715,0.2029220779220779,32.10163818924243,250.97457844870127
948,abundant,132.09020636093436,99.1904021968399,46.88657801012215,0.6335178573355583,2.897310702411312,3088.965817739234,3.022216730856155,8,1,0,0,35,0.05343612078964117,0.9722222222222222,0.0,0.2899907270560914,99.63585393955896,78.55146705711824,0.0022979059816893416,0.2029220779220779,32.10163818924243,245.80072736993512
949,abundant,132.06891381793204,99.15573656717771,46.9092630047799,0.6714445422206246,2.9198790115824327,3092.4782617137244,3.0216857465233633,8,1,0,0,35,0.05344956415406896,0.9722222222222222,0.0,0.2899911527524744,99.63586138568083,78.55158236796196,0.0022978261946723986,0.2029220779220779,32.10163818924243,251.0374280139292
950,abundant,132.08640188057177,99.15026516929733,46.90241033371889,0.6335177269679271,2.906928988558102,3096.075428811935,3.021114718907118,8,1,0,0,35,0.05346306525531485,0.9722222222222222,0.0,0.2899915784465979,99.63586883181867,78.55169767819363,0.0022977464104257904,0.2029220779220779,32.10163818924243,236.05673674563954
951,abundant,132.06298813476326,99.11895886701643,46.92434724077422,0.6631029044963812,2.931793888868073,3099.7051519128654,3.020564387871233,8,1,0,0,35,0.05347662372323934,0.9722222222222222,0.0,0.2899920041384621,99.63587627797243,78.5518129878133,0.00229766662894942,0.2029220779220779,32.10163818924243,250.77435707196335
952,abundant,132.08362019278945,99.10787844799451,46.91830301213666,0.6363760632184465,2.914694205799448,3103.3779324438365,3.0199884853517576,8,1,0,0,35,0.05349023918613018,0.9722222222222222,0.0,0.28999242982806694,99.63588372414218,78.55192829682099,0.002297586850243192,0.2029220779220779,32.10163818924243,245.62643996638178
953,abundant,132.0582128410164,99.0813812656342,46.939484649053526,0.6620821122055386,2.9417318614856067,3107.0180737457267,3.019516710315517,8,1,0,0,35,0.053503911270712565,0.9722222222222222,0.0,0.2899928555154124,99.63589117032784,78.55204360521664,0.00229750707430701,0.2029220779220779,32.10163818924243,250.7301479797611
954,abundant,132.07940033937155,99.06927019004031,46.93422023271496,0.638390259516426,2.923978573129892,3110.5992798527222,3.0190335963305905,8,1,0,0,35,0.05351763960215941,0.9722222222222222,0.0,0.2899932812004985,99.63589861652949,78.5521589130003,0.0022974273011407776,0.2029220779220779,32.10163818924243,245.96799229789764
955,abundant,132.05521383737062,99.04011654689378,46.95435914668741,0.6666070649719485,2.9503345518564714,3114.267579456995,3.0184781340480336,8,1,0,0,35,0.05353142380410156,0.9722222222222222,0.0,0.28999370688332526,99.63590606274705,78.55227422017195,0.002297347530744399,0.2029220779220779,32.10163818924243,251.81068738404676
956,abundant,132.07556747182068,99.03134471521687,46.95046001294595,0.6367552907917058,2.9347926176030685,3117.969434208906,3.0178795428968677,8,1,0,0,35,0.05354526349863817,0.9722222222222222,0.0,0.2899941325638927,99.6359135089806,78.55238952673163,0.002297267763117777,0.2029220779220779,32.10163818924243,247.38435060921907
957,abundant,132.05215267873783,99.00106542749462,46.96943217849988,0.6608236779430106,2.960677061303615,3121.5850819186307,3.017386872205859,8,1,0,0,35,0.05355915830634699,0.9722222222222222,0.0,0.2899945582422009,99.63592095523005,78.55250483267929,0.0022971879982608165,0.2029220779220779,32.10163818924243,251.72929889204443
958,abundant,132.07300490617513,98.99054834025247,46.966367541576574,0.6381537168868892,2.9444773418642045,3125.2448987746757,3.0169192174007855,8,1,0,0,35,0.05357310784629488,0.9722222222222222,0.0,0.2899949839182491,99.63592838185508,78.55262013801482,0.0022971082361734215,0.2029220779220779,32.10163818924243,245.90175310596072
959,abundant,132.04732838909234,98.96461980463866,46.98514040024018,0.6636740527625621,2.972303058405636,3128.9089225045172,3.016422539782483,8,1,0,0,35,0.05358711173604815,0.9722222222222222,0.0,0.28999540959203696,99.63593578648496,78.55273544273804,0.0022970284768554948,0.2029220779220779,32.10163818924243,250.41746091007903
960,abundant,132.06934928151406,98.94775815866262,46.981940027423725,0.6468924677198339,2.9534022588102093,3132.572454687659,3.0158660152470915,8,1,0,0,35,0.05360116959168308,0.9722222222222222,0.0,0.2899958352635642,99.63594317993845,78.55285074684893,0.002296948720306941,0.2029220779220779,32.10163818924243,245.15414632212781
961,abundant,132.04263718190862,98.9303526402866,47.00118989398434,0.6511184459976901,2.9829371619293323,3136.3255743375994,3.015222494727321,8,1,0,0,35,0.05361528102779647,0.9722222222222222,0.0,0.28999626093283043,99.63595054283996,78.55296605034738,0.0022968689665276635,0.2029220779220779,32.10163818924243,249.71051855097573
962,abundant,132.0643963342435,98.90675663757715,46.997608144568865,0.653379371314082,2.963589672960512,3140.2354729660365,3.014453714905056,8,1,0,0,35,0.053629445657516144,0.9722222222222222,0.0,0.2899966865998358,99.6359579057574,78.5530813532334,0.0022967892155175665,0.2029220779220779,32.10163818924243,244.69273830907994
963,abundant,132.03749975514177,98.8881104389523,47.01680628281608,0.6582881482425298,2.9927744364180944,3144.126484514505,3.0137415988505896,8,1,0,0,35,0.05364366309251166,0.9722222222222222,0.0,0.2899971122645802,99.63596526869071,78.55319665550698,0.002296709467276554,0.2029220779220779,32.10163818924243,239.6079153977773
964,abundant,132.05962472928016,98.86872869373288,47.01353720787699,0.6561836585091875,2.9730267487772024,3147.9701543058763,3.0131234624034144,8,1,0,0,35,0.05365793294300482,0.9722222222222222,0.0,0.28999753792706373,99.63597263163993,78.55331195716813,0.0022966297218045286,0.2029220779220779,32.10163818924243,244.58540654657338
965,abundant,132.03400541793405,98.84058047261594,47.031171247097106,0.6714754912759547,2.999398257687558,3151.6984254142153,3.0125737951701335,8,1,0,0,35,0.05367225481778049,0.9722222222222222,0.0,0.2899979635872864,99.63597999460504,78.5534272582169,0.002296549979101396,0.2029220779220779,32.10163818924243,249.3145461505838
966,abundant,132.05328525949446,98.83209517710107,47.02942660202527,0.6409366905281768,2.9834006226928174,3155.430342526779,3.0120164042918436,8,1,0,0,35,0.053686628324197225,0.9722222222222222,0.0,0.2899983892452482,99.6359873575861,78.55354255865322,0.0022964702391670595,0.2029220779220779,32.10163818924243,244.759122977953
967,abundant,132.0307152941957,98.7982935217627,47.04491349951036,0.678441325179972,3.0063458069971687,3159.159456801528,3.0114144639029727,8,1,0,0,35,0.053701053068198085,0.9722222222222222,0.0,0.28999881490094914,99.63599472058301,78.55365785847717,0.002296390502001422,0.2029220779220779,32.10163818924243,240.5152541614623
968,abundant,132.04743883622015,98.79382097978613,47.045407528558286,0.6433411607823305,2.9936589657729917,3164.443426341604,3.0107740911338228,8,1,0,0,35,0.05371552865432144,0.9722222222222222,0.0,0.28999924055438914,99.63600208359584,78.55377315768865,0.002296310767604388,0.2029220779220779,32.10163818924243,235.87518758144188
969,abundant,132.02709363126587,98.75743862169469,47.05878087496612,0.6808192243780076,3.014378460047114,3171.5151977085625,3.010105793874523,8,1,0,0,35,0.053730054685711764,0.9722222222222222,0.0,0.2899996662055683,99.63600944662458,78.55388845628774,0.0022962310359758618,0.2029220779220779,32.10163818924243,241.4963618992242
970,abundant,132.04286988632325,98.75426720140858,47.06133860762739,0.639750377625363,3.0029003281494084,3178.5583109664512,3.009460698781752,8,1,0,0,35,0.053744630764130594,0.9722222222222222,0.0,0.29000009185448666,99.63601680966921,78.55400375427443,0.0022961513071157466,0.2029220779220779,32.10163818924243,236.14966981554193
971,abundant,132.02410192738418,98.71678052742611,47.072904474854674,0.6736369143224712,3.0224053525063055,3185.896060576917,3.0085914700233785,8,1,0,0,35,0.05375925648996735,0.9722222222222222,0.0,0.2900005175011442,99.63602417272975,78.55411905164871,0.002296071581023946,0.2029220779220779,32.10163818924243,242.10852948375452
972,abundant,132.034907122455,98.71808106515164,47.079312765498415,0.6335354344071354,3.0169609945568414,3193.1481265451366,3.0078298339905993,8,1,0,0,35,0.053773931462250395,0.9722222222222222,0.0,0.29000094314554087,99.63603153580618,78.55423434841059,0.0022959918577003654,0.2029220779220779,32.10163818924243,237.55432344642946
973,abundant,132.02547956272718,98.67492284210238,47.08590230585173,0.6861525494821032,3.026083679674966,3200.2070747942635,3.0072284447388533,8,1,0,0,35,0.05378865527865793,0.9722222222222222,0.0,0.29000136878767674,99.63603889889852,78.55434964456008,0.0022959121371449076,0.2029220779220779,32.10163818924243,252.7832367971492
974,abundant,132.02244296235855,98.67993746619206,47.09921254664706,0.6300417642583725,3.034113322946083,3207.2633649950585,3.0066256167600396,8,1,0,0,35,0.05380342753552911,0.9722222222222222,0.0,0.29000179442755186,99.63604626200674,78.55446494009716,0.002295832419357476,0.2029220779220779,32.10163818924243,248.4146818680271
975,abundant,131.9325193049523,98.79142729096533,46.9221642391025,0.617324164954269,3.063262252978043,3132.8367813442383,3.0375315112197923,8,8,28,0,0,0.3420385992718009,0.971857152057856,0.010888888888888889,0.2899226751979149,99.63573349859305,78.53303345632698,0.0023100703890056975,0.2029220779220779,32.10163818924243,138.59571149572642
976,abundant,131.74620990755017,99.30453936422171,46.722191669124236,0.7007874113842278,3.027741512072142,3102.964567038056,3.074879236440314,8,7,9,20,0,0.6937136616485741,0.9708983667907004,0.0035,0.28989753349427033,99.63562283628617,78.52622317750996,0.002314592292549744,0.2029220779220779,32.10163818924243,134.1839535121448
977,abundant,131.5237562317223,99.81687722991023,46.54284417285325,0.7420668854927325,2.9687337217768697,3082.261949832755,3.1120690714485373,8,7,9,20,0,0.6942203055085123,0.9699390406219561,0.0035,0.28987239204711135,99.63550813723984,78.5194129681687,0.002319114039085977,0.2029220779220779,32.10163818924243,129.16315837049575
978,abundant,131.35683946563856,100.32421633627027,46.3366194198052,0.6937985870428232,2.8984218579990797,3024.2914338386036,3.1524309751180626,8,7,9,20,0,0.6947285395202967,0.9689788811287302,0.0034896169564382668,0.2898473267045144,99.63538950194155,78.51262337371074,0.0023236219760658424,0.2029220779220779,32.10163818924243,133.14663083919712
979,abundant,131.13158595847506,100.82721430972714,46.13162435408406,0.6975333877948878,2.8656172169959824,2989.0694207189954,3.1897521854251254,8,7,9,20,0,0.6952383497504349,0.9680075851712309,0.003111324734488107,0.2898250250878052,99.63526764655299,78.50658240568382,0.0023276323440869664,0.2029220779220779,32.10163818924243,136.45496268097907
980,abundant,130.95481491761583,101.36250604018173,45.960942263825885,0.7527553957435293,2.835381579431584,2968.548521824414,3.2201296786931746,8,7,9,20,0,0.6957497222222221,0.9670357432358002,0.003111323734621764,0.28980272371735916,99.63514319485793,78.5005415043636,0.0023316425715469045,0.2029220779220779,32.10163818924243,126.40875269454305
981,abundant,130.71654629613613,101.83887071640163,45.766826079125146,0.677211445553912,2.840387075523003,2894.806180681546,3.2600951152825917,8,7,9,20,0,0.6962626429161239,0.9660633536695301,0.0031113227347521494,0.2897804225917402,99.63501480553994,78.49450066936112,0.002335652658450533,0.2029220779220779,32.10163818924243,136.99053901927465
982,abundant,130.57152785070693,102.26084381878877,45.594775327648,0.570778333351675,2.735290946233568,2810.6155817978943,3.3190889287727257,8,6,10,20,0,0.677249584562491,0.9651227839879424,0.003500210623768138,0.28975528081420154,99.63486883931314,78.48769037052801,0.002340173950683718,0.2029220779220779,32.10163818924243,126.64274658705914
983,abundant,130.34317985765176,102.61232608632959,45.39940615665219,0.5610490264442517,2.771174635708048,2763.3906643699593,3.35010202353117,8,7,9,20,0,0.6972930726802911,0.964149294261365,0.0031113207350030488,0.2897329801873032,99.63472847213234,78.48164967061687,0.002344183738734599,0.2029220779220779,32.10163818924243,142.70661740998082
984,abundant,130.20851663335665,102.9687673449846,45.255595467836194,0.5026735121977466,2.734573122345732,2705.75137286674,3.3879094498480486,8,7,9,20,0,0.6978105535008039,0.9631752520354788,0.003111319735123536,0.2897106797966865,99.63456364905173,78.47560903470871,0.002348193386244413,0.2029220779220779,32.10163818924243,142.5988557577207
985,abundant,130.09968612186265,103.22364925326968,45.15724853957719,0.4244984760080379,2.7091913905572094,2640.3051518995344,3.432446595467261,8,6,10,20,0,0.6787810059055196,0.9622330479787371,0.0035002076241295857,0.2896855387542767,99.63439985632502,78.4687989350042,0.002352714239099028,0.2029220779220779,32.10163818924243,143.85609242430735
986,abundant,129.987046308027,103.55471548471043,45.01151951001236,0.4638435554145482,2.729440325464163,2554.738923866549,3.4803190397316395,8,7,9,20,0,0.6988499760840869,0.9612578959916566,0.003111317735354517,0.2896632388519369,99.63420343020782,78.46275843135842,0.0023567235877865805,0.2029220779220779,32.10163818924243,140.59063775301797
987,abundant,129.88562240562516,103.88235659227836,44.89097005217755,0.48674587304465206,2.680230043620619,2488.615567528155,3.5167201040538774,8,7,9,20,0,0.6993718893505618,0.9602930699045198,0.0035,0.28963809980535843,99.63404384434189,78.45594887227631,0.002361243871456015,0.2029220779220779,32.10163818924243,123.97596767995454
988,abundant,129.7242435870391,104.07893612310242,44.764234577486334,0.339376418961214,2.6242194410640516,2435.3862257055152,3.565026908772104,8,7,9,20,0,0.6998952515356094,0.9593276850670264,0.0035,0.28961296100947465,99.63387533572738,78.4491393811013,0.0023657639981738794,0.2029220779220779,32.10163818924243,138.27649586309846
989,abundant,129.67618979829535,104.35342599460171,44.64475258988276,0.35199267297866954,2.5981011463456465,2407.955607323922,3.605502018546764,8,7,9,20,0,0.7004200482909911,0.958361739947605,0.0035,0.28958782246806963,99.63370399345362,78.44232995885845,0.002370283967945625,0.2029220779220779,32.10163818924243,131.6909910938494
990,abundant,129.5385808947855,104.48350076989678,44.52132111616626,0.28138226513792214,2.5388390778027365,2350.2547557042562,3.6291156253163668,8,6,10,20,0,0.68136233626513,0.9574276642407941,0.003888888888888889,0.28955984329244217,99.6335300127647,78.4347510775787,0.0023753151266576902,0.2029220779220779,32.10163818924243,154.50197965674354
991,abundant,129.55948604295864,104.63736114739548,44.464748230350125,0.27382431348487996,2.560295629531168,2308.2087399556403,3.661740565890744,7,7,9,20,0,0.7014738879235497,0.9564605940242852,0.0035,0.28953470528503644,99.63340244813939,78.42794179998332,0.0023798347647987876,0.2029220779220779,32.10163818924243,136.0515266260001
992,abundant,129.42097453609662,104.62182225242006,44.291251477911985,0.08676918711296303,2.5401103918499306,2247.211979626096,3.711603298764671,7,7,9,20,0,0.7020029019091807,0.9554929590234617,0.0035,0.28950956753187324,99.63322640503627,78.42113259125607,0.002384354246010729,0.2029220779220779,32.10163818924243,183.38091049090892
993,abundant,129.32321747914852,104.60479933485198,44.169289512369495,0.0776963443541821,2.532381814313771,2174.8991375364712,3.749079126704761,7,7,9,20,0,0.7025332926828458,0.9545247577684415,0.0035,0.28948443002753954,99.63303682813816,78.4143234499307,0.0023888735702989644,0.2029220779220779,32.10163818924243,166.6694576605515
994,abundant,129.28222804662994,104.69054421456397,44.05252128253287,0.12733709533014365,2.504914880982363,2113.7377939987346,3.8080608510866902,7,4,12,20,0,0.6442272469609036,0.9536533770501493,0.004666666666666668,0.2894507700837575,99.6327911794922,78.40520578609373,0.002394926775311912,0.2029220779220779,32.10163818924243,170.017726511059
995,abundant,129.28159036704704,104.68915901689427,43.97305905096986,0.08968647412916252,2.5355370438846956,2060.96330831277,3.830141827624629,7,5,11,20,0,0.6643585197568977,0.9527489803063024,0.004277777777777779,0.2894199513213913,99.63254053055984,78.39685772951508,0.0024004684242667886,0.2029220779220779,32.10163818924243,168.0506934636918
996,abundant,129.31296889932065,104.7572438249045,43.92258546468932,0.16207187274363694,2.527748738895353,2023.4036843534705,3.7962657450933293,7,3,13,20,0,0.6256243997610618,0.9519089861788063,0.005055555555555557,0.289383451041082,99.63226077101112,78.38697068727963,0.0024070325725686196,0.2029220779220779,32.10163818924243,149.3133448292382
997,abundant,129.2528544597236,104.8095029502157,43.808796402785475,0.10302456756638817,2.4755174806804785,1966.3501637473746,3.829669728729931,7,4,12,20,0,0.6457654481523876,0.9510359653584626,0.004666666666666668,0.2893497919502498,99.63194734039737,78.37785325448611,0.002413085147071601,0.2029220779220779,32.10163818924243,161.64988442898232
998,abundant,129.26444122534414,104.80331464030023,43.75576291110696,0.11793599306143714,2.4952075210816655,1952.5829570599162,3.819348766217665,7,2,14,20,0,0.6069975783056721,0.9502273843642174,0.005444444444444445,0.2893104513473422,99.63158689696495,78.36719683762522,0.0024201602031813747,0.2029220779220779,32.10163818924243,158.5794159122772
999,abundant,129.40021613330808,104.92299750133327,43.75782781421403,0.2814620569827009,2.5094680385282935,1966.8144376426208,3.801140482814395,7,2,14,20,0,0.6074994996576866,0.949418268689716,0.005444444444444445,0.28927111105107106,99.63117514424184,78.35654050382472,0.002427235013633743,0.2029220779220779,32.10163818924243,153.9953972245876
