step,scenario,centroid_x,centroid_y,spread,polarization,mean_nearest_neighbour_distance,convex_hull_area,elongation_ratio,number_of_clusters,alert_count,grazing_count,travelling_count,resting_count,mean_speed,mean_energy,mean_food_intake,field_mean_food,field_health_pct,field_biomass_pct,mean_grazing_pressure,degraded_area_pct,mean_ndvi_pct,mean_azimuth_deg
0,abundant,110.75193453630834,70.67881104927864,13.53110408827053,0.44446481041560343,3.8314564831383486,1240.17271847152,1.1302482602128272,2,0,24,16,0,0.1294387308712049,0.8497628173960416,0.008400000000000001,0.3026539512819261,99.99991919387183,81.98162791333128,1.2272301143761753e-05,0.0,32.101638189242415,155.39762885311671
1,abundant,110.783067729799,70.73794851953386,13.595639858743336,0.43408994398029604,3.824357433081764,1249.0891910518185,1.1366563726305798,2,0,22,18,0,0.16164355434197963,0.8494706094862654,0.007700000000000001,0.30259180862364876,99.99984353828512,81.96479497172632,2.3521484411373726e-05,0.0,32.101638189242415,143.34747864270747
2,abundant,110.81654766398783,70.79801153277046,13.674743414626722,0.4048574209887121,3.8032409925459705,1260.2255076755391,1.1412938385477762,2,0,22,18,0,0.18343767223365784,0.8491544280468084,0.007700000000000001,0.30252966626541145,99.99974895220737,81.94796211139493,3.477027708912558e-05,0.0,32.101638189242415,144.29759053543066
3,abundant,110.84639138692822,70.86099841185361,13.765174643750669,0.3829327809572133,3.7725747639551157,1272.5816078236458,1.1381951488441424,2,0,21,19,0,0.20253470947392413,0.848807439866387,0.007350000000000001,0.30247036510271424,99.99959853144415,81.93189886214782,4.550733330958914e-05,0.0,32.101638189242415,137.7848935921922
4,abundant,110.87944669075553,70.92599069571314,13.860383486437058,0.38565075880200145,3.740319720102478,1285.8618881780712,1.1336541822694763,2,0,21,19,0,0.22005534495606263,0.8484411789869354,0.007350000000000001,0.30241106422383446,99.99936073704335,81.91583568977995,5.6244016722073e-05,0.0,32.101638189242415,144.87605167909607
5,abundant,110.91076964095592,70.99705193660554,13.962147230966204,0.3960685636957241,3.702058692286779,1298.946219228248,1.1277526947039878,2,0,20,20,0,0.23684580831897248,0.8480466485977844,0.007000000000000001,0.30235460451868024,99.99906860541562,81.90054212258731,6.646898145853158e-05,0.0,32.101638189242415,137.04031658078475
6,abundant,110.94107711056029,71.070594730493,14.071921251197494,0.3893833577134783,3.6864059339870145,1311.7927819393444,1.1207599096666898,2,0,20,20,0,0.25340460336175985,0.8476339035340864,0.007000000000000001,0.3022981450767112,99.99871715400288,81.88524862668515,7.669359116765608e-05,0.0,32.101638189242415,138.45792663403037
7,abundant,110.97638129604752,71.14575162827332,14.190454619382411,0.399528836056136,3.706705495568567,1330.1751393692684,1.1129231157477868,2,0,20,20,0,0.2687242594376042,0.847204306848705,0.007000000000000001,0.3022416858940113,99.9983069620264,81.86995520101273,8.69178458617736e-05,0.0,32.101638189242415,128.7941960291511
8,abundant,111.01058934965742,71.22435350314731,14.31673635657728,0.40274162848914286,3.7537664053885793,1353.8359869493725,1.1044670017544589,2,0,19,21,0,0.28483072081927335,0.8467471930558039,0.0066500000000000005,0.3021880678787653,99.99792777526173,81.85543137881669,9.66303996722208e-05,0.0,32.101638189242415,128.33512190655136
9,abundant,111.04004483052788,71.30397427768945,14.453806596106023,0.3845286509855107,3.805778392699016,1378.5484468703653,1.095302350556433,2,0,19,21,0,0.3000929630992009,0.8462732907963947,0.0066500000000000005,0.30213445012311857,99.99755579167454,81.8409076269398,0.00010634261624707105,0.0,32.101638189242415,138.90760232856422
10,abundant,111.0672565353284,71.37654669434559,14.598232509796233,0.32210509770917106,3.871660899904973,1405.171624782437,1.0856469815058003,2,0,19,21,0,0.3127146615569238,0.845785504668682,0.0066500000000000005,0.30208083262513163,99.99712518577924,81.82638394485672,0.00011605449559803375,0.0,32.101638189242415,150.68348418157024
11,abundant,111.09336636714104,71.4511999626466,14.74800061425012,0.33104904552300135,3.9725866470212923,1432.5696681051522,1.0756521394556198,2,0,19,21,0,0.32735919034663813,0.8452816095593008,0.0066500000000000005,0.30202721538310273,99.99670346977881,81.81186033210646,0.0001257660377368178,0.0,32.101638189242415,133.74698737186728
12,abundant,111.11757531516635,71.52541585352546,14.91378976528961,0.3218009167182633,4.003675521326497,1461.2285579007003,1.0655133690541998,2,0,19,21,0,0.3394168034861731,0.844764451075466,0.0066500000000000005,0.30197359839506327,99.99627700981604,81.79733678815579,0.00013547724267513184,0.0,32.101638189242415,139.5449884350205
13,abundant,111.13899973865867,71.60478011023893,15.088898794595952,0.3410309013706679,4.019148098211542,1491.0163102646293,1.0553729313711833,2,0,19,21,0,0.3519731490085031,0.8442334806115566,0.0066500000000000005,0.30191998166572864,99.99587421046226,81.78281331428201,0.00014518811042468397,0.0,32.101638189242415,131.97493415618368
14,abundant,111.16085489737459,71.67980162109579,15.27045950821178,0.309926374094164,4.041950956716657,1523.2460411919128,1.0540465163432706,2,0,19,21,0,0.3631777432906999,0.8436901850939368,0.0066500000000000005,0.3018663651959161,99.995422008009,81.76828991070647,0.00015489864099718192,0.0,32.101638189242415,132.0107454777097
15,abundant,111.17954139137203,71.74977263470473,15.462596658274801,0.2717468007522504,4.058017037747018,1560.6673186349726,1.0527187097216029,2,0,19,21,0,0.37497814791144235,0.8431339091312342,0.0066500000000000005,0.3018127489846899,99.99490627555758,81.75376657717572,0.00016460883440433304,0.0,32.101638189242415,140.00917431416283
16,abundant,111.19862948484968,71.82699644333435,15.662340492182173,0.3155045187332938,4.082321279674945,1598.6814360998906,1.0514938305421964,2,0,19,21,0,0.3854734350096175,0.8425660883527236,0.0066500000000000005,0.301759133032783,99.99440075508679,81.7392433138883,0.00017431869065784425,0.0,32.101638189242415,140.93226361997495
17,abundant,111.21786456323699,71.89904898644635,15.870230415401362,0.28923580060884607,4.102101533315385,1638.4603808859538,1.0504071868770066,2,0,19,21,0,0.39547793104858453,0.8419872626285703,0.0066500000000000005,0.3017055173374579,99.99384890050267,81.72472012010263,0.00018402820976942205,0.0,32.101638189242415,140.28198500721481
18,abundant,111.23507835784369,71.97692456844676,16.09202492006481,0.31647121059184724,4.147211648381817,1679.7724458954071,1.0490471254983615,2,0,19,21,0,0.40451792103997486,0.841398492915426,0.0066500000000000005,0.3016519018992512,99.99321661009351,81.71019699596414,0.0001937373917507726,0.0,32.101638189242415,147.68007194372007
19,abundant,111.2516238174137,72.05381849250685,16.326213436076642,0.3050071517784887,4.22447353546752,1723.8946210975264,1.0479746992145462,2,0,18,22,0,0.4149201809348339,0.8407884807163978,0.0063,0.3016011276144591,99.99266473399449,81.69644347149914,0.00020293489073261152,0.0,32.101638189242415,140.25183951300136
20,abundant,111.26606592773359,72.1263839633892,16.566636855207484,0.2737112523969939,4.305940746403926,1780.4264295204775,1.0476514202928515,2,0,18,22,0,0.4243879140426136,0.8401648475878826,0.006185484890421089,0.3015512830717598,99.99207412443647,81.68294179165727,0.00021196476513497893,0.0,32.101638189242415,149.94288192141178
21,abundant,111.28110284276397,72.19947732847274,16.81852861697297,0.2773096806840908,4.398816389863332,1841.7998121993005,1.0561742601202508,5,0,18,22,0,0.4336679669342888,0.8395244142963113,0.0059500525734429936,0.301503349727427,99.99147939408772,81.66995780918127,0.00022065036216108768,0.0,32.101638189242415,139.94832765216677
22,abundant,111.29704449668031,72.27845030999114,17.088183268223997,0.3129738201326385,4.456881656782988,1905.8921438806356,1.0646358005157428,5,0,18,22,0,0.441606030844531,0.8388752491279096,0.005950052340261075,0.30145541660707426,99.99082723621142,81.65697388737605,0.00022933565726852612,0.0,32.101638189242415,138.07393357936442
23,abundant,111.3091777363874,72.35541233721437,17.38568656171191,0.28971737856466473,4.53612215128191,1972.4078630296717,1.0722318298999693,5,0,18,22,0,0.4501279216769034,0.8382167098730633,0.005950052107078631,0.3014074837123104,99.99021913050676,81.64399002667741,0.00023802065046777654,0.0,32.101638189242415,131.27903471747013
24,abundant,111.32122018237087,72.42647716093549,17.708613838408045,0.2579924400389587,4.624184529628171,2040.5252887419847,1.0698964460501441,6,0,18,22,0,0.45787014637764517,0.837549654164517,0.005950051873895657,0.3013595510393924,99.98953657244057,81.63100622607143,0.0002467053417693209,0.0,32.101638189242415,148.0120328683825
25,abundant,111.33120320685205,72.49851237352648,18.046651251514348,0.25844918540529005,4.689707148779003,2111.3599431664625,1.067650760240935,6,0,18,22,0,0.46562972556893156,0.8368650199240506,0.005627087773555387,0.30131424003344975,99.9888306675377,81.61873257157649,0.00025491788477455723,0.0,32.101638189242415,140.8296679872916
26,abundant,111.34087126710654,72.57018897770354,18.400948508314286,0.26281246352411947,4.751546643815104,2185.691638665776,1.0654814117716427,8,0,17,23,0,0.47382072560487176,0.8361527201157125,0.004960821065261854,0.30127433722490843,99.98813591495777,81.60792386682085,0.00026215673480721046,0.0,32.101638189242415,140.38330745055268
27,abundant,111.3477122330748,72.64097165553623,18.77061440604303,0.2579213083798573,4.772040991977738,2262.2999962956383,1.0634325058044736,9,0,17,23,0,0.48135747992712,0.8354281685772303,0.00481934605133948,0.30123558293866376,99.9874138508784,81.59742626894875,0.00026918864016488997,0.0,32.101638189242415,132.4808753638018
28,abundant,111.35174932229056,72.71291757911564,19.151289020245162,0.25881227154639547,4.840127613508618,2339.463259586366,1.061453318510805,9,0,16,24,0,0.4897884228907243,0.8346868055429312,0.004550151102891345,0.301199013859191,99.98690783547724,81.58752059068561,0.00027582701071179286,0.0,32.101638189242415,141.8628659084414
29,abundant,111.35592046847853,72.7845604456429,19.54600140603248,0.25981964819371894,4.949812349508177,2420.4653696777386,1.059534348376485,9,0,16,24,0,0.49771609989693777,0.833956319252868,0.005250050707972839,0.3011567639935465,99.9864946517134,81.57607612498482,0.00028348769584990576,0.0,32.101638189242415,141.5787669363591
30,abundant,111.35754272801857,72.85677319551206,19.95047083241166,0.2593866523529387,5.050343775017678,2503.4760429490634,1.05767859652207,9,0,16,24,0,0.5052374509259375,0.8332175594701434,0.0052500504747866805,0.3011145143448069,99.98603611202668,81.56463171803831,0.00029114811465594264,0.0,32.101638189242415,133.08407215093422
31,abundant,111.35554402263479,72.92301697099592,20.368770034062983,0.22020677588688575,5.112088837213437,2589.2757522101456,1.0558867697718013,9,0,16,24,0,0.5121998896088945,0.8324711409983383,0.0052500502415999874,0.301072264918995,99.98556568963593,81.55318737147753,0.0002988082671391502,0.0,32.101638189242415,143.12928798200585
32,abundant,111.35692992654542,72.98800165186913,20.797813389024913,0.22752042707864475,5.084195563164765,2677.5190521017794,1.0541681655751198,9,0,16,24,0,0.5188034611647567,0.8317077558870258,0.0049035248560234035,0.30103282840764617,99.98505295482299,81.54250497534191,0.0003059618841392498,0.0,32.101638189242415,140.36117115107282
33,abundant,111.35537955576635,73.05376057053594,21.23941456187682,0.22727770918437384,5.050170379522338,2772.151977878726,1.0525322832626076,10,0,16,24,0,0.5253425272449421,0.8309370814116324,0.004900082306285451,0.3009934200380563,99.98453058592514,81.53183020212748,0.0003131102232295293,0.0,32.101638189242415,142.75750569870948
34,abundant,111.35308744146025,73.13636359983731,21.674611438980218,0.24566965890719428,5.049347211504227,2867.8301221483707,1.0603879813824821,10,1,16,23,0,0.5167880378904787,0.8301758168639946,0.004900081930059819,0.3009540118752211,99.98400127306545,81.52115548491787,0.0003202583135682383,0.0,32.101638189242415,141.52306000313905
35,abundant,111.34881598770923,73.22152751202476,22.11374490941143,0.2534510140687684,5.124769562948006,2971.3618556722213,1.0723029050320347,9,1,16,23,0,0.5197660661093276,0.8294210750941339,0.005250032244985515,0.30091176343070586,99.9835545702613,81.5097114041666,0.0003279174290053562,0.0,32.101638189242415,143.3692576341445
36,abundant,111.40037973988521,73.30110838837845,22.489209846534344,0.2800678598369316,5.211228257087373,3060.397853147435,1.0859490654592618,9,2,20,18,0,0.4610389717673882,0.8287701331240441,0.006650032101947645,0.3008581516570034,99.9831104471216,81.49518927265359,0.0003376216618205666,0.0,32.101638189242415,152.08563012321207
37,abundant,111.44313478349497,73.37144015472816,22.82972758136032,0.33092118514039,5.288664124915064,3147.62193323216,1.093025647881021,9,2,22,16,0,0.42500004912550854,0.8281784339648557,0.0073500319589095055,0.3007988584098883,99.9825991325934,81.479128167546,0.00034834824924210146,0.0,32.101638189242415,142.65511995258512
38,abundant,111.4999867274394,73.43733034548974,23.15239443764437,0.34074261872810513,5.3879619157725935,3232.696595452522,1.0988183220003178,9,2,23,15,0,0.4095119225082147,0.827613571740941,0.0077000318158710985,0.30073672461544243,99.98206540080308,81.46229762693838,0.00035958580989116297,0.0,32.101638189242415,131.50225260029407
39,abundant,111.572229853106,73.49910546866373,23.460012194249863,0.3143594713154906,5.4906403953826715,3306.1140147704245,1.1040810770045384,8,2,24,14,0,0.39688982360261843,0.8270821929349779,0.008400000000000001,0.30066890965762955,99.9816089274182,81.44392819672007,0.0003718456256332874,0.0,32.101638189242415,150.55090126497055
40,abundant,111.65079683209774,73.55839613226496,23.766962678733837,0.3035754663535765,5.584935449668227,3376.9120309200116,1.1097047871421872,8,2,24,14,0,0.39647306611753097,0.8265512725622486,0.008400000000000001,0.30060109509485433,99.98111086246145,81.42555887350788,0.00038410501569475564,0.0,32.101638189242415,133.69520848691167
41,abundant,111.7216575336893,73.61542367410155,24.07111715068448,0.32312388169582257,5.580973575795161,3438.0209767392407,1.1155944643584836,9,2,24,14,0,0.38677639891746646,0.8260275498794976,0.008276119859210809,0.3005342864497395,99.98066513532454,81.40746202903584,0.00039618299266255065,0.0,32.101638189242415,123.71868740276349
42,abundant,111.7931467747851,73.66951812011273,24.37361194401964,0.3150071421260994,5.58625270090634,3496.2510730288996,1.1214124027542194,9,2,24,14,0,0.38747404103872524,0.8254967297960498,0.008050048631963342,0.30046931318134557,99.98020646426066,81.38986234368157,0.0004079302628609594,0.0,32.101638189242415,140.74590476318517
43,abundant,111.86329049121404,73.72241339854844,24.68118415596853,0.3006158355632384,5.596246967191119,3554.001962683935,1.126934668995741,10,2,24,14,0,0.39010055558100243,0.8249630205405782,0.008050048416702985,0.3004043402958521,99.97973113196726,81.37226276204579,0.0004196771248606302,0.0,32.101638189242415,149.95474431317967
44,abundant,111.94693980352308,73.77382386590043,24.979364816473645,0.29806376073520435,5.596340967858881,3614.687534105011,1.1328231619215556,10,2,25,13,0,0.3791004068607914,0.8244512114426717,0.008400048201442157,0.3003365268950874,99.97913328681601,81.35389375359411,0.00043193492455672597,0.0,32.101638189242415,149.83300747968028
45,abundant,112.03762173427371,73.83077298742757,25.273430157020805,0.3439515688538858,5.574580995477253,3682.550930169913,1.137920048565521,9,2,25,13,0,0.37900986093327854,0.8239395019392581,0.008400047986180856,0.30026871388671,99.97855504147701,81.33552485143066,0.00044419229832767164,0.0,32.101638189242415,130.86844757865114
46,abundant,112.13065029862248,73.88292174164538,25.5731536952673,0.3172628947937708,5.57649128710066,3752.374285308557,1.1433519317727352,9,2,25,13,0,0.3818464599368362,0.8234246721709134,0.008400047770919081,0.30020090126762106,99.97796919665758,81.31715605471604,0.0004564492461882553,0.0,32.101638189242415,148.24969468618602
47,abundant,112.22446262387435,73.92240301698183,25.868170352574246,0.3031006876395436,5.560390216287613,3809.758717837336,1.139805240381263,9,3,25,12,0,0.3739037039108527,0.8229185794281697,0.00840004755565683,0.3001330890352657,99.97739415156387,81.29878736275816,0.00046870576815326466,0.0,32.101638189242415,147.49921659758382
48,abundant,112.32165411725789,73.96051046457465,26.159152132711416,0.31665807921053785,5.572571084266551,3870.620059465611,1.1378551874120388,12,3,25,12,0,0.3733438413226935,0.8224131025282457,0.008400047340394106,0.30006527719686205,99.9767796555578,81.28041877751228,0.00048096186423748666,0.0,32.101638189242415,147.01282105790983
49,abundant,112.42240451332955,73.99234519633534,26.451458162015847,0.2970201556708572,5.616209047321062,3927.4280184255185,1.138643981375976,12,3,25,12,0,0.3746018068550554,0.8219062418602089,0.008400047125130906,0.29999746574777153,99.97614142221346,81.26205029772188,0.0004932175344557078,0.0,32.101638189242415,130.63832930414983
50,abundant,112.52454294910265,74.02232309754243,26.742598661109998,0.2899861629613148,5.687077285592781,3979.7697999449883,1.1404648080214859,12,3,25,12,0,0.37699017448737393,0.821396753981749,0.00840004690986723,0.2999296546860014,99.97549184423231,81.24368192284722,0.0005054727788227144,0.0,32.101638189242415,131.87927022505582
51,abundant,112.62793100636463,74.04727949784746,27.038797914957797,0.2693180005268772,5.81483515814803,4032.6353331402206,1.1435179931803139,12,3,25,12,0,0.3785256081656879,0.8208855771202156,0.008400046694603076,0.29986184401398486,99.9748264547091,81.22531365354736,0.000517727597353292,0.0,32.101638189242415,133.04463319419963
52,abundant,112.73249239305873,74.07161251492616,27.33850452251135,0.26586294425610757,5.9391134159777135,4095.7853137119964,1.1467170577296368,12,3,25,12,0,0.38101293043307016,0.8203814628967393,0.008749999999999999,0.2997911932097185,99.97408464402109,81.20617606118284,0.0005304932680374488,0.0,32.101638189242415,158.63992344937319
53,abundant,112.83376703275762,74.09873747375019,27.64167932167277,0.2648943325814914,6.013026718951167,4163.284031244722,1.150182885286468,13,3,25,12,0,0.3831757235513196,0.8198749696008327,0.008749999999999999,0.2997205428130546,99.97336603876506,81.18703857922797,0.0005432584954768469,0.0,32.101638189242415,125.02322884264053
54,abundant,112.93852988266963,74.12830019067154,27.945633810762537,0.28121311987302516,6.137590024806453,4231.109146834482,1.1540363683515569,13,3,25,12,0,0.3849043958253843,0.8193665747654247,0.008749999999999999,0.29964989282775645,99.9726337744769,81.16790120870212,0.000556023279686876,0.0,32.101638189242415,126.33074106099407
55,abundant,113.02112480754995,74.1632397266752,28.222803253509266,0.2831529935444697,6.228903385581681,4309.520012556844,1.157844657094619,14,4,26,10,0,0.3591502822103195,0.8188877771350809,0.008795274288834549,0.2995788757716472,99.97193075268864,81.14866440758061,0.000568853765886098,0.0,32.101638189242415,144.55331833152823
56,abundant,113.09535534516968,74.21346610940691,28.4753063647453,0.27727888493644504,6.285943361541788,4363.57551146498,1.1709339706033688,13,5,26,9,0,0.33750968540265236,0.8184315178909151,0.00875005034919034,0.2995082262061224,99.97123167767407,81.12952715076119,0.0005816177349464637,0.0,32.101638189242415,144.9540247891061
57,abundant,113.1512700653204,74.26639197694242,28.710391777811516,0.29539998723816163,6.280592063735898,4401.991584626943,1.1882762899957922,12,5,27,8,0,0.32064072300937874,0.8180036144991215,0.009100050125595598,0.2994347361634636,99.97055259317825,81.10962047745637,0.0005948926063754743,0.0,32.101638189242415,131.04381489691065
58,abundant,113.20455093334087,74.3246278093731,28.936724308535098,0.31318520393705573,6.232057341041281,4433.812017247226,1.2083505795558076,12,5,27,8,0,0.32144763901968376,0.8175748234934558,0.009100049902000357,0.2993612465523346,99.96981638969142,81.08971392104249,0.0006081670165527815,0.0,32.101638189242415,123.0562172163437
59,abundant,113.25258321185326,74.38620330205993,29.161559975708165,0.3108988201129599,6.1763783911914985,4462.004895504651,1.2297778217445647,12,5,27,8,0,0.3233795187656928,0.8171439074138089,0.009100049678404618,0.2992877573632397,99.96898683492734,81.06980747894745,0.0006214409654943995,0.0,32.101638189242415,124.98733472604017
60,abundant,113.29952185077377,74.44587205243585,29.386144810635074,0.2918198705758633,6.1448737862543625,4488.073775594225,1.257570831899133,12,5,27,8,0,0.32529490554679097,0.8167108844024419,0.00910004945480838,0.2992142685997094,99.96811782743748,81.04990115212755,0.0006347144532163429,0.0,32.101638189242415,135.7515605187272
61,abundant,113.34878697582174,74.50809452837738,29.611017398301506,0.30663940804127343,6.094618182323141,4516.905480865709,1.2903325625689501,12,5,27,8,0,0.3266705922057797,0.8162715119773883,0.0089273295133138,0.2991421822077007,99.9672532098548,81.03037469380034,0.0006477351382594459,0.0,32.101638189242415,142.69902138712183
62,abundant,113.41120197891556,74.58085442498336,29.824519487013617,0.3326237280193019,6.06383927478315,4579.6543165719995,1.3236993179357985,12,5,28,7,0,0.3144723463217456,0.8158503959351269,0.009100126381869331,0.2990686936892028,99.96643026103929,81.0104684333538,0.0006610078253946605,0.0,32.101638189242415,149.77670491802942
63,abundant,113.48126823052887,74.66022621783118,30.031632273947622,0.3764427311193144,6.065356700022002,4645.036054600772,1.3577800970582674,12,5,28,7,0,0.3119835715435288,0.815432017529127,0.009100125810646854,0.298995205628434,99.96561369188102,80.99056229689496,0.0006742800508461346,0.0,32.101638189242415,130.28641298737008
64,abundant,113.54226230336386,74.73164845579501,30.228086466816045,0.38019911054929867,6.042185740892064,4711.6371361018755,1.3871909765356507,12,5,29,6,0,0.2989465451422369,0.8150377798361743,0.009450125239422968,0.29891887712981347,99.96475692266078,80.96988675459133,0.0006880631605108863,0.0,32.101638189242415,113.03376266043031
65,abundant,113.61903161008279,74.78223906127512,30.392824943557287,0.3505060595710523,5.982692732954121,4733.718282070793,1.4040508444855897,11,6,30,4,0,0.2671451740618674,0.8146883236354157,0.009800124668197671,0.2988397082066341,99.96386537427088,80.9484418100436,0.0007023571366501869,0.0,32.101638189242415,129.9658559560956
66,abundant,113.69900478619506,74.82507266907714,30.545024333129543,0.32409678322301394,5.914994184767854,4742.518427071627,1.4204533367193195,11,6,30,4,0,0.2604649480368989,0.8143462156672904,0.009800124096970963,0.2987605397638345,99.96294371578561,80.92699699561912,0.0007166506156449324,0.0,32.101638189242415,148.29609367613983
67,abundant,113.78352671465862,74.87357554962117,30.693807294304793,0.3617575437872399,5.866445564289981,4744.993651341312,1.4360316554285566,11,6,30,4,0,0.2605716817935416,0.8140039902760382,0.009800123525742836,0.2986813718055696,99.9620611189927,80.90555231244338,0.0007309435975123825,0.0,32.101638189242415,123.21260464364484
68,abundant,113.87160123784197,74.91074976464077,30.84393549070601,0.30268592378520914,5.83542834044432,4744.038235096101,1.4498534002370043,11,6,30,4,0,0.2611334473837316,0.8136709448185645,0.010150047666020394,0.298599364057592,99.9611555539656,80.88333839898799,0.0007457473181551843,0.0,32.101638189242415,165.52324149720903
69,abundant,113.95911547911291,74.94496237585267,30.99625341594983,0.2837216582734446,5.818903668283775,4750.0728650258425,1.4630931111152654,11,6,30,4,0,0.2622301445202376,0.8133464916595925,0.0105,0.29851451630188597,99.96030110325404,80.86035519619776,0.0007610618010303273,0.0,32.101638189242415,149.37221408384136
70,abundant,114.04380362938969,74.98535004795428,31.14591361163815,0.3093073961048484,5.8144171625492,4758.166993229021,1.4762372873256417,11,6,30,4,0,0.2627101927769416,0.8130089219998172,0.010050412581419636,0.2984333182754318,99.95935896486223,80.83836061669908,0.0007757189102342929,0.0,32.101638189242415,158.5977119306928
71,abundant,114.13010634110177,75.02799913312269,31.293495150761213,0.3205544486588777,5.794761115294227,4769.465645678341,1.490024056631558,11,6,30,4,0,0.2635996659628888,0.8126731639480728,0.010150056457659682,0.29835131193665454,99.95846895896058,80.81614708496193,0.000790521089050209,0.0,32.101638189242415,141.90041749531036
72,abundant,114.21818664519392,75.06656704931285,31.44143634236597,0.30111702779891697,5.7635612317928935,4790.8002365661305,1.5034989964672503,10,6,30,4,0,0.2638282988139621,0.8123371543931353,0.010150056205643122,0.2982693060921506,99.95766465883584,80.79393368711146,0.0008053227535423124,0.0,32.101638189242415,140.66326899946475
73,abundant,114.30649117516582,75.10935382424896,31.592102331899717,0.32423409068290987,5.748186304350819,4818.611946498084,1.5165894420786012,10,6,30,4,0,0.26368922418466745,0.8120012978132335,0.010150055953625971,0.2981873007369105,99.95677346708815,80.77172042179073,0.0008201239037284605,0.0,32.101638189242415,140.41278402850543
74,abundant,114.39668265303901,75.15406261816473,31.744649585877596,0.33625418200399704,5.7708221924000345,4846.335052461727,1.530272942171875,11,6,30,4,0,0.26433397982896023,0.8116553732839279,0.009815816018078133,0.2981080088344882,99.95581285484448,80.75024216514353,0.0008344362193824057,0.0,32.101638189242415,131.2461045427613
75,abundant,114.490855195692,75.19343668196406,31.893572607435807,0.3162622758963148,5.811914995735106,4875.505172257661,1.5438376726448142,12,6,30,4,0,0.26489450704044354,0.811318190878772,0.010150055449589909,0.29802600443906485,99.95487851732699,80.72802915981391,0.0008492363579654823,0.0,32.101638189242415,139.54254968500936
76,abundant,114.5866125952894,75.23962450689856,32.044101493142485,0.3545453315942296,5.880503444404224,4904.562421993935,1.5479578269229215,12,6,30,4,0,0.26505784484603945,0.8109808287949732,0.010150055197570992,0.29794400052895126,99.95388740722595,80.70581628594296,0.0008640359822955831,0.0,32.101638189242415,146.60326891907408
77,abundant,114.6681384579618,75.28313388099166,32.18442682008113,0.33962179540683973,5.930385804435794,4935.501281456418,1.5383696948140688,12,6,31,3,0,0.25253876690912946,0.8106670376898485,0.010500054945551488,0.2978591562089971,99.9528654383818,80.68283401381474,0.0008793464382715531,0.0,32.101638189242415,122.42994240931253
78,abundant,114.74319156173729,75.31881552789318,32.324370527463415,0.2924028244507554,5.972703524249546,4967.422002897249,1.5285669274485894,12,6,31,3,0,0.24934550350320314,0.8103567591674139,0.010500054693531389,0.29777431238530055,99.95177445348945,80.6598518761107,0.0008946563622754993,0.0,32.101638189242415,150.1790979566878
79,abundant,114.8134616420056,75.36804484781709,32.44452156971787,0.29526180314493405,5.980551286369993,4986.223174399165,1.5314313161030255,12,7,31,2,0,0.23299644920024787,0.8100644645976558,0.010500054441510694,0.2976894690545793,99.95062475650087,80.63686987194173,0.0009099657543258918,0.0,32.101638189242415,156.93703733969755
80,abundant,114.88328363233416,75.43333309393843,32.559698772740184,0.3723545247652135,5.982042517218749,5001.105605407221,1.5396018036858632,12,7,31,2,0,0.22876545363904074,0.8097768241159585,0.01050005418948941,0.2976046262111466,99.94937196618999,80.61388799976741,0.0009252746144411999,0.0,32.101638189242415,121.90748133065048
81,abundant,114.95632026861146,75.49691101209962,32.67146855592788,0.36201885628769515,5.984309484493613,5014.051410811684,1.5500869711577663,12,7,31,2,0,0.23034030421662033,0.8094782824967137,0.01017259697833284,0.2975224417671533,99.94807446168424,80.59162622363932,0.0009401045318763064,0.0,32.101638189242415,121.66683800099429
82,abundant,115.02236851516886,75.5546653081795,32.785620411463995,0.3074740999200191,5.985793999743653,5025.725759193236,1.5614037967097978,12,7,31,2,0,0.23108584706622787,0.8091587247072389,0.00945130865350908,0.2974461123662547,99.94666005258105,80.5709504369304,0.0009538801406386501,0.0,32.101638189242415,141.46926471888483
83,abundant,115.08788659548159,75.61313868319851,32.89606605568234,0.306658153731084,5.979208150245865,5035.001012330504,1.5736234257470743,13,7,31,2,0,0.23180117494038838,0.8088356038216993,0.009352157389103364,0.2973705881848486,99.94516284809588,80.55049276468702,0.0009675104122591237,0.0,32.101638189242415,158.32760313760244
84,abundant,115.15442278456746,75.68275006015304,33.002903599405926,0.36638052479144495,5.97008844819988,5043.290038106425,1.5862945972147369,13,7,31,2,0,0.23197241576304334,0.8084940769851052,0.008701529312325932,0.2973003454604723,99.94363294997818,80.53146571128478,0.0009801896506513035,0.0,32.101638189242415,141.47558847309156
85,abundant,115.21922592024649,75.76184621802079,33.11053542516326,0.414280254297289,5.952059603754316,5050.595135662752,1.5992193286858045,14,7,31,2,0,0.23222050122847274,0.8081359610205805,0.008118806672385253,0.2972348329788961,99.94211472377546,80.51371996613422,0.0009920170978806693,0.0,32.101638189242415,124.92853086393161
86,abundant,115.28228700942233,75.84201335140739,33.21704098726732,0.4146827389132291,5.939373307722195,5060.608766658177,1.611609791161635,14,7,31,2,0,0.23267193883448783,0.8077754372904515,0.008050550092458256,0.2971698748903406,99.9406769040895,80.49612439263068,0.001003744412381925,0.0,32.101638189242415,136.14539217903226
87,abundant,115.34373438164683,75.92599563516934,33.32418281239252,0.43486936126977666,5.923252946912816,5070.479447113248,1.6242258802263196,14,7,31,2,0,0.23265914795883252,0.8074247254270979,0.008400471407191908,0.29710207691606955,99.93931366430122,80.47775956284265,0.0010159825506145716,0.0,32.101638189242415,109.3238503280505
88,abundant,115.4097971256989,76.00576481945528,33.43000254300582,0.4175473751284501,5.911137752565103,5079.006343105626,1.6369695253527574,14,7,31,2,0,0.2330225426455331,0.8070736137566673,0.008400468802838167,0.2970342793407665,99.9379325941233,80.45939484112539,0.0010282202601143106,0.0,32.101638189242415,134.7638748789158
89,abundant,115.4741151860372,76.09032305798635,33.53599453281312,0.4403764947100025,5.890401188927077,5088.5572389018125,1.6497160547483554,14,7,31,2,0,0.2332223729367243,0.8067214826383544,0.008371910425623024,0.2969667139508135,99.93655805269786,80.44109301279806,0.0010404158212479382,0.0,32.101638189242415,109.00151254922596
90,abundant,115.53379016091876,76.16736417889813,33.646569587921064,0.38979156509213686,5.8611605945931355,5097.144970983456,1.6630371488136566,14,7,31,2,0,0.23332246036339122,0.8063700442846162,0.008400584023627497,0.29689891620246234,99.93520852748205,80.42272824420628,0.0010526528507211702,0.0,32.101638189242415,119.25654103574354
91,abundant,115.59667877968802,76.24378145303665,33.758707283150876,0.390443053889596,5.82769299242553,5105.787957509114,1.6759125807199318,14,7,31,2,0,0.23355587945346185,0.8059988829366628,0.007705361408759992,0.29683676184232016,99.93375740909208,80.40589213284944,0.001063873743246397,0.0,32.101638189242415,118.12264188813087
92,abundant,115.6600752846103,76.31473465180218,33.871590926766274,0.3617259291230266,5.79487942875095,5111.482295791098,1.6895031872592032,14,7,31,2,0,0.2327656804567706,0.8056211106686447,0.007438213588739138,0.29677677622029236,99.93231853892553,80.38964348014096,0.00107470394634297,0.0,32.101638189242415,119.34430814172254
93,abundant,115.72614833271594,76.38777346572998,33.983342635103824,0.37998603661493235,5.757375813458513,5119.324935764653,1.7030306389347483,14,7,31,2,0,0.2329261468928864,0.8052455483256817,0.007523443522114842,0.2967160991360461,99.93086546226223,80.37320752705833,0.001085658293326977,0.0,32.101638189242415,126.69372040475545
94,abundant,115.79507470341703,76.46534340304704,34.09368056886731,0.4074768261229093,5.727732106149899,5127.37839576873,1.7164667893794285,14,7,31,2,0,0.23361026127510298,0.8048643941998209,0.0073506129122030165,0.2966568252301948,99.92943503350463,80.35715166103084,0.0010963597564712109,0.0,32.101638189242415,125.60908731105864
95,abundant,115.86356129939948,76.53213343881006,34.205770089632736,0.3466284125915954,5.692653299028647,5136.297007958241,1.7292209617877372,14,7,31,2,0,0.2337245632465847,0.8044929129637067,0.007700563694895926,0.2965947111626955,99.9279733777511,80.34032646397544,0.0011075721220183978,0.0,32.101638189242415,136.53030599347022
96,abundant,115.93315684629695,76.60792990007243,34.31653115489873,0.399189747330969,5.66074769984079,5145.104357449331,1.7424402955512808,13,7,31,2,0,0.23382265377381067,0.8041394875885398,0.008349269428014363,0.29652733201653725,99.92655882146576,80.32207508458302,0.0011197318496958236,0.0,32.101638189242415,117.18902603774048
97,abundant,116.00127070143614,76.68305580339062,34.431357060166874,0.39276271459738715,5.627441650094935,5154.386976290902,1.7556726927678474,13,7,31,2,0,0.233686531059469,0.8037757213850437,0.007974606452471824,0.29646299433190143,99.92512796893187,80.30464756348086,0.0011313437769698033,0.0,32.101638189242415,109.40543998482985
98,abundant,116.06752713764736,76.76294820459387,34.542827003121836,0.4183731772261483,5.600494749712803,5162.239279586534,1.7697290350797634,13,7,31,2,0,0.23360224776609612,0.8033848150747354,0.00700200579408988,0.2964065514492973,99.9236368068783,80.28935855310975,0.0011415343429431156,0.0,32.101638189242415,112.60031641303162
99,abundant,116.13290665422407,76.84128778557725,34.656829456187616,0.4071516727459245,5.56701472242499,5171.144339966464,1.7832787053140036,13,7,31,2,0,0.2337557207339207,0.8030035002136071,0.00735058684567789,0.29634727950795087,99.92211374093857,80.27330321921907,0.0011522338278975336,0.0,32.101638189242415,120.12789252954232
100,abundant,116.19857485084837,76.91853203261363,34.77012278285101,0.3966608972741083,5.5336078597500435,5178.529293380041,1.7976502866445248,13,7,31,2,0,0.234351705917405,0.8026509269861309,0.008400487465462377,0.29627948603170906,99.92072369201597,80.25493960783827,0.0011644668337981523,0.0,32.101638189242415,130.65063823856298
101,abundant,116.26665244587839,76.99399602592457,34.88359699614282,0.39277032716378624,5.501836900271597,5186.423556275302,1.811528763609241,13,7,31,2,0,0.23442098407907658,0.8022982774780687,0.008400484800886236,0.2962116929554329,99.91927934650377,80.23657610479847,0.0011766994110560813,0.0,32.101638189242415,118.59506483682522
102,abundant,116.33394253425206,77.07105194668408,34.99805577828605,0.40147800192545674,5.468208723966153,5194.165193892182,1.8249740185511336,13,7,31,2,0,0.23415122321845824,0.8019420349113927,0.008261563530870167,0.2961450278628299,99.91785950012458,80.21851814522637,0.0011887286012385338,0.0,32.101638189242415,127.534350408612
103,abundant,116.39994743142472,77.15183638410961,35.10914970020106,0.4204295018244481,5.435990261466194,5202.783069306832,1.8387164420901625,13,7,31,2,0,0.23373921098502412,0.8015705393318975,0.007700626878158636,0.29608291617016025,99.91645470522754,80.20169359145483,0.0011999378518998502,0.0,32.101638189242415,121.40490369929371
104,abundant,116.46706802519728,77.22266820547955,35.22333894320535,0.3667280450645069,5.393931286574341,5210.979362179074,1.8529300030329803,13,7,31,2,0,0.23374064909370146,0.8012186396536961,0.008400536992914164,0.2960151237734123,99.9151044877791,80.18333027248278,0.0012121692737985272,0.0,32.101638189242415,136.6590281066501
105,abundant,116.53730797401897,77.30005758374064,35.337337084253264,0.4074508704270335,5.372631577909893,5220.30559692008,1.8667565067119376,13,7,31,2,0,0.23414661721446678,0.8008564981277708,0.008050705464665745,0.2959501712841117,99.91373591817639,80.16573621568183,0.0012238891712566845,0.0,32.101638189242415,127.1460789152818
106,abundant,116.60247439039767,77.38278577251108,35.453525768473966,0.4287876373481143,5.351420951231804,5228.472082358727,1.881593643485262,13,7,31,2,0,0.2341306187561587,0.8005128160564926,0.008709343191198381,0.2958798731115318,99.9123621424587,80.14669414270368,0.0012365709237482428,0.0,32.101638189242415,103.8669603914313
107,abundant,116.66933324381277,77.4643885936453,35.56916126886882,0.4219518389107468,5.328381506574575,5238.190414881938,1.8966964395051198,13,7,31,2,0,0.2346023804447707,0.8001501997370333,0.008051653536794073,0.295814913690245,99.91092822859132,80.12909820819549,0.0012482913590638194,0.0,32.101638189242415,103.97097152834104
108,abundant,116.73581754209583,77.53862739699476,35.68494810385893,0.38186843783620184,5.3004807733583705,5247.836647933083,1.9115325171724038,13,7,31,2,0,0.23484661001432663,0.7997780385667331,0.00772036073984355,0.29575264367984105,99.90945785532462,80.11223076998273,0.0012595273725494092,0.0,32.101638189242415,103.49606173122311
109,abundant,116.80149561485777,77.61072004572331,35.80303573729797,0.36874629488112043,5.276314812464178,5256.403026070209,1.9273445501010893,13,7,31,2,0,0.2344701433855731,0.7994057368711971,0.007700552221000573,0.2956905347960956,99.90791816751893,80.09540697708076,0.001270734055889504,0.0,32.101638189242415,112.74850832539842
110,abundant,116.8699699399973,77.68000217047909,35.936666710182436,0.330777311101638,5.2460024361481565,5266.695713307028,1.9425848794719467,13,7,16,17,0,0.2495578040159244,0.7989286281312615,0.004550173017215358,0.2956539973871743,99.90729498133985,80.08550987760323,0.0012773376831742272,0.0,32.101638189242415,122.2716580636351
111,abundant,116.94254810890448,77.75323831263137,36.08249570052771,0.3384813526806135,5.196726115911983,5275.866184110204,1.9573707274891,13,7,16,17,0,0.26327993663609084,0.7984462250152881,0.004900171940216236,0.2956146193069339,99.90671190072521,80.07484330904023,0.0012844524254778235,0.0,32.101638189242415,138.19400003283448
112,abundant,117.01985506175387,77.82904374818743,36.24148633506279,0.3376755567849459,5.142670137633137,5284.391780373342,1.9727853519886254,13,7,16,17,0,0.27730902194294205,0.7979483898830873,0.004900171140590213,0.2955752414638648,99.90613376013636,80.06417680472121,0.0012915669195778013,0.0,32.101638189242415,137.94402753948452
113,abundant,117.09864249800708,77.90641196675696,36.41277483840103,0.32950026220404854,5.086139896856459,5294.085972983266,1.9883954364259444,13,7,16,17,0,0.29047949356470193,0.7974322755066734,0.0047647523752617025,0.29553696302180127,99.90557395030487,80.05380810151722,0.0012984833214285672,0.0,32.101638189242415,138.83195722698335
114,abundant,117.17915834792488,77.98340212009633,36.597070835405134,0.3138146540824601,5.037001620605519,5303.087951221827,2.00354416841907,13,7,16,17,0,0.3027539122303448,0.7968966545854363,0.004550299364869739,0.2955004254783019,99.90499315459478,80.04391096558577,0.001305086169806289,0.0,32.101638189242415,140.06313457653386
115,abundant,117.26682893487168,78.06077236636405,36.793082315853,0.31789997499059996,4.993888464576362,5313.895044734578,2.017840033636919,13,7,16,17,0,0.31451469209465727,0.796348096767284,0.004550297969710038,0.29546388815882374,99.90435085984026,80.03401389033623,0.0013116887868841107,0.0,32.101638189242415,137.0874197644215
116,abundant,117.3573613462045,78.14422898672366,36.99941016826962,0.3408562981586733,4.95033977256713,5321.655823092897,2.0329871672919997,13,7,16,17,0,0.32567122381334457,0.7957872667251766,0.004550296574546247,0.295427351066597,99.90376717426516,80.02411687664357,0.0013182911726700572,0.0,32.101638189242415,137.0881453232825
117,abundant,117.45327901881043,78.236109529063,37.21481867308554,0.38346583269167245,4.921152920758592,5332.722590083322,2.0472159472735774,13,7,16,17,0,0.33617409883795457,0.7952148834814775,0.004550295179378355,0.29539081420523194,99.903207901844,80.01421992548579,0.0013248933271721532,0.0,32.101638189242415,127.39224443919584
118,abundant,117.54810997660175,78.33367095766856,37.44009806889768,0.3937225053946063,4.902520635540213,5344.268759002676,2.0614641856998652,13,7,16,17,0,0.34652077411826604,0.7946311188559051,0.004550293784206352,0.29535427757275134,99.90261917713642,80.00432303632725,0.0013314952503984234,0.0,32.101638189242415,129.3561129855504
119,abundant,117.64265019951601,78.43071108463326,37.67582005938705,0.3772266183546291,4.905858483402296,5358.70349862078,2.077021713878331,13,7,16,17,0,0.35617554247952876,0.7940465303943857,0.0049001655431448864,0.29531490131224697,99.90207518134066,79.99365696068669,0.0013386081029175367,0.0,32.101638189242415,130.40382449326395
120,abundant,117.7402963442343,78.52874733079821,37.921206220145756,0.3771290494907346,4.915611651342724,5373.507577741329,2.0918152216925407,13,7,16,17,0,0.36528140581245105,0.79345192546081,0.004900164743500753,0.29527552529613543,99.90149630554144,79.98299095124622,0.0013457207072986208,0.0,32.101638189242415,137.41297668261072
121,abundant,117.83684551937283,78.61825607514966,38.1756354130559,0.3171424585371643,4.934467200518795,5388.170505296555,2.1080941503239217,13,7,16,17,0,0.3736343730084743,0.7928481580747725,0.004901086581135253,0.29523614203956094,99.90089674304286,79.97232298053964,0.0013528344115124981,0.0,32.101638189242415,147.9620172874858
122,abundant,117.93416399112591,78.7099249121537,38.43817209621838,0.3208998684865305,4.948469772665961,5400.8854965581995,2.1247416792568625,13,7,16,17,0,0.38207266076441854,0.7922350810710047,0.004900104395467774,0.29519676699486147,99.90025826898177,79.9616572342312,0.0013599464337653439,0.0,32.101638189242415,139.85140135274577
123,abundant,118.03269978651932,78.81236580050117,38.70739933865408,0.37198977490156804,4.984691947519421,5414.309988620829,2.1422414670603946,13,7,16,17,0,0.38970934721234035,0.7916066589885746,0.004652078553699605,0.29515940537406615,99.89958588307441,79.95153687571181,0.0013666958462413533,0.0,32.101638189242415,121.71314145529644
124,abundant,118.133064099216,78.9123533996648,38.984442556247615,0.35061961050246104,5.018625351994468,5431.936397120913,2.1589291427156696,13,7,16,17,0,0.3971690628444432,0.7909672234486512,0.004551801043049712,0.29512285791006115,99.89891953717014,79.94163705255556,0.001373298520103898,0.0,32.101638189242415,130.64768394873184
125,abundant,118.23428898660659,79.00794774698412,39.268762032231116,0.3188910640565841,5.030856246539645,5445.639272390861,2.1777972670355075,13,7,16,17,0,0.4042440260123884,0.790319959688895,0.004550166744906749,0.2950863239269942,99.89822604962643,79.93174088105903,0.0013798985770205599,0.0,32.101638189242415,131.353078152505
126,abundant,118.33754493789226,79.10861376115393,39.55995292095188,0.34031033934631816,5.054353255106742,5464.686302967137,2.1950651976453703,13,7,16,17,0,0.4112356893206453,0.7896701553176427,0.004734103107162517,0.2950482971762417,99.89751926572985,79.92144035493757,0.0013867671336331396,0.0,32.101638189242415,130.6197333127334
127,abundant,118.44303788021452,79.20820159757412,39.855941975919244,0.3300980324591816,5.107840590364267,5481.6255896564,2.213802212704871,13,7,16,17,0,0.41713444169888375,0.7890087143472717,0.004550246982064272,0.29501176297516674,99.89677611846243,79.91154412438796,0.0013933668401232713,0.0,32.101638189242415,123.97596994523765
128,abundant,118.55093424975075,79.30819563825831,40.158580182136134,0.32812335168645523,5.1709010642040445,5497.831542664513,2.233588215660685,12,7,16,17,0,0.4228037484743773,0.788341037106348,0.004550245799927662,0.29497522899208467,99.89598886855543,79.90164795288733,0.001399966315733819,0.0,32.101638189242415,122.38073105489767
129,abundant,118.65897017602535,79.41309852522264,40.468117443974656,0.34664825148263306,5.199063424946008,5514.669335188337,2.25326215100791,12,7,16,17,0,0.4290919920817272,0.7876580448097493,0.004250317667545463,0.2949411296855853,99.89519557645671,79.89241127632754,0.0014061273707282093,0.0,32.101638189242415,130.84729781047767
130,abundant,118.76615985999231,79.5228647098065,40.78004142406039,0.3592446290888729,5.223252175501168,5528.820268119351,2.270316964785661,12,7,16,17,0,0.4343992604315835,0.786958014684641,0.003850323620228599,0.29491027725800983,99.89437365849605,79.88405410065876,0.0014117038252050328,0.0,32.101638189242415,132.3829658126942
131,abundant,118.87464073308752,79.63502600228352,41.09701422597838,0.3654500005608969,5.221078242130742,5548.196157878934,2.2835664122120876,11,7,16,17,0,0.4395844421179119,0.7862522808063362,0.0038503217151796506,0.2948794250175428,99.89356589571032,79.87569697567311,0.0014172800832750727,0.0,32.101638189242415,123.97169717516525
132,abundant,118.98528776008007,79.74357208637977,41.42175829701877,0.3392372852313031,5.169068943820744,5569.561774061229,2.3032692554017475,11,7,16,17,0,0.44413637777170284,0.785551339745471,0.004200319810125407,0.2948457320780489,99.89285708626448,79.86657037409664,0.0014233674908261304,0.0,32.101638189242415,115.48939837812222
133,abundant,119.09586487121416,79.85872551450029,41.748159819067084,0.36672920559819167,5.096417201525979,5589.625179556275,2.321588098924068,11,7,16,17,0,0.4469190972597647,0.7848571354125666,0.004550238360053719,0.29480919910534137,99.89215855576677,79.85667447628202,0.0014299659138959336,0.0,32.101638189242415,115.20473852695946
134,abundant,119.20103445979362,79.97978055989746,42.074533547965416,0.3859523825700531,5.072629188300795,5608.959714732624,2.3388642096562746,11,7,16,17,0,0.44886744720182314,0.7841509923366259,0.004200396999329452,0.2947755059601133,99.89146332275199,79.84754781897715,0.0014360529937469267,0.0,32.101638189242415,125.49284449937575
135,abundant,119.30814728094879,80.09908088967669,42.404258914800174,0.37188730845766227,5.100952102930618,5626.918877881162,2.354787551033471,11,7,16,17,0,0.45146244846621036,0.7834419924787052,0.004200315549721728,0.2947418136815168,99.89076331947739,79.83842139642178,0.0014421397432477319,0.0,32.101638189242415,124.85062017389639
136,abundant,119.41408515163914,80.22387154403765,42.73648617971912,0.3959302845955142,5.12848107817732,5646.978573496795,2.368962133232334,11,7,16,17,0,0.4532753941870896,0.7827309983372741,0.00420031400624389,0.29470812161899895,99.89003420378465,79.82929503239689,0.0014482262791517347,0.0,32.101638189242415,115.26965734353344
137,abundant,119.51409522670467,80.34095761805075,43.06813771205975,0.3262353481507435,5.174416863184883,5662.358031930089,2.3804881712255783,11,7,16,17,0,0.4505336025769771,0.7820230397368173,0.0042010129420632664,0.29467442409130234,99.8893100300243,79.82016718798738,0.0014543136248583604,0.0,32.101638189242415,120.3335125187544
138,abundant,119.59468521167989,80.45608760359757,43.38664577277654,0.33259965248923246,5.234586750811001,5676.82341703149,2.380535204419151,10,7,16,17,0,0.4528459287476666,0.7813125166842639,0.00420026675246774,0.29464073282702574,99.88856215268471,79.81104104018671,0.0014603996690282681,0.0,32.101638189242415,129.00785953659732
139,abundant,119.67536288631257,80.56962424520965,43.709071356243776,0.32079849628688545,5.294916573289122,5707.665868038341,2.379285777456923,11,7,16,17,0,0.4545601522089095,0.7806099042397191,0.0045501329601801924,0.29460420196370446,99.88780043063112,79.80114571375377,0.0014669966522928989,0.0,32.101638189242415,128.17244135388742
140,abundant,119.75012740019277,80.69294614509785,44.03004228777617,0.36457663956961717,5.342253105780367,5753.887364238937,2.3791821694838897,11,7,16,17,0,0.45630754782529664,0.7799053696319935,0.0045501319600816945,0.29456767132629275,99.88707003638963,79.79125044851423,0.0014735934050384555,0.0,32.101638189242415,121.34904513968725
141,abundant,119.82278966661674,80.81526722711445,44.35163211344422,0.35028339532364644,5.394490943334715,5814.683772496464,2.394219448642476,11,7,16,17,0,0.45823681707749475,0.7791987128000878,0.004550130959980559,0.29453114091361315,99.88630357005798,79.78135524414921,0.0014801899272729377,0.0,32.101638189242415,129.42306284049437
142,abundant,119.89185891426625,80.93662986597242,44.67386216959686,0.33923062867544673,5.442940723790135,5876.022243790081,2.407720304277312,11,7,16,17,0,0.4597762537575557,0.778500162559831,0.004900129959876776,0.29449176983432435,99.88557512689643,79.7706905719745,0.0014872975648853352,0.0,32.101638189242415,120.75947055659712
143,abundant,119.95029820660204,81.05780558524235,44.988408254569634,0.336912235593788,5.505399309016525,5937.986565384323,2.4137437100865373,11,7,16,17,0,0.45711795965843843,0.7778045364252051,0.004900129321370357,0.29445239900352577,99.8849059828192,79.76002596710978,0.0014944049547761953,0.0,32.101638189242415,115.36129220762288
144,abundant,119.99938057619173,81.18858498837128,45.29408045533985,0.36828978491910763,5.525357286341948,5992.470249379472,2.420227397394157,11,7,16,17,0,0.46114727239344455,0.7771044780286924,0.004900128682862258,0.29441302842004075,99.88423123092346,79.74936142923632,0.0015015120969541153,0.0,32.101638189242415,114.4218590426464
145,abundant,120.04683817015272,81.31809881242299,45.601652166433304,0.35537416648249787,5.503534410024774,6048.032921611233,2.426013346310824,9,7,16,17,0,0.46520189458437927,0.7763999595298914,0.004900128044352479,0.29437365808147237,99.88352714071175,79.73869695770485,0.001508618991427694,0.0,32.101638189242415,122.95314379707384
146,abundant,120.05403583986826,81.43343278136084,45.699014221090856,0.44465613133521614,5.460652945956417,6035.520901340307,2.4239398974921267,9,7,31,2,0,0.25950126677217505,0.7760687117038055,0.010150127405841015,0.2942916746186573,99.88275790078733,79.71648962251201,0.0015233958264203808,0.0,32.101638189242415,106.17594957172568
147,abundant,120.04651920026895,81.54632172707778,45.753160885516735,0.5211388501560427,5.412088343806504,6008.567277291775,2.4180748136850663,9,7,27,6,0,0.22689787106498843,0.7757439255725617,0.009100054533130574,0.2942182149286029,99.88209473502731,79.69659117099285,0.001536638004228285,0.0,32.101638189242415,98.25639427524288
148,abundant,120.02926204599461,81.66849941814613,45.796978897913576,0.5769584266184349,5.367015832651876,5978.84008958258,2.4112130740820397,9,7,25,8,0,0.22607024180641838,0.7753953713314629,0.008218679460297834,0.2941519096706934,99.88159248068806,79.67863068192733,0.0015485920436374724,0.0,32.101638189242415,100.04628864724529
149,abundant,120.00353822784666,81.79862667362006,45.83981044033393,0.6041242416054327,5.332768017167677,5947.993292010164,2.402979937721049,9,7,24,9,0,0.23241062599863804,0.7750253238590273,0.0077001505772499815,0.294089813640981,99.88105559944451,79.6618103708717,0.001559788103387279,0.0,32.101638189242415,111.36334384604288
150,abundant,119.97792378094603,81.9339828476419,45.889793869012074,0.6089868492461243,5.301373510692231,5917.087884283057,2.3948630670689424,9,7,23,10,0,0.240721412829292,0.7746282111370306,0.007060029718409276,0.2940329137462787,99.8805731133258,79.64639756698783,0.0015700485653503203,0.0,32.101638189242415,92.48080258821292
151,abundant,119.94774635803167,82.073867353366,45.94278958453604,0.6114565915801663,5.266428781270772,5882.453480517441,2.3867392955807527,9,7,23,10,0,0.2484143429928262,0.7742307778643671,0.00735080373673769,0.2939736540366712,99.88007407934228,79.63034554637908,0.001580733488472281,0.0,32.101638189242415,101.41058798747613
152,abundant,119.91421969936873,82.22171379429616,46.002298072850536,0.6316263727612242,5.23365201837124,5848.359481347485,2.3774167754514486,9,7,22,11,0,0.2570738118736188,0.773814004988147,0.007000297030031089,0.29391723968943106,99.87953168576973,79.6150642655472,0.001590905954422882,0.0,32.101638189242415,92.02932976951473
153,abundant,119.87494479296488,82.37319196338625,46.06545716848193,0.6263832845493417,5.208294779374617,5810.662621992269,2.3699760383787787,9,7,22,11,0,0.26531116057965487,0.7733881676058518,0.007000174797946704,0.2938608266685453,99.87898984350485,79.59978334399263,0.0016010778885893555,0.0,32.101638189242415,94.09350239845718
154,abundant,119.83115253052479,82.52856715650043,46.13696509008788,0.6244731851538102,5.193073781962016,5776.8293441658025,2.3609075945919504,9,7,22,11,0,0.2729476680260059,0.7729539300424312,0.007000173978855624,0.29380441398553186,99.87842212392373,79.58450251395948,0.0016112494683731195,0.0,32.101638189242415,102.84990816817393
155,abundant,119.7804799560087,82.68716462174042,46.209093446405255,0.624579043878479,5.187493726996436,5741.716517925524,2.3520371362214068,9,7,21,12,0,0.28119670852034145,0.7725008185115321,0.00665017315976222,0.29375084252218037,99.87776438663153,79.56999130154459,0.0016209093479054857,0.0,32.101638189242415,103.97466189493025
156,abundant,119.72562422992605,82.84963164686748,46.286101607478045,0.6272648532158288,5.185256907303005,5708.561691738556,2.3412604425057943,9,7,21,12,0,0.28926468961306223,0.7720388321784963,0.006650172340666486,0.2936972713740948,99.87716410873438,79.55548017452762,0.001630568890834502,0.0,32.101638189242415,113.02530136942869
157,abundant,119.66962814404444,83.01342058778145,46.374290421708814,0.6165258347673174,5.181823017478326,5675.6286392249385,2.3315943096312606,9,7,21,12,0,0.2963321665092522,0.7715690715979401,0.0066501715215684185,0.29364370054677136,99.87661520954465,79.54096913439734,0.0016402280971718522,0.0,32.101638189242415,102.60010676226736
158,abundant,119.61534072373342,83.17926785886053,46.473588402492794,0.6034088933036229,5.1638024652165155,5643.799515870851,2.3229981677624036,9,7,21,12,0,0.30357678437979646,0.7710913419147915,0.006650170702468009,0.2935901300524353,99.8761177034281,79.52645818446527,0.00164988696692922,0.0,32.101638189242415,101.19126186085164
159,abundant,119.55818733253008,83.34710234825931,46.57725655064236,0.5908171727553322,5.13161700185192,5613.498650973386,2.314879342015544,9,7,21,12,0,0.3102298576602861,0.7706062938280992,0.006650169883365253,0.2935365598925964,99.87556279759882,79.51194732514041,0.0016595455001182887,0.0,32.101638189242415,100.61441015281257
160,abundant,119.49939719593283,83.51679878411093,46.69002375370316,0.5804365993217158,5.083101729195145,5584.8621039083155,2.3064949230699927,9,7,21,12,0,0.3169114044504541,0.7701138960170031,0.006650169064260148,0.2934829900710249,99.87506442803566,79.49743655744398,0.0016692036967507413,0.0,32.101638189242415,91.29783357292385
161,abundant,119.43466534587851,83.69373425236232,46.802986592221565,0.6037287383155381,5.025347152827775,5554.523675079065,2.2980407821050863,8,7,21,12,0,0.3227421381964203,0.7696150843758512,0.006650168245152685,0.2934294205849983,99.87452225588707,79.48292588063855,0.0016788615568382593,0.0,32.101638189242415,93.72202738430242
162,abundant,119.36792396307544,83.87599268671227,46.92083621685667,0.6156133551339824,4.953839376733855,5527.840729795051,2.2891078767454616,7,7,21,12,0,0.32864815658498214,0.7691097760915369,0.006650167426042859,0.2933758514317132,99.8739333379357,79.46841529396471,0.0016885190803925258,0.0,32.101638189242415,93.06826578290803
163,abundant,119.30053502778878,84.05933824158895,47.0437782513025,0.6044122340707929,4.8880880314023685,5512.448081344912,2.280635470089989,7,7,21,12,0,0.33427049828837346,0.7685935950861895,0.006482733670352667,0.2933236416347633,99.87331478448866,79.45427292401102,0.0016979316498753321,0.0,32.101638189242415,92.98180929581449
164,abundant,119.22912524867893,84.24713803200979,47.16750401520559,0.6138841704825603,4.867005988830706,5504.651430773389,2.2728083589683536,7,7,21,12,0,0.3394994554854303,0.7680665530374526,0.0063002625820388885,0.29327291324552895,99.87269066701319,79.44053183154142,0.001707077304425886,0.0,32.101638189242415,94.21481274768207
165,abundant,119.1573336478269,84.43228259807323,47.292827235096595,0.5827955553264921,4.8738560864675,5494.15855706032,2.2666518139750034,7,7,21,12,0,0.34417391643619155,0.7675343690464576,0.006300261324455282,0.2932221851755347,99.87209035817929,79.42679082554625,0.0017162226395871887,0.0,32.101638189242415,93.71532739871421
166,abundant,119.08295158754193,84.6221146556782,47.42618581150973,0.5926635179126722,4.864201845804169,5488.387679676533,2.2586607461320907,7,7,20,13,0,0.34994825137257995,0.7669860722874741,0.005951654197369608,0.2931742869984985,99.87151190880782,79.41381636903948,0.0017248583462975895,0.0,32.101638189242415,110.20525668236476
167,abundant,119.00135369660211,84.82182223525177,47.56684774064446,0.6345217168923446,4.86193735415077,5490.812453661354,2.2477467738760444,7,7,20,13,0,0.3546734347188917,0.7664521335218698,0.006650071878089121,0.2931207201900311,99.8711510296043,79.39930641752,0.001734514133174402,0.0,32.101638189242415,94.0914577302839
168,abundant,118.92307671471747,85.02695969723165,47.70877106855096,0.6435871238700138,4.831263098481718,5504.487410052636,2.2377565629354854,8,7,19,14,0,0.36092793619839647,0.7659015147945205,0.006300071516749739,0.29306999461954797,99.87079744354746,79.38556608858185,0.0017436582383777545,0.0,32.101638189242415,92.41787145196118
169,abundant,118.84156419424119,85.23611174394779,47.857802299537965,0.6418394195453696,4.79530425196783,5517.588628985875,2.2287195632100136,8,7,19,14,0,0.3674854191594379,0.7653436828257966,0.006300071155409358,0.2930192693749424,99.87039667396698,79.37182584791607,0.0017528020255550526,0.0,32.101638189242415,94.3127340913757
170,abundant,118.75996171000743,85.4464191665595,48.01112529739469,0.6276997748183776,4.742333292449596,5532.238968242862,2.2207718841878297,8,7,19,14,0,0.37284517488862357,0.7647799551156529,0.0063000707940679785,0.29296854445409776,99.8699593579809,79.35808569494928,0.0017619454947173368,0.0,32.101638189242415,93.43460552965144
171,abundant,118.6754367913959,85.66349177014033,48.17268837240543,0.6471332319885518,4.664168394805783,5558.1926951189525,2.21228913117166,8,7,19,14,0,0.37832928565489976,0.7642101948735489,0.006300070432725599,0.29291781985490517,99.86949872809544,79.34434562911024,0.0017710886458756473,0.0,32.101638189242415,93.92549160352527
172,abundant,118.59489134452633,85.88071381899974,48.342369715491564,0.6270334701827911,4.616708449629866,5584.1826134778385,2.203450879876223,8,7,19,14,0,0.3835315145428788,0.7636347121695504,0.006300070071382216,0.29286709557758817,99.86892245259159,79.33060565045949,0.0017802314790410251,0.0,32.101638189242415,92.82946848909418
173,abundant,118.50815281720213,86.10738505195462,48.51043890777119,0.6672900165593859,4.613050673006444,5610.564943533842,2.1946323469097604,8,7,18,15,0,0.3888277032875598,0.7630534016959339,0.0063,0.2928163721932412,99.86841863657018,79.31686591369272,0.0017893738923789643,0.0,32.101638189242415,94.97039099710018
174,abundant,118.4227418747779,86.33053642029545,48.69003048219117,0.6283284860254891,4.656387670077528,5639.665366729525,2.1851669161012257,8,7,18,15,0,0.3945510270707505,0.7624536955255625,0.005867855693082116,0.2927691567710243,99.86784956713088,79.30407639893647,0.0017978846305308335,0.0,32.101638189242415,93.21578108128953
175,abundant,118.33476845050828,86.56022447269946,48.87050166493591,0.6512780886946559,4.716916969429414,5670.92761478779,2.173428257846138,8,7,17,16,0,0.40071647602874483,0.7618397089945601,0.005600056879616765,0.29272411532520304,99.86747446973077,79.29187576175214,0.0018060038222612357,0.0,32.101638189242415,93.79683413151682
176,abundant,118.24625410411925,86.78968528677163,49.06014924114701,0.6322315514448823,4.799541799902553,5708.362233507396,2.161541731546808,8,7,16,17,0,0.40769472572512033,0.761208246381815,0.005250056626872333,0.2926819150591918,99.86709293402905,79.28044473139114,0.0018136113858299061,0.0,32.101638189242415,93.50999591564432
177,abundant,118.15698844229443,87.02369678241925,49.25358891029577,0.64043958976416,4.898862762547742,5750.867894204894,2.1502592945201453,8,7,16,17,0,0.41404889334742967,0.7605697941776082,0.005250056374127313,0.2926397150643586,99.86668709538802,79.26901377448571,0.0018212186848823922,0.0,32.101638189242415,93.38099097876074
178,abundant,118.06503546645868,87.26400907947728,49.446444752467016,0.6620235856389374,4.992788362897254,5798.167193964633,2.1428648409926496,8,7,16,17,0,0.4203907640266936,0.7599243659085776,0.005250056121381704,0.2925975153438252,99.86629878365201,79.25758289188148,0.0018288257194278774,0.0,32.101638189242415,94.44230193741105
179,abundant,117.97428608245946,87.50203979271423,49.654091000958886,0.6344413967343872,5.0755795091269595,5851.2930753945475,2.135503398244284,8,7,16,17,0,0.4262236415799614,0.7592725214671614,0.005250055868635503,0.2925553158965293,99.86590493623967,79.24615208329064,0.001836432489475545,0.0,32.101638189242415,93.47394365297262
180,abundant,117.88219079129684,87.74140876053076,49.86968991479343,0.6252646220356555,5.1456069326052924,5906.0101159096885,2.1140003524599695,9,7,16,17,0,0.43202766858162034,0.7586142925889664,0.00525005561588871,0.292513116721533,99.86554221282007,79.2347213484592,0.0018440389950345776,0.0,32.101638189242415,92.90564856684604
181,abundant,117.78515270064626,87.9841003857711,50.08783851033927,0.6313834327086172,5.2075783925806105,5962.032263625668,2.092682139198962,9,7,16,17,0,0.4368395752193884,0.7579421864820309,0.004943479493068401,0.2924734062412882,99.8651882518211,79.22396474078268,0.0018511973323759507,0.0,32.101638189242415,93.69023364850563
182,abundant,117.68757851703727,88.23059070751756,50.31112912927422,0.6402344168493629,5.257522424461209,6019.846885845589,2.0716465507236292,9,7,16,17,0,0.44210737808809475,0.7572630725587866,0.004900149737588783,0.29243404771174225,99.86480894163344,79.21330346802947,0.0018582921169054342,0.0,32.101638189242415,93.1887068308483
183,abundant,117.64305957327852,88.45899061088289,50.47318024373302,0.6579982530039441,5.326764638506721,6099.862930428193,2.050856520110345,9,7,20,13,0,0.3909269295649268,0.7566892555738116,0.006650094198087727,0.2923804854405075,99.86448136760713,79.19879474553646,0.0018679433033549021,0.0,32.101638189242415,92.06973314397726
184,abundant,117.58124690627201,88.65797112767936,50.592039599982414,0.6619227852880725,5.422446933679223,6170.760740558675,2.0302944964050793,9,7,22,11,0,0.3501279975286976,0.7561799174020614,0.007350093768978818,0.29232124173811835,99.86411114327348,79.18274706089564,0.001878616845834604,0.0,32.101638189242415,109.07704960525264
185,abundant,117.52311774619625,88.83763293631752,50.685497342632665,0.6282010732236886,5.488551575011835,6197.65001398202,2.0277474810655685,8,7,23,10,0,0.3344072925843382,0.7556976719937349,0.00770009333986871,0.29225915754414933,99.86366498423048,79.16592995585633,0.0018898013629656916,0.0,32.101638189242415,100.90522284993554
186,abundant,117.48228043948836,89.00420472116569,50.761743972187816,0.5955766500339119,5.546404969250392,6220.389100940516,2.021283880612523,7,7,24,9,0,0.32230423727332697,0.7552385399342354,0.008050092910757398,0.2921942328815202,99.86319967197122,79.14834343662697,0.0019014968370062958,0.0,32.101638189242415,101.72905766653798
187,abundant,117.43566475310972,89.16829971584589,50.83533576009363,0.5918322890676274,5.575697251191514,6261.32027170674,2.0149570430156514,7,7,24,9,0,0.3239432616430763,0.7547874023464279,0.008400000000000001,0.2921264685263924,99.86283458634932,79.1299877134509,0.001913703115100568,0.0,32.101638189242415,103.0329602746418
188,abundant,117.38154078980399,89.31099082585783,50.899128527161466,0.5664581846484426,5.546047475733971,6257.378004803762,2.011325113804383,8,7,24,9,0,0.30864691875572803,0.7543530907357967,0.008400000000000001,0.29205870462604544,99.8624260719928,79.11163211346395,0.0019259089693730981,0.0,32.101638189242415,101.82807806367416
189,abundant,117.3259460541595,89.44409264032075,50.963445057160456,0.5022075280250502,5.4950392492285705,6243.344912402208,2.0154419188469204,8,7,24,9,0,0.3114415058151353,0.7539157050794,0.008400000000000001,0.2919909411808185,99.86200681694606,79.09327663675799,0.0019381143998386018,0.0,32.101638189242415,104.08740780476987
190,abundant,117.2776280444833,89.57890583249068,51.03150664473519,0.4993587359878674,5.445625681525999,6226.783389757817,2.0197780243722048,8,7,24,9,0,0.31406540665994614,0.7534754331320741,0.008400000000000001,0.2919231781912347,99.86161398820767,79.07492128347474,0.0019503194065117937,0.0,32.101638189242415,120.88413516468522
191,abundant,117.248593256745,89.71943255379698,51.07713406997593,0.5306464713758696,5.390621153377127,6196.717089684102,2.0136700071228155,8,7,25,8,0,0.30277366189325267,0.7530573821039914,0.008749999999999999,0.2918525747664729,99.86120563870695,79.05579652507092,0.001963035335288379,0.0,32.101638189242415,98.53448500321495
192,abundant,117.22520039979244,89.86099896759958,51.11720237967002,0.5332459747797407,5.357025385482073,6160.13087235282,2.0055866310880277,8,7,25,8,0,0.304692752160728,0.7526372200766145,0.008749999999999999,0.2917819718115453,99.86073341465872,79.03667189393381,0.001975750822547325,0.0,32.101638189242415,97.55559090077705
193,abundant,117.21195482795031,90.00353541520354,51.15701653602664,0.5370697539864875,5.326809019610178,6125.912552595444,1.9976073452630052,8,7,25,8,0,0.30717074172103154,0.7522143322607214,0.008749999999999999,0.2917113693228742,99.86024156312692,79.0175473890943,0.001988465868303961,0.0,32.101638189242415,105.24805518397052
194,abundant,117.20005477117004,90.1455977956134,51.20871478684421,0.5268111419676117,5.300338576560273,6100.151801082771,1.9895624824330365,8,7,25,8,0,0.3102899407163943,0.7517880133259334,0.008749999999999999,0.2916407672994338,99.85979518190234,78.99842301027451,0.0020011804725736187,0.0,32.101638189242415,113.23200716218369
195,abundant,117.17894819281271,90.2900816878732,51.262260116325805,0.5355207920238907,5.264057519227185,6076.158904960634,1.9813845624878068,8,7,25,8,0,0.3106115206087,0.7513613406532638,0.008749999999999999,0.29157016574871086,99.85942433454343,78.97929875950244,0.002013894635371625,0.0,32.101638189242415,98.99762062429727
196,abundant,117.15834649357853,90.43820209911453,51.314891140078814,0.5452969704430869,5.253592467299509,6056.574709205815,1.9728636473607022,8,7,25,8,0,0.3135977846009387,0.7509313830902027,0.008749999999999999,0.29149956467205157,99.85904861796917,78.96017463714274,0.00202660835671331,0.0,32.101638189242415,108.13522642787643
197,abundant,117.13260672690771,90.58253855968351,51.368224210975924,0.514384147471164,5.265806282139954,6048.308639613599,1.9652320293228536,9,7,25,8,0,0.3167718214255843,0.7504979340866346,0.008749999999999999,0.2914289640759883,99.85870240713065,78.94105064496488,0.0020393216366140013,0.0,32.101638189242415,119.69140076039271
198,abundant,117.10523121380614,90.72617387437865,51.426261643074305,0.511595900281535,5.289205166352753,6055.849659281208,1.9545837471956937,9,7,25,8,0,0.3181446169403122,0.7500629750080001,0.008749999999999999,0.29135836396197223,99.85834622631462,78.92192678336191,0.0020520344750890257,0.0,32.101638189242415,118.6382451756111
199,abundant,117.07724614286391,90.8722096843737,51.48763828536431,0.5241046071546455,5.3184644398837415,6072.594010842848,1.940530428202726,9,7,25,8,0,0.32030276749230707,0.7496256419637586,0.008749999999999999,0.29128776432533654,99.85797246981146,78.90280305106974,0.0020647468721537113,0.0,32.101638189242415,111.28433780864086
200,abundant,117.05506778839961,91.01947684104269,51.54505991155145,0.5160269662589754,5.386441026644556,6093.185851433489,1.9481908393972653,9,7,25,8,0,0.31817376053627944,0.7491906508271686,0.008749999999999999,0.29121716515883883,99.85760687514878,78.88367944612656,0.002077458827823385,0.0,32.101638189242415,114.19760176014798
201,abundant,117.03654315577187,91.16698923824084,51.605878475684904,0.5199180358658261,5.431763121037903,6114.707717973928,1.956343494990724,9,7,25,8,0,0.32122809335572555,0.7487522999244773,0.008749999999999999,0.2911465664603939,99.85722801835742,78.86455596796755,0.002090170342113371,0.0,32.101638189242415,115.10201384858328
202,abundant,117.00163447440495,91.30212572135875,51.662525163406386,0.4928216675185914,5.443864987447884,6118.969273644907,1.956766770608727,9,7,26,7,0,0.3073523286660788,0.7483390123629446,0.0091,0.291073127330087,99.8568590125678,78.84466308558622,0.0021033927609199854,0.0,32.101638189242415,134.5935710812355
203,abundant,116.96354650135613,91.43887273915142,51.718422725212335,0.4889486458114386,5.4414315366839245,6116.513900536156,1.9552459273444183,8,7,26,7,0,0.30798275423140975,0.7479250313332899,0.0091,0.2909996886822086,99.85646921123764,78.82477033388308,0.0021166147206228077,0.0,32.101638189242415,132.51409781252096
204,abundant,116.91244480962226,91.56940807798289,51.7557600116063,0.4968880315538335,5.4341030583646495,6122.307925815592,1.9530108789973355,8,7,27,6,0,0.2964320058960078,0.7475335561268045,0.00945,0.29092340963218943,99.85607432491975,78.80410818600836,0.002130347567118766,0.0,32.101638189242415,131.5694489173955
205,abundant,116.85702548552035,91.69622311175692,51.78632234075114,0.486977134731421,5.423649229358951,6129.8511300888495,1.9492498625553156,8,7,27,6,0,0.29556483336572814,0.747143034810102,0.00945,0.2908471310870254,99.85566977386529,78.78344617488669,0.0021440799367880557,0.0,32.101638189242415,124.697220349167
206,abundant,116.7981676491087,91.82306391542834,51.81924957865224,0.4879479679623347,5.399975072725765,6140.470553286868,1.9463444904821234,8,7,27,6,0,0.2964718782943191,0.7467515157439782,0.00945,0.2907708530445514,99.85523046765341,78.76278429993157,0.0021578118296472315,0.0,32.101638189242415,114.77687246914472
207,abundant,116.73544360024955,91.94530040937944,51.85504734508886,0.4656898372557082,5.3767262274621075,6149.169431655682,1.9437907372843966,8,7,27,6,0,0.2974854070257482,0.7463559270285701,0.00934447258286641,0.29069543204848053,99.85473967876007,78.74235457809729,0.002171389071398328,0.0,32.101638189242415,124.51803112489029
208,abundant,116.68231768682145,92.06962888923141,51.883053872812276,0.48656074092868196,5.355555482356172,6157.768810425725,1.941412170505915,8,7,27,6,0,0.29394308094906846,0.7459573920982105,0.009100087810154912,0.2906219951722248,99.85419737454777,78.72246230628383,0.002184608798448738,0.0,32.101638189242415,131.09815845878276
209,abundant,116.64599600846438,92.20400232185213,51.904208391783826,0.5340362858221653,5.305144233960184,6152.0271996238735,1.9400429443565546,8,7,28,5,0,0.2823850231011667,0.7455911685727992,0.0098,0.29054287771869725,99.85375109035047,78.70103130361866,0.0021988506299611943,0.0,32.101638189242415,130.96022575427233
210,abundant,116.61726800690117,92.33425813178476,51.92097112954023,0.5052109155582806,5.238949103683966,6144.783180222803,1.9383680712146387,8,7,28,5,0,0.27918824941462833,0.7452284614984431,0.0098,0.29046376079518366,99.85325409194704,78.67960044452144,0.0022130919669741973,0.0,32.101638189242415,119.62038437389359
211,abundant,116.56515931048993,92.4575503343206,51.92411407257166,0.5022830324944396,5.1903989491389835,6131.72957396361,1.9372876501450815,8,7,29,4,0,0.2666084838228326,0.744889392166238,0.010150000000000001,0.2903818035171134,99.85277718988802,78.65740020214204,0.002227844155385906,0.0,32.101638189242415,140.61501514312772
212,abundant,116.5234075219075,92.56578084240346,51.91437778773086,0.4193262620178539,5.113799723122685,6110.974304143463,1.9413863964794487,8,7,30,3,0,0.25030596194592175,0.7445780556080974,0.0105,0.2902970059177893,99.85229567116637,78.63443058550136,0.002243107177458734,0.0,32.101638189242415,145.99629710130975
213,abundant,116.49237460002378,92.67387989734381,51.89020644319744,0.4200014724538045,5.046299849923893,6086.255048729872,1.9473037454745716,8,7,30,3,0,0.24234216446439866,0.7442735918726779,0.010432594481839638,0.29021275602297086,99.85183871463633,78.61160932875092,0.0022582711909059543,0.0,32.101638189242415,150.46389880863006
214,abundant,116.46533361626946,92.7763708207219,51.87151503556554,0.38166566384826645,4.9728021731847125,6065.303633705815,1.953159779710363,8,7,30,3,0,0.24607022909683995,0.7439669146206713,0.0105,0.29012795958438253,99.85136030621675,78.58864002652545,0.0022735331565028353,0.0,32.101638189242415,156.62887468832673
215,abundant,116.43403572307973,92.8845503887998,51.85829404872002,0.41646808411123637,4.908965022181626,6047.31030687844,1.9597468123930053,8,7,30,3,0,0.24788632277167727,0.7436582396656226,0.0105,0.2900431637343508,99.85089365400874,78.56567088372573,0.0022887945921795543,0.0,32.101638189242415,152.97544192790969
216,abundant,116.39302098081437,93.00284988508123,51.842836446317776,0.4803789893656273,4.866101285435667,6026.886042497499,1.9653827431881512,8,7,30,3,0,0.24705403026208023,0.7433504802323343,0.0105,0.2899583684688331,99.85042063208869,78.54270189925671,0.002304055497954513,0.0,32.101638189242415,147.1053835393761
217,abundant,116.3570388895595,93.11724824592606,51.81979638150921,0.4382012349499432,4.848314544236634,6009.385738793862,1.9736212069004306,8,7,30,3,0,0.24923437908044535,0.7430403224153457,0.0105,0.2898735737893127,99.84995662105929,78.51973307352016,0.002319315873846109,0.0,32.101638189242415,147.87268991405023
218,abundant,116.31842673897013,93.22564624450523,51.79961945034504,0.39477000667853074,4.842547529544317,6020.355351979473,1.9819884504332899,8,7,30,3,0,0.2490103669535868,0.7427304110116968,0.0105,0.28978877970063216,99.84948795853028,78.49676440782783,0.0023345757198727415,0.0,32.101638189242415,164.58961300726315
219,abundant,116.28074557636535,93.34250915504893,51.78156553184218,0.4502199730133605,4.871645696302787,6056.026210942218,1.9903182606446497,8,7,30,3,0,0.24866475349143213,0.7424208797828561,0.0105,0.2897039861928609,99.84896509673725,78.47379589948974,0.0023498350360528076,0.0,32.101638189242415,150.25784943733225
220,abundant,116.23546551190759,93.45887794670679,51.76786042775211,0.46476197198357905,4.912677935875422,6097.7448860830555,1.9966950476573673,8,7,30,3,0,0.24871718342788335,0.7421112908810854,0.0105,0.28961919327010954,99.8484750358984,78.4508275496194,0.002365093822404705,0.0,32.101638189242415,159.49084938873074
221,abundant,116.19915453419301,93.5671408025606,51.75182643234747,0.38748794844193557,4.93740716725771,6137.966641873587,2.004700416300277,7,7,30,3,0,0.24590550633182495,0.7418047948241202,0.0105,0.28953440092931715,99.84791311064939,78.42785935738765,0.0023803520789468296,0.0,32.101638189242415,168.31374324900963
222,abundant,116.16217241577245,93.68764656735019,51.746615189921634,0.48651993542049254,4.957146499987518,6182.220257414156,2.0107374189425062,7,7,30,3,0,0.2463284534035326,0.7414885759811096,0.010169373419041231,0.28945229280938345,99.84730948640139,78.40561825559944,0.0023951267641538093,0.0,32.101638189242415,146.84521300531512
223,abundant,116.13141487634775,93.80673249552586,51.73603798774527,0.45669307066987735,4.969434223677768,6222.839132363813,2.019096443465669,7,7,30,3,0,0.24809291425219754,0.7411698749706132,0.010150042685037764,0.28937034215798474,99.84665116094789,78.38341980822491,0.0024098726943849085,0.0,32.101638189242415,151.55284677732578
224,abundant,116.08947169136272,93.90969932413094,51.70950298160998,0.46594835583069594,4.964632263571818,6222.053970370158,2.0271659734049954,7,7,31,2,0,0.2324151315650787,0.7408782195157857,0.010500042496217526,0.2892855511822341,99.84600035480614,78.36045198574992,0.0024251294582185567,0.0,32.101638189242415,149.12045936079076
225,abundant,116.04287283975832,94.00048084877064,51.67944357145554,0.3799120266664142,4.950468811043317,6210.5039070394705,2.0363302110397528,7,7,31,2,0,0.23237556581515043,0.740586607577996,0.010500042307396895,0.2892007607895487,99.84529080686688,78.3374843212132,0.0024403856920367922,0.0,32.101638189242415,159.51280832940924
226,abundant,115.99190961825634,94.09680739078603,51.64849673524759,0.43167545075661895,4.9360679849409435,6191.515736493355,2.0457741478874754,7,7,31,2,0,0.23190290328269336,0.7402955155637052,0.010500042118575867,0.28911597099333086,99.84463574865285,78.31451681824508,0.002455641395858019,0.0,32.101638189242415,160.80731810132528
227,abundant,115.93664608630608,94.18745935054586,51.61092708974233,0.3918469173187099,4.932163010461397,6171.571264957507,2.0559112834880295,7,7,31,2,0,0.2334173568684597,0.7400027576451829,0.010500041929754445,0.28903118179545967,99.8439852126193,78.29154947735458,0.002470896569700637,0.0,32.101638189242415,155.85846461356672
228,abundant,115.88810550967264,94.27902894916059,51.58327669452776,0.3984773996542846,4.906219154287318,6149.6657584903805,2.0654182086190978,7,7,31,2,0,0.23168171793652462,0.7397119089241988,0.010500041740932626,0.2889463931973495,99.84332889417267,78.26858229892484,0.0024861512135830495,0.0,32.101638189242415,159.0702195941802
229,abundant,115.83964626384663,94.36183227035976,51.547122605072296,0.34899448511335524,4.884386995256779,6128.586095131948,2.0746242606816607,7,7,31,2,0,0.23187849941785438,0.7394306425748391,0.010850000000000002,0.2888587646445494,99.84271773009151,78.24484584552711,0.0025019166126975002,0.0,32.101638189242415,161.34981482021013
230,abundant,115.7912511817677,94.4496546188258,51.51271860448529,0.3842442456952129,4.863518048329992,6107.77302347486,2.0843287701656683,8,7,31,2,0,0.22982620478047458,0.7391516337495807,0.010850000000000002,0.2887711367028711,99.8420585850356,78.22110955766748,0.002517681464411764,0.0,32.101638189242415,164.44807889088685
231,abundant,115.75255670383726,94.53428428368589,51.482217652161395,0.34321592734741363,4.847995563649684,6085.1956693871325,2.094529361450291,8,7,31,2,0,0.22945310668538008,0.7388730353322266,0.010850000000000002,0.28868350937378257,99.8413495716323,78.19737343574359,0.002533445768744846,0.0,32.101638189242415,164.0284431241912
232,abundant,115.71626578830293,94.62790642783354,51.45571101727376,0.40400361994204026,4.836311437806881,6064.107843412516,2.105112468140947,8,7,31,2,0,0.2303100644607856,0.7385934942613197,0.010850000000000002,0.28859588266111563,99.84064539327552,78.17363748079339,0.002549209525715753,0.0,32.101638189242415,161.8507982848452
233,abundant,115.67401602916236,94.721250183526,51.42586466520934,0.39886784368674116,4.834251836464385,6044.370223934333,2.11572981889918,8,7,31,2,0,0.2309028027069723,0.7383133011783422,0.010850000000000002,0.2885082565759859,99.84001722703204,78.14990169582782,0.0025649727353434897,0.0,32.101638189242415,155.2683266361354
234,abundant,115.63450144925305,94.81520078461831,51.39692150496563,0.3907241937564883,4.830522140789514,6024.687689121318,2.1271540799287445,7,7,31,2,0,0.23202595456552086,0.7380318726283199,0.010850000000000002,0.2884206311090058,99.83928439177575,78.12616607830401,0.002580735397647061,0.0,32.101638189242415,167.47550784200888
235,abundant,115.58627267291767,94.90826243170132,51.365438511271165,0.4099775465507445,4.814960172251801,6006.9563623458525,2.138961979929617,7,7,31,2,0,0.22954279873781283,0.7377531755497083,0.010850000000000002,0.2883330062796015,99.8386541538378,78.10243063348406,0.002596497512645471,0.0,32.101638189242415,155.56390361571908
236,abundant,115.54267380433387,94.99229057228999,51.341421319106225,0.32951039145609573,4.7985852628282535,5993.593843029834,2.14580207820828,7,7,31,2,0,0.22827155839131935,0.7374758768354778,0.010850000000000002,0.28824538207441325,99.83784372162924,78.07869535774913,0.002612259080357723,0.0,32.101638189242415,178.15609929424778
237,abundant,115.49496092993695,95.09617917391051,51.32360942092441,0.49029978638869054,4.788226865981275,5979.943679863922,2.1535104691970424,7,7,31,2,0,0.22759668180345946,0.737199320485494,0.010850000000000002,0.28815775849665837,99.83705515499175,78.05496025197071,0.0026280201008028184,0.0,32.101638189242415,159.1591758815169
238,abundant,115.45733031801242,95.19001134721118,51.305893736465144,0.3955953395994723,4.775492328268812,5967.138111790839,2.16091837348528,7,7,31,2,0,0.22823461392175584,0.73692206241018,0.010850000000000002,0.2880701355379435,99.83616917780441,78.03122531387523,0.0026437805739997614,0.0,32.101638189242415,166.66586505329522
239,abundant,115.41462692184068,95.293583982569,51.28494734047429,0.47454504770384714,4.758309927211397,5953.024578366909,2.1689998694580632,7,7,31,2,0,0.22970827452446177,0.736643183308203,0.010850000000000002,0.2879825132123771,99.8353877271008,78.00749054728435,0.0026595404999675523,0.0,32.101638189242415,148.11045317174757
240,abundant,115.37729921926753,95.38381303836452,51.27039895774548,0.36748748400553666,4.745161229973843,5942.095242580996,2.176679351872698,7,7,31,2,0,0.22490518518015912,0.7363668930109444,0.010753764515697924,0.2878956726431853,99.83450953528579,77.9839675395684,0.0026751592798151826,0.0,32.101638189242415,160.18634672987682
241,abundant,115.33310105690619,95.47659963675866,51.25801356414762,0.4031272713641567,4.739133397653701,5933.12525256267,2.183536830713789,7,7,31,2,0,0.23045690162062646,0.7360871904191617,0.010850000000000002,0.2878080515746511,99.83367708463273,77.96023311347712,0.002690918116263493,0.0,32.101638189242415,162.03575137799754
242,abundant,115.283604597055,95.57559146722286,51.23958484910535,0.43613110631079877,4.721196179804089,5920.057557083324,2.19258765147674,7,7,31,2,0,0.22667694031460242,0.7357920515570007,0.010150206149469604,0.2877261112442063,99.832782207401,77.93803746179911,0.0027056540149594495,0.0,32.101638189242415,157.84044994774004
243,abundant,115.23640697657842,95.68150689652137,51.220231514121075,0.47849376560791446,4.704502899517607,5906.584874969078,2.2009048517424543,7,7,31,2,0,0.2305878773251817,0.7355122048919429,0.010850000000000002,0.28763849139574527,99.83183674695879,77.91430336619611,0.0027214117925811712,0.0,32.101638189242415,159.4829731473659
244,abundant,115.19939614885224,95.78096680953502,51.21391177690837,0.4101176335576551,4.693953371395694,5891.470980821294,2.2093345084123164,7,7,31,2,0,0.23010044535753274,0.7352133001218506,0.01015020427860402,0.287556552288885,99.83084436290751,77.89210804595754,0.002736146629753993,0.0,32.101638189242415,146.13530179679188
245,abundant,115.145566717312,95.8747101455464,51.19811528962846,0.412243539749896,4.674355991307993,5875.05649481868,2.2193721783670517,7,7,31,2,0,0.22378212946439277,0.7349409397794396,0.010850000000000002,0.28746893364422693,99.82983891507816,77.8683742764356,0.002751903348622749,0.0,32.101638189242415,163.9827889746826
246,abundant,115.099707638227,95.95882621113901,51.19639889913783,0.32981485723211434,4.659671282680696,5859.672114724592,2.229350990119439,7,7,31,2,0,0.22796811016569665,0.7346541805256738,0.010500202407727696,0.2873841548632482,99.8287745032527,77.84540975722909,0.002767148470227027,0.0,32.101638189242415,186.76194946824745
247,abundant,115.045983314769,96.05974767463267,51.194470245967295,0.45710899046552905,4.663919906681299,5851.015453719265,2.2365707552149896,7,7,31,2,0,0.2289137141615596,0.734376175440096,0.010850000000000002,0.28729653744651606,99.82775148606389,77.82167632032255,0.0027829041126616774,0.0,32.101638189242415,160.10035806567595
248,abundant,115.00196173188183,96.1535607574564,51.18275540247318,0.3904869632677475,4.647756566154577,5838.524071899577,2.2439516672421025,7,7,31,2,0,0.22683446641999985,0.7340906631682792,0.010500201473042214,0.2872117599253066,99.82677856433405,77.79871214235703,0.0027981481565036606,0.0,32.101638189242415,156.39980255137274
249,abundant,114.9545449623188,96.25525792233216,51.168759299115855,0.4646908644301671,4.610984634389806,5816.91717146337,2.2555910055469046,7,7,31,2,0,0.22789890163313142,0.7338137743764828,0.010850000000000002,0.2871241437605226,99.8256967333291,77.77497904457293,0.002813902722579002,0.0,32.101638189242415,168.2438014316146
250,abundant,114.91093974842188,96.3464159429962,51.153164409977904,0.36678215929003494,4.5881667417089576,5802.702533611504,2.2636993884373537,7,7,31,2,0,0.22798759330750967,0.7335188769591754,0.010210319118965975,0.28704172040682535,99.82463530168489,77.75265255359022,0.0028287221753912533,0.0,32.101638189242415,175.5110523099579
251,abundant,114.87793485017207,96.44419211295454,51.13878098124738,0.43643974276802405,4.555023702527139,5787.511351506582,2.270303289160444,7,7,31,2,0,0.22722402339811296,0.7332231364201549,0.01015021023991032,0.28695978553749535,99.82351869629471,77.73045838119602,0.0028434532952832017,0.0,32.101638189242415,160.7771385690082
252,abundant,114.82977405213808,96.53827571174665,51.1279170724121,0.42296172962422207,4.512192805372139,5767.329105857825,2.2813167987480885,8,7,31,2,0,0.22355030513174104,0.7329289706187818,0.010062126223992551,0.28687856621601865,99.82236256889733,77.7084580333913,0.0028580552139761814,0.0,32.101638189242415,158.13207884693531
253,abundant,114.79428265624831,96.62651877143183,51.11789633253029,0.374101009110876,4.459222956233534,5750.0424320539605,2.2893743470688763,7,7,31,2,0,0.22746212777771246,0.7326231742312825,0.00980042689486735,0.28679947164299074,99.82118074863516,77.68703322849953,0.00287227428602688,0.0,32.101638189242415,171.87102379127754
254,abundant,114.74872769534429,96.71616964176977,51.10605145516385,0.3994081942414321,4.429061986388598,5731.093584201342,2.3013260837708365,8,7,31,2,0,0.22486815642499222,0.7323158206407877,0.009642906484737857,0.2867216562082567,99.82001926318125,77.66595491120263,0.0028862627289029654,0.0,32.101638189242415,157.8599587598365
255,abundant,114.7015141652297,96.81073130930466,51.094291874659575,0.42223634167747187,4.386869361666076,5717.814426932229,2.309829799682125,8,7,31,2,0,0.22655312613479514,0.7320110214076049,0.009800328770201103,0.2866425635675034,99.81886575887641,77.64453062971727,0.002900480678184084,0.0,32.101638189242415,160.30332162245992
256,abundant,114.64389218353956,96.90700621090939,51.09617448146921,0.446878841680711,4.354166136058889,5711.763621504688,2.3165633334846754,8,7,31,2,0,0.22477333767776414,0.7317081771569096,0.009800229312507989,0.28656347232218343,99.81775043381656,77.62310672622102,0.002914697988488459,0.0,32.101638189242415,175.92618399372458
257,abundant,114.5860397089692,97.00069805912909,51.102099249912975,0.4066064321095172,4.326714339427082,5698.056999685941,2.329224959675181,8,7,16,17,0,0.24256809067674662,0.731258355507163,0.005250116071354309,0.2865213141448145,99.81726396628542,77.61168709665424,0.0029222671432479336,0.0,32.101638189242415,176.0902909613796
258,abundant,114.54376414214258,97.09401662282491,51.11050529871747,0.37067900927088737,4.298166848161158,5683.636979888724,2.343361501874547,8,7,16,17,0,0.2548998058348303,0.7307949689554839,0.005250115526399882,0.28647915629843007,99.81677364548605,77.60026755674315,0.0029298360343979245,0.0,32.101638189242415,175.83294409727637
259,abundant,114.49983590969471,97.18616172477103,51.138746063269764,0.35783056254391055,4.286218745766581,5668.629458897602,2.3600239467424338,8,7,16,17,0,0.2699727220587919,0.7303247336047188,0.005597665839271511,0.286434177776004,99.8162775836249,77.58808396398312,0.002937912429660683,0.0,32.101638189242415,181.18911729720963
260,abundant,114.45342530488863,97.2754571032234,51.16109004964953,0.34874438666496316,4.270239919240409,5656.436755534924,2.3744643593615917,8,7,16,17,0,0.27878495528823716,0.7298252799759556,0.004900350787636673,0.28639485959515487,99.8158130156165,77.57743362071501,0.002944969775413901,0.0,32.101638189242415,177.69623656795804
261,abundant,114.40812766658829,97.36395049653314,51.19747468509522,0.3161023068864811,4.240435670337611,5645.995190766225,2.3878465550901256,8,7,16,17,0,0.29531669793540266,0.7293174349758907,0.00525012027371858,0.2863527027115132,99.81535722302208,77.56601434158763,0.0029525378852275157,0.0,32.101638189242415,180.56600870325556
262,abundant,114.36107665054355,97.4597932053309,51.23906785262299,0.36638724619061397,4.2180820844159115,5637.206347977037,2.4026855170530435,8,7,16,17,0,0.3066455060623991,0.7287873346799054,0.0049003485958365595,0.28631338521505406,99.8149668994566,77.55536418370419,0.002959594719959039,0.0,32.101638189242415,175.90714446614894
263,abundant,114.32677738032945,97.55287697383531,51.283549100424196,0.3216478160381986,4.186982419272969,5636.966668648005,2.4161738235903596,8,7,16,17,0,0.3162476650350697,0.7282564654373547,0.0052501138924187785,0.2862712290612841,99.8145618756174,77.54394510228137,0.0029671623126478904,0.0,32.101638189242415,176.58150793264608
264,abundant,114.29794478768338,97.65112640642204,51.343346666440176,0.33884557876095606,4.167647673724208,5640.483573523859,2.4315738081914398,8,7,16,17,0,0.3268312663621905,0.7277041823963645,0.004901119714580432,0.2862319059853115,99.81416318861501,77.53329343304284,0.00297421976619102,0.0,32.101638189242415,177.78870907837754
265,abundant,114.2665291250444,97.74777121887134,51.39565259660934,0.33585031546669386,4.099443378882947,5633.490469160199,2.453298327537702,8,7,16,17,0,0.33464806896197574,0.7271432758679539,0.004900226694560543,0.28619259047694146,99.81371801133,77.5226438136846,0.002981275669996194,0.0,32.101638189242415,175.4974440643433
266,abundant,114.2393088226653,97.83955825729436,51.45322836518038,0.2696786247578459,4.028785721247607,5630.631162138103,2.4691613380346014,8,7,16,17,0,0.3462476708342873,0.7265696065732469,0.0049001122575240575,0.2861532762178623,99.81330323589886,77.51199453272903,0.0029883311616177985,0.0,32.101638189242415,179.54763374019922
267,abundant,114.21361576255477,97.93517592729064,51.527588953073405,0.2894374809365047,3.984245252926713,5627.178197425143,2.4837506213282547,7,7,16,17,0,0.3594868332510432,0.7259911810207185,0.005250355858849534,0.2861111194104906,99.81290834071028,77.50057527426134,0.002995898110040967,0.0,32.101638189242415,179.91663088970017
268,abundant,114.17886195193617,98.03726888691241,51.6050106308679,0.3449644188000444,3.959403822524666,5625.994653755857,2.499795519917142,7,7,16,17,0,0.36551412648497766,0.7253963250128818,0.004900340403456288,0.2860718039513122,99.81249045161566,77.48992566822793,0.0030029534272662953,0.0,32.101638189242415,173.82757483713598
269,abundant,114.15143277528855,98.13456234730836,51.68835527101705,0.2830551002234538,3.9371543039952615,5630.378534299816,2.515835787152069,7,7,16,17,0,0.37480282127836134,0.7247912588452429,0.004900604848832699,0.2860324866765182,99.81210237351232,77.47927557038821,0.0030100088858711666,0.0,32.101638189242415,177.7634817908284
270,abundant,114.11716876595783,98.22697784483802,51.77189309180799,0.2660454330000963,3.9160326038033433,5628.026831302239,2.537733160750151,7,7,16,17,0,0.3816737394064329,0.7241786239267528,0.004900221244893144,0.28599317282125153,99.81162299930443,77.46862639881567,0.003017063539058248,0.0,32.101638189242415,181.77365518786124
271,abundant,114.08713364616419,98.31721799652776,51.870285073248496,0.23686645876163281,3.903865958699131,5637.62530303924,2.556315209155677,7,7,16,17,0,0.3889379364716072,0.7235580006955653,0.004900303533261513,0.28595385860335754,99.81113479371312,77.45797712901616,0.003024118067518684,0.0,32.101638189242415,184.26142449046657
272,abundant,114.0652979062414,98.41878370554873,51.97285193385376,0.32199398000013957,3.887840520713927,5648.174515922125,2.574812897360899,6,7,16,17,0,0.39726593893575596,0.7229282210395634,0.004900459886694424,0.28591454344955997,99.8107364442733,77.44732760570302,0.0030311725794649937,0.0,32.101638189242415,176.90804332976438
273,abundant,114.04712011465622,98.50625460026343,52.07154870093966,0.19699144459124698,3.87943428853101,5650.7298280648465,2.600152116884729,6,7,16,17,0,0.40233382692363984,0.7222928568663434,0.004900108442711294,0.2858752314591555,99.81025220893726,77.43667893927649,0.0030382263330117005,0.0,32.101638189242415,185.46351398405656
274,abundant,114.03195076345597,98.60310517076068,52.18438897751321,0.2630320823058729,3.847202184309082,5664.437063179474,2.616634582932231,6,7,16,17,0,0.4104485169844402,0.7216485700169578,0.00490023283204852,0.2858359187638546,99.80970054748006,77.4260300819106,0.0030452800233720196,0.0,32.101638189242415,179.7237427035157
275,abundant,114.00156242969979,98.70646762950548,52.30074361829448,0.3274818428852867,3.789364296465932,5697.190620093708,2.6346678808551647,6,7,16,17,0,0.41480722390768054,0.7209896913111546,0.004550330017692622,0.28579944648175787,99.80913976868901,77.41615062371307,0.0030518222649228784,0.0,32.101638189242415,174.2332245554277
276,abundant,113.98726787289608,98.80508049472397,52.41251160165924,0.25051864637758964,3.734524856645622,5722.577387606492,2.6470916808556977,6,7,16,17,0,0.41898147735125857,0.7203262178745689,0.004550221017879486,0.2857629753764077,99.80856834958985,77.4062714842677,0.003058364120069072,0.0,32.101638189242415,179.82802350144325
277,abundant,113.97966408435875,98.90782492124886,52.533110339473225,0.27832295706030546,3.7395674302922672,5792.765369902532,2.638411718368789,6,7,16,17,0,0.42408167235708694,0.7196571503947686,0.004550798564019647,0.2857264998917241,99.80806960586224,77.39639115856693,0.0030649065918595744,0.0,32.101638189242415,174.98373854507287
278,abundant,113.98341788706094,99.0045738037072,52.65622475209051,0.2514069539840103,3.755765912512154,5861.01256353053,2.628892158722724,7,7,16,17,0,0.42684007122536266,0.7189948319663997,0.004900201784962405,0.2856871886730006,99.80758741502981,77.38574270117009,0.0030719593104786723,0.0,32.101638189242415,181.8286419087378
279,abundant,113.99294179521084,99.113061597029,52.78542680833239,0.3270476886209159,3.7561382493139917,5930.690817937859,2.6196549049618896,7,7,16,17,0,0.4318355144197442,0.7183172221484702,0.004550330283292839,0.2856507176453936,99.80714135888228,77.3758635827835,0.0030785006260695166,0.0,32.101638189242415,169.94084478545165
280,abundant,114.00031743703877,99.20951450559099,52.91099576032544,0.21408576937676457,3.7447565890352097,6001.225599175559,2.610517004323693,8,7,16,17,0,0.43587115253667835,0.7176351699309308,0.004550216080393686,0.28561424785396866,99.80661768133858,77.36598479924865,0.0030850415476861995,0.0,32.101638189242415,181.44662294480395
281,abundant,114.01826167817835,99.30638140437932,53.041799778828974,0.23763746072485573,3.709986420168339,6071.703593166894,2.600991191781561,9,7,16,17,0,0.44453608253661736,0.716953383345373,0.004900110901157319,0.2855749383329665,99.80610973384748,77.35533680172341,0.0030920934344068544,0.0,32.101638189242415,178.93116291529913
282,abundant,114.038486807206,99.42000883630742,53.16634796720157,0.3543242632200993,3.7027986193724067,6142.176776083463,2.591446686254225,9,7,16,17,0,0.44559430482615514,0.7162606384824901,0.00455031687235489,0.2855384683607456,99.80561887555442,77.34545796921533,0.0030986340313150884,0.0,32.101638189242415,163.51849728196447
283,abundant,114.06282107812221,99.5248118896782,53.28931174433907,0.28601670712728045,3.761446044480434,6213.817274828507,2.5817334476553384,10,7,16,17,0,0.4509726351789423,0.7155619745110404,0.004550211687399169,0.28550199955277794,99.80512477954312,77.33557945207527,0.003105174247449223,0.0,32.101638189242415,172.5644999320171
284,abundant,114.07918152248347,99.62186728353043,53.419430988396016,0.23667236672147182,3.8229039367483493,6286.210238150583,2.572461648860566,10,7,16,17,0,0.4538485980423605,0.714850362994882,0.004200783631721626,0.28546836730151104,99.80456029265383,77.32646928947018,0.0031112037262193966,0.0,32.101638189242415,172.6607186974756
285,abundant,114.07805321458724,99.72065711395683,53.54929339261059,0.20914924870098991,3.8315231603438575,6360.832403380933,2.56334569512855,10,8,16,16,0,0.4472163197650946,0.714146033541821,0.00420030352431095,0.28543473921285906,99.8038662046264,77.31736025441668,0.003117232294205026,0.0,32.101638189242415,180.69746776382266
286,abundant,114.07510650171764,99.83229568983448,53.676496341805866,0.2928485108617119,3.869309753829431,6430.548777483287,2.553708782383493,10,8,16,16,0,0.4472077978834477,0.7134515107529389,0.004550206742488243,0.2853982712984502,99.80321200472159,77.30748197932007,0.0031237718573528983,0.0,32.101638189242415,167.28879923547765
287,abundant,114.06580711627142,99.94654305123812,53.80537352789429,0.27563455869711656,3.916731942873254,6503.406596067129,2.544182781210186,10,8,16,16,0,0.44945962597111144,0.7127447109070075,0.00420020509417399,0.2853646445767655,99.8025050062621,77.29837331454493,0.00312979984514739,0.0,32.101638189242415,174.15244284159644
288,abundant,114.05754392856677,100.05411950737617,53.93669697178791,0.22502658574615478,3.959344175671126,6589.999216180317,2.5349137809574573,10,8,16,16,0,0.4551513597839735,0.7120316552521319,0.004200387174523526,0.28533101663135546,99.8017621294874,77.28926431829221,0.0031358278896576317,0.0,32.101638189242415,174.33111009450695
289,abundant,114.03123391821937,100.17270117180644,54.07665816262096,0.3303734457994472,4.001596796612309,6675.862654411911,2.525762353592015,10,8,16,16,0,0.45754987548450343,0.7113159614537488,0.00420039516606661,0.2852973888868259,99.80106488355374,77.28015537645315,0.0031418557365399565,0.0,32.101638189242415,168.88564182229544
290,abundant,114.01305904097481,100.2903162005102,54.22596971011758,0.2972131459920761,4.010363479119493,6764.303590611373,2.5173188188867526,10,8,16,16,0,0.4626034325741795,0.7105947058911092,0.004200293328283191,0.28526376222788863,99.80031173976653,77.27104672867478,0.003147883225341872,0.0,32.101638189242415,171.50415178508413
291,abundant,114.01164528849856,100.40107593119163,54.384173510862546,0.2649910750277917,4.00756802466384,6855.656084656628,2.5087749362865526,10,8,16,16,0,0.4598445105248806,0.7098764823372068,0.004200193131255009,0.2852301366345238,99.79952758404723,77.26193836953415,0.0031539103584729373,0.0,32.101638189242415,172.2828196020399
292,abundant,113.99520448428798,100.5085646362353,54.533477797708734,0.23476534372054947,4.008857200363368,6951.318429984778,2.5005541367557806,9,8,16,16,0,0.460484790076544,0.7091575599092392,0.004200387182737077,0.2851965097214447,99.79875560425505,77.25282965291491,0.003159937565839112,0.0,32.101638189242415,170.8380585842245
293,abundant,113.90499282148244,100.58559061033753,54.54144205234252,0.2704698427833436,3.9904087829234087,6957.34077011983,2.509808461973329,9,8,28,4,0,0.23947734536448856,0.7087993428649573,0.008400286986392192,0.28512879326346396,99.79783036086242,77.23448690391635,0.003172100568117085,0.0,32.101638189242415,178.76525032976295
294,abundant,113.79512556923365,100.66675448547302,54.514089310489226,0.32116294062837347,3.9561473992997875,6943.281776318487,2.523836085559991,9,8,24,8,0,0.24832336556997453,0.7083921925825738,0.007000193562267757,0.285072441659125,99.79713352362349,77.21922261861735,0.0031822176280604164,0.0,32.101638189242415,156.06872591285384
295,abundant,113.68365041945192,100.75054863246874,54.47844006771188,0.3129915633027304,3.9344698131817113,6921.318035181699,2.5389065331988623,9,8,22,10,0,0.26642460903213827,0.7079553333342071,0.006650279341737351,0.2850189307322257,99.79664597358844,77.20472780406173,0.0031918231161648476,0.0,32.101638189242415,166.75392312477737
296,abundant,113.56688263827861,100.83627035837289,54.434037456523846,0.3386322860090189,3.9190432208727892,6899.035203626394,2.554227668111359,9,8,21,11,0,0.2747425870435571,0.7075058215004031,0.006525178998000527,0.28496643567419855,99.79618937017388,77.1905081637886,0.0032012455006212343,0.0,32.101638189242415,163.80462468327596
297,abundant,113.44992191881863,100.91509688389552,54.38779916551374,0.2986223971133665,3.914264732788266,6877.803467542559,2.569731947081203,9,8,20,12,0,0.2804442195199015,0.7070339446954709,0.005950422733558253,0.28491860624158194,99.79576162092427,77.17755232848074,0.003209827845778899,0.0,32.101638189242415,172.02637166023396
298,abundant,113.33525751829742,100.99881285488486,54.34423556496014,0.2838109499644008,3.9018037522599287,6856.080191872112,2.5853299828653875,9,8,20,12,0,0.28866741707781857,0.7065628158028978,0.006300188079021737,0.2848679382241922,99.79533525002856,77.16382758928222,0.003218920895997116,0.0,32.101638189242415,164.15672445033482
299,abundant,113.22775515268975,101.09482831310766,54.30960715243293,0.28893580484836595,3.9124737374848975,6843.331811880882,2.602172627705369,9,8,19,13,0,0.29662001259169724,0.7060731363981365,0.005950093181771079,0.28482011230435933,99.79501234234014,77.15087270550242,0.0032275021459651472,0.0,32.101638189242415,164.79729840492632
300,abundant,113.1310592957094,101.18997134223983,54.27570181591368,0.21942087128570661,3.94271528004068,6832.6969059169205,2.6184878481763545,9,8,19,13,0,0.30440066233442326,0.7055651331773466,0.005601339563498477,0.284775117553216,99.79461792809546,77.13868471677581,0.0032355735730463285,0.0,32.101638189242415,161.16451123590548
301,abundant,113.03577019784431,101.2999304930272,54.24273101419542,0.3226057097886435,3.97470487755144,6817.955541399795,2.6349800961501755,9,8,19,13,0,0.3113463951140501,0.705059257299827,0.005950184182353079,0.28472729169010935,99.79427474176916,77.12572984836179,0.0032441543777572243,0.0,32.101638189242415,144.80595175550815
302,abundant,112.94770292804101,101.39916878406208,54.21397401736541,0.20349905098706192,3.956616201335038,6806.463558083044,2.6526036725217867,9,8,18,14,0,0.3170423811749093,0.704537315902512,0.005600186499191486,0.28468230710557546,99.79387952975239,77.11354461352356,0.003252223542032568,0.0,32.101638189242415,171.87296184192473
303,abundant,112.84153848315177,101.50915999187112,54.175456461688384,0.3395036995425696,3.9253457005208325,6795.575457407707,2.670308552447845,9,8,18,14,0,0.3254907313735667,0.7039963006266576,0.0052508760234523475,0.28464015818927163,99.7934462586001,77.10212749255508,0.0032597820876393018,0.0,32.101638189242415,165.25140902319058
304,abundant,112.74766508532146,101.62301504766802,54.14397123484082,0.27235164077032215,3.8790225266778338,6783.273882522,2.6894829866227585,9,8,18,14,0,0.33339756266515586,0.7034563759564978,0.0056004517418509914,0.28459517220600594,99.79305991057869,77.08994187883425,0.0032678510968116546,0.0,32.101638189242415,169.00104828559904
305,abundant,112.66662508334511,101.73974353074699,54.109434447919035,0.2544860495290315,3.8304874687138755,6771.972835640889,2.7095383950838445,9,8,18,14,0,0.3387585384304508,0.702910551824291,0.005600366430952882,0.2845501873015363,99.79260136596118,77.07775655733316,0.0032759197011767243,0.0,32.101638189242415,177.5732499943462
306,abundant,112.58293842529777,101.86601955152557,54.06610417326321,0.30433218227412406,3.7862432887964146,6756.428386815656,2.7298957537030764,9,8,18,14,0,0.34583332719736026,0.7023471595084567,0.005250869431531534,0.2845080395695947,99.79207364017113,77.06633975717975,0.003283477414383719,0.0,32.101638189242415,153.74433386673502
307,abundant,112.51716278740503,101.98682162676597,54.03313387701907,0.23682744885379356,3.721342333182676,6744.655349712826,2.750848200393072,8,8,18,14,0,0.3483953788178159,0.7017907321928639,0.005600271468103177,0.2844630561739283,99.79160258254063,77.05415484437692,0.003291545337438132,0.0,32.101638189242415,155.90985642919512
308,abundant,112.44032377148415,102.10245698968816,53.9866966871542,0.2196892293691554,3.651951405628565,6731.369786855532,2.7733398389487336,8,8,18,14,0,0.35527080342712003,0.7012267442855211,0.0056003563009642005,0.28441807247889067,99.79115260760288,77.04196985048168,0.0032996131043010013,0.0,32.101638189242415,163.93041092525928
309,abundant,112.35372674005632,102.22605426687193,53.94458297166575,0.28468589068752126,3.651444344538801,6721.303388862012,2.796286738970692,8,8,18,14,0,0.36264068542042205,0.7006448663178612,0.005250956653662436,0.2843759251941329,99.79072196766661,77.03055317145953,0.003307170122265178,0.0,32.101638189242415,159.13510386705033
310,abundant,112.27282512143859,102.34183395774299,53.903192117314106,0.1978051194707065,3.695113792565281,6706.740413379281,2.819756901486592,8,8,18,14,0,0.3673910096830053,0.7000773386331552,0.005950086640907286,0.2843281035821433,99.79035101719086,77.01759945457019,0.0033157482985210363,0.0,32.101638189242415,162.6628460662577
311,abundant,112.19208045808182,102.4588665140235,53.86796357316084,0.20823049255895298,3.7328930587094873,6694.627050956784,2.8434383373503254,8,8,18,14,0,0.373603108988246,0.6994833903930295,0.005250542134330833,0.2842859604623358,99.7899169187054,77.00618390373224,0.0033233041506372744,0.0,32.101638189242415,164.91954463181193
312,abundant,112.11826641374626,102.56284420460824,53.83069610791176,0.11152907684511522,3.769367136190502,6690.653680277159,2.867846071576857,8,8,18,14,0,0.37550307368011904,0.6989069446134606,0.0059502714814012115,0.28423813814367566,99.78950870237645,76.99322999542295,0.003331882036743326,0.0,32.101638189242415,193.12616289605126
313,abundant,112.02666651612955,102.67275696226775,53.791699562941766,0.25458951636870697,3.712192981163594,6681.805827185803,2.89317411387308,8,8,17,15,0,0.37978990838861815,0.6983061829929416,0.005250259953877597,0.28419599812725094,99.78913654059791,76.98181528521627,0.0033394369164077256,0.0,32.101638189242415,170.51471715507859
314,abundant,111.92916838129432,102.77711709595806,53.76851889060562,0.192533842489108,3.695363121022383,6673.369119589806,2.918822160099924,8,8,17,15,0,0.3820637593538748,0.6977029342830245,0.005250765191867676,0.28415385437590784,99.78868357520578,76.97039956331061,0.0033469922719012246,0.0,32.101638189242415,163.24040617962675
315,abundant,111.83296236119679,102.88688787118568,53.75898546350604,0.20396781009010423,3.6899155320602675,6663.9557172719215,2.9445557388951022,8,8,16,16,0,0.391939058029579,0.6970888036688301,0.005250083915642805,0.284111716533531,99.78829294241957,76.95898544200087,0.0033545463697239996,0.0,32.101638189242415,156.17283982185126
316,abundant,111.73018927878238,102.99947208101432,53.75171083249366,0.2590201976004607,3.704524014149011,6675.88662655279,2.9569064839604695,9,8,16,16,0,0.3968099414234279,0.6964497277126466,0.004550534977938327,0.2840752571566585,99.78782284611538,76.94910947951612,0.00336107817249099,0.0,32.101638189242415,170.94451396068914
317,abundant,111.63071275690193,103.12356015923936,53.751969586611004,0.27852748982118225,3.723377070029604,6707.1638553814555,2.9400484926731196,9,8,16,16,0,0.4056155101134504,0.6958205606633766,0.005250357566244773,0.2840331177907484,99.7874592646091,76.9376949455181,0.0033686321810287943,0.0,32.101638189242415,167.15287925273532
318,abundant,111.53258382104946,103.24354016616932,53.76961911691289,0.24053238776920288,3.7357426971690275,6739.031670454868,2.9234362944600516,9,8,16,16,0,0.4080065784318066,0.6951691705860914,0.004550612821064053,0.28399665847580013,99.7869478337351,76.92781899980716,0.0033751636084414964,0.0,32.101638189242415,171.22383285896444
319,abundant,111.44077381767397,103.36002181402348,53.78722734642696,0.22259960937526618,3.778777709820145,6775.822984888095,2.9062344753674463,9,8,16,16,0,0.4092148606493608,0.6945360392145038,0.005250177683098432,0.2839545212527438,99.78652376926516,76.91640504625633,0.003382716865102995,0.0,32.101638189242415,170.00276154574686
320,abundant,111.34011151296076,103.47060874733283,53.82289088157764,0.22432721043552872,3.8534569101433136,6816.051747437232,2.8890413201743184,9,8,15,17,0,0.4180826956834395,0.6938735652534999,0.00455060729456881,0.2839180626722095,99.78603668124269,76.90652929948034,0.003389247795398512,0.0,32.101638189242415,174.832849084327
321,abundant,111.23400565763919,103.59159014577179,53.86553869115844,0.3004033987419804,3.9180346189508457,6855.285271385132,2.8713838317047684,9,8,15,17,0,0.4247403833547329,0.6931939592876684,0.0042003019949528085,0.28388444776408595,99.78560489726432,76.89742383471291,0.0033952667070094177,0.0,32.101638189242415,171.60568344893036
322,abundant,111.1413733644242,103.72236257476698,53.91101930768055,0.27267628583477527,4.0167131936568214,6892.195074624695,2.853775157380808,9,8,14,18,0,0.4315134756787211,0.6925167018808123,0.0045502648710893205,0.2838479925806179,99.78523569622236,76.88754900811992,0.003401796701277426,0.0,32.101638189242415,163.90638158880773
323,abundant,111.05230735246546,103.85522756091518,53.95476250942876,0.2701585993041843,4.135772220437035,6950.866485368053,2.8362653927985204,9,8,13,19,0,0.43725491116048365,0.691823326025234,0.004200162382080543,0.2838143794467116,99.78490474853348,76.87844402394498,0.0034078149731972336,0.0,32.101638189242415,157.13178729300984
324,abundant,110.98596128220088,103.97254693069507,53.97986144548615,0.29519130759473183,4.2624680341886805,7031.319277277158,2.8184876119550153,9,8,15,17,0,0.4105133558327104,0.6911692195455648,0.004552078990958065,0.2837779101387469,99.78448693263593,76.86856537136782,0.0034143471821768984,0.0,32.101638189242415,163.7109105330025
325,abundant,110.93377286831182,104.09726677099975,54.00198367537414,0.31400149004670386,4.395103985945028,7117.87718903862,2.8008652410099226,9,8,15,17,0,0.41114362414124467,0.6905045721492964,0.004200378224534967,0.28374429580502225,99.78402776747822,76.85946006219113,0.0034203653336669715,0.0,32.101638189242415,152.7156318874651
326,abundant,110.89492347696266,104.22381156915897,54.02953221222729,0.2782372757512753,4.491790575863847,7198.086986852744,2.783156381796049,9,8,15,17,0,0.4118825969581687,0.6898685012926424,0.00525,0.2837021621580425,99.78359207870746,76.84804707731287,0.0034279167612584543,0.0,32.101638189242415,163.45672541166127
327,abundant,110.85601388126054,104.35180359767703,54.052590544527376,0.31567763265399584,4.578218247530965,7299.702594362505,2.726258869167041,9,8,15,17,0,0.4180911800288326,0.6891962253019892,0.004200868120662183,0.2836685444554703,99.7831190214945,76.83894085559693,0.003433935157323242,0.0,32.101638189242415,162.16487289874777
328,abundant,110.83630279498286,104.479830682274,54.08086312292587,0.2652251317430345,4.676722373768222,7395.407653261558,2.6670131744114647,9,8,15,17,0,0.4256832950520876,0.6885253863557848,0.004550452798317374,0.2836320895007017,99.78262452510208,76.82906609095309,0.0034404640835195054,0.0,32.101638189242415,149.8281601009553
329,abundant,110.83760027188764,104.5957904595156,54.105797382056224,0.24529741001741057,4.785071223332119,7484.344564833511,2.6120731035699967,9,8,16,16,0,0.40993919760608205,0.687891465641536,0.005250442968499774,0.28358995313655655,99.7821065779515,76.81765237006051,0.0034480154604216097,0.0,32.101638189242415,159.03922817269336
330,abundant,110.82341994955107,104.64173252742685,54.108130332693506,0.23918988248871526,4.935630176686786,7567.044936883292,2.5648776705695266,9,8,20,12,0,0.33423929040582323,0.6873604187147884,0.005950581882095721,0.2835421341461394,99.78153466499336,76.80469936329169,0.003456589469840788,0.0,32.101638189242415,154.36546985114697
331,abundant,110.82288208112678,104.68699690467285,54.097164824627725,0.10068832141951235,5.081413777228484,7592.211076300591,2.5467631007176923,9,9,21,10,0,0.3102928318302271,0.6868814267894284,0.006868935344764566,0.28348686136364054,99.78095313192046,76.78972730471006,0.0034665048851576998,0.0,32.101638189242415,173.11320445007348
332,abundant,110.82599937574328,104.71796368527313,54.091060266213695,0.17326550364443652,5.194924676301097,7602.139043643612,2.5361722688807165,9,9,23,8,0,0.2832250241600752,0.6864359036262766,0.007000870122297389,0.2834305180553164,99.78034829902289,76.77446526660061,0.003476612711352622,0.0,32.101638189242415,166.8854344184328
333,abundant,110.82895454131956,104.72243551623697,54.079101565856014,0.07781446548619224,5.225485653532383,7583.8193064202715,2.5435698492298844,9,9,24,7,0,0.2627490394618497,0.6860128984157411,0.007000669031160631,0.2833741767267202,99.77965429792451,76.75920376475156,0.003486719892795667,0.0,32.101638189242415,157.5614305568212
334,abundant,110.82415993572938,104.7238587910276,54.0697677452235,0.14835720104542238,5.238599425329361,7559.324713729089,2.5577323976239668,9,9,24,7,0,0.27164062793908983,0.6855899180675523,0.007350869376581576,0.2833149932512573,99.77900818320565,76.74317239412689,0.003497338361884295,0.0,32.101638189242415,176.63567554986156
335,abundant,110.82438659145767,104.72285587160107,54.05246470021871,0.1306625448765834,5.2651577264594085,7532.768112391161,2.571325788810699,9,9,23,8,0,0.2747142366653329,0.6851635443508706,0.0073504265589337215,0.2832558137547465,99.77839803418769,76.72714210130404,0.00350795581533111,0.0,32.101638189242415,180.48713535460018
336,abundant,110.8366541260959,104.72126755455349,54.05174079516151,0.05289379070558001,5.242563613273584,7501.024343781384,2.5876973555707328,9,9,23,8,0,0.2799364475224505,0.6847412204398587,0.0077002207593868995,0.28319379543792117,99.77777932869148,76.71034284078802,0.0035190839453330203,0.0,32.101638189242415,174.36454339190274
337,abundant,110.8444759992781,104.69899996418194,54.05100979143488,0.1406299893066262,5.238728226781124,7471.002144089762,2.603897332033894,10,9,23,8,0,0.2802969545374615,0.6842989113437439,0.007000626924156336,0.28313745599408374,99.77706140091203,76.69508184947446,0.003529189590588205,0.0,32.101638189242415,182.00827637011702
338,abundant,110.86559931880147,104.66188421486144,54.03780132440569,0.0836839616076516,5.218325267088707,7429.075253373914,2.6132660615426766,9,9,24,7,0,0.26392229294298153,0.6838942085819602,0.007700420016200267,0.28307543679918434,99.7762658822038,76.67828235110944,0.0035403172744309123,0.0,32.101638189242415,178.60963456296003
339,abundant,110.8877481505989,104.61135292082513,54.019134224343716,0.1548935310038996,5.210143361969673,7377.799080503406,2.622227353701634,10,9,24,7,0,0.2700988717047054,0.6834631115224725,0.007000417835273058,0.283019099775224,99.77547042119612,76.66302201528202,0.003550421876954126,0.0,32.101638189242415,199.23481801079586
340,abundant,110.91517194211026,104.5694101423135,54.012632958490016,0.059179440060311124,5.174005300925383,7326.37885848376,2.630106822282096,10,9,24,7,0,0.2725631341047587,0.6830390976209388,0.007350198070767795,0.2829599239784818,99.7745762092217,76.6469927246369,0.0035610371534368114,0.0,32.101638189242415,188.92216491208123
341,abundant,110.95589600328765,104.52803010067684,53.99954207959577,0.036461920621984084,5.126364772433907,7274.969216747013,2.6384192446544463,10,9,24,7,0,0.27218744674826245,0.6826400106117066,0.008225685078249192,0.282893642395177,99.77376290401321,76.62903864844861,0.003572931137554581,0.0,32.101638189242415,178.76029204541402
342,abundant,110.9755276653231,104.46104686284325,53.98066406364088,0.23466856600192743,5.057703218242154,7232.231862920176,2.6459443441594526,10,9,24,7,0,0.2729337352006644,0.6821960154984348,0.006651142694599541,0.2828401414954289,99.77282630144211,76.61454655000549,0.003582524320801608,0.0,32.101638189242415,207.10984795204004
343,abundant,111.00419848765894,104.40145823558878,53.96821454901154,0.11365221864669922,4.992185691187045,7197.935055688256,2.660827676006385,10,9,24,7,0,0.2780033229038367,0.6817268262042713,0.005950512893960517,0.282792327787537,99.7719089788375,76.60159497414485,0.0035910935590644758,0.0,32.101638189242415,182.614740923499
344,abundant,111.03331887405935,104.33832425519958,53.9607496439513,0.11256045879337374,4.924993583669147,7162.637533038353,2.6781579554712027,10,9,24,7,0,0.2795124325414501,0.6812853707366259,0.007000293148219714,0.282735993480763,99.77098832050054,76.58633537433741,0.003601196216386541,0.0,32.101638189242415,184.99107138246026
345,abundant,111.0646633423692,104.26187285038273,53.95467345303335,0.1808221280113268,4.896462267975435,7129.20143861854,2.6951451889218494,10,9,24,7,0,0.28189126107716167,0.6808315104106629,0.006650716472212456,0.28268249696191944,99.77003371189086,76.57184446257527,0.0036107877955183676,0.0,32.101638189242415,194.1089341382601
346,abundant,111.0926923067664,104.17534740870501,53.964958558868965,0.24584432490338504,4.857615791615284,7095.325499674778,2.7115177061542175,10,9,24,7,0,0.2849078903589345,0.6803743257029042,0.0066504989870045704,0.2826290025242663,99.76915579845101,76.55735411455721,0.0036203787238717035,0.0,32.101638189242415,199.2079380886858
347,abundant,111.12481497119207,104.09354208425361,53.96411193373463,0.18807863760884444,4.830027863595135,7060.550839363648,2.729554008933966,10,9,24,7,0,0.28499917234838856,0.6799255387360708,0.0069540043839237484,0.2825730449046453,99.7682921664168,76.54219655017964,0.003630412737025541,0.0,32.101638189242415,197.3371359830823
348,abundant,111.1607899994234,104.02115231891867,53.96057404037482,0.09762493856273671,4.8251441349032165,7039.398994987678,2.7382039252422916,10,9,24,7,0,0.2742176775283948,0.6794899101286098,0.0070003870650065915,0.2825167111267708,99.76734953924962,76.52693709363827,0.0036405141663333955,0.0,32.101638189242415,173.654986945078
349,abundant,111.18189756052693,103.9530563881278,53.94951760639229,0.20628493729021427,4.806646452515909,7035.813527919025,2.749030949924987,10,9,25,6,0,0.2649673893531229,0.6790742601555412,0.0073505055435631236,0.28245753584226435,99.76640090961027,76.51090794174542,0.0036511267638800323,0.0,32.101638189242415,191.26235063821736
350,abundant,111.19836274616266,103.8835670117065,53.91922739460871,0.19038719893629064,4.7874697544704405,7076.430300191241,2.7647149190256357,10,9,25,6,0,0.26556079911306324,0.6786481538999869,0.007000379409651518,0.28240120281632486,99.76547251235802,76.49564868888503,0.0036612274627789458,0.0,32.101638189242415,196.39810940907518
351,abundant,111.22579183957775,103.81224532995245,53.89162848796891,0.16160958141201887,4.754910744329135,7121.390415212423,2.7490339539914204,10,9,25,6,0,0.2672211511039345,0.6782104245271968,0.006650496193722516,0.28234771007344983,99.76458360204917,76.48115879994134,0.003670816635704399,0.0,32.101638189242415,191.4442652747119
352,abundant,111.26050946180492,103.74284340760326,53.87208756672161,0.10391091840618095,4.726772847355552,7161.210571669857,2.7268279840585885,10,9,25,6,0,0.2721157951685817,0.6778011342661567,0.007858468344475933,0.28228441276790295,99.76367339603702,76.46401309234598,0.003682170308774351,0.0,32.101638189242415,184.55915019095897
353,abundant,111.27673217090982,103.65088458556015,53.84332327118905,0.3277258693198905,4.702951847762769,7198.726337906555,2.704586349763654,10,9,25,6,0,0.27614024172888196,0.6773634034907448,0.0070008389460639005,0.28222807707536546,99.76273860657963,76.44875311716876,0.0036922706011684034,0.0,32.101638189242415,216.4868623429701
354,abundant,111.31218701463779,103.56355856687048,53.83852923360625,0.22681410168802746,4.664059588024814,7239.082395692931,2.6835905724033027,11,9,25,6,0,0.2805287633758351,0.6769306319836146,0.007350361877972496,0.282168904709341,99.76183036267243,76.43272475582201,0.0037028811917540713,0.0,32.101638189242415,196.85529107923662
355,abundant,111.33833052423151,103.48189610604793,53.82671399451986,0.22734817125792656,4.6330430723512785,7279.599184690407,2.6632644110204913,11,9,25,6,0,0.27533224016719543,0.6764937936252828,0.007000968066150945,0.28211256866098466,99.76085562190795,76.41746468426209,0.0037129809536756548,0.020292207792207792,32.101638189242415,197.03403619100433
356,abundant,111.35447424392142,103.39367262194733,53.81700280289935,0.17606248729898227,4.6707032205345,7318.720923802532,2.643090573610072,11,9,26,5,0,0.25448244725494495,0.6760896728204389,0.0073503531120183525,0.2820533970544162,99.75982094758564,76.40143652863357,0.0037235908123573885,0.020292207792207792,32.101638189242415,196.32466598363143
357,abundant,111.36952774176397,103.3111555123418,53.80304932541056,0.17434157715651077,4.715731104730468,7357.246016568795,2.623372586643272,11,9,26,5,0,0.252486561390899,0.6756877473367598,0.0073503476375379575,0.28199422585146117,99.75873703724643,76.38540848233417,0.0037342002946494967,0.020292207792207792,32.101638189242415,190.10479166249388
358,abundant,111.38598198591781,103.22868781578475,53.79819857385327,0.20386481057510458,4.729298700385319,7405.638184799114,2.5962020561244303,11,9,27,4,0,0.24253948846245948,0.6753163581400932,0.0080501514515014,0.28192937482166525,99.75757260715288,76.36784190845663,0.0037458318136996873,0.020292207792207792,32.101638189242415,177.57638454772948
359,abundant,111.37868045408565,103.13752958451376,53.77455699708264,0.22756477143986403,4.731559099014162,7456.31874198201,2.566294211588998,11,9,28,3,0,0.2265945619188198,0.6749429665822048,0.007352230722226255,0.28187018906435474,99.75632982291374,76.3518099197347,0.0037564432749127782,0.020292207792207792,32.101638189242415,209.11843542322285
360,abundant,111.36256779228708,103.04772173458926,53.787293694851314,0.23237937784014664,4.745244462705349,7502.016858891082,2.5362456679193475,11,9,28,3,0,0.22818016060174312,0.6745294557733386,0.005981691706990782,0.2818221280492967,99.75490660782944,76.33879135435025,0.003765052026306819,0.020292207792207792,32.101638189242415,196.91690298556608
361,abundant,111.35524901901476,102.95656199959004,53.76599413105873,0.2199480330533038,4.789678583320394,7540.800292286804,2.506123555903735,11,9,28,3,0,0.22805982817627485,0.6741250189367382,0.006301034799767678,0.2817714752161393,99.75348666869571,76.32507072819263,0.003774127035291396,0.020292207792207792,32.101638189242415,202.02698348858317
362,abundant,111.3458494872552,102.87188447912152,53.76802853336602,0.24340805208198033,4.844342049845012,7587.45647791167,2.476628543343005,11,9,28,3,0,0.22516325103854853,0.673733561175176,0.006650779092152936,0.28171798381992386,99.75214427691412,76.31058120402642,0.0037837127014721385,0.020292207792207792,32.101638189242415,213.90070024043916
363,abundant,111.31885831337377,102.8069877313961,53.74589123876922,0.2908227537691094,4.859752225838312,7596.58480070145,2.4668141581109366,11,10,28,2,0,0.21208176127025108,0.6733368961321429,0.005950889084434104,0.28167017359184704,99.750669563181,76.29763057076345,0.003792275503758477,0.020292207792207792,32.101638189242415,203.3152823825112
364,abundant,111.30872192218825,102.75964788203241,53.71713483487599,0.12406842965402505,4.877508187721108,7579.402025157353,2.4665444865077766,11,10,28,2,0,0.2104939196786629,0.6729490980613335,0.0062051871727593876,0.28162029951561673,99.74922579804533,76.28412089100306,0.0038012095352447637,0.020292207792207792,32.101638189242415,182.91986893755274
365,abundant,111.29866722439667,102.70983421352419,53.68786428281762,0.12723433933580794,4.829650794587198,7556.035575742448,2.470529464030082,11,10,28,2,0,0.20983968312630505,0.6725745005995988,0.006650935346576789,0.2815668076375093,99.7477810215728,76.26963123630397,0.003810794489363124,0.020292207792207792,32.101638189242415,198.03344077317675
366,abundant,111.2699158663276,102.64724325404498,53.66727924495687,0.24257265512271567,4.750951618055561,7531.617176613603,2.4781664725225783,11,10,28,2,0,0.2123205028050033,0.6721971739964274,0.006650926782649452,0.281513316117312,99.7463149874175,76.25514167855407,0.0038203790981645594,0.020292207792207792,32.101638189242415,199.11791515844544
367,abundant,111.22378082219348,102.57943238679191,53.64150482287543,0.326952968462835,4.651689669743898,7508.2709375045815,2.4868940421608507,11,10,28,2,0,0.2137115216754934,0.6718011745049195,0.0060386850833967064,0.2814647943526324,99.74485652725065,76.24199830725225,0.0038290688962554745,0.020292207792207792,32.101638189242415,197.53848766377564
368,abundant,111.17568728672484,102.50838426920104,53.60705900059348,0.30444695349410733,4.5515573239885265,7470.7225038695615,2.495584089453168,10,10,28,2,0,0.21563517089474438,0.6714103964789443,0.0063007379288926675,0.2814141458049409,99.7433778221261,76.2282788419236,0.0038381412487458024,0.020292207792207792,32.101638189242415,196.44319402994867
369,abundant,111.11859634527745,102.46057763762046,53.54250018646171,0.31227239941572205,4.495529563342229,7435.56838858335,2.5048965123410816,10,10,29,1,0,0.19737880257130822,0.6710448649584163,0.006485184367875084,0.2813620003908634,99.74187991192933,76.21415391173126,0.003847482760306037,0.020292207792207792,32.101638189242415,202.63737649225408
370,abundant,111.04400330007459,102.41517647693759,53.49915399460413,0.42152261816658765,4.4548051890463345,7402.752889780953,2.51431270468265,10,10,29,1,0,0.19856898130264095,0.6706728679053064,0.006301029511540832,0.28131135000931384,99.74048579026716,76.20043394965485,0.0038565548994360017,0.020292207792207792,32.101638189242415,194.98987459850758
371,abundant,110.97400061649091,102.36282291308723,53.45574073536693,0.34437973558534596,4.402421361699806,7364.1454498713865,2.5231447820601502,10,10,29,1,0,0.19217850892816526,0.6702882966910602,0.005600898056242304,0.28126638272401716,99.73892522776107,76.18825340076114,0.0038646038397499812,0.020292207792207792,32.101638189242415,195.10304645525022
372,abundant,110.8935173951,102.29791976392443,53.406450386600454,0.4603145101257311,4.36349543906165,7325.5155920796315,2.5320926158967403,10,10,29,1,0,0.19751562821393867,0.6699370634469963,0.007001212391836724,0.2812100495597203,99.73742341991264,76.1729941104231,0.0038746983433562833,0.020292207792207792,32.101638189242415,200.01357930452846
373,abundant,110.81231777224589,102.23302657333716,53.37423865476878,0.4297018352332517,4.3097406670453635,7291.869160516369,2.539887350477374,10,10,29,1,0,0.19611336153108153,0.6695717847496603,0.00644450001243362,0.28115823541242924,99.73588785062228,76.15895891238299,0.003883979146230489,0.020292207792207792,32.101638189242415,197.83587236199946
374,abundant,110.72562080132471,102.15979644396428,53.336320199702655,0.5160382627925336,4.275824935623914,7275.011896961092,2.5486620680043885,10,10,29,1,0,0.20030760811124254,0.6691978884160041,0.006301501259509029,0.28110758223715565,99.73447318061751,76.14523819355438,0.0038930507073650623,0.020292207792207792,32.101638189242415,207.2632605480432
375,abundant,110.65301922437109,102.09230833446773,53.30726206611662,0.39006583296482944,4.229203384044352,7242.08742678733,2.5579968305454073,10,10,29,1,0,0.19629398386148744,0.6688283861229978,0.006300753187190092,0.28105693542762533,99.73318968850755,76.1315191990515,0.0039021208605954883,0.020292207792207792,32.101638189242415,192.3474961599402
376,abundant,110.58233195291298,102.03632153663635,53.27689078816538,0.4026584737009271,4.205639620385438,7222.765853018576,2.565468237295389,10,10,29,1,0,0.19237196210322166,0.6684534067618222,0.0059510641835001845,0.28100912726306293,99.73178955240326,76.11856912474462,0.003910679807376465,0.020292207792207792,32.101638189242415,205.83394618160338
377,abundant,110.52577252120822,101.99522744768791,53.26269822355131,0.2625817898316294,4.172420871059488,7192.11014042257,2.5735648963528472,10,10,29,1,0,0.19313421452057558,0.6681056319872523,0.006952602192954643,0.28095319006621305,99.73042670676901,76.10341709240129,0.003920701692222061,0.020292207792207792,32.101638189242415,187.67340044934025
378,abundant,110.45537556939648,101.93969862509752,53.24136541989676,0.4250051050160558,4.126259109868376,7174.385525544196,2.5833088106787194,9,10,29,1,0,0.18939871269659606,0.6677339245626162,0.005951112833215838,0.2809053820948234,99.72902280532466,76.0904670704202,0.003929260064923136,0.020292207792207792,32.101638189242415,193.30218754589822
379,abundant,110.39313537260105,101.86772512857775,53.226605171034315,0.400989656865085,4.055859981439305,7147.25174156858,2.593860348917677,9,10,29,1,0,0.1888171923124814,0.6673853031559871,0.0067527680326739895,0.28085106750276534,99.72776083812768,76.07575456243045,0.0039389893492757,0.020292207792207792,32.101638189242415,210.4432559784281
380,abundant,110.31945241219364,101.8099012084411,53.190990708143126,0.3906521771556889,3.9816342809472447,7115.415368333583,2.6039943656239335,9,10,29,1,0,0.19460709175201477,0.6669980709528505,0.005601271349659883,0.2808060996965504,99.72631124192817,76.06357387243258,0.003947035972709375,0.020292207792207792,32.101638189242415,188.20840056609734
381,abundant,110.26668102812815,101.7373369247933,53.174358099919274,0.3794824162010754,3.9272653348349436,7100.2418034033035,2.6153869884963705,9,10,29,1,0,0.1906908971843452,0.6666249344507709,0.0059508387436874215,0.28075829475265707,99.72487539534465,76.05062467052697,0.003955593030600009,0.020292207792207792,32.101638189242415,198.51965292806216
382,abundant,110.21283213204106,101.67002309547196,53.141782539107865,0.3573700414063248,3.915282294673885,7081.38316082918,2.626344050699236,10,10,29,1,0,0.1910590814229448,0.6662417123637916,0.0056051036637865,0.28071329632937686,99.72337506629569,76.03843568710741,0.003963644676492819,0.020292207792207792,32.101638189242415,197.2171795107178
383,abundant,110.16661256069801,101.60356201164271,53.11259678151837,0.35504302129887366,3.8989536595904695,7048.676710383377,2.637153432386157,10,10,29,1,0,0.18696658932348934,0.6658824717649132,0.006300808906338343,0.2806626512444687,99.72206917131375,76.02471715976291,0.003972712459991336,0.020292207792207792,32.101638189242415,206.74236249422475
384,abundant,110.12845627249885,101.54477224319828,53.075509615183115,0.2834709353632285,3.8533611644674566,7018.808189285992,2.648594363471655,10,10,29,1,0,0.19087691391134942,0.6655091491622178,0.005951500093111763,0.2806148417286428,99.72058429434296,76.01176671943146,0.0039812695925764766,0.020292207792207792,32.101638189242415,198.10433845169354
385,abundant,110.08930409686816,101.49203157944382,53.02899140744451,0.32791525650493486,3.8123453765365682,6982.591695746116,2.65831048560417,10,10,30,0,0,0.17374593499531202,0.6651546649105983,0.005951295602688236,0.2805670341259432,99.71904170469823,75.9988167973196,0.003989826129286014,0.040584415584415584,32.101638189242415,205.3033109950784
386,abundant,110.04296152599484,101.43567250921545,52.972774627571106,0.39403565121201106,3.794211252372135,6961.712319496321,2.669062595066924,10,10,30,0,0,0.17460972145749587,0.6648090172733175,0.006300823440088921,0.2805163897262433,99.71751698251872,75.98509845558145,0.003998893024955731,0.040584415584415584,32.101638189242415,204.82436059670331
387,abundant,110.00610107043092,101.38600897637238,52.925876663068756,0.33983388204717746,3.7664886280444505,6945.456861286992,2.680678095862403,10,10,30,0,0,0.16885986371837775,0.6644696946575314,0.006300829796576297,0.2804657455561107,99.71599986154249,75.9713801760275,0.004007959615094899,0.040584415584415584,32.101638189242415,211.96804528348488
388,abundant,109.97795668034246,101.35893865429695,52.88143267534275,0.19943036917240364,3.7421898360335475,6913.104317565776,2.690454614778533,10,10,30,0,0,0.17253634969616174,0.6641165456128466,0.005951462142182452,0.2804179374156713,99.7144311843341,75.95843010825493,0.004016515468395874,0.040584415584415584,32.101638189242415,182.26320786348157
389,abundant,109.92957169910733,101.34966910955866,52.82270309607618,0.3230460816181491,3.691169107544912,6876.075836948497,2.699766193854082,10,10,30,0,0,0.16995015035889993,0.6637760277342093,0.006300974527049969,0.2803672925997127,99.71286578076275,75.94471165376237,0.004025581658104787,0.040584415584415584,32.101638189242415,180.7265224584102
390,abundant,109.88438668266292,101.33390545385096,52.76548825180032,0.29422229476594025,3.6363364449900573,6855.90220163684,2.7098324800683304,10,10,30,0,0,0.17250053277464172,0.6634817023134396,0.008050898760084425,0.28030244425165934,99.71133640098337,75.92714580630397,0.004037204151731216,0.040584415584415584,32.101638189242415,196.92826353740807
391,abundant,109.84740066158342,101.33163696674046,52.709300385789945,0.1853487513925367,3.5984168020253122,6832.579697038302,2.7204401861628273,10,10,30,0,0,0.16831693054951805,0.6631331833775694,0.00595106027622804,0.28025464029178815,99.70971953848809,75.91419687094613,0.00404575840249309,0.040584415584415584,32.101638189242415,172.46688583418825
392,abundant,109.8081145184384,101.32378203184581,52.67131528469247,0.22062796032961268,3.5804696421292115,6802.001675254869,2.7319044632925196,10,10,30,0,0,0.17190536337653983,0.6627822434820845,0.006005571579616333,0.2802063941105136,99.70812285928399,75.90112814851665,0.004054391996610254,0.040584415584415584,32.101638189242415,180.57320818963518
393,abundant,109.74835686818287,101.31902563423662,52.63966486633598,0.3902352250239966,3.5587590396707127,6782.633272169733,2.7419230553336402,11,10,30,0,0,0.1642685199244292,0.6624585581777175,0.006678930983925293,0.2801526826751538,99.70670956102536,75.88657902107354,0.004064009061120246,0.040584415584415584,32.101638189242415,194.9437324601055
394,abundant,109.69865054227728,101.32056373906588,52.6163598547209,0.276541359844454,3.5588861301879176,6760.1312816631835,2.7519695383544933,11,10,30,0,0,0.1673696668639927,0.6621306846582351,0.006651182645289288,0.28009919677753475,99.70525545730422,75.87209098634396,0.004073585251713997,0.040584415584415584,32.101638189242415,177.9871088263811
395,abundant,109.66330654102357,101.29677447417872,52.595156856928135,0.2714730811467245,3.508113294614116,6738.429057288187,2.7563049279150547,11,10,30,0,0,0.16285700821171248,0.6617979611971964,0.006300687428362717,0.2800485560834903,99.70370068505045,75.85837364837815,0.004082649040419809,0.040584415584415584,32.101638189242415,190.77498120699028
396,abundant,109.63800230893632,101.28812493319904,52.58029072563541,0.08481214952529997,3.4683092897806644,6712.060822426538,2.7614094903400996,11,10,30,0,0,0.16460687018493989,0.6614633345555159,0.006301461268675204,0.27999790940348107,99.70214173252788,75.8446546889594,0.00409171364498779,0.040584415584415584,32.101638189242415,190.3118843854532
397,abundant,109.57600004993819,101.2666195728265,52.54266701111262,0.41177390429187005,3.438491202199971,6697.335409714207,2.766097816050101,11,10,30,0,0,0.16227218564294366,0.6611214617331798,0.005950949352541326,0.2799501080506406,99.70056987943018,75.83170645978305,0.004100265841033584,0.040584415584415584,32.101638189242415,200.77911494128753
398,abundant,109.51292984349081,101.24033963707387,52.49939112738722,0.32284097389646216,3.3957925981934,6669.230009193241,2.77129980498143,11,10,30,0,0,0.1647366718183589,0.6607866901231308,0.006301383176833828,0.2798994625625853,99.69912485100643,75.81798782323577,0.004109329719826458,0.040584415584415584,32.101638189242415,196.3069451020752
399,abundant,109.43007014946053,101.20284662683892,52.46732075416247,0.5010852243457902,3.342628230853353,6649.895407265765,2.775642645997263,11,10,30,0,0,0.16376886539086738,0.6604627562571247,0.006650424497279868,0.27984598427867186,99.69769835031094,75.80350185087471,0.004118903229168226,0.040584415584415584,32.101638189242415,194.883156361728
400,abundant,109.3650250906658,101.19419052138055,52.42968157118836,0.24482589776751382,3.3036922649853393,6616.695895990655,2.7786605148328354,11,10,30,0,0,0.16726976995038587,0.6601350001500483,0.00665145142389314,0.2797924980188554,99.69648266298302,75.78901371803464,0.004128477906429942,0.040584415584415584,32.101638189242415,166.70650788564052
401,abundant,109.27770995600926,101.15674654070708,52.381795836521405,0.5008130324738437,3.281479504525117,6592.951558301458,2.7824075244026436,11,10,30,0,0,0.16841976148260432,0.6597863766421874,0.005951365348930366,0.27974469458379114,99.69526319555452,75.77606492483429,0.004137029433726871,0.040584415584415584,32.101638189242415,206.10235968669463
402,abundant,109.18536446572193,101.12721192260696,52.33948680407862,0.5108236106349376,3.262867287248144,6560.904953550416,2.7841068033441205,11,10,30,0,0,0.16927612601776715,0.6594465954478658,0.006300805153495223,0.2796940551246443,99.69405180856384,75.76234792137232,0.004146091191542974,0.040584415584415584,32.101638189242415,191.33136065869763
403,abundant,109.11307168311669,101.09796077319763,52.307441065758226,0.35324536818803554,3.23573175716817,6543.659220854344,2.7838852701070613,11,10,30,0,0,0.16586893591747862,0.6591203702280736,0.0066510932041823735,0.27964057275476456,99.69269554164195,75.74786084222193,0.0041556644014398274,0.040584415584415584,32.101638189242415,193.94471105856192
404,abundant,109.04972006914083,101.06237885679784,52.280287654553604,0.3210485707026453,3.2274693367943854,6511.7611683296855,2.785241300380063,11,10,18,12,0,0.1818042825053523,0.6587471928121513,0.005600260529772551,0.2795956201952604,99.69209803604939,75.73568428218887,0.004163702024768847,0.040584415584415584,32.101638189242415,196.61729983555998
405,abundant,108.99768158096988,101.03048678135879,52.25701760585783,0.2728552013927034,3.2177807399679694,6477.833696650981,2.7880381084065706,11,10,18,12,0,0.1881547402800762,0.6583474337069293,0.004900396753076198,0.27955634862224443,99.6913702952558,75.72504656385436,0.00417071687627723,0.040584415584415584,32.101638189242415,190.534763748432
406,abundant,108.9452578084022,100.99541014984848,52.24558406081239,0.3206361543594816,3.225390017861417,6460.502822021132,2.788805559431309,11,10,18,12,0,0.2027070414983712,0.6579316656930688,0.004900347563845572,0.2795170777197433,99.69060433845605,75.71440902714608,0.004177731412353721,0.040584415584415584,32.101638189242415,198.03945672265144
407,abundant,108.89446018634158,100.95889874806647,52.23736908744594,0.3074956261060602,3.23047102344177,6430.754179215481,2.7906816986499403,10,10,18,12,0,0.21083845274244895,0.6575069549841273,0.004900413895541898,0.27947780654709015,99.68981907338225,75.70377141726014,0.00418474580178399,0.040584415584415584,32.101638189242415,200.97029666790985
408,abundant,108.84358155122634,100.91171388604627,52.23793594874566,0.3586348628133791,3.2300240857925724,6417.840998062253,2.7906423751647242,9,10,18,12,0,0.22518148085325035,0.6570664917768707,0.004901300774360126,0.2794385284433037,99.68902993149395,75.69313192989803,0.004191761243382813,0.040584415584415584,32.101638189242415,196.36978322046593
409,abundant,108.79276837207094,100.8637562036819,52.240343985994926,0.3528402924019471,3.2496031236558354,6392.8967210036935,2.789988632399065,9,10,18,12,0,0.23421457988066754,0.6566258666503744,0.005250389691868553,0.27939641711808605,99.68837625203604,75.68172499144468,0.004199286456194335,0.040584415584415584,32.101638189242415,200.2466050728206
410,abundant,108.74802270823162,100.81414507804236,52.24587462133483,0.34047165783324496,3.253932324895223,6367.245877493719,2.79120268884838,9,10,18,12,0,0.24220717879281764,0.6561666537257501,0.004900534715997229,0.2793571458009582,99.68770860844657,75.67108734242407,0.004206300273715839,0.040584415584415584,32.101638189242415,197.99769822013408
411,abundant,108.70090997054258,100.77208237132831,52.234368261727795,0.33476443039534687,3.258633533028668,6348.463453578646,2.7930041004586106,9,10,18,12,0,0.25009076706833117,0.6556987660323659,0.00490043394253456,0.2793178755812141,99.68701421237508,75.66044999065814,0.004213313700477396,0.040584415584415584,32.101638189242415,202.595277779298
412,abundant,108.66167371057193,100.73301383964053,52.22344575048303,0.30703855326992135,3.2523656975521043,6338.362220109411,2.791364770038679,9,10,18,12,0,0.2608575147633049,0.6552190318381369,0.004900324000379994,0.2792786065295664,99.68629969217962,75.64981295530123,0.0042203267230972235,0.040584415584415584,32.101638189242415,202.2385996755444
413,abundant,108.62895357242174,100.70386298153508,52.207461234954394,0.258728235351358,3.2367448109648507,6313.862045874339,2.789524053757494,9,10,18,12,0,0.26773991313222967,0.6547317351723336,0.004900615665791512,0.2792393353804094,99.68557547859257,75.63917535177985,0.004227339928333284,0.040584415584415584,32.101638189242415,189.9354315548108
414,abundant,108.5969890338113,100.67586034639163,52.194491595544854,0.2736077264398058,3.2386979494753865,6289.003730066404,2.786509023050158,9,10,18,12,0,0.27878653594060326,0.6542420797414609,0.005250348523641974,0.27919722578328166,99.68489790989562,75.62776888142425,0.004234863845648954,0.040584415584415584,32.101638189242415,191.07306966433936
415,abundant,108.58333834894184,100.64965287521497,52.1791939628921,0.17318710915170168,3.2649496289302298,6265.149289989087,2.783815778395654,9,10,18,12,0,0.2827874386661821,0.653738223448674,0.004900353205212563,0.27915795732144155,99.68410839057267,75.61713200583193,0.004241876162680759,0.040584415584415584,32.101638189242415,184.2178560980008
416,abundant,108.56638503891585,100.61699514896691,52.181169865998584,0.2654908224176126,3.2722893041609296,6256.12352450988,2.780838086629217,9,10,18,12,0,0.29199546030684875,0.6532242386328677,0.004900363947541309,0.27911868905039405,99.6834045320422,75.60649518192074,0.004248888251927978,0.040584415584415584,32.101638189242415,197.05052191888075
417,abundant,108.55401421345005,100.57267980949072,52.18019039745842,0.2681502452289533,3.3031940553436407,6265.301900351988,2.778568069006702,9,10,18,12,0,0.29459198288459526,0.6526979984575247,0.004564678779649936,0.27908214572971823,99.68273910880018,75.59659648109204,0.004255409665624358,0.040584415584415584,32.101638189242415,192.683752585976
418,abundant,108.53797967790396,100.52198440278138,52.17264317467186,0.3123181913876118,3.3421101379499993,6273.5390936001495,2.776040844799645,9,10,18,12,0,0.3011120890266633,0.6521641977840641,0.004550808016740311,0.27904571522450067,99.68199799074007,75.58672833923963,0.0042619105878653205,0.040584415584415584,32.101638189242415,203.39808525410876
419,abundant,108.51854650030262,100.47442175171868,52.16583086644673,0.27208799062906447,3.396696428775704,6284.284979559467,2.772968861858,9,10,18,12,0,0.30409170791986145,0.6516173182741717,0.00420076317212345,0.2790121262086357,99.68124299551484,75.57762988805817,0.0042678998729852894,0.040584415584415584,32.101638189242415,200.67041285784336
420,abundant,108.49085899713221,100.41452525625697,52.168091673244135,0.38140025848729747,3.4416106972891507,6307.319904048149,2.7703510458124416,8,10,18,12,0,0.31376417629632947,0.6510598058406005,0.004201005726955245,0.2789785354328671,99.68043342283546,75.56853096016141,0.004273889304517333,0.040584415584415584,32.101638189242415,210.00122743977334
421,abundant,108.46113004686413,100.36435857229107,52.18109153696638,0.3191744066257031,3.5025657447475362,6318.549320858649,2.7690901046861005,8,10,18,12,0,0.32001873771650863,0.6504954047512393,0.004200697218822649,0.27894494736986375,99.67961954272037,75.55943276708709,0.004279878077359865,0.040584415584415584,32.101638189242415,200.1788847967138
422,abundant,108.42823178827152,100.31259874427005,52.18803874954229,0.37355244624032036,3.5493136456106065,6349.662168971445,2.7602910591675833,9,10,18,12,0,0.32271332089905025,0.6499378435155487,0.0045508363320799165,0.27890851750631557,99.67891145612279,75.54956479904737,0.0042863781913863265,0.040584415584415584,32.101638189242415,208.07771500103928
423,abundant,108.39359722030174,100.2633080322545,52.19560185207753,0.3128300335388888,3.6257486628739946,6381.294749193068,2.7565289422804566,9,10,18,12,0,0.32615147769674946,0.6493666954324471,0.004200662227317211,0.2788749301782003,99.67807742973133,75.54046680503644,0.004292366479472303,0.040584415584415584,32.101638189242415,199.009023212493
424,abundant,108.37123133558948,100.20609112855183,52.209152230481756,0.31490820493260846,3.740663746413726,6427.595887649972,2.76045876046365,9,10,18,12,0,0.3219789328927253,0.6488100039678459,0.004553048627887036,0.27883848279407486,99.67724495736968,75.53059409109655,0.004298869392019359,0.040584415584415584,32.101638189242415,206.3826564648576
425,abundant,108.34979593391002,100.14412880315476,52.22057204015274,0.30971798582889354,3.8352441289138866,6469.404699704646,2.764888012007664,10,10,18,12,0,0.33215178573038706,0.6482519355068236,0.0049035179743264845,0.27879919095561534,99.67644831005383,75.51995088334401,0.004305884110365373,0.040584415584415584,32.101638189242415,199.84688846834348
426,abundant,108.32685186200356,100.08091475817263,52.23949051500968,0.3579309132514176,3.91088409554036,6529.708866032888,2.7715833202555036,11,10,18,12,0,0.3352866866451093,0.6476805356676918,0.004550554149209198,0.27876276433711294,99.67572750353746,75.51008379430864,0.004312382909154402,0.040584415584415584,32.101638189242415,207.18353870883794
427,abundant,108.30680785713393,100.0422740059928,52.26744626306695,0.20924305853609051,4.033701323025099,6596.8926937951765,2.7821787886519402,11,10,18,12,0,0.3400532203574893,0.64709412436578,0.004201687160051539,0.2787291696361036,99.67492647988298,75.50098380315922,0.004318371791729128,0.040584415584415584,32.101638189242415,180.5670935962015
428,abundant,108.280308828285,100.00188353999673,52.30290066672096,0.3171576431674045,4.163583350450496,6676.141594961475,2.7948201531378616,11,10,18,12,0,0.344799139323137,0.6465024677582678,0.004200801633689817,0.27869558231942093,99.67397850997706,75.49188581224509,0.00432435917261656,0.040584415584415584,32.101638189242415,192.37088228303537
429,abundant,108.25665316364613,99.96731845904112,52.34878778668658,0.28551067486914306,4.284611510354393,6770.145177961414,2.800928764596732,12,10,18,12,0,0.35088059534226573,0.6459139314048947,0.004551153625118237,0.2786591514585167,99.67321610664868,75.48201757404578,0.004330858205748756,0.040584415584415584,32.101638189242415,186.54198591678733
430,abundant,108.25607595945237,99.93413617386486,52.39173823526087,0.17476922100807402,4.418468459245051,6839.554735853162,2.8151547991448376,12,10,18,12,0,0.34906842572097474,0.645327368572836,0.004550444151226844,0.27862272660010834,99.67248226196972,75.47215096177727,0.0043373559766909904,0.040584415584415584,32.101638189242415,199.88664856006227
431,abundant,108.25003028114638,99.90452598830893,52.43810058479427,0.18788270288528366,4.558318583794585,6911.5095819470225,2.827666616258232,12,10,18,12,0,0.3541035460622895,0.6447254973172819,0.004201523039803287,0.27858913409447056,99.67170552758493,75.46305156530084,0.004343343752382619,0.040584415584415584,32.101638189242415,174.3573270133285
432,abundant,108.2257315025898,99.87287270765066,52.46792438751304,0.2924499969340415,4.678400322856651,7003.376284142847,2.8111561202255673,12,10,18,12,0,0.3529551135599496,0.6441542574842428,0.005250385424173864,0.27854702839028617,99.67106407909891,75.45164614944933,0.004350863695768904,0.040584415584415584,32.101638189242415,189.46928198541696
433,abundant,108.19623840794468,99.84625990484538,52.4928092182691,0.27947284340057527,4.76175362925184,7097.156792911039,2.7910789987666864,12,10,18,12,0,0.3587602478256292,0.6435570528004873,0.00455112817331105,0.2785105987199207,99.67033502092806,75.44177823373813,0.004357361771436343,0.040584415584415584,32.101638189242415,187.88059895195966
434,abundant,108.17070078749589,99.82727204541588,52.51718607050462,0.1937943548957614,4.8440428913838804,7184.95451124719,2.771989281746905,12,10,18,12,0,0.3620384916345422,0.6429464435050989,0.00420118019319864,0.27847700974356826,99.66953754699021,75.43267979325967,0.004363348351599526,0.040584415584415584,32.101638189242415,172.85043185051487
435,abundant,108.13437306721167,99.79954585847383,52.53512452302253,0.28572743620776253,4.921729524892614,7267.537409523611,2.7504387234957623,14,10,16,14,0,0.3674789507267659,0.6423113317930836,0.0035398262065826406,0.2784487890620917,99.66872030131141,75.42503549389244,0.004368368493507716,0.040584415584415584,32.101638189242415,175.2773002581502
436,abundant,108.10657658693606,99.7611105122322,52.54842485111078,0.2454184427834491,4.987746870973178,7363.303739337905,2.7279984033198867,14,10,16,14,0,0.37301125572920635,0.6416592449231466,0.0031509111201835833,0.27842372529724946,99.66801066484138,75.41824632681003,0.004372820260744205,0.040584415584415584,32.101638189242415,186.36963596106315
437,abundant,108.06645900700946,99.71566891034718,52.57483623995921,0.3495320503509117,5.070940323980591,7459.852455635926,2.7064202813029516,16,10,16,14,0,0.37632648266156915,0.6410035178933003,0.003151146467191601,0.2783986597582053,99.66724445875694,75.41145667913929,0.004377272217247336,0.040584415584415584,32.101638189242415,179.39845398288656
438,abundant,108.03564349986205,99.65694447672398,52.60879682011671,0.33316209534585683,5.155554877247486,7559.469555029849,2.684898590463349,16,10,16,14,0,0.3786930234844571,0.6403451943547095,0.0031513852586495363,0.2783735924213355,99.66648484524569,75.40466654448109,0.004381724368042837,0.040584415584415584,32.101638189242415,187.68207457830945
439,abundant,108.00055360509074,99.60284679823216,52.64113260804542,0.32056312346326976,5.257752161101753,7664.242239032152,2.6658839310959705,16,10,16,14,0,0.38406403294435626,0.6396907503014602,0.003500942249621304,0.2783456879398785,99.66574112511164,75.3971078960437,0.0043866870629024664,0.040584415584415584,32.101638189242415,186.5609824885615
440,abundant,107.99940725960751,99.56952508502827,52.65150149909614,0.307209578161469,5.326116442969391,7730.748735611618,2.6751160029775036,16,10,22,8,0,0.26433948029030985,0.6392170081717456,0.005251117807319148,0.27830357770745134,99.6648222641459,75.38570125360087,0.004394206571341974,0.040584415584415584,32.101638189242415,199.97564894951543
441,abundant,107.99754374621341,99.56065666741182,52.65334606550918,0.19181878034169306,5.37815436846283,7788.488900294891,2.6883219705261423,16,10,18,12,0,0.2632862390585956,0.6387444036442578,0.005250369124162558,0.2782614738067182,99.66425662232929,75.37429632626062,0.004401724724874691,0.060876623376623376,32.101638189242415,186.62883689647407
442,abundant,108.00476551383876,99.55555145949907,52.65120789635613,0.1432833031569991,5.424900848142398,7840.475159094756,2.7016395137869726,16,10,17,13,0,0.2726295954728908,0.6382615237851371,0.0052504534249816544,0.2782193694765991,99.6636666701738,75.36289128261015,0.0044092427405274465,0.060876623376623376,32.101638189242415,186.43228341956655
443,abundant,108.00163076203265,99.56263860666179,52.64858458880028,0.1730127452715965,5.477644578714009,7894.414329932901,2.7156163969871545,16,10,15,15,0,0.27957166882431894,0.6377514025329198,0.004550270838907043,0.27818294867570603,99.66322241302298,75.35302576942429,0.004415737536624437,0.060876623376623376,32.101638189242415,170.48524696576231
444,abundant,107.99222690407916,99.56933036217441,52.63588645833105,0.1457538540847459,5.537396493323563,7928.766511271751,2.7240678919450425,16,11,14,15,0,0.27282524833777405,0.6372389104157012,0.004200559141179537,0.27814936663601864,99.66265409577619,75.34392920792044,0.004421721182536828,0.060876623376623376,32.101638189242415,179.41765864464304
445,abundant,107.95631788833671,99.58251717834011,52.61430373161045,0.24277687677906218,5.587232011307593,7957.734447863615,2.7317230711722176,16,11,14,15,0,0.2755704599058323,0.6367233904487843,0.004200269249268575,0.27811578715049873,99.66217933743702,75.33483333827871,0.0044277041971586715,0.060876623376623376,32.101638189242415,171.32744159872829
446,abundant,107.91065638140924,99.59903076572677,52.57788017236987,0.25855344712910044,5.629647378097056,7974.473154691412,2.740171404013363,16,11,14,15,0,0.2783072826745691,0.636195690553553,0.0038727898468093463,0.2780848659562314,99.66159914342143,75.32645753537798,0.004433208560487539,0.060876623376623376,32.101638189242415,189.64366581634982
447,abundant,107.8465649343483,99.62360859381717,52.510151205518945,0.24656142418198873,5.672869538150687,7978.4184805956465,2.741920168431716,16,11,14,15,0,0.28665019962102506,0.6356514024076749,0.0036081097751846426,0.27805609331715486,99.66112617586415,75.31866372406026,0.004438326038226269,0.060876623376623376,32.101638189242415,178.99413627700585
448,abundant,107.7768393715696,99.64763055074827,52.43992743370818,0.2554836324520016,5.721747473186538,7976.8647426891985,2.7464143798112572,17,11,14,15,0,0.2940298760325723,0.6351057941764291,0.003850879728215162,0.27802535031788617,99.66059706425385,75.31033618987043,0.0044437980223222,0.060876623376623376,32.101638189242415,174.27474732436136
449,abundant,107.69923625972413,99.67054390262325,52.35637865459491,0.3106425796696492,5.796114276234556,7977.748253477526,2.7516458190482647,17,11,13,16,0,0.2989874065341961,0.6345433797119576,0.003445417239862481,0.277997898564191,99.66014526773554,75.30290017442285,0.0044486774404982245,0.060876623376623376,32.101638189242415,174.28091838522127
450,abundant,107.62081545284562,99.68263891474312,52.26438443672423,0.2693770235757988,5.860468900997647,7971.563776630559,2.754628243978695,17,11,13,16,0,0.30527098695647203,0.6339657921315937,0.0031503751888608163,0.2779728417852993,99.65968426738748,75.2961128996653,0.004453125636288665,0.060876623376623376,32.101638189242415,188.2414436552689
451,abundant,107.53896702398295,99.67179702796724,52.15263139973526,0.2705710521676988,5.947862099303682,7960.181359066686,2.7546623090657807,18,11,13,16,0,0.31248414807420327,0.6333802845064593,0.003150890633837466,0.27794778096625583,99.65911441664143,75.28932453052846,0.00445757443068959,0.060876623376623376,32.101638189242415,187.20849635150887
452,abundant,107.4653671541234,99.65285409994421,52.04499615196702,0.19688002354784973,6.0706222474613485,7945.171705574176,2.7539788025168987,18,11,13,16,0,0.3210205957378071,0.6327853765918816,0.0031505264547781837,0.27792272325540757,99.65857522936086,75.28253700332645,0.004462022538559849,0.060876623376623376,32.101638189242415,187.93465631609774
453,abundant,107.38600706797286,99.63407269111191,51.943755762667294,0.241827435166784,6.210867624473923,7925.195945379106,2.7530992818194564,18,11,13,16,0,0.3298667552548541,0.6321807349863728,0.0031504223311293205,0.2778976665563344,99.65811813074784,75.27574975018982,0.004466470339861173,0.060876623376623376,32.101638189242415,176.54939864176671
454,abundant,107.31287711947725,99.61071464329015,51.85396010784518,0.1639297263467261,6.315668321762306,7901.661860979344,2.7574673521938933,18,11,13,16,0,0.3385696056403399,0.6315665187629513,0.0031503693851009603,0.2778726104468128,99.65763120644688,75.26896265674843,0.0044709179093741095,0.060876623376623376,32.101638189242415,168.27047544997876
455,abundant,107.2251835864275,99.58943053681445,51.76286185457688,0.25773457923144427,6.429512659773247,7874.272657558395,2.761818827373688,18,11,13,16,0,0.3441074352837524,0.6309462251968128,0.003150879024057035,0.2778475503572757,99.65705825496583,75.26217448521722,0.004475366069036747,0.060876623376623376,32.101638189242415,187.6799780571688
456,abundant,107.14220815641002,99.57175177266365,51.66229556219042,0.1566245349083901,6.540785791536152,7844.277466799074,2.76461125742428,19,11,13,16,0,0.3489372838099487,0.6303206048164298,0.003150379707430766,0.27782249448268415,99.6565549897879,75.25538745541269,0.004479813344756364,0.060876623376623376,32.101638189242415,162.25340019801274
457,abundant,107.0480186898535,99.54605809030713,51.55237957051579,0.25723963525579874,6.617962385453292,7809.735209079445,2.766767992746403,19,11,13,16,0,0.3566630124685936,0.6296864916936198,0.003150578246622256,0.27779743715587085,99.65596861775225,75.24860003223644,0.004484260756122787,0.060876623376623376,32.101638189242415,181.4844764309082
458,abundant,106.96457621872177,99.50176653281595,51.43936186144157,0.19909725857669053,6.643978393707752,7770.283550510256,2.769441191554088,18,11,14,15,0,0.3450443238012146,0.6290749574733765,0.0035005191406423082,0.2777695395741259,99.65542165832491,75.24104325276403,0.004489219272595735,0.060876623376623376,32.101638189242415,181.7436754829536
459,abundant,106.87422048275482,99.43840900997603,51.3309651451742,0.2717398106090004,6.684532452365841,7709.69941529815,2.7714805555612463,18,12,14,14,0,0.3434524921945662,0.6284651761690446,0.0035005870386471,0.2777416416103265,99.65476029224432,75.23348636980229,0.0044941777160991455,0.060876623376623376,32.101638189242415,178.37217470185573
460,abundant,106.77648319552198,99.3671901963914,51.222959026601146,0.30256303664834666,6.736221700244636,7651.840728359006,2.7729362392237777,17,12,13,15,0,0.35321393524214734,0.6278446455409183,0.003500167880006725,0.2777137472387381,99.65429877955353,75.22593045988356,0.004499135375051528,0.060876623376623376,32.101638189242415,188.74956091583508
461,abundant,106.68001555259961,99.28573806451416,51.10901481799262,0.2920071823530169,6.768354903487586,7600.304722325469,2.773469769900734,17,12,13,15,0,0.3597077833775,0.6272169800813997,0.0035004679355911963,0.2776858506086369,99.65369661563383,75.21837393818836,0.004504093300243641,0.060876623376623376,32.101638189242415,194.44617999295855
462,abundant,106.58131777892144,99.20837869400518,50.99070098756148,0.2940311915885957,6.797629166948113,7537.608202861753,2.777743706450046,16,12,13,15,0,0.3634553035835363,0.6265755540708022,0.0031562436908760877,0.27766074817206743,99.65319111620079,75.21157429587133,0.0045085481457180715,0.060876623376623376,32.101638189242415,181.44894747427395
463,abundant,106.4882238639218,99.1163555953897,50.88244935350723,0.3039461919008308,6.860593212678299,7477.885697491853,2.7792136867552184,17,12,13,15,0,0.36621375927011285,0.6259309335617136,0.003150522361015912,0.27763569233198576,99.65256540776055,75.2047872754147,0.004512994477717459,0.060876623376623376,32.101638189242415,198.32824134974103
464,abundant,106.39078506998939,99.01706206056743,50.780206551092746,0.31788286212632966,6.913590581235214,7417.1145493060685,2.780798045823297,15,12,13,15,0,0.3736705238868958,0.6252958489920671,0.003784035951041859,0.2776054945435364,99.65211282328498,75.19660742563585,0.004518366211232459,0.060876623376623376,32.101638189242415,199.47265479387184
465,abundant,106.29572649578049,98.9048169698911,50.67370625427782,0.3359546403421948,6.937522671123682,7357.922569308263,2.781942015936438,16,12,13,15,0,0.380714388259822,0.624645077212679,0.00350050170348691,0.2775775983460189,99.65157545664175,75.18905102111714,0.004523323518033294,0.060876623376623376,32.101638189242415,207.44370890180772
466,abundant,106.18739592927326,98.79779121813851,50.55439223784615,0.34439458457092065,6.958308985743469,7299.407355807256,2.783222860326117,16,12,13,15,0,0.3847270538275437,0.6239996821588359,0.003850168048827768,0.27754686414298535,99.65117826941608,75.18072586961443,0.0045287915111238706,0.060876623376623376,32.101638189242415,186.31778749446073
467,abundant,106.06898579089561,98.69983327076883,50.43004003048999,0.36716603192074404,6.993628815122899,7231.893689853401,2.7910160074446733,17,12,12,16,0,0.3895902990980923,0.6233489367762826,0.003850140944808128,0.2775161303528733,99.65077763072131,75.1724008299622,0.0045342592747582185,0.060876623376623376,32.101638189242415,182.2627569228831
468,abundant,105.94814231784135,98.60365765145264,50.3001423047593,0.3451112860062817,7.017246324974943,7159.0100645237835,2.801194339656276,16,12,12,16,0,0.3994372542315501,0.6226775627394108,0.003500247956532321,0.27748823678581336,99.65026276864181,75.16484513797074,0.004539215659004837,0.060876623376623376,32.101638189242415,181.59415690612565
469,abundant,105.83176420868804,98.49910874453732,50.17784843624405,0.3075999227080832,6.976243566385653,7095.726843287572,2.804391639517637,15,12,11,17,0,0.4037645569426074,0.6220014256365546,0.003500139635024372,0.2774603442692855,99.64983876396212,75.15728973054298,0.00454417171290132,0.060876623376623376,32.101638189242415,182.96063836399972
470,abundant,105.7186960598428,98.39210590305802,50.05327590110792,0.3063253874099298,6.889466773143546,7025.585556623955,2.8134540607168375,15,12,10,18,0,0.40804638127076,0.6213009805088852,0.0028002104188721948,0.27743813312218496,99.64935760309004,75.1512732685427,0.004548105006367976,0.060876623376623376,32.101638189242415,185.49148538356752
471,abundant,105.62546001905817,98.27019195093644,49.95552874357581,0.31680205971025194,6.816808119278508,6976.640735000266,2.8158367721340105,15,12,13,15,0,0.37918716484107734,0.6206714785006665,0.004200138325232377,0.2774045591293115,99.64896230531394,75.1421788867259,0.0045540834414603115,0.060876623376623376,32.101638189242415,184.77801508289264
472,abundant,105.53414611816588,98.15938820262802,49.86045008038042,0.28006979852402963,6.750125223641203,6939.194982627341,2.8251344418166253,15,12,13,15,0,0.37720857665193175,0.6200441529211187,0.004200137670333273,0.2773709853487309,99.64849566733153,75.13308456241413,0.0045600616680149,0.060876623376623376,32.101638189242415,179.97702289507112
473,abundant,105.44193735360787,98.04787728035322,49.76365650293176,0.2970593196628497,6.7059302427769865,6910.92432822493,2.82835898096183,16,12,13,15,0,0.37376784071533775,0.6194103185479752,0.003832508987266864,0.2773403957665044,99.64807729486249,75.12479858518667,0.0045655025858162964,0.060876623376623376,32.101638189242415,181.20724030610796
474,abundant,105.33923137112359,97.93062166472112,49.666817042951,0.3682970729840239,6.664371916762226,6870.484017921779,2.838406334318695,16,12,13,15,0,0.3820612107594998,0.6187678595639052,0.003850298134479788,0.2773096619813124,99.64762484592349,75.11647354686714,0.00457096930443494,0.060876623376623376,32.101638189242415,183.56392490894888
475,abundant,105.24413344223072,97.80570448482985,49.57114454015688,0.3205027353957265,6.616519055681707,6871.922417651491,2.8419072443158377,15,12,13,15,0,0.38957990814401955,0.6181171299733912,0.003850296730158466,0.2772789283985385,99.64720366031088,75.10814856337778,0.0045764358311885635,0.060876623376623376,32.101638189242415,187.0863006070042
476,abundant,105.13626429713216,97.67256000634949,49.47871548399506,0.3093284855691863,6.58156894213383,6878.236336944323,2.8519282239678128,15,12,14,14,0,0.38237724059507894,0.6174841232778598,0.004200295325832609,0.27724535412300244,99.6467039178753,75.09905410499455,0.004582413511964813,0.060876623376623376,32.101638189242415,184.44731196979217
477,abundant,105.0169149763337,97.60922507177276,49.407547072625206,0.3839249760098747,6.5452962718451175,6900.676696832568,2.854530081448447,15,12,19,9,0,0.2958481842287134,0.6169952985050104,0.005950293921502205,0.2771975756141274,99.6461673420295,75.08611206369538,0.004590947712539545,0.060876623376623376,32.101638189242415,188.19256033762812
478,abundant,104.89848987737699,97.5719448086435,49.336964169874406,0.3499248127653712,6.44686350894622,6907.222302419294,2.8645322401326303,15,12,19,9,0,0.29557687266064037,0.6165165676898287,0.006300133740894771,0.2771469578266091,99.64562613923113,75.0724009305529,0.0045999927286520205,0.060876623376623376,32.101638189242415,166.97340665850066
479,abundant,104.80312431054475,97.55808798077553,49.25086347292809,0.3305409120506248,6.330047715286571,6908.760358367574,2.8770461516228147,15,12,21,7,0,0.2722947106585071,0.616078705443012,0.006845069103846505,0.27709191723145554,99.6450176986517,75.05749176590167,0.004609833574859034,0.060876623376623376,32.101638189242415,167.29543078966088
480,abundant,104.70637666527321,97.5658313109059,49.17723109357577,0.3465500562972019,6.247380932614033,6928.210994068562,2.881378605498709,14,12,21,7,0,0.2545804709539478,0.6156646706330325,0.007000132431065067,0.27703561838477897,99.64440764336005,75.04224177137611,0.0046199006250721205,0.060876623376623376,32.101638189242415,169.64453079671202
481,abundant,104.60777551911053,97.57938490536766,49.11226601205614,0.357521565928771,6.161701321009626,6953.457339043893,2.883397666266557,14,12,21,7,0,0.26008023121645196,0.6152445860684266,0.007000131776147026,0.2769793199228709,99.64381792550712,75.02699188107502,0.004629967324784094,0.060876623376623376,32.101638189242415,167.02498631179807
482,abundant,104.503755805995,97.5996561516813,49.04241970629025,0.3904378989868778,6.084605979292812,6969.058298164331,2.891411401810711,14,12,21,7,0,0.2631714117095156,0.6148308975155461,0.007350000000000001,0.27692018202099533,99.64320710183422,75.0109728552318,0.00464054482832154,0.060876623376623376,32.101638189242415,160.80906450966248
483,abundant,104.38941527555798,97.62424152521035,48.98468785817518,0.41485071054286055,6.012270759801846,6980.702528739792,2.9022376070137486,15,12,21,7,0,0.2668038270227623,0.614407235647303,0.0071365121957895124,0.27686277736410847,99.64258355801611,74.9954233234928,0.004650810061421435,0.060876623376623376,32.101638189242415,158.01566645927505
484,abundant,104.27138299290307,97.66158585007149,48.925284301132265,0.45098606089579063,5.947800466085086,7008.370880274386,2.9044877048214257,15,12,21,7,0,0.26402425625294546,0.6139828116491719,0.007000095848114324,0.27680648036567296,99.64191312845024,74.980173829611,0.004660875635417289,0.060876623376623376,32.101638189242415,159.25452968869882
485,abundant,104.15996757893254,97.72241618327543,48.86192161447482,0.4489306295683779,5.8892954403696525,6996.080458998767,2.8996986478206437,14,12,22,6,0,0.25409088414168846,0.6135791143482067,0.007350095413949098,0.27674734285220465,99.64125104540476,74.9641549089779,0.0046714522051667946,0.060876623376623376,32.101638189242415,156.26464381437785
486,abundant,104.04969267442235,97.80377845503651,48.79589075458071,0.48538891739033135,5.8278286820120275,6960.283710446725,2.900945792595079,14,12,22,6,0,0.2554103842273676,0.6131739655849905,0.007350094979782666,0.27668820573104935,99.64052113304257,74.9481360946129,0.004682028407046357,0.060876623376623376,32.101638189242415,151.37946245761466
487,abundant,103.93611561014409,97.8996258517396,48.72076799962858,0.5227462752068804,5.746112211096242,6911.3794680148785,2.905175958787766,14,12,22,6,0,0.25725044845837564,0.6127539971949861,0.006893110832144511,0.2766327782617644,99.63971642300963,74.93312213512601,0.004691936593241427,0.060876623376623376,32.101638189242415,140.01008213638505
488,abundant,103.81793907570147,97.9949400034304,48.64838089476662,0.5153657172139453,5.656859858912767,6879.780432863568,2.901199407947541,14,12,22,6,0,0.2565664907983146,0.6123279829663316,0.006650318257985792,0.2765793218604718,99.63887995199887,74.91864209023714,0.004701489718314711,0.060876623376623376,32.101638189242415,151.92716460771987
489,abundant,103.71344301277286,98.1031929549146,48.58368674791273,0.4935779533010809,5.587035380782281,6852.530293572665,2.894148066933084,14,12,22,6,0,0.2565221191175902,0.6119020175057079,0.00665031680020124,0.27652586581845984,99.63804000812266,74.9041621426687,0.004711042509558215,0.060876623376623376,32.101638189242415,134.6763770053289
490,abundant,103.61234163025854,98.22402463753289,48.50837237629212,0.5469149241882368,5.517085857608842,6815.822006080198,2.8931699705157246,14,12,22,6,0,0.26088678682805233,0.6114707749266441,0.006633317373113355,0.27647254810053734,99.63714100983232,74.88971966374716,0.0047205701331504216,0.060876623376623376,32.101638189242415,131.60987960963394
491,abundant,103.51349422687515,98.35568734462254,48.42737488779016,0.5752075036668362,5.445631214317901,6770.907767553952,2.8957965756412207,14,12,22,6,0,0.26610084048495164,0.6110244776753275,0.006300488329167407,0.27642193223524414,99.63617099600798,74.87600905128893,0.0047296111666118345,0.060876623376623376,32.101638189242415,129.71256070840863
492,abundant,103.42388089070997,98.48821169856289,48.34131231884512,0.5148239269281886,5.388783152566841,6740.439139365648,2.8909337066169276,14,12,22,6,0,0.2677249215005326,0.61057639387135,0.00630048605975253,0.2763713167077902,99.63521236784035,74.86229853034317,0.004738651882838336,0.060876623376623376,32.101638189242415,130.7934940441726
493,abundant,103.33343810013476,98.62312667557175,48.24648263992763,0.5553345251829199,5.351567119960536,6759.346412506558,2.8922255658695795,14,12,22,6,0,0.2700301516624749,0.6101243798068303,0.006250682225325432,0.27632110574050384,99.63418625403767,74.8486975949521,0.0047476195223405526,0.060876623376623376,32.101638189242415,127.08356536544052
494,abundant,103.24531937355721,98.75496235637686,48.15740758464567,0.5112640616299268,5.328601052704035,6800.099538540424,2.8876898535420685,14,12,22,6,0,0.2720136822032934,0.6096605062685081,0.005905054003624756,0.2762737004848575,99.63316791098255,74.83585665891583,0.00475608189170746,0.060876623376623376,32.101638189242415,138.81420542541758
495,abundant,103.16876197731331,98.89289575195565,48.06468528129585,0.5475349134832003,5.322215885779087,6838.643510575377,2.888959812329223,14,12,22,6,0,0.2697570063937758,0.6091807980700048,0.005250875304635323,0.2762316053793768,99.63219633621854,74.82445411399655,0.00476358821986674,0.060876623376623376,32.101638189242415,123.33147573584715
496,abundant,103.07863767564614,99.01187586772576,47.966530846992015,0.5526058131728535,5.341622402149163,6878.721600931007,2.890733744522422,14,12,22,6,0,0.2541576992018889,0.6087280450953518,0.005600731945329587,0.2761866708060219,99.63122005934595,74.81228242597588,0.004771605423828886,0.060876623376623376,32.101638189242415,127.78460298396661
497,abundant,102.98486776088048,99.12783661226213,47.86243686700991,0.5253820238645627,5.376934907986808,6917.25872843642,2.8832193217313598,14,12,22,6,0,0.25732279273063313,0.6082820056621594,0.005964844243259703,0.2761387810693858,99.63022174117,74.79931025576914,0.004780154313202908,0.060876623376623376,32.101638189242415,129.51875712342422
498,abundant,102.89468070952921,99.23023607899134,47.75724144788194,0.4431171557663998,5.422423542845199,6963.446593313238,2.8746032886066413,15,12,22,6,0,0.25805230108767097,0.6078347659111888,0.005950635008062838,0.27609100695729344,99.62917911125396,74.78636940545196,0.004788682146220248,0.060876623376623376,32.101638189242415,134.81076285033018
499,abundant,102.79502675751675,99.33914799308225,47.653363530954366,0.5091501885826666,5.478221132396077,7009.256184945189,2.8671287233771756,15,12,22,6,0,0.2608889531943639,0.6073942010516272,0.006300463891151886,0.27604039363857574,99.62812471896149,74.77265948279938,0.004797720779018614,0.060876623376623376,32.101638189242415,132.7241727804288
500,abundant,102.69879423161751,99.44796404983471,47.54820258490777,0.483285761246666,5.5490547356871645,7056.440021591217,2.8595817800412147,15,12,22,6,0,0.2641436079690318,0.6069500560059085,0.006300461537401306,0.2759897806500939,99.62707945718549,74.7589496495997,0.004806759094542208,0.060876623376623376,32.101638189242415,131.60116073461396
501,abundant,102.6088747854217,99.55275952035798,47.43903127854463,0.4277018113277399,5.624299929923825,7108.979571966083,2.851481664274971,15,12,22,6,0,0.2670163574257146,0.6065027473514879,0.006300333526707716,0.2759391690077201,99.62599272935809,74.7452401810281,0.004815796909218734,0.060876623376623376,32.101638189242415,130.15857296066133
502,abundant,102.51617543151083,99.65832446015621,47.338002005988905,0.44527638701485145,5.7013356409507,7159.524320869481,2.8441222709331035,15,12,22,6,0,0.2695563648301003,0.6060526446210713,0.006300331103444792,0.27588855769625753,99.62490315090649,74.73153080209232,0.00482483440654734,0.060876623376623376,32.101638189242415,129.80458448239017
503,abundant,102.43550994599018,99.73704158843415,47.22299301504323,0.3915223354283415,5.746699903979195,7199.462391404741,2.836543917656939,16,12,23,5,0,0.2488082531771414,0.6056351579151176,0.00665008473361538,0.27583510780725656,99.62388366284716,74.7170525212256,0.004834382576016972,0.060876623376623376,32.101638189242415,142.24953234710415
504,abundant,102.35356905086239,99.79933409111324,47.11208544089855,0.31411119019617306,5.7833137482155745,7233.242544357745,2.829155716206339,16,12,23,5,0,0.24808714785996205,0.6052070767358583,0.006243381549518362,0.27578495937848635,99.62281520576171,74.70346852600444,0.0048433362253930586,0.060876623376623376,32.101638189242415,154.026970486145
505,abundant,102.2733300784903,99.85475984693525,47.015532220767945,0.38631395609642505,5.805775282235109,7263.403123275893,2.8222888492978875,16,12,24,4,0,0.22873718394263726,0.6048018828993175,0.006300609492719643,0.27573434672957436,99.62170751467332,74.68975878478601,0.004852373173235464,0.060876623376623376,32.101638189242415,146.96753786077437
506,abundant,102.17955346475371,99.90773513449984,46.91899564724796,0.314104244545813,5.810812519699747,7297.301697635412,2.8151565301004884,16,12,25,3,0,0.21660928837723664,0.604419829643154,0.006650605751840358,0.27568089350576275,99.62047248559647,74.67527960059981,0.004861921147716016,0.060876623376623376,32.101638189242415,152.80357530272173
507,abundant,102.07170014370202,99.96566454772513,46.829771825785656,0.40470128487237755,5.835581061924157,7332.9667398148595,2.807710906801503,16,12,25,3,0,0.218239953918705,0.6040359825501499,0.006650602010948954,0.27562744062164096,99.61927934386553,74.66080050842736,0.004871468785210032,0.060876623376623376,32.101638189242415,153.20879774564824
508,abundant,101.9675823183054,100.02675594130099,46.74345916861382,0.36647792162419995,5.881852671495545,7367.630824223699,2.80053223121619,17,12,25,3,0,0.22113818100998328,0.6036646287531888,0.007210650076781178,0.27556944223727337,99.61802789667964,74.64509015028844,0.004881834314827811,0.060876623376623376,32.101638189242415,157.1570256906739
509,abundant,101.86003636581871,100.0789440646897,46.66614771454833,0.3836654475565904,5.909258110606944,7401.556981953887,2.793745774313357,17,12,25,3,0,0.21544722912840636,0.6032840485186931,0.006657561340911891,0.2755159335204012,99.61681797072933,74.63059593437568,0.004891391428403594,0.060876623376623376,32.101638189242415,149.95399517816273
510,abundant,101.75304779970494,100.12367367008076,46.58614841113994,0.3547396704179232,5.90708114794963,7434.097788746483,2.787535834617953,17,12,25,3,0,0.2195904797803374,0.6028889176139318,0.006300665107036469,0.27546532196801643,99.61558283623938,74.61688649017991,0.004900426788943392,0.060876623376623376,32.101638189242415,160.81374448310305
511,abundant,101.64279086290553,100.1751128170965,46.510665791851295,0.38690059787067826,5.935175277852226,7464.99595743823,2.781616681282257,17,12,25,3,0,0.22374624601325052,0.6024892152305231,0.006300660257353563,0.27541471074765844,99.61435167509423,74.60317713592218,0.004909461828675509,0.08116883116883117,32.101638189242415,158.16875736583629
512,abundant,101.53443945339117,100.23108284587217,46.43188580793979,0.35772240708697495,5.962554627022072,7496.820600361076,2.775858890069735,17,12,25,3,0,0.22489746638606006,0.6020784463689126,0.005950655407654654,0.27536694073674955,99.613045128927,74.5902373965163,0.004917985201730073,0.08116883116883117,32.101638189242415,159.0869140907243
513,abundant,101.42391638577281,100.29171763165769,46.34716217248328,0.38944334573660666,5.979137453537374,7527.510787150692,2.770367137178355,17,12,25,3,0,0.22424142789448126,0.6016781989914171,0.006300649756726839,0.2753163301544593,99.61178745141947,74.57652821509565,0.004927019616464373,0.08116883116883117,32.101638189242415,156.12057289572704
514,abundant,101.31099322237303,100.35022292783265,46.251102516804124,0.4033949366617981,5.96808957033522,7558.024235436642,2.764833968595178,17,12,25,3,0,0.22151462404198993,0.6012626632724121,0.005647513122898759,0.27527102123983754,99.61043549200397,74.5642551270889,0.004935099492573644,0.08116883116883117,32.101638189242415,159.63592912260702
515,abundant,101.19597579371933,100.40116893080159,46.15747043309275,0.40138310817292144,5.973096164766548,7588.605077438406,2.7593765699597816,17,12,25,3,0,0.22511188007327929,0.6008516635468075,0.005950833659860062,0.2752232505780191,99.60921714074954,74.55131521136738,0.004943622235871374,0.08116883116883117,32.101638189242415,163.47290585302508
516,abundant,101.08067623192301,100.46017171070801,46.06252862801681,0.43862936931677166,6.011717836292758,7620.466558668522,2.754213675962379,16,12,25,3,0,0.2241602351327095,0.6004515631174654,0.006302708189425766,0.27517262409285054,99.60801463608223,74.53760172224203,0.004952658767792279,0.08116883116883117,32.101638189242415,170.1121179072865
517,abundant,100.9683688419656,100.52620444311363,45.967271717407336,0.4126704373210014,6.046264062710906,7651.328038078071,2.749251294597429,16,12,25,3,0,0.22686364946549267,0.6000586345866259,0.006665052984731494,0.27511905682582893,99.60683567142641,74.52309164651132,0.004962224367431814,0.08116883116883117,32.101638189242415,161.17425723396167
518,abundant,100.85709852290483,100.59707996835938,45.88056065664911,0.4165375167519815,6.0532528490500965,7682.023812891035,2.7443963771846622,16,12,25,3,0,0.22644403502442936,0.5996461655195594,0.005950691837876696,0.2750712882072829,99.60549684257309,74.51015228426282,0.004970745961709714,0.10146103896103895,32.101638189242415,162.98723370900507
519,abundant,100.74883128505537,100.6589435040361,45.796894674873066,0.40060635829466135,6.078736484254337,7711.472559877831,2.739783264638301,16,12,25,3,0,0.22313433636753427,0.599247141143217,0.006300835487925677,0.2750206778047051,99.60422693104937,74.49644315152196,0.004979778815856081,0.10146103896103895,32.101638189242415,163.70766896406886
520,abundant,100.64955251553185,100.72236655600541,45.721887373760765,0.39308187624487095,6.124567908848158,7739.071689129734,2.7353334134878664,16,12,25,3,0,0.22441127037622693,0.598862363386264,0.006859808587880529,0.27496553060941353,99.60292029067543,74.4815051114742,0.004989628009487828,0.10146103896103895,32.101638189242415,161.4103792239211
521,abundant,100.55598280650108,100.7832359928259,45.6666351260851,0.32723831512014556,6.145814854893869,7768.723487683033,2.7309927117393245,16,12,25,3,0,0.2258841615792994,0.5984420312790061,0.005647873945693679,0.2749202207863677,99.60155942005676,74.46923177739734,0.004997706238890161,0.10146103896103895,32.101638189242415,166.21256781430645
522,abundant,100.45748428433254,100.85216468663609,45.5934898448419,0.36654944066495226,6.151277074608894,7797.756233861852,2.729111863967731,16,12,25,3,0,0.22088554326081083,0.5980259122360474,0.00560196623672634,0.2748752838376873,99.60018093549229,74.4570594459585,0.005005717117180757,0.10146103896103895,32.101638189242415,153.96567850108505
523,abundant,100.36658557311989,100.9297742528053,45.5092836370887,0.32603220830049523,6.169591064162837,7826.868272909269,2.7009211352991316,16,12,25,3,0,0.22331552266214336,0.5975972947389281,0.005251056350323267,0.2748331954004377,99.59873267199856,74.44565870730159,0.0050132150421063676,0.10146103896103895,32.101638189242415,158.25869816121144
524,abundant,100.27947754747939,101.015273824893,45.42473919544858,0.3845769541295496,6.169734744730524,7842.069542960904,2.673981069550855,16,13,25,2,0,0.21323425390413253,0.5971993705815246,0.005951197210391735,0.2747854242732585,99.59729670868673,74.43271866552512,0.005021735604248764,0.10146103896103895,32.101638189242415,153.4801623271399
525,abundant,100.19393411330502,101.10111837015282,45.33454095563148,0.4739731428635362,6.137269693948291,7817.261087335486,2.6683837269431527,16,14,25,1,0,0.2006452479427836,0.5967961566317586,0.0052677079632522565,0.27474320117878465,99.59594398444442,74.4212814514863,0.005029257300797086,0.10146103896103895,32.101638189242415,149.28043855546542
526,abundant,100.11827359215219,101.18158666803564,45.245031071500854,0.42705919506263335,6.09697095288636,7774.203979303682,2.673189426467916,15,14,25,1,0,0.19793160890757705,0.5964052618104165,0.005601069587726612,0.2746982724660107,99.59445234909887,74.40911135095511,0.005037265773590079,0.10146103896103895,32.101638189242415,152.7890771920855
527,abundant,100.05302489422982,101.25570910191392,45.16269605681897,0.3372213227745875,6.072218063541892,7720.8699140056415,2.6833044269917807,15,14,25,1,0,0.19731134235730044,0.5960150476360634,0.005601010794282812,0.2746533444792769,99.59304072376734,74.39694144709064,0.005045273882419402,0.10146103896103895,32.101638189242415,165.90241386218963
528,abundant,99.98481745715395,101.33321327075149,45.09543506397813,0.40862398945981154,6.023553064266702,7660.134983757067,2.6975602923722493,15,14,25,1,0,0.19648715105066816,0.5956355442146817,0.005951158741933122,0.27460557466718744,99.59171143215367,74.38400176154012,0.005053793275224981,0.10146103896103895,32.101638189242415,159.98049344851285
529,abundant,99.90668874170163,101.39674125184088,45.049795518605514,0.37657160873157713,5.95934379066195,7600.851053510167,2.7139762045430365,15,14,25,1,0,0.19236644811396397,0.5952485180025147,0.005520602884221161,0.2745612998752956,99.59027097987993,74.37200879234396,0.005061683335182368,0.10146103896103895,32.101638189242415,160.23654170400755
530,abundant,99.82499279595883,101.45256586799931,45.01229545760293,0.353991584207105,5.929316166486918,7540.692074209568,2.731452954932517,15,14,25,1,0,0.18836311009174858,0.5948779411035522,0.005950804362094168,0.274513533472044,99.58896135759373,74.35907003016511,0.0050702016404804,0.10146103896103895,32.101638189242415,172.64186825171282
531,abundant,99.74115949968316,101.50332899489065,44.96599110552049,0.3489455105562467,5.891090364802222,7474.718536721848,2.7514180685118297,15,14,25,1,0,0.1900239448650769,0.5945055664080443,0.005951844422988224,0.2744657589175619,99.5877177269934,74.34612906001526,0.005078721169525803,0.10146103896103895,32.101638189242415,166.7151334462148
532,abundant,99.65986516516378,101.55501488818186,44.912573585495,0.36732793557815563,5.836744256436839,7409.2016211164955,2.772321346527777,15,14,25,1,0,0.19101601315319996,0.5941320727603743,0.005950855957088877,0.27441799266988165,99.58641398500895,74.3331903399769,0.005087238958622316,0.10146103896103895,32.101638189242415,157.59937247594354
533,abundant,99.57089124402326,101.61135488244672,44.86159058271177,0.4406792902013223,5.79460077740759,7345.379512461761,2.794873706190687,15,14,25,1,0,0.19129958046785497,0.5937680752888765,0.006301145250608811,0.27436738346393313,99.58501433421965,74.31948153137391,0.005096268220502816,0.10146103896103895,32.101638189242415,159.32686647798678
534,abundant,99.49649174971402,101.66822122422242,44.80464493208855,0.30579137522591715,5.766886666331293,7281.561380444604,2.817560387984408,15,14,25,1,0,0.1932323618070162,0.5934019498956786,0.00630107874249051,0.27431677510101926,99.58363735426849,74.3057729511286,0.005105297071705142,0.10146103896103895,32.101638189242415,161.00545714862494
535,abundant,99.42629909346945,101.7304749477756,44.74213759872039,0.36482082901097385,5.71652991438997,7217.319859424308,2.8400338082687884,15,14,25,1,0,0.19583956571726696,0.5929894791266506,0.004748312616462499,0.27427877055007777,99.5821520556383,74.29547843839846,0.00511205703637489,0.10146103896103895,32.101638189242415,158.22745184310781
536,abundant,99.35148995393192,101.79297452572148,44.70004135071965,0.4095267043206993,5.668983484196572,7155.699299253145,2.8631335248477625,15,14,25,1,0,0.19589152224316783,0.5926045929233401,0.005735516827039163,0.27423275324719854,99.5808019491161,74.28301346516338,0.005120259060061357,0.10146103896103895,32.101638189242415,152.37150449536117
537,abundant,99.27681331754265,101.84214554444391,44.644281036682536,0.3200206674924741,5.609099044329919,7093.449716995005,2.8854149745278193,15,14,25,1,0,0.18938878885938015,0.5922035061769193,0.0049014614758770905,0.27419350608044785,99.57933469249598,74.27238235789522,0.005127242253907896,0.10146103896103895,32.101638189242415,159.23043971544752
538,abundant,99.19973090642927,101.89177152918113,44.584352947265266,0.33849351708708997,5.542299476655364,7032.2517117466705,2.9073873448157177,14,14,25,1,0,0.19394982374103115,0.5917875957882485,0.004551229194438328,0.2741571018866013,99.57784068103057,74.26252134315622,0.0051337135200451986,0.10146103896103895,32.101638189242415,162.43345725143485
539,abundant,99.12768884593945,101.95220057431749,44.52778880874358,0.3755856319942134,5.4713554973638,6970.982963824521,2.9295505082037154,14,14,25,1,0,0.19201170842936977,0.5913774822261131,0.004682118469174934,0.2741196354670227,99.57639174214641,74.25237259718371,0.005140375789179668,0.10146103896103895,32.101638189242415,156.93055536728875
540,abundant,99.05479215259177,102.00751307529262,44.47042013239612,0.3549287286008082,5.398387938188864,6909.271989208413,2.9519489204147513,14,14,25,1,0,0.19436469293185804,0.5909905109593401,0.005601067694714484,0.2740747102960308,99.57502665757274,74.24020345603553,0.0051483804009931295,0.10146103896103895,32.101638189242415,165.6214968484897
541,abundant,98.99704444971161,102.06876223668469,44.40812494373917,0.3025867062781637,5.342265266286185,6848.5899592888745,2.974639151276433,15,14,25,1,0,0.19218722485175638,0.5905765452278529,0.004551436280347683,0.27403830504941024,99.57352938411445,74.23034215612553,0.005154851235729809,0.10146103896103895,32.101638189242415,167.05065007807383
542,abundant,98.9490367127136,102.1357084738977,44.343196192169316,0.35668543290116805,5.3198653438118075,6787.303345669658,2.9976968373844843,15,14,25,1,0,0.1922089338067911,0.5901625452917904,0.004551067540174879,0.27400190297699184,99.57204443047159,74.22048171603004,0.005161321307063575,0.12175324675324675,32.101638189242415,159.21145126435016
543,abundant,98.91240873745184,102.19462361401705,44.28587002760768,0.23876671787636686,5.326173601248966,6728.848557387668,3.0164107887820255,15,14,25,1,0,0.19119906127406447,0.5897790647425437,0.005601372076964863,0.2739569759496363,99.57065853896057,74.20831207203791,0.005169325636313623,0.12175324675324675,32.101638189242415,158.94601433655515
544,abundant,98.86645042305781,102.2562476163553,44.23682192945925,0.34258915979198035,5.300745417410027,6671.644883032161,3.0323660196701523,15,14,25,1,0,0.19276686069097498,0.5893840507650876,0.005251056046570955,0.2739148926106347,99.56917936824664,74.19691271437291,0.00517681788004272,0.12175324675324675,32.101638189242415,156.80448477745202
545,abundant,98.83649838343922,102.30974556946329,44.17979207586397,0.1914218358738837,5.233372550680779,6614.359022244047,3.0485757484510736,15,14,25,1,0,0.19129926250661736,0.5889808596668784,0.004901360376717576,0.27387564791274677,99.56759583970047,74.18628227585992,0.005183798962370757,0.12175324675324675,32.101638189242415,169.07036448635432
546,abundant,98.79381249937116,102.38037854303279,44.12072081075549,0.3538749894981697,5.175981953268087,6554.744658276693,3.0658135088803613,15,14,25,1,0,0.19102859943514452,0.5885712045094029,0.004659867925115683,0.27383836355752544,99.56602163367388,74.17618284671389,0.005190426984674545,0.12175324675324675,32.101638189242415,145.24878700846165
547,abundant,98.75713551868293,102.45817781867675,44.05857805405359,0.3325277446714335,5.150131342188142,6494.445865104521,3.084498636237531,15,14,25,1,0,0.18663811132017932,0.5881485120881598,0.004021767900321667,0.27380625872136555,99.5644652276831,74.16748642388137,0.005196122520215985,0.12175324675324675,32.101638189242415,141.7790855129298
548,abundant,98.71702291746242,102.54128362354564,43.99481536871641,0.39322442026432447,5.157853249625586,6431.812039736607,3.10425622661022,15,14,25,1,0,0.18982358648032632,0.5877128167535831,0.003682521805417034,0.2737769076400073,99.56294683943018,74.15953592655406,0.005201322223447006,0.12175324675324675,32.101638189242415,145.25722238048107
549,abundant,98.69288615759619,102.62093158928951,43.92932797067375,0.2917780420942883,5.206140788483708,6371.279311692735,3.124035023393537,15,14,25,1,0,0.18982635184195332,0.587301443081544,0.004551261249538611,0.2737405052838069,99.56142128375038,74.1496754095889,0.0052077909642399235,0.12175324675324675,32.101638189242415,159.05636874843648
550,abundant,98.67229414408006,102.70496382225951,43.86359154260475,0.35500629137075623,5.239982358654676,6309.260676005295,3.144614007358223,15,14,25,1,0,0.19432550059230577,0.5868949185146519,0.00490119584855254,0.2737012627619754,99.56001522242825,74.13904556051689,0.0052147707307586035,0.12175324675324675,32.101638189242415,144.71474906716236
551,abundant,98.6639680258792,102.79285059548934,43.80537656913641,0.3561948095714767,5.251950254798548,6245.248591451316,3.1677898507851623,14,14,18,8,0,0.20185311911794662,0.5864313508253991,0.00315966934917383,0.2736761561194039,99.55895145650271,74.13224477889572,0.005219205905208224,0.12175324675324675,32.101638189242415,133.79641521969697
552,abundant,98.6594279826926,102.8804253396393,43.747039704922166,0.3100309739389929,5.2394152383266555,6177.70258699698,3.1940108218472543,14,14,18,8,0,0.20962121534579845,0.5859394037653616,0.0024512956015323743,0.2736567993472543,99.5579025511897,74.12700149796301,0.005222605999952667,0.14204545454545456,32.101638189242415,140.19442721622406
553,abundant,98.66814065010902,102.97729833337641,43.68613466911741,0.35925993180732485,5.238125511823962,6110.648108022731,3.222950305842231,14,14,18,8,0,0.21463823456561007,0.5854517302477893,0.0028010193017799076,0.2736346040112752,99.5568736423685,74.12098931881272,0.005226516918850619,0.14204545454545456,32.101638189242415,135.7573963701772
554,abundant,98.66903556302414,103.07935446087922,43.62474382338657,0.4159504795996849,5.253715172429251,6041.572026490947,3.2544540587087014,14,14,18,8,0,0.21311891343261785,0.5849560932664829,0.00245692226676988,0.2736152017514652,99.55580335951902,74.11573371637408,0.005229924980236523,0.14204545454545456,32.101638189242415,118.25515813840153
555,abundant,98.67698764469665,103.17787118028855,43.5553176011742,0.3657736626685552,5.262004999643784,5970.137739614947,3.288742927718826,14,14,18,8,0,0.22264508450597162,0.5844498074628758,0.0024508496196237795,0.27359584886124166,99.55468428329634,74.11049148696114,0.005233324051223003,0.14204545454545456,32.101638189242415,138.54165072940268
556,abundant,98.69319574571202,103.26825773380888,43.489665969652904,0.3305897214758561,5.257608466556761,5895.807448845175,3.325989220862975,13,14,18,8,0,0.225213562925546,0.583950541472664,0.002802461750226697,0.2735736420781718,99.55369215739134,74.1044762070711,0.005237236705373064,0.14204545454545456,32.101638189242415,134.76919196679387
557,abundant,98.7205454356426,103.35085414493938,43.42701060836104,0.2955423546632885,5.260444795867556,5820.8343237637455,3.3618694711767403,13,14,18,8,0,0.23281288681141402,0.5834428828293876,0.00280126900771832,0.27355144506975937,99.55263551513933,74.09846357489911,0.005241147481086667,0.14204545454545456,32.101638189242415,141.18686394641327
558,abundant,98.73726200627854,103.43835203336248,43.36612686944242,0.3470245259360486,5.218148654931823,5756.580747887419,3.389943762111393,13,14,18,8,0,0.23840045726888243,0.5829388711712469,0.0031510301733931405,0.27352640921920757,99.55163474678406,74.09168196912216,0.005245569117958656,0.14204545454545456,32.101638189242415,136.4722633444208
559,abundant,98.75690192958982,103.51133634200069,43.308204524318874,0.20665902002950876,5.158526840100675,5696.31011868528,3.4180915016539988,13,14,18,8,0,0.24270766621048256,0.5824305055624515,0.00316474371557654,0.27350126218231535,99.55055958510279,74.0848702456575,0.005250010636627994,0.14204545454545456,32.101638189242415,158.63361489288428
560,abundant,98.77189003611767,103.5798589028453,43.258599572793194,0.21641028934887419,5.117889072057136,5633.563590308375,3.4431336052596224,13,14,18,8,0,0.2437668303043674,0.5819107967494471,0.0028012392975189466,0.2734790657777392,99.54947132946977,74.07885777705015,0.005253920925403766,0.14204545454545456,32.101638189242415,151.23854381336704
561,abundant,98.79526905519022,103.64938988018125,43.20423243174214,0.32099652415053676,5.092192418506327,5569.835443197626,3.4681130973011447,13,15,18,7,0,0.2355101228744588,0.5814002242781424,0.002803166566329751,0.2734568538249178,99.54838418614337,74.07284109679956,0.005257833894125031,0.14204545454545456,32.101638189242415,133.7466366603334
562,abundant,98.81718614345188,103.71630370824073,43.15330772799448,0.3040011541163042,5.07110971592699,5507.939302533756,3.4942468153278505,13,15,18,7,0,0.23890310760561909,0.5808858623560774,0.002801124867898173,0.27343465855129756,99.54738149478335,74.06682893454078,0.005261743744084306,0.16233766233766234,32.101638189242415,150.0710922501546
563,abundant,98.85604362296777,103.7763349640533,43.10613277962575,0.27568363196342444,5.057970388638824,5450.1903810067015,3.5184330550053327,13,15,18,7,0,0.24270374213572152,0.5803673193745345,0.0028011119573694227,0.27341246348089665,99.5462886580125,74.0608168273292,0.005265653439425126,0.16233766233766234,32.101638189242415,148.09840607796255
564,abundant,98.88958468947581,103.83147236552676,43.05744810718152,0.21183508193728318,5.033592876330683,5389.168059120355,3.5455765955875185,13,15,18,7,0,0.2501420043448651,0.5798308184552472,0.002451974481860778,0.2733931023917708,99.54513308004526,74.05557237703212,0.005269052913272135,0.16233766233766234,32.101638189242415,148.49937151081966
565,abundant,98.92490013864486,103.88533937280913,43.00288240002953,0.23078335570728603,5.002232010318165,5326.403244039553,3.570879259130845,12,15,18,7,0,0.2509294317240728,0.5793032640465915,0.002802427365740209,0.27337089681798954,99.54398007802105,74.04955742470909,0.0052729642766229145,0.16233766233766234,32.101638189242415,146.45057912148047
566,abundant,98.95896904226126,103.94070622485421,42.95868719652536,0.27358810423418917,5.026712689488114,5266.544321757909,3.598400532989488,12,15,18,7,0,0.2561860674571518,0.578799284768422,0.0038509070011970457,0.27334018102445445,99.54296229827703,74.04123725989383,0.0052784073205730895,0.16233766233766234,32.101638189242415,147.5189910181888
567,abundant,99.00573154133777,103.9866385150768,42.9162571541465,0.2213657648983837,5.061776151560897,5215.140985879021,3.6227100576814357,12,15,18,7,0,0.256688668785671,0.5782849636180314,0.0035012994740558786,0.2733123031102722,99.54196357847341,74.03368580788798,0.005283339403049201,0.16233766233766234,32.101638189242415,140.8206015170568
568,abundant,99.064253159203,104.02305422520028,42.87402553809737,0.22116229002062088,5.0616913263535155,5176.761807910254,3.6522159271137093,12,15,18,7,0,0.2597083134137882,0.57774772368062,0.002801400262276616,0.2732901062994731,99.54084389062538,74.02767322924466,0.005287248769763847,0.16233766233766234,32.101638189242415,166.88294856247924
569,abundant,99.1274442583092,104.04271604854492,42.81633820185516,0.21521481081057803,5.009570902571561,5141.841034648074,3.682679536496907,13,15,17,8,0,0.26083749208654994,0.5772096971549839,0.0028176684164010553,0.2732677775308498,99.53974810835297,74.02162490642155,0.0052911817683206725,0.16233766233766234,32.101638189242415,175.72759347823617
570,abundant,99.17005634186519,104.07220772776171,42.747890101994734,0.13792195702524465,4.918967773984901,5109.92180432297,3.6846677904422167,13,15,17,8,0,0.2652598666221359,0.576666340354939,0.0028010376156917985,0.2732455838452719,99.5387224886931,74.015613174325,0.005295090332913304,0.16233766233766234,32.101638189242415,158.80193186830772
571,abundant,99.22404585568783,104.09753714910255,42.67063064220688,0.1544240361644814,4.836098179356432,5077.209046194614,3.6892973352440244,13,15,17,8,0,0.2676114221007813,0.5761203965230537,0.0028010261580540255,0.2732233903546363,99.53776188147565,74.00960149503358,0.005298998745054769,0.16233766233766234,32.101638189242415,168.74812643925955
572,abundant,99.26776619689238,104.13197052522503,42.597362790252326,0.17590038927539126,4.800281606991923,5044.211280454918,3.70006036097799,13,15,17,8,0,0.27376657787297354,0.5755578819667375,0.0024510242622890607,0.27320403787626446,99.53677306747744,74.00435937718129,0.005302395672839155,0.16233766233766234,32.101638189242415,146.22861007941032
573,abundant,99.31801074578365,104.16791969349215,42.53842815877688,0.15341403791413957,4.78730636726115,5016.821446922942,3.713437045982211,14,15,17,8,0,0.27526029862182,0.5750035219133615,0.0028009383967151323,0.27318184528219863,99.53576555760453,73.99834794074891,0.005306303703109103,0.16233766233766234,32.101638189242415,163.6792255308783
574,abundant,99.38266364096386,104.21270550516138,42.4763185860822,0.22044111319361215,4.795080387585009,4986.598770479366,3.7233805782499694,14,15,17,8,0,0.27871878490126145,0.574445358080142,0.0028009582204238824,0.27315965260962816,99.53470534030285,73.99233648305155,0.005310211626648117,0.16233766233766234,32.101638189242415,159.63674748107596
575,abundant,99.45020397921888,104.26722629637993,42.41620835462006,0.27250583371452425,4.799192220088907,4957.537514383199,3.7361945342304788,14,15,17,8,0,0.2818258308909726,0.5738739803345456,0.002451095299419124,0.2731402998028393,99.53365390649826,73.98709427623903,0.005313608268887508,0.16233766233766234,32.101638189242415,141.20343154924868
576,abundant,99.52481252528821,104.32459032507101,42.36890157721068,0.22742823625748423,4.8304962777420375,4935.012208193701,3.745352555396989,14,15,17,8,0,0.28346863484592577,0.5733087381433125,0.002734760967764086,0.27311864460374186,99.53258419019593,73.98122840709284,0.005317419225393082,0.16233766233766234,32.101638189242415,141.71140563274517
577,abundant,99.60854158406116,104.3876319114861,42.33402099359647,0.2807685777151071,4.877928673787773,4920.911691312598,3.7570489822623223,14,15,17,8,0,0.2876491359386925,0.572730991312554,0.0024524006705071324,0.27309928137390094,99.53157349135793,73.97598337692789,0.005320817524504768,0.16233766233766234,32.101638189242415,140.42444491698592
578,abundant,99.69394705763321,104.441131654674,42.30952645330885,0.2273491205797493,4.918249465119686,4902.543786134651,3.765318120327134,14,15,17,8,0,0.2890568875129416,0.5721516555753999,0.002450958539645813,0.27307992991544927,99.53048781564982,73.97074153534729,0.005324213598685789,0.16233766233766234,32.101638189242415,157.55655306094732
579,abundant,99.7647794950623,104.50886399242776,42.282699850055266,0.263951266741667,4.976455530207984,4888.007011589056,3.773819601037093,15,15,17,8,0,0.2904232497780314,0.5715610132330187,0.002100829727663316,0.2730634204579647,99.52939518804247,73.9662695230216,0.005327098020875834,0.16233766233766234,32.101638189242415,152.21167571687099
580,abundant,99.84110018497185,104.58260309795143,42.26585115561143,0.2886205721426826,4.995470745415571,4886.640029224807,3.7540161211188066,16,15,17,8,0,0.2952737883132047,0.5709846411294751,0.002801037985747528,0.2730412275784183,99.52828859659597,73.96025800925945,0.005331005338938661,0.16233766233766234,32.101638189242415,155.50684989686187
581,abundant,99.91201274343985,104.6648683086903,42.2551608579011,0.3594271931830919,5.0590593468727665,4881.084837413247,3.7375609556138794,16,15,17,8,0,0.2980729912378037,0.5704149825215427,0.0031507743724729213,0.27301619604171046,99.52723425758734,73.95347757199838,0.005335423482078176,0.16233766233766234,32.101638189242415,149.93422694064301
582,abundant,99.97757065832721,104.74008305342682,42.23696974181972,0.2771157526008413,5.169370942470887,4873.533406705625,3.7178940404177268,16,15,14,11,0,0.3025851888132397,0.5698403532734521,0.0031505164144261287,0.27299116675315305,99.52650461441452,73.94669774370684,0.005339841094938933,0.16233766233766234,32.101638189242415,152.25957223959435
583,abundant,100.03422343035591,104.81115020970579,42.2365114263473,0.2501466464232708,5.244004113178027,4866.505286107647,3.701379406677018,16,15,14,11,0,0.30740243740321416,0.5692408282491588,0.002450630601794606,0.2729718184422267,99.52563633168936,73.94145675471464,0.00534323602947744,0.16233766233766234,32.101638189242415,159.2738645848431
584,abundant,100.10011840983725,104.88255098264372,42.235866298040186,0.28144531815256163,5.288992221094263,4856.504668873451,3.6815591129667857,15,15,14,11,0,0.30391470606121146,0.568654964517506,0.002801515893375032,0.2729496221414702,99.52481610671167,73.93544431422951,0.005347143485419893,0.16233766233766234,32.101638189242415,143.71631718621575
585,abundant,100.16476905046612,104.94991438474469,42.2330980792965,0.25772746572429955,5.304554750872867,4846.5818201699,3.665396602709157,15,15,14,11,0,0.3135284351906162,0.5680487093861816,0.0024509338351898237,0.27293027156535477,99.5239759872907,73.93020271165243,0.0053505386094279996,0.16233766233766234,32.101638189242415,173.31419809713475
586,abundant,100.15115698235982,104.97548595841533,42.19286476028687,0.25721517248523984,5.257460309915641,4810.701436228599,3.683272091622787,15,15,0,0,25,0.13584880654540743,0.5731942756989816,0.0,0.2729308149303953,99.5239975060415,73.9303498960866,0.0053503528300627495,0.16233766233766234,32.101638189242415,166.83965216230695
587,abundant,100.12501309986415,104.99476545797589,42.13719561167274,0.2498493024500469,5.221885614904558,4772.17403320958,3.7049101342081667,15,15,0,0,25,0.11733229179836806,0.5783602101780034,0.0,0.27293135829312454,99.52401902483042,73.93049707989472,0.005350167057148059,0.16233766233766234,32.101638189242415,151.43083381978244
588,abundant,100.0917122422611,105.00404380766459,42.07206187140813,0.2140181945497529,5.182505195398457,4734.378993389706,3.726570474641938,15,15,0,0,25,0.11698229230933936,0.5835265296564632,0.0,0.2729319016535423,99.52404054365749,73.93064426307672,0.005349981290683705,0.16233766233766234,32.101638189242415,162.47343271560504
589,abundant,100.05314060297879,105.00305554937344,42.00511255489918,0.1783457420964653,5.144268155060172,4696.42121925424,3.748686544225262,15,15,0,0,25,0.11837503967919187,0.5886913171128161,0.0,0.27293244501164876,99.52406206252269,73.93079144563262,0.005349795530669464,0.16233766233766234,32.101638189242415,164.25979554242977
590,abundant,100.01785763826908,104.99135143718816,41.93756776700331,0.1309452352822585,5.122528187416252,4657.716892925884,3.771193902498175,15,15,0,0,25,0.11831073597448649,0.5938561753032442,0.0,0.2729329883674438,99.52408358142607,73.93093862756244,0.005349609777105112,0.16233766233766234,32.101638189242415,176.74482527123442
591,abundant,99.98876233945681,104.9750605089203,41.87607381062987,0.11201598170423166,5.120026674926235,4618.10278998861,3.781899190331976,15,15,0,0,25,0.11918949339155942,0.5990200668605133,0.0,0.27293353172092744,99.52410510036755,73.93108580886614,0.0053494240299904235,0.16233766233766234,32.101638189242415,170.6842533007113
592,abundant,99.9664434573192,104.95950411038874,41.82288849361804,0.11892097279287028,5.106770213093548,4578.31588425902,3.7823958676852523,15,15,0,0,25,0.11981294298249612,0.6041832726232327,0.0,0.27293407507209977,99.52412661934719,73.93123298954377,0.005349238289325177,0.16233766233766234,32.101638189242415,174.07052247306464
593,abundant,99.94027666672733,104.96345335379014,41.769154438327355,0.22349157749663676,5.080379856082848,4538.775909534132,3.782930485585912,15,15,0,0,25,0.11019509356014696,0.6093570580203165,0.0,0.2729346184209606,99.52414813836495,73.93138016959527,0.005349052555109145,0.16233766233766234,32.101638189242415,164.86806128271684
594,abundant,99.90951122416864,104.97659050779048,41.718477405301485,0.2440070113295763,5.052752733920263,4499.322739664596,3.7834426273396202,15,15,0,0,25,0.1159924913430825,0.614524466279839,0.0,0.27293516176751015,99.52416965742086,73.9315273490207,0.005348866827342108,0.16233766233766234,32.101638189242415,151.4538260571503
595,abundant,99.8756716976507,104.98987007465603,41.685508598399906,0.23596562049636952,5.026665020907428,4459.928753385997,3.783955533164898,15,15,0,0,25,0.11766538050210298,0.6196900343612868,0.0,0.2729357051117483,99.5241911765149,73.93167452782002,0.005348681106023838,0.16233766233766234,32.101638189242415,154.56700491579824
596,abundant,99.82951293496072,104.9976484384498,41.65916871370814,0.213033562420404,5.022467755745579,4420.032505116775,3.784460446014892,15,15,0,0,25,0.11382153228412177,0.6248598306757743,0.0,0.27293624845367503,99.52421269564707,73.93182170599324,0.005348495391154114,0.16233766233766234,32.101638189242415,154.19639778100714
597,abundant,99.7758873035699,104.99975142502646,41.635103628104964,0.212956946159666,5.027665920297866,4380.199359002159,3.784956458184764,16,15,0,0,25,0.11795416744462539,0.6300250810915852,0.0,0.2729367917932904,99.52423421481737,73.93196888354036,0.005348309682732711,0.16233766233766234,32.101638189242415,156.9485021179508
598,abundant,99.71278616581625,105.00167218394749,41.608769237297814,0.22960670228324628,5.025394177014839,4347.356868961244,3.785465187243415,16,15,0,0,25,0.11913467790066648,0.6351890329458945,0.0,0.2729373351305944,99.5242557340258,73.93211606046141,0.005348123980759405,0.16233766233766234,32.101638189242415,159.8474205275641
599,abundant,99.64213668918211,105.00431855046538,41.58057343705612,0.2510747704335275,5.021850919529934,4324.795309102978,3.785952293650272,16,15,0,0,25,0.12024471139252162,0.6403517637633627,0.0,0.27293787846558704,99.52427725327239,73.93226323675634,0.005347938285233973,0.16233766233766234,32.101638189242415,161.6288808541386
600,abundant,99.57109605994435,105.00776087507575,41.54541688131669,0.2600448022059542,5.022380438257106,4302.567355348801,3.786453241477828,16,15,0,0,25,0.11758627774035699,0.6455174188578483,0.0,0.2729384217982682,99.52429877255706,73.93241041242517,0.00534775259615619,0.16233766233766234,32.101638189242415,160.89880844333203
601,abundant,99.50035566726534,105.00684441322196,41.512662745199705,0.2402609043046209,5.031096388578999,4280.051319247519,3.786946729988449,16,15,0,0,25,0.11890538737832264,0.6506816229317322,0.0,0.27293896512863813,99.5243202918799,73.93255758746791,0.005347566913525831,0.16233766233766234,32.101638189242415,161.24976484578278
602,abundant,99.42654841764558,104.99806674833602,41.47646338651083,0.22207532342609318,5.0401878806461555,4257.634464356714,3.787445580073827,16,15,0,0,25,0.1162481526298104,0.6558487499638395,0.0,0.2729395084566966,99.52434181124084,73.93270476188457,0.005347381237342675,0.16233766233766234,32.101638189242415,167.82581561563507
603,abundant,99.35646181901367,104.98402200347434,41.434724617907676,0.21075742756435428,5.038036807754957,4235.668469879376,3.7879162750561344,16,15,0,0,25,0.11883211460995935,0.6610130346377684,0.0,0.27294005178244346,99.5243633200423,73.93285193567503,0.005347195567606496,0.16233766233766234,32.101638189242415,168.25054452298414
604,abundant,99.29105285664662,104.96944033616175,41.38956603043845,0.19636944686633218,5.017195758200228,4213.37663714341,3.7883815644949843,16,15,0,0,25,0.12099662298643618,0.6661749383524833,0.0,0.27294059510587815,99.52438479752097,73.93299910883921,0.0053470099043170715,0.16233766233766234,32.101638189242415,168.49972289780115
605,abundant,99.2341067816538,104.95763027070272,41.34224256597521,0.1797418319960737,4.969248779382186,4191.1549075441435,3.7888243415358893,16,15,0,0,25,0.12117088041021865,0.6713366503840321,0.0,0.27294113842700074,99.52440627503775,73.93314628137709,0.0053468242474741775,0.16233766233766234,32.101638189242415,169.3179564923758
606,abundant,99.18927745240227,104.94487280227058,41.29403510665319,0.15620918018965263,4.9304826205118655,4168.59658610433,3.789244858217438,16,15,0,0,25,0.11921042471125613,0.6765005189168497,0.0,0.272941681745811,99.52442775259264,73.93329345328863,0.005346638597077589,0.16233766233766234,32.101638189242415,169.08871465867625
607,abundant,99.14994069421779,104.93206256632602,41.2531227550749,0.13706791580957248,4.914257704788183,4146.205218337935,3.789654141893841,16,15,0,0,25,0.1212164922691565,0.6816621807753537,0.0,0.2729422250623092,99.52444923018562,73.93344062457386,0.005346452953127083,0.16233766233766234,32.101638189242415,169.6533668992882
608,abundant,99.10964011714393,104.91527782036201,41.21652644028472,0.11416792832782878,4.914040176130867,4123.935664483681,3.790059803179939,16,15,0,0,25,0.11900333060436279,0.6868262771116889,0.0,0.27294276837649517,99.52447070781673,73.93358779523278,0.005346267315622436,0.16233766233766234,32.101638189242415,179.3765480496273
609,abundant,99.05476395182635,104.90547875822877,41.170638426409326,0.17129344912372824,4.90650992461227,4102.605899762908,3.7905193304827276,16,15,0,0,25,0.1147610426829004,0.6919950399647377,0.0,0.272943311688369,99.52449218548594,73.9337349652654,0.005346081684563423,0.16233766233766234,32.101638189242415,168.0738528358932
610,abundant,98.99228162686663,104.90405365483159,41.115382335289226,0.22474942580406168,4.86394527958611,4080.768579341624,3.791003480634649,16,15,0,0,25,0.11675223644256147,0.6971616125046509,0.0,0.2729438549979306,99.52451366319325,73.93388213467169,0.0053458960599498204,0.16233766233766234,32.101638189242415,166.48773024266896
611,abundant,98.92822471750239,104.9118632543122,41.055349857491336,0.2561348056492874,4.813479911924037,4058.355143394023,3.7915045187839005,16,15,0,0,25,0.11882591407541505,0.7023259039991678,0.0,0.2729443983051801,99.52453514093868,73.93402930345168,0.0053457104417814075,0.16233766233766234,32.101638189242415,165.47700878041528
612,abundant,98.8713323298519,104.92726621063068,40.9955829002917,0.2630941579463125,4.768635712760916,4035.686096213336,3.7920187597319734,16,15,0,0,25,0.11863977420978658,0.7074904002475372,0.0,0.27294494161011734,99.52455661872216,73.93417647160534,0.005345524830057956,0.16233766233766234,32.101638189242415,164.66935658021362
613,abundant,98.82909322841064,104.94141017008754,40.944937181794344,0.2209480934354444,4.744381618745399,4012.9026788304036,3.792574190115794,16,15,0,0,25,0.11611868481664586,0.7126576696942388,0.0,0.27294548491274245,99.5245780965438,73.9343236391327,0.005345339224779246,0.16233766233766234,32.101638189242415,155.47789906563952
614,abundant,98.79598337194481,104.94963081043772,40.90045399166131,0.18825296797385788,4.730176203845285,3991.997263493002,3.7931207491544994,16,15,0,0,25,0.11905098492303141,0.7178217136108235,0.0,0.27294602821305536,99.52459957440351,73.93447080603374,0.005345153625945049,0.16233766233766234,32.101638189242415,164.65600964788342
615,abundant,98.76505558618224,104.95332896438292,40.857637566347094,0.1708455323720453,4.706296557509781,3973.399919206102,3.7936558849949593,16,15,0,0,25,0.12056520882634766,0.7229840918811146,0.0,0.272946571511056,99.52462105230133,73.93461797230844,0.005344968033555147,0.16233766233766234,32.101638189242415,163.87636370249598
616,abundant,98.7347863777409,104.95779346664558,40.815414880269074,0.17310997048995802,4.647592250814159,3954.7121740783696,3.794209583832023,16,15,0,0,25,0.12155093965620123,0.7281453858474928,0.0,0.2729471148067446,99.52464253023723,73.93476513795689,0.005344782447609312,0.16233766233766234,32.101638189242415,162.80839775437616
617,abundant,98.70589341577553,104.95898017060783,40.7741150811472,0.16688048452208973,4.595804081192292,3936.7526711296086,3.794759681692999,15,15,0,0,25,0.12232355318215386,0.7333058299389924,0.0,0.27294765810012095,99.52466400821122,73.93491230297897,0.0053445968681073205,0.16233766233766234,32.101638189242415,162.00239476416493
618,abundant,98.67879793592208,104.95630535551302,40.73218650715326,0.15422864391801913,4.578394315861392,3919.281265264799,3.795277634475191,14,15,0,0,25,0.12223238044306894,0.738466374320505,0.0,0.2729482013911852,99.5246854862233,73.93505946737477,0.005344411295048951,0.16233766233766234,32.101638189242415,161.40651003272527
619,abundant,98.65064446120759,104.95085175717934,40.689999884893076,0.14416475386672667,4.570321059713142,3902.0495501972255,3.7957500493636673,14,15,0,0,25,0.12242602159885237,0.7436267056967463,0.0,0.2729487446799372,99.52470696427352,73.93520663114424,0.005344225728433979,0.16233766233766234,32.101638189242415,169.7507732521282
620,abundant,98.61793220356216,104.94985228719793,40.64450898643897,0.16745041819286421,4.559187954832549,3884.9275368872695,3.796237555871646,14,15,0,0,25,0.1207774872235309,0.7487888504608003,0.0,0.272949287966377,99.52472844236179,73.93535379428741,0.005344040168262178,0.16233766233766234,32.101638189242415,169.8969334406163
621,abundant,98.58460779242246,104.95296441861407,40.594392747184564,0.1881035724277229,4.528706484980061,3866.9742876287273,3.79674812652356,14,15,0,0,25,0.12050566947290417,0.7539512942243803,0.0,0.2729498312505047,99.52474992048815,73.93550095680426,0.005343854614533331,0.16233766233766234,32.101638189242415,169.56940932782285
622,abundant,98.55058465358319,104.95609875331915,40.540848656967455,0.18904694935369143,4.487202941674266,3849.7349554880348,3.797256251121786,14,15,0,0,25,0.11951891867014328,0.7591148234138431,0.0,0.2729503745323202,99.52477139865259,73.9356481186948,0.005343669067247206,0.16233766233766234,32.101638189242415,168.27922531019144
623,abundant,98.51378467343642,104.96116895008655,40.48653780443438,0.19388679865212877,4.454819798389641,3831.60905785863,3.797756007548374,14,15,0,0,25,0.11866938692713971,0.7642792870882232,0.0,0.27295091781182346,99.52479287685514,73.93579527995901,0.005343483526403585,0.16233766233766234,32.101638189242415,166.22729817727108
624,abundant,98.47452831876396,104.96300846333534,40.43691474512171,0.18513389104454417,4.424056491767827,3814.08449299277,3.7982585591105478,14,15,0,0,25,0.11946787266161427,0.7694428724282953,0.0,0.27295146108901464,99.52481435509578,73.93594244059693,0.005343297992002242,0.16233766233766234,32.101638189242415,173.8794134155408
625,abundant,98.4304776721527,104.96483608358923,40.39083692220396,0.18722996068714273,4.391581219656184,3798.049911645867,3.7987529297919584,14,15,0,0,25,0.11990111600673506,0.7744041610949846,0.0,0.27295200436389355,99.5248358333745,73.93608960060853,0.005343112464042955,0.16233766233766234,32.101638189242415,173.01886979559285
626,abundant,98.38464149127785,104.97150954719775,40.343081532702705,0.20763018041765885,4.3502451255991,3782.3923331354163,3.7992713769771695,14,15,0,0,25,0.12068370403655213,0.7791340090041162,0.0,0.2729525476364603,99.52485731169128,73.93623675999382,0.005342926942525498,0.16233766233766234,32.101638189242415,155.2950710539655
627,abundant,98.33506628178249,104.9845391826871,40.29576896932079,0.23936903742246304,4.309615074684617,3765.9138443926204,3.7998107818803737,14,15,0,0,25,0.12138006417141312,0.783377184402734,0.0,0.27295309090671493,99.52487879004617,73.9363839187528,0.005342741427449648,0.16233766233766234,32.101638189242415,155.14276110129458
628,abundant,98.28847954676456,105.00192887985588,40.246451127924715,0.24633312147802736,4.291098516491735,3751.7362382584324,3.8003408072615152,14,15,0,0,25,0.12000911870157546,0.7862837595952532,0.0,0.2729536341746573,99.5249002684391,73.93653107688543,0.005342555918815183,0.16233766233766234,32.101638189242415,156.25771016765555
629,abundant,98.24356896706766,105.02294486722312,40.20217600672255,0.25648318090104566,4.279623224829578,3736.341013109195,3.8008443586474763,14,15,0,0,25,0.1209103001644792,0.7882220507394025,0.0,0.2729541774402876,99.52492174687013,73.93667823439179,0.005342370416621878,0.16233766233766234,32.101638189242415,156.69686699469048
630,abundant,98.20034381518744,105.0420628843028,40.16323234427653,0.24305197388992508,4.253914666014819,3719.483819258501,3.8013158543335526,14,15,0,0,25,0.12096871435460044,0.7894205546853931,0.0,0.27295472070360566,99.52494322533924,73.93682539127182,0.005342184920869509,0.16233766233766234,32.101638189242415,155.21507827573674
631,abundant,98.1484350640309,105.06175151352008,40.12336738191992,0.24307016280567237,4.2213948482719745,3702.7044196284405,3.8017812215599296,14,15,0,0,25,0.11815275698481775,0.7902615863465694,0.0,0.2729552639646115,99.52496470384645,73.93697254752554,0.005341999431557855,0.16233766233766234,32.101638189242415,161.9834481842581
632,abundant,98.08393407276517,105.08133550499952,40.07815263375926,0.2852972784701986,4.176333944729658,3686.906518629956,3.8022507450024063,14,15,0,0,25,0.11797541617211675,0.790792439354392,0.0,0.27295580722330515,99.5249861823917,73.93711970315292,0.005341813948686688,0.16233766233766234,32.101638189242415,161.6813530080599
633,abundant,98.01157380598488,105.09978612363025,40.02626823564194,0.30799378413316014,4.15173132648381,3672.0581021344333,3.8026955417682506,14,15,0,0,25,0.11957736334132059,0.7910237328969631,0.0,0.27295635047968675,99.52500766097504,73.93726685815403,0.005341628472255787,0.16233766233766234,32.101638189242415,162.03534347786467
634,abundant,97.93776904238608,105.1182136699027,39.97428415404002,0.30390905970681764,4.132548790816112,3655.472262032359,3.803136721088456,14,15,0,0,25,0.12220103603487273,0.7912117115041444,0.0,0.27295689373375603,99.52502913959646,73.9374140125288,0.005341443002264928,0.16233766233766234,32.101638189242415,161.48088657298973
635,abundant,97.86217893056858,105.1358429730313,39.928380346143015,0.30266876710702206,4.1036896612250136,3641.153196853673,3.8035908758358534,14,15,0,0,25,0.12372259143225565,0.791398016389064,0.0,0.2729574369855133,99.52505061825593,73.93756116627729,0.005341257538713888,0.16233766233766234,32.101638189242415,170.35515140018157
636,abundant,97.79025781816173,105.1526788573871,39.89131214836717,0.28803465776736265,4.100068893142593,3626.198800918959,3.8040430899214557,14,15,0,0,25,0.12290570206560499,0.7915852198022821,0.0,0.27295798023495826,99.5250720969535,73.93770831939945,0.005341072081602443,0.16233766233766234,32.101638189242415,171.67669351153924
637,abundant,97.7187488255522,105.17028735922197,39.865227908229336,0.2883332877482341,4.116737332600016,3615.816715341134,3.8044845065696586,14,15,0,0,25,0.12337629519655224,0.7917719055929456,0.0,0.2729585234820876,99.52509354903258,73.93785547189434,0.005340886630930368,0.16233766233766234,32.101638189242415,163.84554597937955
638,abundant,97.6426457049914,105.19057425124888,39.8406835015648,0.3081039128940595,4.110240387482581,3614.072069383772,3.8049358559173365,14,15,0,0,25,0.12241936904680713,0.7919596441414255,0.0,0.2729590667268993,99.52511498595295,73.93800262376145,0.005340701186697442,0.16233766233766234,32.101638189242415,156.19801889808278
639,abundant,97.56252727008327,105.20642456772732,39.813873425711066,0.31809356149802104,4.10523771705625,3612.337472350002,3.805370563479581,14,15,0,0,25,0.12074273566666327,0.7921492269373165,0.0,0.2729596099693934,99.52513642291142,73.93814977500077,0.00534051574890344,0.16233766233766234,32.101638189242415,158.36210474864455
640,abundant,97.48264152936679,105.21848417069232,39.783744501616084,0.3059326304365374,4.106669810071841,3610.519974803414,3.805828664019589,14,15,0,0,25,0.11990057055229013,0.7923397360811142,0.0,0.2729601532095699,99.52515785990794,73.9382969256123,0.005340330317548139,0.16233766233766234,32.101638189242415,158.92596059710655
641,abundant,97.4088987291262,105.22771472828563,39.75205713500041,0.2841206908302705,4.08683481936564,3608.7536181134783,3.8062844489324834,14,15,0,0,25,0.11972997260022589,0.792530432868668,0.0,0.2729606964474281,99.52517928901776,73.93844407559588,0.005340144892631313,0.16233766233766234,32.101638189242415,168.097892398567
642,abundant,97.33641364481304,105.23215231438249,39.71754963754197,0.2657322983960736,4.093693955079466,3606.94499637228,3.806737082624271,14,15,0,0,25,0.1212544535812137,0.7927194527319533,0.0,0.2729612396829659,99.52520068423625,73.93859122495091,0.005339959474152741,0.16233766233766234,32.101638189242415,167.91027217763448
643,abundant,97.26488328098286,105.23380436207276,39.68401890730954,0.2604030310957286,4.111066389796684,3605.089181813637,3.8071944127305,14,15,0,0,25,0.12214706970655857,0.7929074906584527,0.0,0.272961782916183,99.5252220794928,73.93873837367734,0.0053397740621122,0.16233766233766234,32.101638189242415,177.07367685682274
644,abundant,97.197718415766,105.2395379937849,39.65235467298239,0.25176038750160035,4.109248357395979,3603.250211900733,3.807638608849885,14,15,0,0,25,0.12086959349643744,0.7930969339947926,0.0,0.27296232614707966,99.5252434747874,73.9388855217752,0.005339588656509465,0.16233766233766234,32.101638189242415,177.98857461988706
645,abundant,97.12821825104005,105.24535107802396,39.61204009764791,0.2650126821683681,4.107092869321519,3601.3844499199768,3.808100156578422,14,15,0,0,25,0.11763045517560573,0.7932899402855689,0.0,0.27296286937565567,99.52526487011998,73.93903266924444,0.005339403257344312,0.16233766233766234,32.101638189242415,175.34027378100154
646,abundant,97.06066155716152,105.25121777400477,39.567324657399745,0.26422136471851015,4.106272265523723,3599.597444110441,3.8085512131488097,14,15,0,0,25,0.1204061266530704,0.7934798933109455,0.0,0.27296341260191115,99.52528626549062,73.93917981608512,0.005339217864616518,0.16233766233766234,32.101638189242415,175.1006553077816
647,abundant,96.9975412046591,105.25709873697119,39.52214223891421,0.2528414841742342,4.06432711489791,3597.8063460014528,3.8090099867049005,14,15,0,0,25,0.12073918642025631,0.7936694800721575,0.0,0.27296395582584565,99.52530765297453,73.9393269622971,0.005339032478325861,0.16233766233766234,32.101638189242415,176.23581710630333
648,abundant,96.9395704222897,105.27054671787994,39.47131981320952,0.27777851748607874,4.008112543131547,3596.04695022705,3.8094800430998657,14,15,0,0,25,0.11527324506620414,0.7938650791812044,0.0,0.27296449904745734,99.52532900656713,73.93947410787989,0.005338847098472116,0.16233766233766234,32.101638189242415,173.70145114077235
649,abundant,96.88449875429629,105.29145690934487,39.41268016785722,0.28150503466508536,3.965349986018269,3594.3320206490025,3.8099304442434287,14,15,0,0,25,0.1126670045638134,0.7940635452552403,0.0,0.2729650422667463,99.52535036019775,73.9396212528335,0.00533866172505506,0.16233766233766234,32.101638189242415,171.11754007953925
650,abundant,96.83490903560337,105.31467041102105,39.35110606065466,0.26975084661144344,3.9461850734422095,3592.598931441411,3.8104014090397285,14,15,0,0,25,0.11738605537745302,0.7942568203598988,0.0,0.27296558548371236,99.52537171386635,73.9397683971579,0.005338476358074468,0.16233766233766234,32.101638189242415,170.18115977810058
651,abundant,96.79212422984331,105.33690195064298,39.291159647465065,0.2503516092415084,3.937723569335236,3590.8103548314393,3.810902787035972,14,15,0,0,25,0.12055316903464044,0.794446611651401,0.0,0.27296612869835574,99.52539306757299,73.93991554085314,0.005338290997530117,0.16233766233766234,32.101638189242415,160.4539089036828
652,abundant,96.75741982311786,105.35423931498308,39.233732516101576,0.21897744909743194,3.9381266177174368,3591.196324652723,3.8114337376000145,14,15,0,0,25,0.1213127092315575,0.7946355673302705,0.0,0.2729666719106763,99.5254144213176,73.9400626839192,0.0053381056434217864,0.16233766233766234,32.101638189242415,161.02659771104916
653,abundant,96.73211450640953,105.36959365466069,39.18429280458821,0.1973195278400772,3.9281765037920002,3591.556928738879,3.811980141367536,14,15,0,0,25,0.12199272807673908,0.7948237750853562,0.0,0.272967215120674,99.5254357751002,73.94020982635602,0.005337920295749249,0.16233766233766234,32.101638189242415,169.42718310230384
654,abundant,96.71895000683818,105.38499663094349,39.12944844957553,0.1965951464871807,3.902632681830865,3591.8670168879617,3.81255409799416,14,15,0,0,25,0.11745489546866572,0.7950169743570418,0.0,0.2729677583283486,99.52545711694974,73.94035696816358,0.005337734954512284,0.16233766233766234,32.101638189242415,170.9802429715253
655,abundant,96.71344997042384,105.39547729829712,39.07546681619026,0.17684399867152417,3.890316585144548,3592.1463026284036,3.813145097452926,14,15,0,0,25,0.11993252305011595,0.7952074483287742,0.0,0.2729683015336991,99.5254784288499,73.94050410934162,0.005337549619710668,0.16233766233766234,32.101638189242415,170.55076278142698
656,abundant,96.70875824481334,105.40634985632433,39.02633602250845,0.17364017965709894,3.881343249376252,3592.4825670970604,3.813704180345927,14,15,0,0,25,0.11893889477484967,0.795399015336032,0.0,0.2729688447367256,99.52549974078804,73.94065124989014,0.005337364291344175,0.16233766233766234,32.101638189242415,172.1185957745049
657,abundant,96.70530234931144,105.40962119956052,38.9802777259977,0.12593968322966004,3.8637873698808796,3592.7864823752243,3.8142841028569046,14,15,0,0,25,0.11630028209140197,0.7955934847953509,0.0,0.27296938793742803,99.52552105276416,73.9407983898091,0.005337178969412584,0.16233766233766234,32.101638189242415,175.54832430203425
658,abundant,96.69980818050784,105.41270994879517,38.944569557444595,0.1233679318825636,3.8632009496385846,3593.068103937141,3.8148750387158663,14,15,0,0,25,0.11851586328079504,0.7957855171303161,0.0,0.2729699311358063,99.52554236477827,73.94094552909851,0.005336993653915668,0.16233766233766234,32.101638189242415,175.6239619547148
659,abundant,96.69564659503435,105.41976228864758,38.923984181874744,0.14243245257875123,3.8770791857403992,3593.3762533594854,3.815466124298195,14,15,0,0,25,0.11898972844856268,0.7959770282460038,0.0,0.2729704743318606,99.52556367683036,73.94109266775843,0.005336808344853209,0.16233766233766234,32.101638189242415,178.18186535998683
660,abundant,96.68129102878576,105.43719944384134,38.90918198979376,0.2006758098719164,3.9084563081668664,3593.678180015748,3.81607117149053,14,15,0,0,25,0.11501273829317944,0.7961729140615608,0.0,0.2729710175255908,99.52558498892043,73.94123980578878,0.005336623042224979,0.16233766233766234,32.101638189242415,173.30198165147206
661,abundant,96.6540560025644,105.45849099606639,38.889081225630136,0.23262863500004569,3.933005292797928,3593.9767093714836,3.8166777113402306,14,15,0,0,25,0.11591439118359297,0.7963148544354428,0.0,0.27297156071699646,99.52560629444633,73.94138694318949,0.0053364377460307574,0.16233766233766234,32.101638189242415,159.1680355871734
662,abundant,96.60842356380519,105.4775809596656,38.85864107946433,0.2596495742370012,3.914078810918268,3594.285253680813,3.8172840735895353,14,15,0,0,25,0.11502378993582626,0.7962945280000996,0.0,0.27297210390607485,99.52562756444317,73.9415340799598,0.005336252456270319,0.16233766233766234,32.101638189242415,162.48850870748942
663,abundant,96.5518268505396,105.49212453548594,38.81802824412374,0.27151446719426126,3.90243596227877,3594.630207832837,3.8178831613787327,14,15,0,0,25,0.1157454749778041,0.796273407710758,0.0,0.27297264709282615,99.52564883447799,73.94168121609974,0.005336067172943442,0.16233766233766234,32.101638189242415,164.503745312603
664,abundant,96.49386380031089,105.49975185169299,38.77278217194828,0.2523393233717331,3.9222071060163315,3595.043131842074,3.8184520504190735,14,15,0,0,25,0.11803679157092624,0.7961289990433957,0.0,0.27297319027725014,99.52567010455078,73.94182835160929,0.005335881896049901,0.16233766233766234,32.101638189242415,175.22972884982
665,abundant,96.43511255960401,105.50047217004564,38.730232132913315,0.2336381011412505,3.9334613050587635,3595.4351806797786,3.8190649640824943,14,15,0,0,25,0.12016181668412704,0.7958868207803084,0.0,0.27297373345934695,99.52569137466153,73.94197548648845,0.005335696625589474,0.16233766233766234,32.101638189242415,175.77413381852088
666,abundant,96.36732493507687,105.5021925252195,38.68513434542117,0.2659600854726186,3.9438257171836404,3595.861412102524,3.8196752340806173,14,15,0,0,25,0.11822496074546907,0.7956467730877375,0.0,0.27297427663911655,99.52571264481027,73.94212262073722,0.005335511361561939,0.16233766233766234,32.101638189242415,173.77967227460894
667,abundant,96.29325085941284,105.50778012330052,38.64025366523936,0.29335335067955487,3.9718252906535128,3596.256804107703,3.8202857548686313,13,15,0,0,25,0.11952380933792242,0.7954052966548673,0.0,0.27297481981655897,99.52573391499696,73.94226975435562,0.00533532610396707,0.16233766233766234,32.101638189242415,172.79242815655533
668,abundant,96.21564324887325,105.51553510429255,38.59694867631568,0.3078681009858215,4.000313344784778,3596.6727227260417,3.8208937113963612,13,15,0,0,25,0.120807535145247,0.7951624081639047,0.0,0.2729753629916731,99.52575515249093,73.94241688734334,0.005335140852804642,0.16233766233766234,32.101638189242415,172.62450095965687
669,abundant,96.13580270384298,105.52779878294193,38.552102817877866,0.32654229562285675,3.995779383731039,3597.05501778741,3.821529374737101,13,15,0,0,25,0.12032396193247821,0.7949200513923106,0.0,0.2729759061644588,99.52577638100236,73.94256401970037,0.005334955608074439,0.16233766233766234,32.101638189242415,172.1017778644803
670,abundant,96.05909831539302,105.5357755060372,38.505981193454296,0.30646243414706653,3.971018408064849,3597.431743923502,3.82218410631533,13,15,0,0,25,0.11969847462365335,0.7946783827855199,0.0,0.27297644933491605,99.52579760955173,73.94271115142665,0.0053347703697762296,0.16233766233766234,32.101638189242415,173.17174575220082
671,abundant,95.99067713066384,105.53760612264276,38.46667658349005,0.2608770983399776,3.9697263188081005,3597.789087183366,3.8228487122671972,13,15,0,0,25,0.11831400297865949,0.7944382371683166,0.0,0.27297699250304475,99.52581883813903,73.94285828252218,0.005334585137909796,0.16233766233766234,32.101638189242415,175.65976170656495
672,abundant,95.92901397969997,105.53614018958874,38.43494191329599,0.23270521126613933,3.995348810930691,3598.16065067851,3.823512755412062,13,15,0,0,25,0.11917092727331483,0.7941971488243472,0.0,0.272977535668845,99.52584006676429,73.94300541298699,0.005334399912474912,0.16233766233766234,32.101638189242415,176.2440617067099
673,abundant,95.86755293627354,105.53605172529475,38.41017657517636,0.23432544532095184,4.0280270136441585,3598.5120906345037,3.824181544462022,13,15,0,0,25,0.11995600272115199,0.7939551970310808,0.0,0.27297807883231673,99.52586129542749,73.94315254282108,0.0053342146934713544,0.16233766233766234,32.101638189242415,169.4874701261878
674,abundant,95.80251107608406,105.53744417307814,38.38318443944161,0.2564579752597554,4.061330820584916,3598.8868995693483,3.82484963576238,13,15,0,0,25,0.11899350497058388,0.7937143039891208,0.0,0.27297862199346,99.52588252412863,73.94329967202444,0.0053340294808989,0.16233766233766234,32.101638189242415,172.4429601897056
675,abundant,95.73618518655348,105.53575587031955,38.35201459979398,0.25558955918932036,4.074765286514243,3603.356732418346,3.8255205910364136,13,15,0,0,25,0.12027203038477319,0.7934720044749713,0.0,0.27297916515227477,99.52590375286773,73.94344680059706,0.005333844274757328,0.16233766233766234,32.101638189242415,176.07492255966866
676,abundant,95.67046123659433,105.52856243904475,38.31746685379517,0.2417777655332573,4.081686285663077,3612.0685747505995,3.826169970205908,13,15,0,0,25,0.12051488397254681,0.7932294378976668,0.0,0.27297970830876106,99.52592498164475,73.94359392853896,0.005333659075046412,0.16233766233766234,32.101638189242415,179.48726799402465
677,abundant,95.60591174743607,105.51649232384084,38.281908997911685,0.22890314065426845,4.087765043386609,3618.112170786422,3.82680680759547,13,15,0,0,25,0.12102307884724542,0.7929863122505993,0.0,0.2729802514629189,99.52594621045971,73.94374105585013,0.00533347388176593,0.16233766233766234,32.101638189242415,182.02431016318934
678,abundant,95.54689054720863,105.50822293989131,38.251189569939896,0.20640445299788332,4.103196757514463,3620.2599537049246,3.8274395096829568,13,15,0,0,25,0.11798207685253792,0.7927465317728977,0.0,0.2729807946147481,99.52596743931261,73.94388818253053,0.005333288694915661,0.16233766233766234,32.101638189242415,183.9675841855522
679,abundant,95.49273265999065,105.51040762493535,38.22337516330664,0.20873431393550163,4.136970155240905,3619.415151495268,3.8280565728164584,13,15,0,0,25,0.11800448935616789,0.7925067266832976,0.0,0.27298133776424904,99.52598866820344,73.94403530858025,0.005333103514495376,0.16233766233766234,32.101638189242415,176.66998417563167
680,abundant,95.44077063254014,105.52262103841709,38.19493303088207,0.23645189385191084,4.138231043016495,3620.0078544330318,3.828676407712239,13,15,0,0,25,0.11930907590341307,0.7922654864147872,0.0,0.27298188091142134,99.52600989713223,73.94418243399922,0.005332918340504856,0.16233766233766234,32.101638189242415,177.9293075705074
681,abundant,95.38732938220733,105.5419456888515,38.16154645645287,0.26051748736809655,4.106391725491536,3621.1912303652643,3.8292910941199074,13,15,0,0,25,0.1191115863057314,0.7920244634315136,0.0,0.27298242405626516,99.52603112609891,73.94432955878744,0.005332733172943878,0.16233766233766234,32.101638189242415,170.85351145819018
682,abundant,95.32754391363403,105.56104356325304,38.11666021601874,0.2831875969262324,4.0684513963004685,3622.004905599424,3.829920330895051,13,15,0,0,25,0.11688067035550453,0.7917858944660667,0.0,0.27298296719878057,99.52605235510354,73.94447668294497,0.005332548011812216,0.16233766233766234,32.101638189242415,171.94530686012007
683,abundant,95.26764022924273,105.57828422242044,38.06435726453494,0.2789351425616278,4.057625199236918,3623.8604514372637,3.830558303696277,13,15,0,0,25,0.11650545002596155,0.7915477381244528,0.0,0.27298351033896745,99.52607358414612,73.94462380647174,0.005332362857109648,0.16233766233766234,32.101638189242415,172.1813061946063
684,abundant,95.21154734600402,105.59261654561745,38.019236916202,0.25749842715413107,4.0847897500452355,3626.831202021982,3.831205883533079,13,15,0,0,25,0.1192056186175799,0.7913066114734036,0.0,0.2729840534768255,99.52609480530187,73.94477092936769,0.005332177708835953,0.16233766233766234,32.101638189242415,172.30791060325927
685,abundant,95.1559753003332,105.60454016440875,37.97694732502138,0.25060267193644786,4.1224709678252385,3629.9549234433143,3.831858942396699,13,15,0,0,25,0.12063069068314572,0.7910639174383401,0.0,0.27298459661235275,99.5261159925662,73.94491805163229,0.0053319925669909046,0.16233766233766234,32.101638189242415,172.37911037162095
686,abundant,95.1073797754578,105.62052470203614,37.929946065512596,0.23187570716154193,4.139509738527485,3633.8882859694204,3.832523425447504,13,15,0,0,25,0.11639542940518637,0.7908258821865157,0.0,0.2729851397455494,99.52613717986846,73.94506517326558,0.0053318074315742816,0.16233766233766234,32.101638189242415,182.67444026856123
687,abundant,95.06504144039162,105.63469447340626,37.88446152137664,0.22304188577802345,4.137344592067481,3636.8944221879574,3.833195879199422,13,15,0,0,25,0.11627508735139129,0.7905879793061249,0.0,0.2729856828764138,99.52615833727954,73.94521229426712,0.005331622302585859,0.16233766233766234,32.101638189242415,174.64239911970463
688,abundant,95.03090842826346,105.65112713306158,37.84148878308001,0.21532956050206933,4.124203445440564,3640.222837693291,3.833868401866275,13,15,0,0,25,0.11513689172372439,0.7903513284721992,0.0,0.272986226004945,99.5261794765221,73.94535941463666,0.005331437180025416,0.16233766233766234,32.101638189242415,164.84217514324234
689,abundant,95.00420811235591,105.66283710248459,37.80109624103384,0.18429038804209544,4.116319163173969,3644.0706997210655,3.8345264069103404,13,15,0,0,25,0.11596091893983249,0.7901137711930514,0.0,0.27298676913114234,99.52620058033325,73.945506534374,0.005331252063892728,0.16233766233766234,32.101638189242415,171.85226184458205
690,abundant,94.98195364746081,105.67092169670534,37.76417915770056,0.1620188172199506,4.125023729198442,3647.1265512087703,3.8351993337109596,13,15,0,0,25,0.11759834034135075,0.7898744126933342,0.0,0.27298731225500367,99.5262216494559,73.94565365347859,0.0053310669541875725,0.16233766233766234,32.101638189242415,178.9644112117697
691,abundant,94.9604001815126,105.67527166576949,37.732473629591674,0.15400901253343957,4.156333515870666,3649.4543491871227,3.8358837030115875,13,15,0,0,25,0.11989632397860646,0.7896325265203388,0.0,0.2729878553765286,99.52624271169577,73.94580077195029,0.005330881850909724,0.16233766233766234,32.101638189242415,178.21392756472022
692,abundant,94.93793467073841,105.67712578431046,37.70801601702941,0.15054994024666993,4.1688006482260045,3652.7196839332173,3.8365677077964406,13,15,0,0,25,0.12000604233120779,0.7893905196898555,0.0,0.27298839849571704,99.52626377397348,73.9459478897891,0.0053306967540589605,0.16233766233766234,32.101638189242415,186.48041868197072
693,abundant,94.90494501354927,105.68936828143369,37.67269160587485,0.20713763237871982,4.154962117794125,3654.5791487466267,3.8372672470785085,13,15,0,0,25,0.10908783365298942,0.7891605227949314,0.0,0.27298894161256904,99.52628483628904,73.94609500699502,0.0053305116636350605,0.16233766233766234,32.101638189242415,174.60577610429473
694,abundant,94.86231913380333,105.70439637572501,37.625596573625145,0.24882978296396197,4.128530347120231,3654.2204734394254,3.837951295384209,14,15,0,0,25,0.11283357315697944,0.7889264055410686,0.0,0.27298948472708456,99.52630589864245,73.94624212356806,0.005330326579637801,0.16233766233766234,32.101638189242415,174.6977170919452
695,abundant,94.8165543442408,105.71932385942173,37.57820388434084,0.2516733932078564,4.11859098402849,3652.4440800029915,3.838633899489204,14,15,0,0,25,0.11663713057979105,0.788688104542766,0.0,0.27299002783926374,99.52632696103369,73.94638923950822,0.005330141502066957,0.16233766233766234,32.101638189242415,174.3987225430282
696,abundant,94.77789178139464,105.72884426067601,37.53534573947873,0.20287143775740504,4.127542253433823,3649.1691716273854,3.8393185441555158,14,15,0,0,25,0.11665677630549236,0.7884497816323996,0.0,0.27299057094910645,99.52634802346279,73.94653635481549,0.005329956430922303,0.16233766233766234,32.101638189242415,175.30242159344502
697,abundant,94.74276494744842,105.74510854425485,37.48367791706746,0.2244130327739692,4.1122514693772985,3646.136121447511,3.839987256062147,14,15,0,0,25,0.11686630275164603,0.7882112284735849,0.0,0.27299111405661236,99.52636907800499,73.9466834694898,0.005329771366203623,0.16233766233766234,32.101638189242415,169.11783003790939
698,abundant,94.70649390664047,105.76442972164946,37.428688764782024,0.2323830284425073,4.102681639113783,3641.9054320423893,3.8406625357929896,14,15,0,0,25,0.11922912191001563,0.7879700761758699,0.0,0.27299165716178003,99.5263900986557,73.94683058353071,0.005329586307910688,0.16233766233766234,32.101638189242415,178.5720841995337
699,abundant,94.66599017561995,105.77862597685889,37.36946723461854,0.23303656335773298,4.08549687699043,3637.3152237987524,3.8413425784373834,14,15,0,0,25,0.11680113991351286,0.7877315946455643,0.0,0.27299220026460935,99.52641111934419,73.94697769693823,0.005329401256043277,0.16233766233766234,32.101638189242415,181.5964253536507
700,abundant,94.62904226128423,105.79032781100747,37.30984843799708,0.20393323420042694,4.08266693524676,3632.5396300186258,3.842031523691101,14,15,0,0,25,0.11572267708976125,0.7874942994840992,0.0,0.27299274336510027,99.52643213214579,73.94712480971234,0.005329216210601166,0.16233766233766234,32.101638189242415,184.2891540386533
701,abundant,94.59377214435679,105.80701813734443,37.26117420597328,0.21242366737917842,4.089996824320837,3629.9816941150857,3.8427394138222266,14,15,0,0,25,0.11586912562987928,0.7872568431900419,0.0,0.27299328646325133,99.52645311105587,73.94727192185262,0.005329031171584132,0.16233766233766234,32.101638189242415,178.6737016828099
702,abundant,94.55774702941157,105.82900565462997,37.21933615199284,0.2360491454444614,4.08275082365943,3632.618376662118,3.843470806709888,14,15,0,0,25,0.11905839653020889,0.7870158786351908,0.0,0.2729938295590627,99.52647409000376,73.94741903335915,0.005328846138991954,0.16233766233766234,32.101638189242415,180.19061814213597
703,abundant,94.52181338362473,105.8545097137833,37.19527760679883,0.2397189124296442,4.108523654091172,3634.836069286488,3.844187976969826,14,15,0,0,25,0.12014575356136223,0.7867737180212675,0.0,0.27299437265253385,99.52649505741279,73.94756614423177,0.005328661112824405,0.16233766233766234,32.101638189242415,181.00846490999749
704,abundant,94.47474388020198,105.88707401505523,37.17309993014255,0.28229032290311906,4.145265701878439,3635.7547315269476,3.8448966600742147,14,15,0,0,25,0.11510832936741955,0.7865370986813918,0.0,0.27299491574366347,99.52651599478773,73.94771325447012,0.005328476093081266,0.16233766233766234,32.101638189242415,169.3295480792125
705,abundant,94.42139630538715,105.92393661917598,37.15489251001109,0.31374141185644844,4.170384102206845,3636.9346147005417,3.845624402064831,14,15,0,0,25,0.11888593464911286,0.7862963239422412,0.0,0.2729954588324517,99.52653693220053,73.94786036407424,0.005328291079762311,0.16233766233766234,32.101638189242415,168.73075763966852
706,abundant,94.36656788090093,105.9659633895499,37.14297930450246,0.3313576405877794,4.183214027369754,3638.0553349168476,3.8463480056385313,14,15,0,0,25,0.12080719302304418,0.786053435829104,0.0,0.2729960019188985,99.52655786965103,73.94800747304414,0.005328106072867319,0.16233766233766234,32.101638189242415,159.83616276521056
707,abundant,94.3141668738835,106.01163025140697,37.13750627337397,0.3372415718920831,4.212719363340591,3639.8163178172254,3.847086907842639,14,15,0,0,25,0.12070335145231723,0.7858106618783172,0.0,0.2729965450030038,99.52657880713934,73.94815458137977,0.005327921072396066,0.16233766233766234,32.101638189242415,159.57394996158496
708,abundant,94.26391565804221,106.05301220548145,37.1372767002473,0.3096409858543207,4.242967398483133,3641.7414875432805,3.847819322677189,14,15,0,0,25,0.11866747573786533,0.7855701274954392,0.0,0.2729970880847677,99.52659974466545,73.94830168908118,0.005327736078348328,0.16233766233766234,32.101638189242415,158.17822298064067
709,abundant,94.20620609226161,106.08902084252229,37.13839232801189,0.313835167102961,4.258043456108358,3645.222526611906,3.8485464008616397,14,15,0,0,25,0.11578420726652132,0.7853327645994692,0.0,0.2729976311641902,99.52662068222932,73.94844879614834,0.005327551090723883,0.16233766233766234,32.101638189242415,166.6388657620035
710,abundant,94.13934031955897,106.12391696149442,37.13292844730392,0.3429513240837266,4.27747984177534,3647.4027629775956,3.8492552632207304,14,15,0,0,25,0.11702781274683534,0.785094033704898,0.0,0.2729981742412712,99.52664161983098,73.94859590258129,0.005327366109522508,0.16233766233766234,32.101638189242415,167.0104186906683
711,abundant,94.07397407261995,106.15868497577249,37.11633869496798,0.3475264223672176,4.28689137798416,3650.090147629511,3.849961720657434,14,15,0,0,25,0.11671214861271473,0.7848556500930294,0.0,0.27299871731601005,99.52666253293975,73.94874300837976,0.005327181134743981,0.16233766233766234,32.101638189242415,165.64106353164624
712,abundant,94.01112281777019,106.19360616457534,37.09096656574847,0.3347694229899402,4.295826165007371,3652.097609010045,3.850695978141917,14,15,0,0,25,0.11791080752748062,0.7846159480235856,0.0,0.27299926038840633,99.52668342886531,73.94889011354371,0.0053269961663880774,0.16233766233766234,32.101638189242415,163.8155263151741
713,abundant,93.95343974396015,106.22800383770732,37.059987260990816,0.3180509888624155,4.243212536364231,3654.534604104563,3.8514437987078396,14,15,0,0,25,0.11981112715082762,0.7843741554172563,0.0,0.27299980345846003,99.5267043248286,73.94903721807312,0.005326811204454573,0.16233766233766234,32.101638189242415,171.86551054120824
714,abundant,93.90522317075532,106.26052061669301,37.03113768926729,0.2930128819887351,4.201903685081666,3654.616447835564,3.852195488422588,14,15,0,0,25,0.11972737120501083,0.784132455060991,0.0,0.27300034652617117,99.52672522082965,73.94918432196796,0.005326626248943248,0.16233766233766234,32.101638189242415,171.45293074608438
715,abundant,93.86627959178286,106.28725339380371,36.99954158080477,0.24854789810352748,4.200959668241886,3655.211108251002,3.852958889411688,14,15,0,0,25,0.11761195972524367,0.7838930817221297,0.0,0.27300088959153973,99.52674611686847,73.94933142522827,0.005326441299853878,0.16233766233766234,32.101638189242415,162.55089263330032
716,abundant,93.83779081858597,106.31194847219017,36.972706443884995,0.2233390838850572,4.214162683596628,3653.2812962797398,3.853753143087256,14,15,0,0,25,0.11832568777351793,0.7836529232461308,0.0,0.2730014326545638,99.52676697685968,73.9494785278535,0.0053262563571862395,0.16233766233766234,32.101638189242415,173.39646172580598
717,abundant,93.81119680235926,106.34694809077791,36.94277307835547,0.2504466493827036,4.218373830923123,3649.9292651728247,3.8545573394479824,14,15,0,0,25,0.11441037741734905,0.7834170715658647,0.0,0.27300197571524143,99.52678778957372,73.94962562984315,0.00532607142094011,0.16233766233766234,32.101638189242415,160.72004565972367
718,abundant,93.77964522509225,106.38885075458327,36.90279092373007,0.30369510289412915,4.23133502468726,3645.9801643973333,3.855109577157999,14,15,0,0,25,0.11308943584409344,0.7831826730206822,0.0,0.2730025187735728,99.52680860232549,73.94977273119724,0.0053258864911152675,0.16233766233766234,32.101638189242415,165.773395773658
719,abundant,93.74529810415414,106.43174962835346,36.85520566631383,0.3115123646254791,4.239234481186472,3641.7337133220863,3.854618407142155,14,15,0,0,25,0.11596300363517895,0.7829451135823728,0.0,0.27300306182955775,99.52682941511496,73.94991983191576,0.005325701567711486,0.16233766233766234,32.101638189242415,168.46253706481284
720,abundant,93.71076101521747,106.46894824446704,36.81018175156406,0.28779420527803307,4.227385153780793,3636.733024084737,3.85407533197685,14,15,0,0,25,0.11750787148506106,0.7827058546619454,0.0,0.27300360488319636,99.52685022794212,73.95006693199872,0.0053255166507285455,0.16233766233766234,32.101638189242415,169.61777099726083
721,abundant,93.68412697606018,106.4969029684103,36.770891992424446,0.22577779682595187,4.191185270008215,3631.5036357484714,3.8535227205983316,14,15,0,0,25,0.11495999386676763,0.7824693983449784,0.0,0.27300414793448863,99.52687104080698,73.9502140314461,0.005325331740166222,0.16233766233766234,32.101638189242415,161.78184953203123
722,abundant,93.66162054006664,106.52200237428531,36.74707559667254,0.20845063985023707,4.1597308613037525,3625.958594124306,3.853017300914292,14,15,0,0,25,0.11482980477914029,0.782233085251655,0.0,0.2730046909834346,99.52689185370957,73.95036113025792,0.0053251468360242925,0.16233766233766234,32.101638189242415,170.39689498888646
723,abundant,93.64397698032101,106.54908667307659,36.73975368908092,0.21213301746221394,4.151251389798983,3620.869150337603,3.852487535333541,14,15,0,0,25,0.11613945013521039,0.7819953316485462,0.0,0.2730052340300341,99.52691266664985,73.95050822843415,0.005324961938302534,0.16233766233766234,32.101638189242415,170.00384714495982
724,abundant,93.6285936395628,106.5790297767348,36.74475442847906,0.22366101914441142,4.187546531127847,3621.3964408969987,3.8519759996640723,14,15,0,0,25,0.11684145821743394,0.7817568058271038,0.0,0.27300577707428736,99.52693347962781,73.95065532597482,0.005324777047000725,0.16233766233766234,32.101638189242415,162.14539609339394
725,abundant,93.60985204429291,106.61397853499429,36.75538285238972,0.24424808295586956,4.226025780222436,3621.9135065921,3.851461730741365,14,15,0,0,25,0.11847150950002128,0.7815164869047952,0.0,0.2730063201161942,99.52695429264348,73.95080242287992,0.005324592162118641,0.16233766233766234,32.101638189242415,163.62225734733389
726,abundant,93.58469033828575,106.65563435761521,36.76515104372221,0.2818226376792591,4.259704200169803,3622.43589891641,3.850956455164219,14,15,0,0,25,0.11767555640881537,0.7812770436196085,0.0,0.2730068631557547,99.52697510569683,73.95094951914943,0.0053244072836560585,0.16233766233766234,32.101638189242415,166.19389321024278
727,abundant,93.55359581931089,106.70195202681916,36.766213591638575,0.3039022383200076,4.2955312555895855,3622.9817829514504,3.850465163254292,14,15,0,0,25,0.11638154960499929,0.7810390237611091,0.0,0.2730074061929688,99.5269959187879,73.95109661478338,0.005324222411612756,0.16233766233766234,32.101638189242415,162.1487266275617
728,abundant,93.51207389271848,106.7546366654387,36.7538510735469,0.34305659114258136,4.335465974722434,3623.496938751159,3.8499600909872984,15,15,0,0,25,0.1141259541334548,0.7808034849938696,0.0,0.2730079492278366,99.52701673191665,73.95124370978178,0.00532403754598851,0.16233766233766234,32.101638189242415,158.33448471010053
729,abundant,93.46403755965483,106.8053810666391,36.73087666052175,0.35091528953375456,4.344818067015252,3624.050825104663,3.8494680028803487,15,15,0,0,25,0.11645511140449236,0.7805653840703168,0.0,0.273008492260358,99.52703754508309,73.95139080414458,0.005323852686783099,0.16233766233766234,32.101638189242415,162.4525265625598
730,abundant,93.4106956641315,106.84999719181681,36.70184864963751,0.34093009962154924,4.3334135826654805,3624.6156463483785,3.8489701590756566,15,15,0,0,25,0.11850199082865451,0.780325031642886,0.0,0.27300903529053316,99.52705835828725,73.95153789787184,0.005323667833996298,0.16233766233766234,32.101638189242415,165.55704364084224
731,abundant,93.35755493723673,106.88652964394744,36.67223191011528,0.31943417113004563,4.304659643326728,3625.216105983767,3.848520541116893,15,15,0,0,25,0.11911677569957435,0.78008400295674,0.0,0.2730095783183619,99.52707917152905,73.95168499096353,0.005323482987627885,0.16233766233766234,32.101638189242415,168.49991281448402
732,abundant,93.30955647135337,106.91203932925228,36.64048369318277,0.2803725192720815,4.269279955152595,3625.7752107016277,3.848059175451197,15,15,0,0,25,0.11630829864968231,0.7798460635360291,0.0,0.2730101213438442,99.52709998480859,73.95183208341962,0.005323298147677638,0.16233766233766234,32.101638189242415,171.87760931193571
733,abundant,93.2739271966264,106.92644980105717,36.61139127316651,0.23013291001202563,4.26898057057988,3626.3472951340955,3.8475934247780166,15,15,0,0,25,0.11053636842751535,0.779614473312726,0.0,0.2730106643669803,99.52712079812576,73.95197917524015,0.005323113314145333,0.16233766233766234,32.101638189242415,181.78189725953922
734,abundant,93.24776905273254,106.93672643531072,36.58535377609527,0.17366671019349067,4.285578860944115,3626.9009772677455,3.847144027011144,15,15,0,0,25,0.11294284302538027,0.7793802357478808,0.0,0.27301120738776996,99.52714161148067,73.95212626642513,0.005322928487030748,0.16233766233766234,32.101638189242415,183.2364485590868
735,abundant,93.22772625705207,106.94547443838742,36.5638572923236,0.15937856883901666,4.304248055871996,3627.4421146004024,3.846728899106184,15,15,0,0,25,0.1172286297842822,0.7791412840093613,0.0,0.2730117504062125,99.52716241029917,73.9522733569743,0.00532274366633366,0.16233766233766234,32.101638189242415,165.78048437284076
736,abundant,93.20925810938544,106.95335303203724,36.54669873221032,0.15919560263039545,4.274909636202423,3627.965769063143,3.8463483994915344,15,15,0,0,25,0.11960649155090035,0.7788997166741412,0.0,0.2730122934223064,99.52718318208223,73.95242044688729,0.005322558852053845,0.16233766233766234,32.101638189242415,166.05761327790825
737,abundant,93.19023505980161,106.96095706890478,36.53396595360935,0.16332129707128637,4.240948181833785,3628.4896094497963,3.845965197557212,15,15,0,0,25,0.12046289436525623,0.7786572072820508,0.0,0.2730128364360515,99.52720395390293,73.95256753616405,0.005322374044191082,0.16233766233766234,32.101638189242415,174.61552719102446
738,abundant,93.16830834654033,106.96674074176329,36.52125653335942,0.16477668048042468,4.236266252822866,3629.0271911973978,3.8455461992553834,15,15,0,0,25,0.11972734884318066,0.77841550693694,0.0,0.27301337944744747,99.52722471537496,73.9527146248045,0.005322189242745146,0.16233766233766234,32.101638189242415,182.2790599316376
739,abundant,93.14266117390343,106.97708385185808,36.501608548603045,0.17986584802565025,4.241447626097928,3629.593906803253,3.845149525483666,15,15,0,0,25,0.11811860126920912,0.7781755761652548,0.0,0.27301392245649236,99.52724544531245,73.95286171280809,0.005322004447715815,0.16233766233766234,32.101638189242415,172.33811266418766
740,abundant,93.1122866159768,106.99395821681394,36.47153901389232,0.2087049819541074,4.222191680790354,3630.180298030653,3.844719432793942,15,15,0,0,25,0.11564912105065325,0.7779383618828069,0.0,0.27301446546318375,99.52726613646368,73.95300880017416,0.005321819659102869,0.16233766233766234,32.101638189242415,173.15222843310892
741,abundant,93.07836972534571,107.01477382930304,36.43292069887011,0.2386207146004494,4.173657337044841,3630.774156899839,3.8443169799152326,13,15,0,0,25,0.11661383448458558,0.7777000864160337,0.0,0.2730150084675213,99.52728682441287,73.95315588690265,0.005321634876906082,0.16233766233766234,32.101638189242415,173.35640839189549
742,abundant,93.04586744954106,107.03532536877294,36.39096856518049,0.23406891574108918,4.131608381805446,3631.4072158441704,3.8438853804219324,13,15,0,0,25,0.11827522034893398,0.7774599833277722,0.0,0.2730155514695052,99.52730751008377,73.95330297299357,0.005321450101125231,0.16233766233766234,32.101638189242415,173.96143989592503
743,abundant,93.02277838096813,107.06120252880233,36.352235682826304,0.21801882153595903,4.096265714073139,3632.0565847937614,3.8434600630370634,13,15,0,0,25,0.1145403800116788,0.7772239886917675,0.0,0.2730160944691339,99.52732815645714,73.95345005844655,0.0053212653317600955,0.16233766233766234,32.101638189242415,176.9789211638976
744,abundant,93.01157883149934,107.08299957985678,36.3199144275515,0.18622167451191812,4.0882061177763225,3632.6847525899284,3.8430601871607974,13,15,0,0,25,0.11706761748360957,0.7769852140346167,0.0,0.2730166374664056,99.52734876457394,73.95359714326105,0.005321080568810451,0.16233766233766234,32.101638189242415,177.8621194233861
745,abundant,92.99857688856349,107.1101898176777,36.291385832661426,0.23244152184393582,4.1178586885420385,3633.3015925151267,3.842663127355552,13,15,0,0,25,0.11134248288166367,0.7767527371744827,0.0,0.2730171804613202,99.52736936895896,73.95374422743708,0.005320895812276075,0.16233766233766234,32.101638189242415,175.08499004297406
746,abundant,92.98427682402107,107.13525865986784,36.269533291645104,0.2114235965862332,4.174166975047857,3633.916043781792,3.842221812554805,12,15,0,0,25,0.1147449121507859,0.7765165174618944,0.0,0.2730177234538776,99.52738997338156,73.95389131097461,0.005320711062156747,0.16233766233766234,32.101638189242415,179.10407875213633
747,abundant,92.97773276728762,107.15384878328055,36.252920495003664,0.15443002584498658,4.214638431068927,3634.513745182492,3.841805741608564,12,15,0,0,25,0.1147924830813162,0.77628024541228,0.0,0.27301826644407784,99.52741057784178,73.95403839387365,0.005320526318452241,0.16233766233766234,32.101638189242415,174.37551158674418
748,abundant,92.97839324268907,107.16868478258198,36.24601434760355,0.14136306815855307,4.222227083793257,3635.1183206804562,3.8414078618080785,12,15,0,0,25,0.1191971845148863,0.7760391282816489,0.0,0.2730188094319209,99.5274311823396,73.95418547613417,0.0053203415811623345,0.16233766233766234,32.101638189242415,175.30987333806289
749,abundant,92.98618496543638,107.18109098696065,36.24261630323879,0.13202464256741833,4.181276766277202,3635.7469330890526,3.8410070464898296,12,15,0,0,25,0.12046787375189379,0.7757966133813681,0.0,0.27301935241740677,99.52745178687502,73.95433255775619,0.0053201568502868075,0.16233766233766234,32.101638189242415,184.39619832658795
750,abundant,92.99725164717488,107.1950426772313,36.23315893448226,0.1447018296311108,4.153684655681866,3636.3422517337167,3.8406377392840163,12,15,0,0,25,0.11891526638348489,0.7755558062762737,0.0,0.27301989540053545,99.52747239144803,73.9544796387397,0.005319972125825435,0.16233766233766234,32.101638189242415,176.22914013750898
751,abundant,93.00973800469379,107.21268876663103,36.21182217542859,0.15720756955056378,4.134381756715972,3636.949220841183,3.840293543152601,12,15,0,0,25,0.11621206321775757,0.775317972791281,0.0,0.273020438381307,99.52749299605864,73.95462671908473,0.005319787407777995,0.16233766233766234,32.101638189242415,176.67643358171983
752,abundant,93.01997435259122,107.22299151966232,36.181824924443944,0.13266446805938223,4.153995184468317,3637.5824495169436,3.839984906806787,12,15,0,0,25,0.11492581781469094,0.7750815541667716,0.0,0.2730209813597213,99.52751360070684,73.95477379879122,0.005319602696144264,0.16233766233766234,32.101638189242415,166.1744135745412
753,abundant,93.02924544240416,107.22685692118094,36.15424479203565,0.10750589768972428,4.19236214582463,3638.191437971087,3.8396698722943343,12,15,0,0,25,0.11750452929480795,0.7748422989869328,0.0,0.27302152433577853,99.52753420539263,73.95492087785925,0.0053194179909240216,0.16233766233766234,32.101638189242415,166.5762241889102
754,abundant,93.03093253447967,107.2269861558784,36.11906210096881,0.08603164079935376,4.22412905914736,3638.785809813213,3.839328368043538,12,15,0,0,25,0.11379125306454327,0.7746071284327494,0.0,0.27302206730947853,99.52755481011602,73.95506795628877,0.005319233292117042,0.16233766233766234,32.101638189242415,176.17074915869392
755,abundant,93.03147260418324,107.22683636967383,36.079847017093286,0.09612692127592203,4.237452221761137,3639.3824321840075,3.839010461842626,12,15,0,0,25,0.1159683067538684,0.7743695630858988,0.0,0.2730226102808214,99.52757541487698,73.95521503407979,0.005319048599723105,0.16233766233766234,32.101638189242415,170.45913528216894
756,abundant,93.028400326355,107.23049106718261,36.03996481901601,0.11678859565988971,4.213600555649902,3641.790906761038,3.8386597884394904,12,15,0,0,25,0.11719127747372707,0.774130652462259,0.0,0.2730231532498071,99.52759601967553,73.9553621112323,0.0053188639137419875,0.16233766233766234,32.101638189242415,174.48980849120713
757,abundant,93.0174789430911,107.23776581876068,35.99952293154203,0.14900845253831665,4.151488240066444,3644.1824182976197,3.8383278636405986,12,15,0,0,25,0.11606205905292477,0.7738929839103642,0.0,0.27302369621643535,99.52761658561859,73.95550918774626,0.005318679234173465,0.16233766233766234,32.101638189242415,179.51957822011917
758,abundant,93.00190552752072,107.24767923192428,35.96007192816222,0.16902325407222119,4.088778436261799,3646.5832082632114,3.838008816108844,12,15,0,0,25,0.11734978790786621,0.7736538987524846,0.0,0.2730242391807062,99.5276371485318,73.95565626362163,0.005318494561017318,0.16233766233766234,32.101638189242415,174.75165801605166
759,abundant,92.9726130199074,107.25695337484883,35.91546258430309,0.1985067533540737,4.053071003929743,3648.9773559436508,3.8376540184515973,12,15,0,0,25,0.11582416182799826,0.7734164918919469,0.0,0.27302478214261955,99.52765771148253,73.95580333885844,0.00531830989427332,0.16233766233766234,32.101638189242415,169.09292206250984
760,abundant,92.93341703575142,107.26047702989266,35.86496251450883,0.2163125702478275,4.032483061607208,3651.339666716376,3.8373176911711835,12,15,0,0,25,0.11305291266871956,0.7731821334129616,0.0,0.2730253251021755,99.52767827447086,73.95595041345666,0.005318125233941252,0.16233766233766234,32.101638189242415,170.7432310244181
761,abundant,92.88313772911917,107.2620957254403,35.830678489477954,0.24963307419394198,4.041369574986506,3653.7221243187014,3.83700682775376,12,15,0,0,25,0.11499056123864133,0.7729456434918637,0.0,0.273025868059374,99.52769883749674,73.95609748741633,0.005317940580020888,0.16233766233766234,32.101638189242415,180.07740624171865
762,abundant,92.82967642670974,107.26018217255319,35.80982889164445,0.2614539726589852,4.076587891285267,3656.1190688351926,3.836718814588475,12,15,0,0,25,0.11802093495123259,0.7727058201379782,0.0,0.2730264110142151,99.52771940056022,73.95624456073742,0.00531775593251201,0.16233766233766234,32.101638189242415,180.80132410333061
763,abundant,92.77973300681379,107.25369418482967,35.799597662139654,0.24283101737908494,4.116220162540098,3658.5307067181056,3.8364175763693176,12,15,0,0,25,0.11780376858381562,0.7724662356776726,0.0,0.27302695396669874,99.52773996366123,73.95639163341993,0.00531757129141439,0.16233766233766234,32.101638189242415,181.8113581781144
764,abundant,92.73367629828617,107.24678246552101,35.80214796695283,0.22269190186837853,4.1369040205869725,3660.9367730674276,3.836121197767008,12,15,0,0,25,0.11976283902944598,0.7722244963637955,0.0,0.27302749691682493,99.52776052679984,73.95653870546387,0.005317386656727809,0.16233766233766234,32.101638189242415,182.71759049480823
765,abundant,92.6875216754535,107.24867800928624,35.81231873550248,0.22743782784242475,4.117795753723645,3663.484905697027,3.8358629289233614,12,15,0,0,25,0.11793879102471898,0.7719847633958945,0.0,0.27302803986459373,99.52778108997599,73.95668577686925,0.005317202028452042,0.16233766233766234,32.101638189242415,175.5019183943596
766,abundant,92.63380121603473,107.25988697658518,35.820619848751264,0.27428129588754174,4.109120593358216,3666.1890062651146,3.8356268192467136,12,15,0,0,25,0.11596710185730527,0.7717471993132133,0.0,0.27302858281000447,99.52780164473826,73.95683284763588,0.0053170174065868695,0.16233766233766234,32.101638189242415,167.99540837404214
767,abundant,92.57365345087483,107.27400412094346,35.82357423152284,0.31135072261581564,4.1086538733022895,3668.949604534988,3.8354303737304023,12,15,0,0,25,0.11695809500428403,0.7715085452135735,0.0,0.2730291257530551,99.52782216613546,73.95697991776322,0.005316832791132066,0.16233766233766234,32.101638189242415,169.64257731707212
768,abundant,92.50868910800344,107.29182214860177,35.81275557320079,0.35096086328517606,4.117488490362779,3671.7266768908084,3.8352573126361764,12,15,0,0,25,0.11181905416557977,0.7712755440774421,0.0,0.27302966869374545,99.52784268757023,73.95712698725121,0.0053166481820874105,0.16233766233766234,32.101638189242415,175.97917636638383
769,abundant,92.44090163902001,107.30453771741732,35.790428815249335,0.3350908690506094,4.118288970714387,3674.522939190123,3.8351393827151523,12,15,0,0,25,0.11594704268187046,0.7710380021216772,0.0,0.27303021163207564,99.52786320904255,73.95727405609989,0.00531646357945268,0.16233766233766234,32.101638189242415,176.90925184692367
770,abundant,92.3728268676593,107.31350581244445,35.760239701157005,0.32532032238909725,4.126535134807526,3677.289538749792,3.8350651740873936,12,15,0,0,25,0.11798010591582338,0.7707982236903819,0.0,0.2730307545680456,99.52788373055238,73.95742112430926,0.005316278983227653,0.16233766233766234,32.101638189242415,177.73950051639346
771,abundant,92.31068356937186,107.32004012026498,35.729215710095545,0.3009243982233027,4.1425322326418,3680.0469142212532,3.835000268870672,12,15,0,0,25,0.11941551552992243,0.7705568663421724,0.0,0.2730312975016554,99.5279042520998,73.9575681918793,0.005316094393412104,0.16233766233766234,32.101638189242415,179.51992725844093
772,abundant,92.25690677673427,107.32727695044964,35.69898005302504,0.2669066397291523,4.120444982570576,3682.8319032815343,3.834945833468264,12,15,0,0,25,0.11968791057793995,0.7703152093826283,0.0,0.27303184043290435,99.52792475291615,73.95771525880986,0.005315909810005812,0.16233766233766234,32.101638189242415,181.87455823110847
773,abundant,92.20350749120107,107.3373738850571,35.6651377836553,0.27863116993450115,4.07080463172679,3685.62709450502,3.834911392402676,12,15,0,0,25,0.11836480810493129,0.7700750079456157,0.0,0.2730323833617919,99.52794523288689,73.95786232510076,0.005315725233008556,0.16233766233766234,32.101638189242415,176.46627029627862
774,abundant,92.15459631256624,107.350070353868,35.632028287553304,0.2632175969211494,4.048351302717448,3688.429774053373,3.8348201175769234,12,15,0,0,25,0.11702786635033782,0.7698362769452242,0.0,0.2730329262883181,99.52796571289517,73.95800939075204,0.005315540662420112,0.16233766233766234,32.101638189242415,178.88512619585407
775,abundant,92.10567645278547,107.36906989762801,35.61290648067284,0.2747409966941572,4.079042557427155,3691.211855429923,3.8347524507438617,12,15,0,0,25,0.11719691075509173,0.7695973601175753,0.0,0.27303346921248295,99.52798619294092,73.95815645576367,0.005315356098240258,0.16233766233766234,32.101638189242415,179.21232938949774
776,abundant,92.06350464389446,107.38407075392402,35.60419295509091,0.25332585739369573,4.112178787198526,3693.972091797208,3.834710471685299,12,15,0,0,25,0.11825807497921836,0.7693572759511007,0.0,0.2730340121342863,99.5280066730242,73.95830352013564,0.005315171540468772,0.16233766233766234,32.101638189242415,181.08106802989076
777,abundant,92.0345713472173,107.40358673109067,35.602923606491565,0.20584961654731146,4.088009678074721,3696.683941714058,3.834678605630477,12,15,0,0,25,0.1177252923350572,0.7691177778330562,0.0,0.27303455505372837,99.52802715314498,73.958450583868,0.0053149869891054285,0.16233766233766234,32.101638189242415,184.95288503742253
778,abundant,92.01158930026028,107.43420226623618,35.60956123656965,0.23568394868542794,4.043045587659739,3699.4010135847784,3.8346622866430846,12,15,0,0,25,0.11877344883643688,0.7688771267937908,0.0,0.2730350979708089,99.52804763330327,73.95859764696065,0.005314802444150009,0.16233766233766234,32.101638189242415,167.51708573029754
779,abundant,91.98920000426459,107.47386783029324,35.61408493661259,0.2741066581086284,4.05528707817015,3702.151949422856,3.8346529752833924,12,15,0,0,25,0.11815269605239487,0.7686371586476686,0.0,0.2730356408855282,99.52806811349913,73.95874470941372,0.005314617905602287,0.16233766233766234,32.101638189242415,166.8782875580341
780,abundant,91.96858020734766,107.51719716542247,35.61577384423093,0.28217445567368643,4.100580223214278,3704.8883034942046,3.8346483151516413,12,15,0,0,25,0.11844196082513311,0.7683968722285988,0.0,0.273036183797886,99.52808859373245,73.95889177122713,0.005314433373462046,0.16233766233766234,32.101638189242415,156.32889105773333
781,abundant,91.95040138264376,107.55595389571629,35.61372569111925,0.2606133860895359,4.156738665221751,3707.6702562110077,3.8346623547009275,12,15,0,0,25,0.118850633614155,0.7681561362448545,0.0,0.2730367267078825,99.5281090740033,73.95903883240089,0.005314248847729057,0.16233766233766234,32.101638189242415,155.4789021159213
782,abundant,91.93452566052343,107.58942327914045,35.60872723795201,0.2336822787655007,4.160122168096217,3710.4343592915393,3.8346562336514296,12,15,0,0,25,0.12007462264417448,0.7679140539552194,0.0,0.2730372696155168,99.528129543714,73.95918589293481,0.0053140643284031,0.16233766233766234,32.101638189242415,163.9394720393243
783,abundant,91.92391841248131,107.61798548250033,35.604242625863755,0.20160467048275263,4.157910979151538,3713.161269566066,3.834732654470501,12,15,0,0,25,0.11910884904122691,0.7676730338108089,0.0,0.27303781252078674,99.52814998210131,73.95933295282828,0.005313879815483954,0.16233766233766234,32.101638189242415,163.61826675498327
784,abundant,91.9172271325166,107.64742141377761,35.60453356141399,0.20228365534542667,4.1675603443131335,3715.9042650496704,3.83485839887017,12,15,0,0,25,0.1187366990669662,0.7674324231210673,0.0,0.2730383554236923,99.52817041877638,73.95948001208129,0.0053136953089713964,0.16233766233766234,32.101638189242415,172.50396659820524
785,abundant,91.90425252342666,107.67814935908886,35.60282022832223,0.22981172750375622,4.1653946733819085,3718.651235213212,3.835011306915856,12,15,0,0,25,0.11707905210211718,0.767193635862035,0.0,0.27303889832423206,99.52819081558914,73.95962707069347,0.005313510808865203,0.16233766233766234,32.101638189242415,164.7065221548032
786,abundant,91.88011929326937,107.70402666940235,35.587096795589474,0.2496445893234181,4.15607878806598,3721.398259221227,3.8351596724048913,12,15,0,0,25,0.1149464682439573,0.7669571944743346,0.0,0.273039441222406,99.52821121243933,73.95977412866479,0.005313326315165149,0.16233766233766234,32.101638189242415,164.79097576148175
787,abundant,91.85003064291553,107.72569857118785,35.56622141395593,0.24896729609122725,4.127134077930402,3724.1139563499237,3.8353115503215256,12,15,0,0,25,0.11561707003483254,0.7667200154838715,0.0,0.27303998411821406,99.52823160932702,73.95992118599527,0.005313141827871019,0.16233766233766234,32.101638189242415,171.95306377129452
788,abundant,91.81864008513479,107.73791903317132,35.54259909535665,0.2288558151977813,4.131443912989662,3726.850608203873,3.8354719557537997,12,15,0,0,25,0.11075053378334002,0.7664881896708765,0.0,0.27304052701165626,99.52825200625217,73.96006824268488,0.005312957346982584,0.16233766233766234,32.101638189242415,178.29114864717963
789,abundant,91.79558402471633,107.74626294449433,35.517602065953255,0.18491285105935334,4.115421734478227,3729.5831401612522,3.8356432755526364,12,15,0,0,25,0.11162495896171906,0.7662554020201006,0.0,0.2730410699027327,99.52827240321479,73.96021529873367,0.005312772872499626,0.16233766233766234,32.101638189242415,177.097454337187
790,abundant,91.78199299478536,107.75260487876412,35.49501225247004,0.15621644117869765,4.087895463975554,3732.3026901898847,3.8358565807279628,12,15,0,0,25,0.11307792492195871,0.7660210161862949,0.0,0.2730416127914432,99.52829280021483,73.96036235414158,0.0053125884044219205,0.16233766233766234,32.101638189242415,167.27980155362894
791,abundant,91.77080349437703,107.75410997458059,35.47280140016703,0.14304009950487215,4.075308439530134,3734.983258336826,3.83609716290555,12,15,0,0,25,0.11480687243394291,0.7657847283908724,0.0,0.273042155677788,99.52831319725236,73.96050940890869,0.0053124039427492435,0.16233766233766234,32.101638189242415,175.54553188941787
792,abundant,91.757308501847,107.74875892810446,35.45923676722318,0.13943488231228188,4.046195341509215,3737.6492247671194,3.8362994086228492,12,15,0,0,25,0.11770339761344598,0.7655452543783188,0.0,0.27304269856176694,99.52833359432738,73.96065646303494,0.005312219487481376,0.16233766233766234,32.101638189242415,174.68686509421406
793,abundant,91.73949669984401,107.72699459044637,35.44769093436912,0.16088073004053857,4.025323374220294,3740.32234575817,3.8365372206896122,12,15,0,0,25,0.11390815622756648,0.765309955107503,0.0,0.27304324144338,99.52835399143983,73.96080351652033,0.005312035038618095,0.16233766233766234,32.101638189242415,184.6731310653332
794,abundant,91.72437210731752,107.68771136463779,35.43188349518577,0.1602085347816812,4.044021853100324,3742.947888330069,3.8368201700753106,12,15,0,0,25,0.11176132043834355,0.765077017396069,0.0,0.27304378432262727,99.52837438858974,73.96095056936488,0.005311850596159176,0.16233766233766234,32.101638189242415,194.32772303048782
795,abundant,91.71689214339685,107.6423752459452,35.41711904029611,0.14350752242133596,4.0857025127241755,3745.5456689231432,3.8371099077603112,12,15,0,0,25,0.11317030658550639,0.7648425297682011,0.0,0.27304432719950866,99.5283947857771,73.96109762156858,0.005311666160104399,0.16233766233766234,32.101638189242415,195.30300573762855
796,abundant,91.71799297492537,107.60218663604344,35.39809950710843,0.08501262339108927,4.110773760465969,3748.0950354445667,3.8374041044972813,12,15,0,0,25,0.11288575299617247,0.7646083551128708,0.0,0.2730448700740243,99.52841518300193,73.96124467313145,0.0053114817304535395,0.16233766233766234,32.101638189242415,188.13381036493834
797,abundant,91.7202301120448,107.56689962633497,35.373962194448964,0.0723088557041368,4.1266671723911665,3750.6299236250925,3.837687742838789,12,15,0,0,25,0.11549300894066683,0.7643713124580925,0.0,0.27304541294617407,99.5284355802642,73.96139172405346,0.005311297307206376,0.16233766233766234,32.101638189242415,198.37030054099472
798,abundant,91.71826310896319,107.53124666741117,35.339830816790816,0.10724229952821544,4.154714548943422,3753.1957803101322,3.838001533906839,12,15,0,0,25,0.11555191583816526,0.7641342049496995,0.0,0.273045955815958,99.52845597756394,73.96153877433463,0.005311112890362685,0.16233766233766234,32.101638189242415,200.62392264308488
799,abundant,91.71332999541615,107.49724260497464,35.303527184647955,0.11506733666906101,4.1758782959922645,3755.7445850467193,3.8383305867846027,12,15,0,0,25,0.11837484533086222,0.763893992361071,0.0,0.2730464986833761,99.5284763749011,73.96168582397495,0.005310928479922248,0.16233766233766234,32.101638189242415,193.09230155272002
800,abundant,91.71447216390592,107.46756959204967,35.26672663607382,0.08682063557730924,4.180663278538839,3758.357485893299,3.8386153922121955,12,15,0,0,25,0.11503603228293816,0.7636574523866322,0.0,0.27304704154842846,99.52849677227576,73.96183287297444,0.005310744075884839,0.16233766233766234,32.101638189242415,187.97040204823685
801,abundant,91.71648676970113,107.44409024826413,35.24063721900706,0.07122317357212438,4.1844243544586295,3760.964935167387,3.8389018565385644,12,15,0,0,25,0.1165401959047712,0.763419258033801,0.0,0.27304758441111493,99.52851716968783,73.96197992133308,0.005310559678250237,0.16233766233766234,32.101638189242415,181.74319783861762
802,abundant,91.704486689161,107.43162667630517,35.22007739627116,0.13570373253767923,4.192259581282741,3763.5765878497405,3.8391858515883275,12,15,0,0,25,0.11367444265234136,0.7631842155537008,0.0,0.27304812727143557,99.52853756713735,73.96212696905087,0.005310375287018221,0.16233766233766234,32.101638189242415,175.24559134619
803,abundant,91.67864171750298,107.43009089399266,35.20937692619261,0.20691466124011312,4.200646807289521,3766.187232688346,3.8394843566044323,12,15,0,0,25,0.11154881666218426,0.7629515116198493,0.0,0.2730486701293904,99.52855796462433,73.96227401612781,0.0053101909021885645,0.16233766233766234,32.101638189242415,177.64376549953198
804,abundant,91.64540439869779,107.43505742923367,35.209635628239454,0.2334049662185909,4.19826282274623,3768.785606709338,3.839814179326118,12,15,0,0,25,0.11248786524404308,0.7627177747981027,0.0,0.2730492129849794,99.52857836214875,73.96242106256392,0.005310006523761049,0.16233766233766234,32.101638189242415,162.5961489430595
805,abundant,91.61087654929118,107.44188097888744,35.21620963006934,0.2313663655072917,4.181961224554016,3771.4095378529455,3.840146404117292,12,15,0,0,25,0.11531921023184968,0.7624809235172536,0.0,0.2730497558382024,99.52859874820638,73.96256810835912,0.005309822151735452,0.16233766233766234,32.101638189242415,173.77150787448926
806,abundant,91.57587240552934,107.45199840807156,35.224591616669294,0.23132768418732425,4.169791210570939,3774.0326237331537,3.840434098576321,12,15,0,0,25,0.11656268192791272,0.762242704385834,0.0,0.2730502986890589,99.5286191040499,73.9627151535133,0.005309637786111549,0.16233766233766234,32.101638189242415,175.05988073038708
807,abundant,91.5370804082747,107.46866106008149,35.2275412313961,0.2558987109138891,4.184908436916947,3776.6980796987627,3.8407654303918064,12,15,0,0,25,0.11588557495354013,0.7620052300024435,0.0,0.27305084153754894,99.52863945993086,73.96286219802647,0.00530945342688912,0.16233766233766234,32.101638189242415,176.25593579597108
808,abundant,91.49243109760917,107.49256318680344,35.22227168540106,0.29554086872867197,4.185053869730987,3779.3479132712528,3.841131036441655,12,15,0,0,25,0.11726708803334844,0.7617662360197706,0.0,0.2730513843836725,99.52865981584922,73.96300924189862,0.00530926907406794,0.16233766233766234,32.101638189242415,177.652041025743
809,abundant,91.44289855212642,107.52032966575985,35.21114148000188,0.31401586902297357,4.191346763180211,3782.0275588145378,3.841474286222124,12,15,0,0,25,0.11978475381884275,0.7615244725380336,0.0,0.2730519272274295,99.52868017180501,73.9631562851297,0.0053090847276477905,0.16233766233766234,32.101638189242415,178.53732974896985
810,abundant,91.38897608121508,107.5484270907543,35.19597725062305,0.32581570457802295,4.179128516301295,3784.7267272955505,3.841836933185312,12,15,0,0,25,0.12099101724675494,0.7612813822540134,0.0,0.27305247006881944,99.5287005071891,73.96330332771963,0.005308900387628446,0.16233766233766234,32.101638189242415,170.46918556054652
811,abundant,91.33434462143975,107.57387776624421,35.1781049815202,0.32229780758626125,4.170028101997495,3787.4490432142484,3.8421489072960093,12,15,0,0,25,0.12086181666720619,0.7610384340799694,0.0,0.27305301290784156,99.52872082146857,73.96345036966817,0.005308716054009686,0.16233766233766234,32.101638189242415,170.75166050820368
812,abundant,91.28621957684493,107.59335193619522,35.15805603943453,0.2906703399996579,4.176911460779486,3790.1835387945757,3.842463030559131,12,15,0,0,25,0.11905615486975822,0.760797472104945,0.0,0.2730535557444959,99.52874113578544,73.96359741097534,0.005308531726791287,0.16233766233766234,32.101638189242415,171.80642629797882
813,abundant,91.24767786614856,107.60903704569401,35.13777889856682,0.2467932838700571,4.174881146619657,3792.941668379972,3.842021019058335,12,15,0,0,25,0.11786696411341535,0.7605578182146775,0.0,0.2730540985787825,99.52876145013973,73.96374445164112,0.005308347405973029,0.16233766233766234,32.101638189242415,172.47131391470734
814,abundant,91.21402892077268,107.61634675669079,35.12400627002002,0.22189047886139712,4.1699383885684735,3796.7245712850636,3.8409011942685245,12,15,0,0,25,0.11953397205665875,0.7603163305996453,0.0,0.27305464141070124,99.52878176453139,73.96389149166552,0.005308163091554687,0.16233766233766234,32.101638189242415,189.88985809057036
815,abundant,91.1803855047518,107.61741397786572,35.11855005961071,0.2191080689451833,4.197157126272048,3801.6079911653287,3.839762429402399,12,15,0,0,25,0.12029386567484215,0.7600740070253578,0.0,0.27305518424025105,99.52880206271776,73.96403853104823,0.005307978783536041,0.16233766233766234,32.101638189242415,188.9411426093057
816,abundant,91.14540848745557,107.61653527450578,35.11699474119844,0.2240963004726443,4.209329257211013,3806.473181384339,3.8386500067275064,12,15,0,0,25,0.11981712782424359,0.7598322079121926,0.0,0.2730557270674298,99.52882233563963,73.9641855697887,0.005307794481916867,0.16233766233766234,32.101638189242415,179.38190317331578
817,abundant,91.11472495849098,107.61977485798452,35.1147781705774,0.20840475706567776,4.199617432599377,3811.3755294796247,3.837523046488147,12,15,0,0,25,0.11885671108246021,0.7595914653550455,0.0,0.2730562698922378,99.52884260859886,73.96433260788697,0.005307610186696944,0.16233766233766234,32.101638189242415,179.13316419232896
818,abundant,91.08826872344869,107.63075049808387,35.11239186185526,0.20378164178817348,4.198047693723647,3816.278695071407,3.8363979116659435,12,15,0,0,25,0.1182907371424982,0.7593513453866406,0.0,0.27305681271467475,99.52886288159547,73.96447964534299,0.005307425897876051,0.16233766233766234,32.101638189242415,179.56638669485406
819,abundant,91.06793658158178,107.64084939168364,35.10321150768162,0.19224073574688547,4.236416211203732,3821.210027389505,3.8352442017456063,12,15,0,0,25,0.11525846186620167,0.759114560817508,0.0,0.27305735553474036,99.52888314670467,73.96462668215665,0.005307241615453962,0.16233766233766234,32.101638189242415,171.63380148141465
820,abundant,91.04774401833525,107.65693034949986,35.09407588004997,0.20512082424202244,4.284671157370302,3826.090215841272,3.8341140037840145,12,15,0,0,25,0.11709736711453625,0.7588757535210997,0.0,0.2730578983524326,99.52890337792192,73.96477371832745,0.005307057339430459,0.16233766233766234,32.101638189242415,174.17652867327024
821,abundant,91.02534020066416,107.67659017506591,35.086754762490884,0.21843122898653403,4.2512304515267845,3831.0144909469163,3.832980933745193,12,15,0,0,25,0.11754012616650847,0.7586364592514819,0.0,0.27305844116775146,99.52892360917647,73.96492075385535,0.005306873069805316,0.16233766233766234,32.101638189242415,166.9179335268208
822,abundant,91.00432240517186,107.69402959604903,35.07839407228492,0.21586139487209116,4.194238881658814,3835.901609067052,3.8318950691895908,12,15,0,0,25,0.11652787628401347,0.7583982783251038,0.0,0.27305898398069683,99.52894384046843,73.96506778874031,0.005306688806578314,0.16233766233766234,32.101638189242415,168.97010537446818
823,abundant,90.98417322352923,107.70786199588073,35.07013409076169,0.2026069164502437,4.167404470721334,3840.8254075131845,3.8307397439582047,12,15,0,0,25,0.11265464576905262,0.7581643578544219,0.0,0.27305952679126894,99.52896407179772,73.96521482298243,0.00530650454974923,0.16233766233766234,32.101638189242415,177.59655967968004
824,abundant,90.97341789493613,107.71950901031155,35.056592138495844,0.15087296502174136,4.177798736022369,3845.751831266236,3.829577399098459,12,15,0,0,25,0.1102945793215065,0.7579330335933855,0.0,0.27306006959946755,99.52898430316431,73.96536185658162,0.00530632029931784,0.16233766233766234,32.101638189242415,181.21612156530878
825,abundant,90.9644148455323,107.72746578118651,35.0407959316049,0.14701329664568993,4.196252463119377,3850.671002232106,3.828409845109752,12,15,0,0,25,0.11526147034906471,0.7576962457336831,0.0,0.27306061240529206,99.52900449480401,73.96550888953772,0.0053061360552839245,0.16233766233766234,32.101638189242415,163.80131514444773
826,abundant,90.94583052091335,107.735180096513,35.014237188620065,0.20096661311218925,4.198941290401557,3855.5752333999626,3.8272604845598486,12,15,0,0,25,0.1130500497044437,0.7574618905313025,0.0,0.27306115520874236,99.52902468439036,73.96565592185071,0.0053059518176472595,0.16233766233766234,32.101638189242415,167.58224349966946
827,abundant,90.9239057098684,107.73564362421646,34.97995061423952,0.1965997893760009,4.209728589433747,3860.473058027037,3.8261037524744745,12,15,0,0,25,0.11445138708714434,0.7572259938817381,0.0,0.27306169800981855,99.52904487401408,73.96580295352062,0.005305767586407625,0.16233766233766234,32.101638189242415,177.65032200773302
828,abundant,90.9046291902848,107.72283461704922,34.944513840299706,0.17182617988778193,4.2298554487268145,3865.3847451347538,3.824939337605206,12,15,0,0,25,0.11340592699288043,0.7569912470620819,0.0,0.27306224080852043,99.52906506367506,73.96594998454738,0.005305583361564796,0.16233766233766234,32.101638189242415,188.39959631980193
829,abundant,90.88489271471809,107.70054749603162,34.91265242577854,0.17272388805581693,4.234655430743318,3870.270798458234,3.8237685140514635,12,15,0,0,25,0.11449316353648431,0.7567553042966362,0.0,0.27306278360484826,99.52908525337342,73.96609701493107,0.005305399143118553,0.16233766233766234,32.101638189242415,198.4566274635403
830,abundant,90.8600941126907,107.66846185110508,34.88742450030383,0.20409941595634354,4.215462612278553,3875.1667085896224,3.8226261598394444,12,15,0,0,25,0.1150744627315512,0.75651872209499,0.0,0.2730633263988019,99.52910544310907,73.96624404467164,0.005305214931068672,0.16233766233766234,32.101638189242415,199.12826899622337
831,abundant,90.83273824960034,107.62963402121514,34.86717231839428,0.22811297102298547,4.171872418169279,3880.0905790095167,3.8214819870573375,12,15,0,0,25,0.11485719367092675,0.7562823789188127,0.0,0.2730638691903813,99.52912563288204,73.96639107376907,0.005305030725414933,0.16233766233766234,32.101638189242415,200.14777660244863
832,abundant,90.80611243156926,107.58465606633209,34.85144012692608,0.23228003510740883,4.138717425313773,3885.011341499725,3.820295542840818,12,15,0,0,25,0.11668363240001747,0.7560440267228151,0.0,0.2730644119795865,99.52914582269234,73.96653810222342,0.00530484652615711,0.16233766233766234,32.101638189242415,200.92474138755728
833,abundant,90.77908284974416,107.53965700082142,34.85189167241096,0.22833423443694378,4.124821128658127,3889.9485269752986,3.8191195584904927,12,15,0,0,25,0.11909743746627788,0.7558030192157503,0.0,0.27306495476641757,99.52916601253996,73.96668513003468,0.005304662333294985,0.16233766233766234,32.101638189242415,200.83684355790655
834,abundant,90.74615818243984,107.50721285704542,34.85112710811277,0.22866940151310544,4.1573097808825175,3894.8428633413278,3.817959518782249,12,15,0,0,25,0.11442767797106879,0.7555671485329774,0.0,0.2730654975508744,99.52918620242488,73.96683215720279,0.005304478146828336,0.16233766233766234,32.101638189242415,190.94986264689018
835,abundant,90.7092609003325,107.48954117827002,34.84995952956094,0.24146048106685875,4.204439226276459,3899.7365676877635,3.8168082111763693,12,15,0,0,25,0.11552154954259967,0.7553300746196534,0.0,0.2730660403329571,99.52920639234712,73.96697918372782,0.0053042939667569365,0.16233766233766234,32.101638189242415,188.98769974652
836,abundant,90.67136977503601,107.48543505336947,34.84919863845626,0.25133432731818345,4.260735420181308,3904.5919131427618,3.815709814251724,12,15,0,0,25,0.11711946254400654,0.7550912429018806,0.0,0.27306658311266563,99.52922658230668,73.96712620960973,0.00530410979308057,0.16233766233766234,32.101638189242415,178.3035292476912
837,abundant,90.63567147792705,107.49171420898399,34.847588657867036,0.2525386367634861,4.269783554279974,3909.449533250274,3.8145816571595175,12,15,0,0,25,0.11867831074571829,0.7548506963826206,0.0,0.2730671258899988,99.5292467564876,73.96727323484824,0.00530392562579901,0.16233766233766234,32.101638189242415,177.57262145108683
838,abundant,90.60644693955436,107.50483394542297,34.84236255736755,0.23981605006808546,4.246343252322843,3914.3391519363577,3.8134195869930707,12,15,0,0,25,0.11913863505900771,0.7546096436740894,0.0,0.27306766866495474,99.52926690497706,73.96742025944279,0.005303741464912037,0.16233766233766234,32.101638189242415,176.06168125281187
839,abundant,90.57733469641236,107.51956856554007,34.82158607390866,0.24865707979866622,4.2069497020385045,3919.203057154089,3.8122894364553392,12,15,0,0,25,0.11032252852160393,0.7543782886031699,0.0,0.27306821143753285,99.52928703432204,73.96756728339324,0.0053035573104194276,0.16233766233766234,32.101638189242415,170.19379991823234
840,abundant,90.5531264954153,107.54653678726064,34.79834910786127,0.25048359285481114,4.231759463338758,3924.0784029773204,3.8111607416181488,12,15,0,0,25,0.10668338392112102,0.7541509367258783,0.0,0.2730687542077323,99.52930714123578,73.96771430669938,0.0053033731623209615,0.16233766233766234,32.101638189242415,166.77921387400966
841,abundant,90.53313938679001,107.58113594540467,34.782292123924094,0.247840820390502,4.238700299155343,3928.950789743547,3.8100297613695178,12,15,0,0,25,0.11496168580929308,0.7539144786581484,0.0,0.27306929697555316,99.52932724818682,73.96786132936121,0.005303189020616415,0.16233766233766234,32.101638189242415,166.59992117118512
842,abundant,90.52346295319313,107.6245715882139,34.774004486581234,0.2417897029029447,4.256798927685473,3933.856576699196,3.8088952450087974,12,15,0,0,25,0.1150582708820044,0.7536779143641865,0.0,0.2730698397409954,99.52934735517508,73.96800835137874,0.005303004885305566,0.16233766233766234,32.101638189242415,165.7056888183529
843,abundant,90.51809613784319,107.66993943045827,34.76353090154486,0.24609175947596135,4.280493579770129,3938.7571095602034,3.8077462892178082,12,15,0,0,25,0.11709788170732054,0.7534391064547066,0.0,0.2730703825040591,99.52936746220061,73.96815537275198,0.005302820756388194,0.16233766233766234,32.101638189242415,155.6741808867302
844,abundant,90.50869019739153,107.7139489581295,34.75042648576636,0.2502004013428839,4.297358919618631,3943.6314893527997,3.8066412428378213,12,15,0,0,25,0.11891258949620327,0.7531983024095488,0.0,0.273070925264744,99.52938756926339,73.96830239348087,0.005302636633864077,0.16233766233766234,32.101638189242415,155.86726248683843
845,abundant,90.49237766331403,107.75568974650491,34.73991691968108,0.2593977474579216,4.286543218841013,3948.5150813292603,3.8055276834688203,12,15,0,0,25,0.11990846481106207,0.7529564028706759,0.0,0.27307146802305043,99.52940767636345,73.96844941356548,0.005302452517732991,0.16233766233766234,32.101638189242415,165.00547879314507
846,abundant,90.47046888980961,107.78909904990519,34.734484613454256,0.2690442864485444,4.26665949237413,3953.504902297682,3.804441535845963,12,15,0,0,25,0.1128974348103958,0.7527222154931685,0.0,0.27307201077897797,99.52942777661244,73.9685964330057,0.005302268407994715,0.16233766233766234,32.101638189242415,166.06012941382104
847,abundant,90.45029831049462,107.81376215964667,34.731538643554096,0.22699377760727177,4.254752651623312,3959.0932742775694,3.8033399349003343,12,15,0,0,25,0.11459151179973312,0.7524861645207577,0.0,0.27307255353252435,99.52944780048126,73.96874345180092,0.005302084304649028,0.16233766233766234,32.101638189242415,183.37378746672806
848,abundant,90.43521414187619,107.83235152586988,34.72934647595834,0.19114572930480003,4.231668076680973,3964.697927230074,3.8021764154216706,12,15,0,0,25,0.11672939996822995,0.7522477617898182,0.0,0.2730730962836876,99.52946779330269,73.96889046995061,0.005301900207695707,0.16233766233766234,32.101638189242415,182.27755603272408
849,abundant,90.42120658607111,107.85331165344317,34.71832569199173,0.19167406438615717,4.2299009423993565,3970.274536838373,3.8010178660283374,12,15,0,0,25,0.1166933957543927,0.7520093987202416,0.0,0.27307363903246723,99.52948777549568,73.96903748745464,0.00530171611713453,0.16233766233766234,32.101638189242415,173.68960997329975
850,abundant,90.4107152794202,107.86933054076758,34.698469896808035,0.1865896853523076,4.257262930110001,3975.896127997774,3.7998661617600016,12,15,0,0,25,0.11713843613480497,0.7517705461849747,0.0,0.2730741817788632,99.5295077577259,73.969184504313,0.005301532032965276,0.16233766233766234,32.101638189242415,173.6140328523588
851,abundant,90.40040840811255,107.87685714863142,34.6732730805675,0.1692927424103595,4.272697235114658,3981.534467386711,3.798719120798788,12,15,0,0,25,0.11741663489736257,0.7515313876997263,0.0,0.2730747245228755,99.52952773999328,73.96933152052569,0.005301347955187722,0.16233766233766234,32.101638189242415,172.21396189333322
852,abundant,90.38844432025779,107.86886912892517,34.64647046556143,0.16186739455257412,4.25820625008644,3987.1938197551535,3.7975549197463137,12,15,0,0,25,0.11691238642910995,0.7512927839179382,0.0,0.2730752672645042,99.52954772229785,73.9694785360927,0.005301163883801647,0.16233766233766234,32.101638189242415,190.13619686007365
853,abundant,90.37255814862617,107.84483975970844,34.62248469175991,0.18646218570949957,4.265847881194432,3992.838777847406,3.7963953231815823,12,15,0,0,25,0.11720335421834968,0.751053860030393,0.0,0.27307581000374914,99.5295677046396,73.969625551014,0.005300979818806829,0.16233766233766234,32.101638189242415,189.98712946017116
854,abundant,90.35649636316748,107.81051773698789,34.60332663558064,0.19817949950425895,4.299501508072496,3998.4400675228244,3.7952810738977,12,15,0,0,25,0.11878118618155357,0.7508132005743575,0.0,0.27307635274061054,99.52958768701853,73.96977256528967,0.005300795760203045,0.16233766233766234,32.101638189242415,189.7222454860169
855,abundant,90.33691786740877,107.76374558921677,34.583448959149266,0.22528707895166966,4.323315644290702,4003.9958675103953,3.794216967614615,12,15,0,0,25,0.11452796148923867,0.7505772196276128,0.0,0.27307689547508823,99.52960766943465,73.96991957891966,0.005300611707990073,0.16233766233766234,32.101638189242415,205.6625056138775
856,abundant,90.3164148052944,107.71665604376126,34.565152826637714,0.23331435331087802,4.332109566549854,4009.555216619676,3.793162788648004,12,15,0,0,25,0.11751904426386428,0.7503379485109445,0.0,0.2730774382071822,99.52962765188794,73.97006659190394,0.005300427662167694,0.16233766233766234,32.101638189242415,204.9338878105453
857,abundant,90.28856702665333,107.67721541416267,34.543926550841796,0.2318725720874643,4.3518953664697655,4015.134367104685,3.7920953999964806,12,15,0,0,25,0.11761893946515482,0.7500985674005596,0.0,0.2730779809368926,99.52964763437839,73.97021360424259,0.005300243622735682,0.16233766233766234,32.101638189242415,196.47112081301822
858,abundant,90.25361659445282,107.64394167684843,34.52418033448737,0.256290724736051,4.376296815910591,4020.6950455210463,3.791051887641914,12,15,0,0,25,0.12036162021847022,0.7498561694253081,0.0,0.2730785236642193,99.52966761690605,73.97036061593553,0.005300059589693818,0.16233766233766234,32.101638189242415,196.86305504228943
859,abundant,90.21065396910879,107.61209041949273,34.507865242363046,0.2883568382571156,4.383711055510157,4026.278867245739,3.7900035818203723,12,15,0,0,25,0.1208931202800958,0.7496131867429537,0.0,0.2730790663891624,99.52968759947086,73.97050762698282,0.005299875563041879,0.16233766233766234,32.101638189242415,196.26460507389402
860,abundant,90.16722554989884,107.58552098232978,34.499256181006345,0.2917818900571696,4.398626316368285,4031.9058722466325,3.788963143635841,12,15,0,0,25,0.11940146440541462,0.7493718448310244,0.0,0.27307960911172136,99.5297075482854,73.9706546373843,0.005299691542779644,0.16233766233766234,32.101638189242415,195.9646382852763
861,abundant,90.12617273279298,107.57081925985588,34.50013552895971,0.2681626932664025,4.442049344943721,4037.5400003965406,3.7879256135458585,12,15,0,0,25,0.11852529355514763,0.7491314668458768,0.0,0.27308015183189616,99.52972748916626,73.97080164713998,0.005299507528906889,0.16233766233766234,32.101638189242415,178.55027556020372
862,abundant,90.08353900859748,107.57217397314787,34.500535805117956,0.2753945119627569,4.464419748905462,4043.1619298612604,3.786848769888851,12,15,0,0,25,0.1144362952176737,0.748895586560327,0.0,0.2730806945496868,99.52974743008426,73.97094865624983,0.005299323521423396,0.16233766233766234,32.101638189242415,170.40624208725768
863,abundant,90.0412573758961,107.58773565463612,34.501640431978196,0.2876583825137641,4.458704232182119,4048.779423930442,3.7857863271873047,12,15,0,0,25,0.11594563321380272,0.7486580461574934,0.0,0.27308123726509315,99.52976737103943,73.97109566471384,0.005299139520328938,0.16233766233766234,32.101638189242415,171.32208705967528
864,abundant,89.9927804786789,107.61743980446741,34.49663711919429,0.33067697760400555,4.430180901364169,4054.3164844247513,3.7847607125549056,12,15,0,0,25,0.11578475215190172,0.7484206826485471,0.0,0.27308177997811545,99.5297873120317,73.97124267253209,0.005298955525623298,0.16233766233766234,32.101638189242415,163.2858127865733
865,abundant,89.93912775745578,107.65604202833156,34.47920334089132,0.3768606256140487,4.409079964159011,4059.877577314739,3.78372152853223,12,15,0,0,25,0.11550440536234988,0.7481836275233247,0.0,0.27308232268875265,99.52980723418386,73.97138967970426,0.0052987715373062514,0.16233766233766234,32.101638189242415,172.395623388018
866,abundant,89.88509344152104,107.69930545862363,34.45181881704159,0.38386939135636167,4.397916683154156,4065.4831779984706,3.782628781494968,12,15,0,0,25,0.11727382356295597,0.7479446261375523,0.0,0.2730828653970036,99.52982713370241,73.97153668623004,0.0052985875553775786,0.16233766233766234,32.101638189242415,171.75947287559092
867,abundant,89.83588434720588,107.74095825441528,34.41896370394337,0.3634486224578106,4.39210071563289,4071.103008581893,3.7815716956805745,12,15,0,0,25,0.11847475808591898,0.7477043036890347,0.0,0.2730834081028685,99.52984703325806,73.97168369210951,0.0052984035798370535,0.16233766233766234,32.101638189242415,171.56931404342572
868,abundant,89.79981350864117,107.78102211233704,34.39130464194305,0.31177098143445714,4.389792732529426,4076.6792542331095,3.78053522814244,12,15,0,0,25,0.11737308060396626,0.7474651930412745,0.0,0.2730839508063472,99.52986693285087,73.97183069734261,0.0052982196106844594,0.16233766233766234,32.101638189242415,172.07664238416413
869,abundant,89.78092246947526,107.82395793163353,34.36658628207383,0.26579464519483426,4.343844942381317,4082.245011253668,3.779479841633395,12,15,0,0,25,0.11767435392427683,0.7472257509945676,0.0,0.27308449350743974,99.52988683248077,73.97197770192938,0.005298035647919571,0.16233766233766234,32.101638189242415,172.01966429144755
870,abundant,89.7791264235155,107.8645692361251,34.34666068136757,0.21724760839801863,4.311360237669874,4087.8111358640454,3.7784030001304165,12,15,0,0,25,0.11867788681314237,0.7469852050837269,0.0,0.2730850362061462,99.52990673214778,73.97212470586979,0.005297851691542168,0.16233766233766234,32.101638189242415,170.96502139595836
871,abundant,89.79113742466274,107.90163502818646,34.33650192460353,0.17276187575252777,4.312591422826679,4093.400358607192,3.77730409457231,11,15,0,0,25,0.11822644403702232,0.7467451557019908,0.0,0.2730855789024666,99.52992663185192,73.97227170916388,0.005297667741552029,0.16233766233766234,32.101638189242415,169.85494510121248
872,abundant,89.81393116065396,107.93891077618522,34.33435163625373,0.15369587043055033,4.334597691231349,4099.008900877627,3.776182420814111,11,15,0,0,25,0.11838708191941054,0.7465049296738325,0.0,0.2730861215964008,99.52994653159318,73.9724187118116,0.0052974837979489296,0.16233766233766234,32.101638189242415,186.51166010309038
873,abundant,89.84143403898592,107.97712595104062,34.3333508207652,0.1549145824968776,4.366520464377693,4104.628709955941,3.775068454009207,11,15,0,0,25,0.11871666247976216,0.7462643411103398,0.0,0.27308666428794875,99.52996643137153,73.97256571381297,0.005297299860732653,0.16233766233766234,32.101638189242415,167.94084526442637
874,abundant,89.86547257419221,108.01258988515534,34.330893442760804,0.15397100192048593,4.3571832720883235,4110.193236796797,3.7739905600842643,11,15,0,0,25,0.11879106781125004,0.7460236706792273,0.0,0.27308720697711075,99.52998633118702,73.97271271516802,0.005297115929902972,0.16233766233766234,32.101638189242415,167.51860823190086
875,abundant,89.87909661456543,108.04706821279176,34.32946245133338,0.16595308991117838,4.353060159330291,4115.693734843277,3.7729112852617797,11,15,0,0,25,0.11244310734426155,0.7457899829203656,0.0,0.27308774966388655,99.53000623103961,73.97285971587671,0.005296932005459668,0.16233766233766234,32.101638189242415,165.63778181783118
876,abundant,89.8814274456971,108.07699007764514,34.33082270049005,0.1788045004685776,4.388243184131247,4121.166582998994,3.771886703537219,11,15,0,0,25,0.11460247517778069,0.7455539197924347,0.0,0.2730882923482755,99.53002610896907,73.97300671593887,0.005296748087402519,0.16233766233766234,32.101638189242415,171.4081060134837
877,abundant,89.87631756246466,108.09516055134115,34.330743428397746,0.18091642091255844,4.413896398566872,4126.638604559514,3.770885756401592,11,15,0,0,25,0.11347682482074606,0.7453190950682138,0.0,0.2730888350302772,99.53004596724413,73.97315371535437,0.005296564175731303,0.16233766233766234,32.101638189242415,176.5469659489198
878,abundant,89.86595526582806,108.1046050881333,34.328155208985336,0.1907141647930566,4.411663541528948,4132.1402437279685,3.769855826883829,11,15,0,0,25,0.11480940568886515,0.7450828045516735,0.0,0.27308937770989156,99.53006582555625,73.9733007141232,0.005296380270445796,0.16233766233766234,32.101638189242415,174.32754893172242
879,abundant,89.84970414570641,108.10872152583522,34.32176180745415,0.20123616257638893,4.420394041411699,4137.695487944948,3.768780418945051,11,15,0,0,25,0.11446446055502393,0.7448468933758021,0.0,0.2730899203871186,99.53008568390547,73.97344771224536,0.00529619637154578,0.16233766233766234,32.101638189242415,174.82040031343757
880,abundant,89.82708641978684,108.10885037233513,34.311203113098834,0.22549830562066953,4.45944275764178,4143.287038669241,3.7676842394105052,11,15,0,0,25,0.1167218226487868,0.7446084991824755,0.0,0.2730904630619584,99.53010554229175,73.97359470972089,0.005296012479031032,0.16233766233766234,32.101638189242415,184.39485035888418
881,abundant,89.79775909097958,108.10633141541086,34.29585907120156,0.2513510527079645,4.472086007897545,4148.959553394172,3.7665344338031352,11,15,0,0,25,0.11760513381426481,0.7443691333134829,0.0,0.27309100573441075,99.53012540071514,73.9737417065497,0.005295828592901329,0.16233766233766234,32.101638189242415,175.73710071980614
882,abundant,89.76267148993867,108.10117840698668,34.26771462773798,0.2745834312741891,4.416153639774329,4154.606179804905,3.7653973951014916,11,15,0,0,25,0.11539258661009548,0.744132201165866,0.0,0.27309154840447586,99.53014525917557,73.97388870273187,0.005295644713156451,0.16233766233766234,32.101638189242415,193.6887804779545
883,abundant,89.72535227191102,108.09047752942288,34.2293010273324,0.28733301425863406,4.35008860510669,4160.260394382305,3.7642321496141706,11,15,0,0,25,0.11588548573056005,0.7438947268153442,0.0,0.2730920910721537,99.53016511767314,73.97403569826739,0.0052954608397961745,0.16233766233766234,32.101638189242415,193.6731482932318
884,abundant,89.69106966813636,108.07370369195003,34.18581374062342,0.27501801847176477,4.29424329369005,4165.905131532327,3.7630889308484674,11,15,0,0,25,0.11742211607057193,0.7436555623228609,0.0,0.2730926337374441,99.53018497620772,73.97418269315621,0.005295276972820278,0.16233766233766234,32.101638189242415,194.25871742306532
885,abundant,89.6591287438446,108.05538588306929,34.143419031406566,0.25975067584862355,4.27614036521555,4171.515535192091,3.7619483441476955,11,15,0,0,25,0.11778313629393064,0.7434160007132486,0.0,0.27309317640034725,99.5302048347794,73.97432968739838,0.005295093112228543,0.16233766233766234,32.101638189242415,187.16277451728575
886,abundant,89.63651819400465,108.0387160036299,34.1089586914779,0.22521850271042695,4.290110138914311,4177.089403392478,3.7607844299548567,11,15,0,0,25,0.11715679501766849,0.743177128041719,0.0,0.27309371906086305,99.53022469338818,73.97447668099387,0.005294909258020745,0.16233766233766234,32.101638189242415,189.12441300197153
887,abundant,89.62049618451024,108.02524934545583,34.07830778811929,0.19099007259091721,4.292057807307744,4182.606051170431,3.759660857335876,11,15,0,0,25,0.11644464728379063,0.74293903864769,0.0,0.27309426171899165,99.530244552034,73.97462367394274,0.005294725410196661,0.16233766233766234,32.101638189242415,181.38237853953356
888,abundant,89.6003618040263,108.02003463624355,34.04662143331549,0.21694854245451714,4.302616559451388,4188.133780415159,3.758564709316705,11,15,0,0,25,0.1151287817421635,0.7427023967516087,0.0,0.27309480437473277,99.53026441071692,73.97477066624488,0.005294541568756073,0.16233766233766234,32.101638189242415,189.1227303200102
889,abundant,89.57696656068897,108.01737708251362,34.02187498923316,0.22786237315143493,4.30712840649547,4193.618873474985,3.757458915030014,11,15,0,0,25,0.11747703348548746,0.7424631718089671,0.0,0.2730953470280867,99.53028426943688,73.97491765790039,0.005294357733698758,0.16233766233766234,32.101638189242415,189.44178548842925
890,abundant,89.55204752389194,108.01809098905309,34.00987427732681,0.22949541112868233,4.315495117492237,4199.133784547586,3.7562854243126207,11,15,0,0,25,0.11720388454170769,0.7422242471801738,0.0,0.27309588967905324,99.53030412819393,73.97506464890924,0.005294173905024493,0.16233766233766234,32.101638189242415,193.22061931991362
891,abundant,89.5310222243672,108.02314397484902,34.01126986395426,0.21697756650767877,4.34833825386176,4204.640184385316,3.755103146757414,11,15,0,0,25,0.11805905531128284,0.741984382002759,0.0,0.27309643232763187,99.5303239699547,73.97521163927124,0.005293990082733057,0.16233766233766234,32.101638189242415,178.45855493622577
892,abundant,89.51153395860372,108.03798728294791,34.01938585753156,0.22761320802197085,4.370036104385186,4210.195470486262,3.7539345773495034,11,15,0,0,25,0.11689930846879677,0.7417457925780646,0.0,0.27309697497382157,99.53034378703542,73.97535862898614,0.0052938062668242275,0.16233766233766234,32.101638189242415,169.84640429192817
893,abundant,89.48672303357748,108.05966569364996,34.044222395546356,0.2534563888600051,4.382494744308859,4215.758439591758,3.752782855660389,11,15,0,0,25,0.11931184500051224,0.7415045493914361,0.0,0.2730975176176225,99.53036360415317,73.97550561805399,0.005293622457297787,0.16233766233766234,32.101638189242415,170.70632172185506
894,abundant,89.4501337296338,108.08596252835018,34.05941295573015,0.2969137907947382,4.3550649917571755,4221.295707078556,3.7516672586066933,11,15,0,0,25,0.11588610183545214,0.7412670744294116,0.0,0.2730980602590344,99.53038342130797,73.97565260647468,0.005293438654153508,0.16233766233766234,32.101638189242415,176.65455959297938
895,abundant,89.40710861143921,108.11575852059582,34.05754208524013,0.3343451533023303,4.3235451353205585,4226.832938882337,3.750551854280277,11,15,0,0,25,0.1137492044562376,0.7410319501013681,0.0,0.2730986028980575,99.53040323849982,73.97579959424833,0.0052932548573911735,0.16233766233766234,32.101638189242415,173.03533345690417
896,abundant,89.36247928555682,108.14356043900321,34.04114023422423,0.33734930331179375,4.333153234637839,4232.342506382563,3.7494399791205004,11,15,0,0,25,0.11451172166180526,0.7407959869969452,0.0,0.2730991455346917,99.53042305572872,73.97594658137488,0.005293071067010561,0.16233766233766234,32.101638189242415,170.78982874810316
897,abundant,89.32347639005206,108.16846533889934,34.01599573341914,0.31128918461281824,4.362304257080662,4237.8577549309775,3.748335859240673,11,15,0,0,25,0.11591826425870293,0.7405584767409988,0.0,0.27309968816893704,99.53044287299464,73.97609356785433,0.005292887283011446,0.16233766233766234,32.101638189242415,170.55770647167128
898,abundant,89.29044393289477,108.19506022139713,33.997360761266705,0.28026326802623636,4.370072693470705,4243.449392828414,3.7471997981757936,11,15,0,0,25,0.11682322059780037,0.7403199708811273,0.0,0.2731002308007935,99.5304626902976,73.97624055368671,0.005292703505393611,0.16233766233766234,32.101638189242415,190.72069655286137
899,abundant,89.25900155012877,108.23145389105264,33.971965384561734,0.2844636198873247,4.3788883207976514,4248.994834811656,3.746131800784692,11,15,0,0,25,0.1157722601496026,0.7400826211416576,0.0,0.27310077343026107,99.53048250763761,73.976387538872,0.0052925197341568316,0.16233766233766234,32.101638189242415,167.49717358810838
900,abundant,89.23656156939646,108.27403387762263,33.9449689727412,0.2820613720128407,4.386472504326731,4254.536330598006,3.745046689993619,11,15,0,0,25,0.11718857594473622,0.7398437133954795,0.0,0.2731013160573397,99.53050232501465,73.97653452341018,0.0052923359693008865,0.16233766233766234,32.101638189242415,169.1716110145859
901,abundant,89.2198708088733,108.31990405571187,33.92010246816519,0.27087756888922393,4.3890188538777615,4260.0607028304,3.7440135512132913,11,15,0,0,25,0.11782449754218709,0.7396041061325381,0.0,0.2731018586820295,99.53052214242875,73.97668150730128,0.0052921522108255546,0.16233766233766234,32.101638189242415,161.85802524941224
902,abundant,89.20917265844886,108.3570598362468,33.90223662321414,0.22841629677964637,4.37777154936777,4265.491051687808,3.743025218741263,11,15,0,0,25,0.11388129725743587,0.739368836406963,0.0,0.2731024013043305,99.53054195987987,73.9768284905453,0.005291968458730617,0.16233766233766234,32.101638189242415,162.4305580334126
903,abundant,89.20602598770023,108.38879098000288,33.89700478519099,0.18550637548527107,4.35175208793477,4270.87627534385,3.742053117197964,11,15,0,0,25,0.11622062709124,0.7391309934746142,0.0,0.2731029439242425,99.53056177736805,73.97697547314222,0.005291784713015847,0.16233766233766234,32.101638189242415,180.30650530214115
904,abundant,89.20624141501202,108.41831122180729,33.905355629656974,0.17185698828255666,4.3349323181384705,4276.219792166543,3.741081381043836,11,15,0,0,25,0.11807920308087087,0.7388911060095232,0.0,0.2731034865417657,99.5305815948932,73.97712245509204,0.005291600973681026,0.16233766233766234,32.101638189242415,178.63683750236518
905,abundant,89.20455284492749,108.45169137722625,33.918174913316186,0.19098088714079348,4.306650126801072,4281.5424652110705,3.7401382259962928,11,15,0,0,25,0.11858236766705701,0.7386506651743225,0.0,0.2731040291569,99.53060141245544,73.9772694363948,0.005291417240725934,0.16233766233766234,32.101638189242415,177.68580920564645
906,abundant,89.18906833741943,108.49154628601093,33.92123436342969,0.24484243301102357,4.2978147741554285,4286.844920891861,3.7391914164668947,11,15,0,0,25,0.11523683658959234,0.7384139044618985,0.0,0.2731045717696455,99.53062123005469,73.97741641705046,0.005291233514150347,0.16233766233766234,32.101638189242415,168.76610476893808
907,abundant,89.16447464758292,108.53268653443885,33.91464763207673,0.2925880447028756,4.2956863000838155,4292.114934131074,3.7382420732948014,11,15,0,0,25,0.11545218309012499,0.7381769068218063,0.0,0.2731051143800004,99.5306410273747,73.9775633970586,0.005291049793954045,0.16233766233766234,32.101638189242415,168.96836162000645
908,abundant,89.13191270393477,108.56933362150441,33.9067986247626,0.30510243321469965,4.30425432237968,4297.397221416693,3.7373340923363694,11,15,0,0,25,0.11823478229331356,0.7379368482135814,0.0,0.2731056569879623,99.53066078152088,73.9777103764185,0.005290866080136803,0.16233766233766234,32.101638189242415,169.46600065749496
909,abundant,89.09570624789964,108.6065659634115,33.90217549515525,0.3142982756458305,4.334705257628839,4302.700871139761,3.73640353525642,11,15,0,0,25,0.11927214166548603,0.7376956485591962,0.0,0.2731061995935302,99.53068051623848,73.97785735512996,0.005290682372698405,0.16233766233766234,32.101638189242415,168.51252602128085
910,abundant,89.05494723543177,108.63123394725446,33.896877192391045,0.3278009441680453,4.35367406282086,4307.961488246161,3.7354595980492333,11,15,0,0,25,0.1147477910332368,0.7374594257479549,0.0,0.27310674219670417,99.53070025099305,73.97800433319293,0.005290498671638625,0.16233766233766234,32.101638189242415,172.80986457271143
911,abundant,89.01243894101026,108.64168249994354,33.896951840690704,0.31123480146996674,4.348649293806421,4313.221382485997,3.7345359967518106,11,15,0,0,25,0.11645872041594359,0.7372213208406466,0.0,0.2731072847974842,99.53071998578457,73.97815131060744,0.005290314976957245,0.16233766233766234,32.101638189242415,178.02058748254953
912,abundant,88.97328573297428,108.64158629915781,33.89686163833918,0.28901229931369515,4.342018570782855,4318.499807241504,3.733627633343131,11,15,0,0,25,0.11498025222036615,0.7369848423618104,0.0,0.27310782739587025,99.5307397206131,73.9782982873735,0.00529013128865404,0.16233766233766234,32.101638189242415,183.33454911271784
913,abundant,88.93707456391402,108.63511235439714,33.89820217592402,0.2804403467130959,4.329357470826828,4323.777802770481,3.732715996048658,10,15,0,0,25,0.11673018510944874,0.7367464389190493,0.0,0.2731083699918624,99.53075945547857,73.9784452634911,0.005289947606728793,0.16233766233766234,32.101638189242415,186.60936336826475
914,abundant,88.90948159180954,108.62525918338079,33.89886565357047,0.2527190364658638,4.324037587309398,4329.034963233651,3.7318046499450506,11,15,0,0,25,0.1157073358907285,0.7365091606186646,0.0,0.2731089125854606,99.53077919038103,73.97859223896023,0.0052897639311812765,0.16233766233766234,32.101638189242415,180.7721768845522
915,abundant,88.88757350885548,108.61486427839934,33.90046944541773,0.23169052417443983,4.298773979688381,4334.247713855741,3.7309251100233447,11,15,0,0,25,0.1190989862993257,0.736268151504216,0.0,0.27310945517666474,99.53079892532043,73.97873921378087,0.005289580262011274,0.16233766233766234,32.101638189242415,191.96239508703025
916,abundant,88.87133668118022,108.60163809026464,33.90324709291556,0.217114950102676,4.286976743321292,4339.42821033188,3.730105725510331,11,15,0,0,25,0.11940443130330243,0.7360268063711122,0.0,0.27310999776547434,99.53081863814403,73.9788861879529,0.005289396599218564,0.16233766233766234,32.101638189242415,191.5902867338631
917,abundant,88.86238562750856,108.58918614178776,33.902493079731855,0.1834873923604091,4.2938376068408655,4344.5216733301495,3.7293137313436553,11,15,0,0,25,0.1149814615597425,0.7357903265143955,0.0,0.27311054035188864,99.5308383315067,73.9790331614761,0.005289212942802921,0.16233766233766234,32.101638189242415,198.6519007816653
918,abundant,88.85784103744834,108.5798742266583,33.889583294176916,0.1674352508318207,4.289775212403375,4349.618595584943,3.7284762689513196,11,15,0,0,25,0.10988008740370452,0.7355594581421198,0.0,0.273111082935907,99.53085800544159,73.97918013435029,0.005289029292764128,0.16233766233766234,32.101638189242415,188.72743523444097
919,abundant,88.85087582756351,108.57423998772194,33.8737190566941,0.18244075964494702,4.252379154256087,4354.755925686975,3.7275949108358994,11,15,0,0,25,0.11315928487231144,0.7353249825670073,0.0,0.27311162551752877,99.53087765712725,73.9793271065753,0.00528884564910196,0.16233766233766234,32.101638189242415,187.6304877284948
920,abundant,88.84504684997212,108.57434551495002,33.847739987792885,0.17040546646988633,4.209397364701399,4359.859775159064,3.7267567026958877,11,15,0,0,25,0.1101530856769856,0.7350938137871692,0.0,0.2731121680967538,99.53089730884986,73.9794740781511,0.0052886620118161995,0.16233766233766234,32.101638189242415,181.14715928265827
921,abundant,88.84239620088857,108.57392963105508,33.81508894952456,0.1752307973636028,4.155449342032667,4365.00991400945,3.7258989249059127,11,15,0,0,25,0.11432678435987578,0.7348580540482563,0.0,0.2731127106735821,99.53091696060939,73.97962104907766,0.0052884783809066215,0.16233766233766234,32.101638189242415,192.40472178528893
922,abundant,88.83905245222209,108.56488731169165,33.78322368432322,0.197474334049204,4.156199476314379,4370.214928877151,3.725028274804316,11,15,0,0,25,0.1118879475178715,0.7346249771190939,0.0,0.27311325324801383,99.53093661240582,73.97976801935508,0.005288294756373006,0.16233766233766234,32.101638189242415,179.13607091244333
923,abundant,88.8414234999864,108.5496308492995,33.764122450133925,0.18261448730845978,4.226241982169212,4375.428887094509,3.7241490995932183,11,15,0,0,25,0.11131875047685572,0.7343925262345972,0.0,0.2731137958200488,99.53095626423915,73.97991498898325,0.005288111138215132,0.16233766233766234,32.101638189242415,184.78922384055494
924,abundant,88.84435606157814,108.5382806752499,33.7599880246984,0.155234782850795,4.278189110464311,4380.685533797063,3.7232635342564246,11,15,0,0,25,0.11429280178739824,0.7341568039182949,0.0,0.27311433838968713,99.53097591610943,73.98006195796223,0.005287927526432778,0.16233766233766234,32.101638189242415,188.71563987001096
925,abundant,88.84867503098317,108.53538236400694,33.77395043252703,0.15002522037686708,4.257493046330407,4385.96368287754,3.72236459732074,11,15,0,0,25,0.11699264144189944,0.7339181116443849,0.0,0.27311488095692876,99.53099556801659,73.98020892629202,0.005287743921025722,0.16233766233766234,32.101638189242415,182.74418682381855
926,abundant,88.85241668499344,108.54422026772383,33.80156382575124,0.1556710361679732,4.271454718979574,4391.209935508872,3.721448577442744,11,15,0,0,25,0.1178132839325587,0.7336785167458499,0.0,0.2731154235217738,99.53101521996068,73.98035589397263,0.005287560321993744,0.16233766233766234,32.101638189242415,175.11584343191456
927,abundant,88.84497123065628,108.55936775797613,33.8264891305693,0.20228389339617947,4.310556834728234,4396.411049391783,3.7205670624620595,11,15,0,0,25,0.11526186924544166,0.7334417284162849,0.0,0.2731159660842221,99.53103487194167,73.980502861004,0.005287376729336621,0.16233766233766234,32.101638189242415,175.96217434306735
928,abundant,88.82841232004354,108.576957389657,33.845080962469204,0.23969695892529594,4.3364605632991795,4401.618560438452,3.71967220742747,11,15,0,0,25,0.11587471765916561,0.7332042660724964,0.0,0.27311650864427384,99.53105452395958,73.98064982738622,0.005287193143054133,0.16233766233766234,32.101638189242415,176.69577801720226
929,abundant,88.80255754039172,108.59711956183362,33.86229666265952,0.2762223468218307,4.3251980831877255,4406.806311422752,3.718778259161101,11,15,0,0,25,0.11609969458060987,0.7329665561244123,0.0,0.2731170512019288,99.5310741760144,73.9807967931192,0.005287009563146058,0.16233766233766234,32.101638189242415,169.86595324576047
930,abundant,88.77728240599325,108.62229185164117,33.8732756945224,0.2939270149283276,4.286556580411939,4411.972470535078,3.7179042026550007,11,15,0,0,25,0.10680909684457314,0.7327390658345966,0.0,0.27311759375718714,99.5310938281061,73.980943758203,0.005286825989612174,0.16233766233766234,32.101638189242415,169.38928359530797
931,abundant,88.76561337367293,108.6586955341526,33.86954735561121,0.2319150608585722,4.2686548139966245,4417.071743977049,3.717049022177184,11,15,0,0,25,0.09824220411896334,0.7325209991214251,0.0,0.27311813631004883,99.53111348023474,73.9810907226376,0.005286642422452261,0.16233766233766234,32.101638189242415,174.18781109655302
932,abundant,88.76075546502118,108.6986636098754,33.85770965289244,0.2280754709891615,4.262440945090687,4422.181176550395,3.71623576175918,11,15,0,0,25,0.10954714864216264,0.7322904970334712,0.0,0.2731186788605125,99.53113310247116,73.98123768642265,0.005286458861666095,0.16233766233766234,32.101638189242415,158.3721085252042
933,abundant,88.75982906822927,108.74376869504249,33.85273604113094,0.23257001546972003,4.254389055997479,4427.197893630189,3.715450247809459,11,15,0,0,25,0.11637879781766385,0.7320524799244422,0.0,0.2731192214085776,99.53115271292336,73.98138464955795,0.005286275307253459,0.16233766233766234,32.101638189242415,159.46191080978662
934,abundant,88.75076883718215,108.78051526264078,33.8336772363466,0.24688846127957212,4.238726812873378,4432.294629766366,3.714636698044201,11,15,0,0,25,0.10827876397996054,0.7318233729465767,0.0,0.27311976395424403,99.53117232341239,73.98153161204354,0.00528609175921413,0.16233766233766234,32.101638189242415,162.72383732073914
935,abundant,88.73763222350684,108.81485646787746,33.8161068571719,0.2538276813217767,4.25168063241413,4437.396972512233,3.7137697279058175,11,15,0,0,25,0.11344839801792646,0.731588579362761,0.0,0.273120306497512,99.53119193393832,73.98167857387944,0.005285908217547885,0.16233766233766234,32.101638189242415,169.39475385624488
936,abundant,88.71726356557848,108.84644571637072,33.80865332661558,0.27444210697338445,4.229690142131451,4442.503036977076,3.71293514991951,11,15,0,0,25,0.11527332155266601,0.7313517782822847,0.0,0.2731208490383814,99.53121154450115,73.98182553506561,0.005285724682254503,0.16233766233766234,32.101638189242415,177.1171123522469
937,abundant,88.6878426692609,108.87286411627333,33.822814594747214,0.30802803365017445,4.192546612421352,4447.646081513918,3.712122378604848,11,15,0,0,25,0.1132906784238997,0.7311171582994556,0.0,0.27312139157685217,99.53123115358731,73.98197249560207,0.0052855411533337645,0.16233766233766234,32.101638189242415,179.56434481105435
938,abundant,88.66760377490327,108.90222807853745,33.85597785800038,0.26282939790891163,4.183184270282023,4452.850659324995,3.7112782708830134,11,15,0,0,25,0.10797275708504665,0.7308883878979254,0.0,0.27312193411292346,99.53125072247082,73.98211945548856,0.005285357630785447,0.16233766233766234,32.101638189242415,185.19723821246725
939,abundant,88.65837940699096,108.93824008726081,33.899384104809144,0.2515095290451591,4.223669946755182,4458.022298732263,3.710414932055505,11,15,0,0,25,0.11151610826352214,0.7306557198702162,0.0,0.2731224766465953,99.53127029139121,73.98226641472509,0.005285174114609331,0.16233766233766234,32.101638189242415,177.31759786812273
940,abundant,88.64827399692695,108.9735134442124,33.94538535094956,0.25142236031943604,4.279579140513522,4463.2467326072765,3.7094771512106823,11,15,0,0,25,0.11091153718357452,0.7304237168342784,0.0,0.27312301917786763,99.53128986034844,73.98241337331166,0.005284990604805192,0.16233766233766234,32.101638189242415,168.573295094283
941,abundant,88.63925334330598,108.99428811569285,33.988657213936136,0.2483937172115927,4.3027781207222775,4468.528840063824,3.708489204592933,11,15,0,0,25,0.10529156978673279,0.7301978955259484,0.0,0.2731235617067405,99.53130942934254,73.98256033124828,0.005284807101372812,0.16233766233766234,32.101638189242415,164.09553252918403
942,abundant,88.6295448840082,109.00933081989027,34.02622057036283,0.23127469453994723,4.2834387004244885,4473.870659190332,3.707521228115333,11,15,0,0,25,0.11178454395751092,0.7299649321194001,0.0,0.2731241042332139,99.53132899837347,73.98270728853493,0.005284623604311967,0.16233766233766234,32.101638189242415,175.26012606998006
943,abundant,88.61834244069756,109.01900725209416,34.048767724280594,0.23318041862119532,4.266731147453651,4479.2362805782905,3.7065561215590597,11,15,0,0,25,0.11424552301602857,0.72972926173855,0.0,0.2731246467572878,99.53134856744127,73.98285424517161,0.005284440113622438,0.16233766233766234,32.101638189242415,177.27481858760225
944,abundant,88.60362639433002,109.02090785597211,34.052761599432976,0.23911794795431007,4.2772727497760705,4484.583775315474,3.70556418537321,11,15,0,0,25,0.11363637991759087,0.7294942610107096,0.0,0.27312518927896223,99.53136813654592,73.98300120115834,0.005284256629304003,0.16233766233766234,32.101638189242415,185.96135332148575
945,abundant,88.59008466940477,109.01576718953228,34.03942432302502,0.25234695638251337,4.3360971684579255,4489.892024366003,3.7045143817811383,11,15,0,0,25,0.1118151447059409,0.7292612638292455,0.0,0.2731257317982372,99.53138770568742,73.98314815649512,0.005284073151356441,0.16233766233766234,32.101638189242415,193.9044607506111
946,abundant,88.57622817652694,109.00461572733619,34.01740057080653,0.2604249785501147,4.342775023004853,4495.163005435214,3.7034630358837832,11,15,0,0,25,0.11379257560411102,0.7290260911255904,0.0,0.27312627431511266,99.53140727486578,73.98329511118192,0.005283889679779529,0.16233766233766234,32.101638189242415,193.5763233127543
947,abundant,88.57026295987356,108.9852683332538,33.98837915820097,0.230105292809332,4.32603190702703,4500.346990276299,3.702390309035377,11,15,0,0,25,0.1088237713348422,0.7287963839541727,0.0,0.2731268168295887,99.53142684408097,73.98344206521878,0.0052837062145730486,0.16233766233766234,32.101638189242415,201.26907202949442
948,abundant,88.57296941145448,108.96174116489219,33.96046994521383,0.2084346089420803,4.2774750599421525,4505.455492426361,3.7012633859719757,11,15,0,0,25,0.11372233412659663,0.7285612885195404,0.0,0.27312735934166527,99.53144641333301,73.98358901860568,0.005283522755736777,0.16233766233766234,32.101638189242415,201.42337244767677
949,abundant,88.5766361858722,108.9357132088664,33.94286550647778,0.21340754929314834,4.25132604970621,4510.50114837868,3.7000526139078613,11,15,0,0,25,0.11652231444865484,0.7283231131418619,0.0,0.2731279018513423,99.5314659826219,73.9837359713426,0.005283339303270493,0.16233766233766234,32.101638189242415,192.15035170113111
950,abundant,88.58625376457984,108.9105528171151,33.93866701851958,0.20535047740488044,4.261883418097687,4515.449451892426,3.698847117713849,11,15,0,0,25,0.11686765823417695,0.7280845581484015,0.0,0.27312844435861994,99.53148555194763,73.98388292342959,0.005283155857173976,0.16233766233766234,32.101638189242415,202.13643865624618
951,abundant,88.59604552927141,108.887025021373,33.95702605976122,0.19483266732171278,4.326080335674315,4520.282941983889,3.697622949090488,11,15,0,0,25,0.11277239587474375,0.7278505076498238,0.0,0.27312898686349807,99.53150512131022,73.98402987486661,0.0052829724174470035,0.16233766233766234,32.101638189242415,186.45209947616178
952,abundant,88.59307611361685,108.87750619843135,33.97157006214051,0.23385803893524432,4.364189325401739,4525.01673146656,3.6963748124757756,11,15,0,0,25,0.10670802292498519,0.7276231282439534,0.0,0.27312952936597673,99.53152469070963,73.98417682565366,0.005282788984089356,0.16233766233766234,32.101638189242415,180.92218115568465
953,abundant,88.58704940799996,108.88120074118756,33.98098230679439,0.2648860753886724,4.323900648228253,4529.676449833045,3.69503946394892,11,15,0,0,25,0.10838120667846532,0.7273939081922884,0.0,0.2731300718660559,99.53154426014588,73.98432377579077,0.005282605557100812,0.16233766233766234,32.101638189242415,186.35365864750966
954,abundant,88.58852889991142,108.8790769663425,34.00247763448385,0.21625292690761955,4.301416451416313,4534.261120486684,3.6936621886617194,11,15,0,0,25,0.11114289246361402,0.727161650418531,0.0,0.27313061436373565,99.53156382961899,73.98447072527792,0.0052824221364811495,0.16233766233766234,32.101638189242415,183.63942021787201
955,abundant,88.58571914013609,108.86697057526271,34.01852995105919,0.2463709297652283,4.3322451345528945,4538.678301944477,3.6922802748453427,11,15,0,0,25,0.11009612531877619,0.7269305440496389,0.0,0.2731311568590159,99.5315833991289,73.9846176741151,0.00528223872223015,0.16233766233766234,32.101638189242415,190.77062714783932
956,abundant,88.57857453315623,108.84311609671022,34.028504610046866,0.2828877824836147,4.382579752451345,4543.013188960147,3.690902092382567,11,15,0,0,25,0.11266559053431427,0.7266966115188265,0.0,0.2731316993518967,99.53160296867567,73.98476462230232,0.005282055314347588,0.16233766233766234,32.101638189242415,190.5481193408428
957,abundant,88.56789017925304,108.8061949320175,34.02793456864946,0.32517013954551854,4.386148006694354,4547.27629060507,3.689522841349051,11,15,0,0,25,0.11241493142304518,0.7264629547568331,0.0,0.27313224184237805,99.53162253825928,73.98491156983962,0.005281871912833245,0.16233766233766234,32.101638189242415,199.202993616598
958,abundant,88.55785662291304,108.77034768214703,34.01485187663499,0.32795079205816335,4.388919894728099,4551.430983930764,3.6881410968742383,11,15,0,0,25,0.11239553043992893,0.7262293191720215,0.0,0.2731327843304599,99.53164210787972,73.98505851672692,0.005281688517686901,0.16233766233766234,32.101638189242415,198.74909255780236
959,abundant,88.5547179922917,108.73956576199252,33.99745631975149,0.28966938463521785,4.3778604325249715,4555.499082183214,3.686760174533749,11,15,0,0,25,0.11362839389693309,0.7259943276319349,0.0,0.27313332681614233,99.531661677537,73.98520546296429,0.0052815051289083325,0.16233766233766234,32.101638189242415,197.36088194707688
960,abundant,88.56399771918595,108.7195115581922,33.980996508179224,0.22985708982416067,4.329805966900475,4559.499336340858,3.6853973623399363,11,15,0,0,25,0.11206370277784128,0.7257610572749538,0.0,0.2731338692994253,99.53168124723109,73.98535240855169,0.00528132174649732,0.16233766233766234,32.101638189242415,204.24351837848354
961,abundant,88.58161195790096,108.70618589886222,33.970083053695646,0.18639001232489585,4.329376631236384,4563.451204851088,3.6840794943218036,11,15,0,0,25,0.11628287532201176,0.7255231458320933,0.0,0.2731344117803088,99.53170081696203,73.98549935348915,0.005281138370453641,0.16233766233766234,32.101638189242415,203.0125805718004
962,abundant,88.60167371663695,108.68956269331413,33.97074259480227,0.18092749099500152,4.3989588002737765,4567.26224416653,3.6827171567614654,11,15,0,0,25,0.11785950216931376,0.7252834998390163,0.0,0.2731349542587928,99.53172038672976,73.98564629777664,0.005280955000777075,0.16233766233766234,32.101638189242415,201.34652701501884
963,abundant,88.62115980115581,108.67773643798314,33.96953369401165,0.178613417884077,4.419483666056278,4571.050895747376,3.681345419887521,11,15,0,0,25,0.11725142428273254,0.7250445230598817,0.0,0.27313549673487736,99.53173995653437,73.98579324141417,0.005280771637467401,0.16233766233766234,32.101638189242415,199.31290390849304
964,abundant,88.62566214814112,108.66973251826707,33.961986575772926,0.2597705944632235,4.42004181465064,4574.814144365737,3.679943646235006,11,15,0,0,25,0.11302276619380022,0.72481019767837,0.0,0.27313603920856255,99.53175952637578,73.98594018440178,0.0052805882805244,0.16233766233766234,32.101638189242415,183.48169116093555
965,abundant,88.62320239931586,108.67105654321998,33.963217477766065,0.2783478583948167,4.427819352926634,4578.608418334508,3.678506077598597,11,15,0,0,25,0.11385779389045295,0.7245749538029225,0.0,0.27313658167984817,99.531779096254,73.9860871267394,0.005280404929947846,0.16233766233766234,32.101638189242415,188.89962557449263
966,abundant,88.6156576176238,108.68607821301592,33.98561130775183,0.284363676412194,4.4298166031341015,4582.348996608132,3.6770880030344015,11,15,0,0,25,0.11105621955232,0.7243427916744788,0.0,0.2731371241487344,99.53179866616907,73.9862340684271,0.005280221585737523,0.16233766233766234,32.101638189242415,175.84371774893748
967,abundant,88.61439459812779,108.7059876719861,34.019231286173145,0.2608932265417169,4.451813377155353,4586.111395731852,3.675673707642544,11,15,0,0,25,0.11085658314328292,0.7241108491023659,0.0,0.2731376666152211,99.53181823612096,73.9863810094648,0.005280038247893208,0.16233766233766234,32.101638189242415,172.06678210276073
968,abundant,88.61216793488266,108.72158424670036,34.049507004277714,0.25637153444567423,4.422031810003221,4589.861307905121,3.674210817833373,11,15,0,0,25,0.10917347195106997,0.7238807581130168,0.0,0.2731382090793084,99.53183780610968,73.98652794985257,0.00527985491641468,0.16233766233766234,32.101638189242415,175.51498326294072
969,abundant,88.60124913026355,108.72615028774594,34.077655539479984,0.2801500348558294,4.365176076173739,4593.529446634264,3.6727667359199287,11,15,0,0,25,0.11172134236585843,0.7236478644559219,0.0,0.27313875154099587,99.53185735603482,73.98667488959029,0.005279671591301716,0.16233766233766234,32.101638189242415,188.73217006164936
970,abundant,88.57682218114088,108.71679128240378,34.09758213350946,0.3287708905073339,4.359716941865221,4597.211993487541,3.6713869300685396,11,15,0,0,25,0.10664377908814507,0.7234205560873681,0.0,0.27313929400028303,99.53187688444025,73.9868218286778,0.005279488272554098,0.16233766233766234,32.101638189242415,203.83336068014802
971,abundant,88.54345130753157,108.70088837254136,34.10087037622026,0.38082719177847457,4.39319688774033,4600.9113327666055,3.6700053817187106,11,15,0,0,25,0.1073882168894144,0.7231924288320354,0.0,0.2731398364571699,99.53189641288245,73.98696876711516,0.005279304960171603,0.16233766233766234,32.101638189242415,198.23055350776457
972,abundant,88.49999908472225,108.69472652849882,34.095770179205985,0.4181077232701676,4.418738469350371,4604.599609964207,3.6686080188659886,11,15,0,0,25,0.10952903040294051,0.7229619466471355,0.0,0.27314037891165655,99.53191594136146,73.98711570490234,0.005279121654154011,0.16233766233766234,32.101638189242415,193.1543293961673
973,abundant,88.4611200855197,108.70447752305208,34.08321624465765,0.375985624493375,4.434715981120559,4608.276627867985,3.6672097169966835,11,15,0,0,25,0.10724870634496156,0.7227339727527673,0.0,0.2731409213637429,99.53193546987727,73.98726264203935,0.0052789383545011025,0.16233766233766234,32.101638189242415,183.81663269036136
974,abundant,88.4248778372644,108.72343264213104,34.065420964878456,0.3610451851134892,4.4361529890395985,4611.93408050674,3.6658145831166693,11,15,0,0,25,0.11224129683544434,0.7225005070944832,0.0,0.273141463813429,99.53195499842988,73.98740957852618,0.0052787550612126526,0.16233766233766234,32.101638189242415,188.52614965568213
975,abundant,88.3806613874265,108.74631366524727,34.053422986033006,0.34641656648063374,4.407719046342237,4622.936411015762,3.6617674637232653,11,15,2,23,0,0.14468184385764501,0.7220309570662399,0.0007,0.27313632449497954,99.53193136246121,73.98601746158513,0.005279594466050424,0.16233766233766234,32.101638189242415,172.46826667982765
976,abundant,88.33992373612504,108.76217938695709,34.04991981889951,0.3033998390081635,4.397310895122994,4640.469588940192,3.655151315573576,11,15,2,23,0,0.16275508597178073,0.7215415264716709,0.0007,0.27313118522603597,99.53190372667724,73.98462535805405,0.005280433841742699,0.16233766233766234,32.101638189242415,185.89697687962254
977,abundant,88.29883629024216,108.7633519417358,34.064718286011306,0.26014490791549444,4.390257976615018,4663.788360794097,3.64622111367074,11,15,2,23,0,0.18881367520697986,0.7210234314289432,0.0007,0.27312604600605955,99.5318720911132,73.98323326778697,0.005281273188290492,0.16233766233766234,32.101638189242415,191.5615798760973
978,abundant,88.25436162206894,108.75666511239979,34.09991335120967,0.24751533327004605,4.376996161374089,4691.836232344347,3.635548185935473,11,15,2,23,0,0.21732653958162618,0.7204739722354034,0.0007,0.27312090683451334,99.53183645580398,73.98184119063848,0.005282112505694813,0.16233766233766234,32.101638189242415,190.69808185190996
979,abundant,88.18817040518738,108.75306623905185,34.139188860379086,0.3093146442169266,4.385019923173445,4724.266825092622,3.6230829384645014,10,15,2,23,0,0.23241918796750988,0.719907911128639,0.0007,0.2731157677108624,99.5317968207841,73.98044912646363,0.005282951793956674,0.16233766233766234,32.101638189242415,193.49020671050417
980,abundant,88.1071404455093,108.74948331743444,34.17984690999075,0.3192854302869458,4.428347293401602,4760.432779909566,3.6092728449141354,10,15,2,23,0,0.25388294058588035,0.7193182398939947,0.0007,0.27311062863457347,99.53175318608768,73.97905707511802,0.005283791053077087,0.16233766233766234,32.101638189242415,182.67914238655584
981,abundant,88.0185713440163,108.74378819431668,34.22630268685633,0.30813448749456634,4.460492632391417,4800.262071126279,3.5942492628413705,9,15,2,23,0,0.2711828569471893,0.7187095387513528,0.0007,0.2731054896051152,99.5317055517486,73.97766503645771,0.005284630283057067,0.16233766233766234,32.101638189242415,177.91228864759847
982,abundant,87.92874027364715,108.73131269367397,34.27903636767719,0.26099513081029596,4.49040331570563,4843.178715208494,3.577775187096626,9,15,2,23,0,0.28814633338182816,0.7180821777846328,0.0007,0.27310035062226573,99.53169164417062,73.97627301042257,0.005285469483897621,0.16233766233766234,32.101638189242415,180.2896508599923
983,abundant,87.83906938744019,108.72190272155483,34.34528197854188,0.24949316117206966,4.507343314289733,4888.4259743942675,3.560479519158586,9,15,2,23,0,0.3081894518013781,0.7174327693876512,0.0007,0.27309521168564277,99.53167613095279,73.97488099690909,0.005286308655599762,0.16233766233766234,32.101638189242415,182.2911931312493
984,abundant,87.7419595986547,108.69956107621724,34.415058331165156,0.2371746506284321,4.527093148649646,4938.111610475411,3.5423198577791255,9,15,2,23,0,0.32542387112579424,0.7167583630392128,0.000484282492857006,0.2730918237203099,99.53160575577405,73.9739632791257,0.00528683263742526,0.16233766233766234,32.101638189242415,194.60839219183566
985,abundant,87.62650646804069,108.66525261026716,34.48249119304008,0.3029397674337473,4.588446647770354,4990.646351698953,3.5231593627816595,11,16,2,22,0,0.33881291232384814,0.7160654757358277,0.0003502464346797741,0.27308952371555045,99.53153668607159,73.97334026352128,0.005287160775953682,0.16233766233766234,32.101638189242415,188.30814815796833
986,abundant,87.49361774571308,108.61285797022026,34.54905004254791,0.3762795414726348,4.665147725925168,5045.493649804892,3.5032831306991286,12,16,2,22,0,0.35165951930885153,0.715358457122942,0.00035024494121513815,0.27308722372840166,99.53146761631392,73.97271725268718,0.005287488900906668,0.16233766233766234,32.101638189242415,192.12824902158732
987,abundant,87.3402426312653,108.55006649171439,34.60062006688643,0.4345531126191787,4.747945001036278,5102.355248555832,3.482505055421252,12,16,2,22,0,0.3625315669270497,0.7146396667462931,0.00035694096324415385,0.2730848694064652,99.53146273262755,73.97207952387456,0.005287826797276005,0.16233766233766234,32.101638189242415,195.16047426074394
988,abundant,87.17262193031665,108.48572436400408,34.64494697096387,0.44462615414461837,4.818927414606938,5160.609682723632,3.4611763504728135,12,16,2,22,0,0.38072535718032097,0.7139104688533947,0.0007,0.27307973055978424,99.53144062291787,73.97068753472418,0.005288665887128408,0.16233766233766234,32.101638189242415,187.81982292538711
989,abundant,86.99345123740702,108.41105950214587,34.67934882198091,0.4503973992949993,4.91429022195679,5220.512603331001,3.439520698929262,12,16,2,22,0,0.3914983566452522,0.7131596411105807,0.0003507303391358626,0.2730774266991063,99.53136373167789,73.9700634746448,0.005288994668982147,0.16233766233766234,32.101638189242415,208.12554925049372
990,abundant,86.80383013943722,108.32926023555372,34.7055865565684,0.48536752643659203,5.005831216030599,5301.896809196194,3.412631559419721,12,16,2,22,0,0.40646909964403666,0.7123923262138833,0.0003500397468206052,0.27307512846074644,99.53136914313279,73.96944093751526,0.005289322430472801,0.16233766233766234,32.101638189242415,203.97688662002525
991,abundant,86.60241289516689,108.24267995920016,34.72673186737669,0.5050727456883151,5.072031600788487,5401.766303687778,3.3808347123964655,12,16,2,22,0,0.41814138901681536,0.7116121710569283,0.00035001324870010243,0.2730728304541468,99.53137180429891,73.96881846316397,0.005289650141869602,0.16233766233766234,32.101638189242415,205.70200258641813
992,abundant,86.387748390966,108.15296864003874,34.74891567872807,0.537930080645417,5.116199109090283,5504.271804296644,3.3488044240859627,12,16,2,22,0,0.4287451104231403,0.7108203717597245,0.00035072586648532444,0.27307052666773673,99.53128644457617,73.96819442320194,0.005289978883013932,0.16233766233766234,32.101638189242415,202.76612827873257
993,abundant,86.16217993033067,108.05477993909628,34.775997113514634,0.5836246482226587,5.125826650180032,5609.184144490813,3.3122474660477876,12,16,2,22,0,0.44017582845822434,0.7100257783484205,0.0007,0.27306538790811524,99.53124861826002,73.96680245763388,0.005290817898142433,0.16233766233766234,32.101638189242415,202.99119631151316
994,abundant,85.92531253214841,107.9576404005259,34.81377771938726,0.572690722454348,5.137828123325841,5716.1791373814485,3.274349559561956,12,16,2,22,0,0.4493002388006492,0.7092113491986661,0.00035003974737064856,0.2730630897510718,99.53124273835088,73.96617994253097,0.005291145596328422,0.16233766233766234,32.101638189242415,200.87963665099923
995,abundant,85.68446490026304,107.87091161514184,34.876701024588485,0.5516864218946166,5.154025518497243,5825.308560152502,3.236093708570841,12,16,2,22,0,0.4528241266601965,0.7084028426593398,0.0007,0.27305795105098485,99.53119766176076,73.96478799308937,0.0052919845709467495,0.16233766233766234,32.101638189242415,190.89645758737137
996,abundant,85.43326284601855,107.78959601396204,34.94243553948212,0.5698084546180229,5.193779459620887,5936.702937536422,3.197686225019806,11,16,2,22,0,0.46542615423202777,0.7075706746316326,0.0003500264981444679,0.27305565306065,99.53118617250547,73.9641655231438,0.005292312209267005,0.16233766233766234,32.101638189242415,197.86189769647322
997,abundant,85.17079186915863,107.71603869307232,35.014093138863494,0.588761892205341,5.277574476764174,6049.874935659813,3.1592538446091982,12,16,2,22,0,0.47737635085173064,0.7067253943105507,0.0003512023162507077,0.273053345529875,99.53108669409151,73.96354046892398,0.005292641554067543,0.16233766233766234,32.101638189242415,191.66162182834046
998,abundant,84.89561118330214,107.64085123923985,35.090020148927245,0.6276074877364509,5.315565152999161,6171.4145754647325,3.1207351388655344,12,16,2,22,0,0.4859154021230527,0.7058706940595874,0.0003502389775691786,0.2730510458238103,99.53096966515082,73.96291753422874,0.00529296948000622,0.16233766233766234,32.101638189242415,193.40834450215573
999,abundant,84.60889604946843,107.56827444750847,35.170642988793745,0.6544474693681348,5.383384136525727,6306.437444063791,3.0824330829819373,13,16,2,22,0,0.49488925449291454,0.7050159158796452,0.0007,0.2730459071868383,99.53087149942884,73.96152560188345,0.005293808391296353,0.16233766233766234,32.101638189242415,192.45820739171373
1000,abundant,84.31904427616334,107.50275328721288,35.25314451619011,0.6173629364999987,5.502545910105908,6443.282199538298,3.019720543698005,13,16,2,22,0,0.5019009000118964,0.7041436263735807,0.000350052998166038,0.27304360904583824,99.53083505264833,73.96090309112633,0.005294136005006832,0.16233766233766234,32.101638189242415,193.40185297155594
1001,abundant,84.0245478175759,107.43608033330997,35.341427553678315,0.6435403939289864,5.626732366928641,6581.518623386612,2.9550970849982945,13,16,2,22,0,0.5084105795297124,0.7032641751070745,0.0003500132491583588,0.2730413112443248,99.53079646361742,73.96028067232791,0.005294463549269201,0.16233766233766234,32.101638189242415,187.42999047355656
1002,abundant,83.73270987158627,107.36505537428907,35.43935704875146,0.6261816018135478,5.71453001408778,6720.857957006934,2.892094344151846,13,16,2,22,0,0.5144250141772446,0.7023879075914795,0.0007,0.27303617268507246,99.53071756155107,73.95888876103498,0.005295302408682827,0.16233766233766234,32.101638189242415,187.9331201117061
1003,abundant,83.44821791036398,107.28708802852012,35.551709105410254,0.5809307899511877,5.787740225403927,6860.978786166939,2.8357886711225477,13,16,2,22,0,0.5180924394682,0.7014978391554607,0.0003511874070060529,0.27303386540125024,99.53058922617808,73.9582637737087,0.00529563162787657,0.16233766233766234,32.101638189242415,194.57780694996458
1004,abundant,83.16231526433026,107.20521963100066,35.67551129115307,0.6106914289738647,5.8397326631803645,7001.825013319773,2.7835460947910797,13,16,2,22,0,0.5175409479425402,0.7006083452256886,0.0003500397487454218,0.2730315674490206,99.53054376976358,73.9576413140849,0.005295959158924075,0.16233766233766234,32.101638189242415,197.8100678121008
1005,abundant,82.87326966091229,107.13057382963788,35.81076315655869,0.5983612998572759,5.893814157741567,7143.256141107093,2.7334689331317623,12,16,2,22,0,0.5272271661452639,0.6997082085586472,0.0003504719899378473,0.2730292659922236,99.53041093929176,73.95701790515866,0.005296287310098466,0.16233766233766234,32.101638189242415,195.0116065982014
1006,abundant,82.58375178860106,107.05259638896914,35.95137663096013,0.5879809419544304,5.956370465683721,7285.636407868507,2.6867990691006,13,16,2,22,0,0.5340808339776164,0.6988103196412718,0.0007,0.2730241274940566,99.53029517090987,73.95562601041227,0.005297126106188165,0.16233766233766234,32.101638189242415,197.25148643250455
1007,abundant,82.29380173052144,106.97811877056195,36.08922955505608,0.5509884100213027,6.056047143604864,7430.524822212195,2.6436948530752957,13,16,2,22,0,0.5375994287250957,0.6978987613826506,0.00035003974915776047,0.2730218295978762,99.53024296135197,73.95500356597088,0.005297453585345564,0.16233766233766234,32.101638189242415,190.43609715288486
1008,abundant,82.00067152415234,106.90456240435265,36.22690084682583,0.5644492788698878,6.132080387676081,7574.754871702571,2.604288439293285,14,16,2,22,0,0.5375140538501333,0.6969872962944009,0.00035001324947904353,0.27301953193211587,99.53018857337128,73.95438118394469,0.005297781014416639,0.16233766233766234,32.101638189242415,184.4537186939496
1009,abundant,81.7044449337651,106.82712546601701,36.36579452935821,0.5726150655009818,6.195680508815519,7718.063981600804,2.5741807264284096,14,16,2,22,0,0.5425251253362713,0.6960801186565311,0.0007,0.2730143935067929,99.53009226547461,73.95298930893,0.005298619758642506,0.16233766233766234,32.101638189242415,193.47810383564854
1010,abundant,81.409865508992,106.74217825643166,36.50690319943591,0.5487628460428587,6.27210354736535,7884.432447005398,2.5468800394734874,14,16,2,22,0,0.5466902759907543,0.6951585921830461,0.0003511725037463668,0.273012086476354,99.52994813150092,73.95236439023911,0.005298948840878997,0.16233766233766234,32.101638189242415,199.23269587332248
1011,abundant,81.23917811617784,106.71225805545059,36.52357943016202,0.5576968922371773,6.335538526683032,7983.15422411199,2.534388725892357,15,16,18,6,0,0.3063027358591058,0.6946416621358645,0.0053572486522703595,0.2729691459844639,99.52954516227082,73.940732850609,0.005306591730027709,0.16233766233766234,32.101638189242415,199.2238153884428
1012,abundant,81.09531252559644,106.6955007692346,36.51196463084229,0.40360620913159956,6.423943614671647,8051.17468394828,2.5269257100214286,15,16,18,6,0,0.2751292702090567,0.6941544154408011,0.0051926965059461054,0.2729275413937924,99.5290478836505,73.92946317427577,0.0053139939450537,0.16233766233766234,32.101638189242415,187.9623826041534
1013,abundant,80.95533634635291,106.67295901826597,36.492767360750086,0.39050140093492414,6.539685219457624,8112.333072390837,2.520312467223236,15,16,18,6,0,0.2771130668713054,0.6936568006500204,0.004900342242061312,0.2728883100548746,99.52863082608181,73.91883635438435,0.00532096877692386,0.16233766233766234,32.101638189242415,193.41682769138123
1014,abundant,80.81636812046499,106.64305529759307,36.46940034943955,0.4013678501747097,6.656679414103602,8241.180174954214,2.4977546110598525,15,16,18,6,0,0.27274376157841396,0.6931640042753163,0.004900777251153289,0.27284907542786474,99.52811475914328,73.90820864382839,0.005327944002159729,0.16233766233766234,32.101638189242415,187.51362510218536
1015,abundant,80.67878261244438,106.59769462633415,36.45058284020705,0.40250745601121163,6.74186093633134,8372.270239296988,2.468784211586381,16,16,18,6,0,0.2718724357454162,0.6926697725668418,0.00481528467305151,0.2728105349807471,99.52765781047049,73.89776896979859,0.0053347940815540035,0.16233766233766234,32.101638189242415,199.85934082699868
1016,abundant,80.53045866470075,106.53884724500631,36.425886038844524,0.4657229486073929,6.842825817293186,8498.712858615778,2.4416286345154274,16,16,18,6,0,0.2700726319644922,0.6921852701663076,0.005092053379523006,0.272769748295333,99.52711028313998,73.88672084419748,0.005342048278925403,0.16233766233766234,32.101638189242415,194.1449566774359
1017,abundant,80.38712597999304,106.4645893428135,36.38358171405563,0.4184274107920637,6.944916946539655,8618.955130714377,2.4095022602926783,16,16,18,6,0,0.2670139989578669,0.6916889726783658,0.004550639675429366,0.27273335643634017,99.52660524302178,73.8768631706717,0.005348511225369321,0.16233766233766234,32.101638189242415,199.10728447803584
1018,abundant,80.23549166737185,106.38590452218219,36.33455095727889,0.5122997288508295,7.041678365536884,8731.305191933701,2.378713029637551,16,16,18,6,0,0.2652918440057629,0.691204373389566,0.004900776414515271,0.2726941228204951,99.52603916382972,73.8662357340158,0.00535548549306446,0.16233766233766234,32.101638189242415,196.75506904153195
1019,abundant,80.07810891023566,106.29652874496999,36.27967393102746,0.48850404484134113,7.11472649529172,8807.057875811988,2.359868494329544,16,16,18,6,0,0.26890893002127425,0.6907157906091781,0.00490060866555487,0.27265489082767763,99.52544189438534,73.85560873699879,0.005362459273522471,0.16233766233766234,32.101638189242415,193.6824683704047
1020,abundant,79.92032757101438,106.20651661694005,36.21752285493242,0.48018058041543943,7.163800920657337,8878.367960232266,2.3417995083178598,17,16,18,6,0,0.27204293090899345,0.6902237533511476,0.0049003559274807314,0.27261566116338953,99.52494561177528,73.84498237072401,0.005369432442592181,0.16233766233766234,32.101638189242415,196.78346914632056
1021,abundant,79.77611363079652,106.1258874485942,36.14136910352074,0.43404027013774144,7.204817626391318,8950.82995623276,2.3242663209361227,17,16,19,5,0,0.26071894795204836,0.6897441984964766,0.0049012852884391545,0.2725764242018717,99.52428976420742,73.83435402780637,0.005376406727327591,0.16233766233766234,32.101638189242415,184.471620204466
1022,abundant,79.63459019229701,106.03416187839164,36.0630305336639,0.4966390953416311,7.2370317080359525,9021.671759935598,2.307895429257218,17,16,19,5,0,0.2571287856786168,0.6892703370197136,0.004963578124405286,0.27253668188283764,99.5236628085321,73.82358879577268,0.005383471779004787,0.16233766233766234,32.101638189242415,197.60921790802658
1023,abundant,79.50004333209863,105.94105941765895,35.984030954863144,0.42264624079331825,7.281969671564866,9089.739790166408,2.293009141819507,17,16,19,5,0,0.25832666853069364,0.6888032033934339,0.00525091818229276,0.2724946075340701,99.5230198518838,73.81219187334446,0.005390956385814932,0.16233766233766234,32.101638189242415,186.22806640855399
1024,abundant,79.3572950596679,105.83958893734591,35.90085534013785,0.5230037282625448,7.305621135676662,9154.959429461174,2.2783855508597948,18,16,19,5,0,0.259431677622883,0.6883250468024205,0.004900651941847115,0.2724553765067722,99.52234606441394,73.8015651378633,0.005397928997892259,0.16233766233766234,32.101638189242415,195.75599514130835
1025,abundant,79.21922912920118,105.74649439229977,35.81526822261842,0.42037446436317905,7.334430010415995,9218.152189440814,2.2630868346948483,17,16,19,5,0,0.26141409971846874,0.6878545132731221,0.005250785014000278,0.27241330375627537,99.52165851521684,73.79016864836792,0.005405412908167043,0.16233766233766234,32.101638189242415,187.02167570694934
1026,abundant,79.07682326908159,105.64972031740908,35.72975170939384,0.47861494469088367,7.3450638525265415,9277.834147702648,2.2488257434063414,17,16,19,5,0,0.2640829895635872,0.6873625036563389,0.004588631133455335,0.27237660585822343,99.52092288905313,73.78022807627048,0.005411929159561493,0.16233766233766234,32.101638189242415,194.87090511412455
1027,abundant,78.93533845213602,105.55707630102248,35.64705652549215,0.42761143243844674,7.365358566054726,9334.009703844466,2.235524966776422,16,16,19,5,0,0.26563426676122176,0.6868775180489717,0.0049004316453622725,0.2723373773625981,99.52025065123526,73.76960202655815,0.00541890072157958,0.16233766233766234,32.101638189242415,185.85876669758972
1028,abundant,78.79118291625073,105.46260755355038,35.56797112016143,0.4656210337150539,7.389784229500097,9388.405757066117,2.2230155393339444,16,16,19,5,0,0.2680314062900242,0.6863812773938542,0.004592638992911716,0.27230064738952864,99.51937137937855,73.75965276611501,0.005425422360090803,0.16233766233766234,32.101638189242415,181.24061183635362
1029,abundant,78.64585998456026,105.35295215614833,35.490928092831844,0.5338296069636652,7.3900228458830854,9439.731930665599,2.210996366241964,16,16,19,5,0,0.26844282337322084,0.6858849720228063,0.004606490523667031,0.2722638051909452,99.51841325485653,73.7496731064972,0.005431964009083596,0.16233766233766234,32.101638189242415,199.92655741007565
1030,abundant,78.51068043183628,105.23917320681065,35.410550056559444,0.46546526529408233,7.395688256364271,9489.082612266568,2.199723947152303,16,16,19,5,0,0.26985948579193775,0.6853855444123261,0.004550636567535074,0.27222741657385846,99.51755620973881,73.7398163111253,0.005438423828967157,0.16233766233766234,32.101638189242415,199.47425693603842
1031,abundant,78.3769917067548,105.12572794740535,35.33075568380917,0.4466311657983075,7.398878804453632,9536.07203561614,2.189066979534976,16,16,19,5,0,0.27158766714852695,0.684884216812512,0.004550672644616797,0.2721910278834563,99.51676836541625,73.72995949589402,0.005444883477263501,0.16233766233766234,32.101638189242415,190.31608645496073
1032,abundant,78.24147392798349,105.00896168983552,35.24963184808555,0.46916924649635333,7.395251919803123,9581.495674945269,2.178902315206629,16,16,19,5,0,0.27291968537472816,0.6843814401322754,0.004551249059847914,0.27215463472093093,99.51582172540535,73.72010146927282,0.0054513437434062645,0.16233766233766234,32.101638189242415,191.62251280012214
1033,abundant,78.10851562657639,104.89636771965263,35.17462053892007,0.48250460927893907,7.380186042316948,9648.512895522981,2.1692382425779035,16,16,20,4,0,0.2647453592290844,0.6838974392621833,0.004900679466413216,0.2721154055069771,99.51495657525088,73.7094752249827,0.005458314298949812,0.16233766233766234,32.101638189242415,196.96300432806788
1034,abundant,77.985357685053,104.79471308066817,35.10389886664235,0.4669102399735841,7.36936865862036,9722.123040342209,2.155594962330287,16,17,20,3,0,0.25144672763577003,0.6834280645793014,0.004900597054203049,0.2720761771879834,99.51402829121706,73.69884922311559,0.005465284492061114,0.16233766233766234,32.101638189242415,192.63618765182468
1035,abundant,77.850006018935,104.70698376102594,35.03122925340084,0.5100110343642985,7.367188643778535,9796.478013067805,2.135770857533209,16,17,20,3,0,0.24927715995452351,0.6829624541924771,0.004949803183062739,0.2720365496855438,99.51299792262932,73.68811509211754,0.005472326332731199,0.16233766233766234,32.101638189242415,192.37683658124368
1036,abundant,77.7220612451953,104.62211068541028,34.95770057993924,0.45110645196971244,7.368565849948593,9872.72299950316,2.116038451100526,16,17,20,3,0,0.24699473045519832,0.6824998754264584,0.004968408481502982,0.27199677138029593,99.51193050204317,73.67734011228978,0.005479395111019235,0.16233766233766234,32.101638189242415,194.25345828243806
1037,abundant,77.59273933940604,104.53352808931238,34.88695550307043,0.49954772450419865,7.364205291366284,9947.556211637857,2.0967984428261235,16,17,20,3,0,0.2480025803368444,0.6820257670638163,0.004596231276016907,0.2719600141977828,99.51092766398065,73.66738348146713,0.005485919897350632,0.16233766233766234,32.101638189242415,199.71126628213833
1038,abundant,77.46173306228333,104.45219413701659,34.81650824764371,0.45487385570879485,7.356470587564478,10023.220632913282,2.077221377140155,16,17,20,3,0,0.24859071448034714,0.6815497369081692,0.004550701081471317,0.2719236267789542,99.50992110828507,73.65752701067434,0.0054923779380524765,0.16233766233766234,32.101638189242415,185.91196649460434
1039,abundant,77.32472545503346,104.37697423900252,34.74235430588541,0.480823761747228,7.3482266153666576,10099.15610368253,2.058365157917896,16,17,20,3,0,0.25122060888639164,0.6810708333123843,0.004551395499649211,0.2718872339164195,99.50881989447673,73.64766906531337,0.005498836769057476,0.16233766233766234,32.101638189242415,181.31230234775856
1040,abundant,77.19496225918631,104.29892466043778,34.66460003469342,0.4260365218139446,7.33553730665969,10191.447573347876,2.040187714298796,16,17,20,3,0,0.2504599878985263,0.6805870061744361,0.004345673169291935,0.27185251107209846,99.50774488437527,73.63826348745401,0.005504994817897814,0.16233766233766234,32.101638189242415,201.9878887780479
1041,abundant,77.0673343214598,104.22639964494593,34.59181157480299,0.40975085464144395,7.3088956711006094,10288.440343741888,2.0220873656911618,16,17,20,3,0,0.2518152835802292,0.6800976311497402,0.004200778115800299,0.2718189645143693,99.50671252705352,73.62917653715361,0.005510940962952785,0.16233766233766234,32.101638189242415,183.1790279087216
1042,abundant,76.93869710121827,104.15525840736036,34.522363460248215,0.4163668136357029,7.280606258054169,10380.292647855604,2.0044846986606326,16,17,20,3,0,0.25222712170916656,0.6796078011402191,0.0042007080128181225,0.2717854187135147,99.50564883314483,73.62008979187216,0.0055168867991283385,0.16233766233766234,32.101638189242415,183.92324653483942
1043,abundant,76.80722420656829,104.09122639510852,34.4550989514502,0.4478422213696273,7.265957256999252,10472.435007898392,1.9870004736056535,16,17,20,3,0,0.25287118917407414,0.6791184861285802,0.004244403444735919,0.27175151841895634,99.50442292949275,73.61090702282897,0.005522896267366629,0.18262987012987011,32.101638189242415,186.56575744190155
1044,abundant,76.68632661253665,104.03193109234947,34.39252416411786,0.3487786327875876,7.267130072946445,10561.835158330407,1.9698899314719145,16,17,20,3,0,0.25045555681563914,0.6786337425951384,0.004312770680552506,0.271717063397654,99.50342315012051,73.60157399174118,0.005529005410673391,0.18262987012987011,32.101638189242415,184.95404909664222
1045,abundant,76.56757991428536,103.96744971616661,34.33445457365151,0.391166085262268,7.260741690559098,10648.76956491913,1.952830789399783,16,17,20,3,0,0.2506868554218086,0.6781554070842442,0.004550715359635499,0.2716806772087876,99.50238188646651,73.59171785411537,0.00553546197623667,0.18262987012987011,32.101638189242415,181.9263346759075
1046,abundant,76.4552413559114,103.91084015004635,34.27964022726062,0.38442959010521277,7.25284226418213,10740.833365722629,1.9363306729296674,16,17,21,2,0,0.23946048569042738,0.6776945690386291,0.004734588880158543,0.2716427987489602,99.50125577368466,73.58145749641527,0.005542186954667086,0.18262987012987011,32.101638189242415,185.35636775122597
1047,abundant,76.34115803481282,103.86662427720289,34.221567123169216,0.4081695124574457,7.255010041856538,10837.087737056823,1.919649914320392,16,17,21,2,0,0.2335162885599087,0.677205756587373,0.0035019809342765446,0.2716149253594994,99.49997857472958,73.5739072700469,0.005547110873892497,0.18262987012987011,32.101638189242415,185.23686481696214
1048,abundant,76.23343753927185,103.81873408029931,34.17041415484056,0.3468904271169852,7.267370884332988,10930.593975773714,1.9031773854467409,16,17,21,2,0,0.23311929330814501,0.676717354016426,0.0035010232747124644,0.27158705988879794,99.49876518323279,73.56635918867873,0.0055520332230221065,0.18262987012987011,32.101638189242415,188.1351106315485
1049,abundant,76.1277443258974,103.77831743542568,34.12113912798304,0.33504905340362245,7.286392482615274,11026.20773784944,1.886282839558359,16,17,21,2,0,0.23388614204265448,0.6762477074940797,0.004201008353594075,0.2715535129005117,99.49760164131418,73.55727212175083,0.005557978071202184,0.18262987012987011,32.101638189242415,185.7051329038574
1050,abundant,76.02368830640529,103.73743161113768,34.06722300487741,0.3167945255354442,7.292568522036606,11122.588460448264,1.870007195544977,15,17,21,2,0,0.2303900175218785,0.6757819196011097,0.004201468796568934,0.2715199623390304,99.49630740647015,73.54818408693087,0.005563923385669273,0.18262987012987011,32.101638189242415,176.43208773501152
1051,abundant,75.90600402001523,103.68924284759446,34.01337280393649,0.4448132980734268,7.290103901200133,11218.518447309958,1.8515218325292397,15,17,21,2,0,0.2327311264936413,0.6753037504329673,0.0038512525357395355,0.271489254602721,99.49507539197955,73.53986610462299,0.0055693568318698995,0.18262987012987011,32.101638189242415,197.85983309740482
1052,abundant,75.80392641251055,103.66157446654731,33.95778502194106,0.3198068447929835,7.291368590393452,11258.933438512417,1.8304150144541977,15,17,22,1,0,0.2174305531574147,0.6748717982783672,0.004900766209751738,0.2714500282968567,99.49387545694144,73.5292406480639,0.005576323416538899,0.18262987012987011,32.101638189242415,177.64138889768424
1053,abundant,75.70557512050311,103.64713152461282,33.901906696706476,0.3719615552738619,7.239730730390792,11288.610012219895,1.8121640370124792,15,17,22,1,0,0.2071037782196436,0.6744414142261675,0.00455107513721654,0.2714136405894473,99.49266459112009,73.51938409910154,0.005582778864775199,0.18262987012987011,32.101638189242415,184.4139324682609
1054,abundant,75.63248664793339,103.6352437002037,33.86184228345728,0.19352338657351056,7.185100804494385,11324.656459294132,1.795003749171557,15,17,22,1,0,0.2093248171722158,0.6740184012016843,0.004901581228792048,0.2713744080689725,99.49136546579902,73.50875695915495,0.005589746174142708,0.18262987012987011,32.101638189242415,185.24802615598514
1055,abundant,75.55333968571342,103.61363645261613,33.839533089353885,0.32450156285520293,7.159096835041882,11351.734748729992,1.7782153851369205,15,17,22,1,0,0.21190040608503055,0.6735748430919736,0.004269012035101079,0.27134031021074023,99.49005832050489,73.49952067489565,0.005595789065446423,0.18262987012987011,32.101638189242415,189.5220178830003
1056,abundant,75.4774313281327,103.59418779050777,33.80708749025975,0.24831907482514573,7.1671350966725385,11352.162130069853,1.7704400973561565,15,18,22,0,0,0.1921527598857149,0.6731732150544969,0.00499071422848831,0.2713003545784677,99.48880443235922,73.48869766147014,0.00560288614534228,0.18262987012987011,32.101638189242415,181.18459799138753
1057,abundant,75.40278193447857,103.56541517209389,33.76537849531545,0.34891701548550114,7.148468256644887,11337.761071343499,1.7664172726510057,15,18,22,0,0,0.18712005761752631,0.6727648196165861,0.0045513080524426045,0.27126396573247197,99.4873771813458,73.47884080409233,0.0056093410115640235,0.18262987012987011,32.101638189242415,176.7958830786621
1058,abundant,75.35614910723969,103.54410865789055,33.715207390811216,0.1760251961469258,7.128220788774163,11316.221908487816,1.764893374587346,15,18,22,0,0,0.18782337086345485,0.6723730676270925,0.005173347087727922,0.2712225280757247,99.48594730451632,73.46761634611758,0.005616704445372382,0.18262987012987011,32.101638189242415,178.60073246302636
1059,abundant,75.31911771053431,103.53145664190068,33.67125031167511,0.15177931892929925,7.107141824135918,11294.34341781549,1.764816764357745,15,18,22,0,0,0.18629858406278627,0.6719469381778801,0.003885678330592276,0.2711915424189712,99.48456621245641,73.45922308189004,0.005622186354610278,0.18262987012987011,32.101638189242415,175.707246307991
1060,abundant,75.3071914728637,103.52967997362273,33.64763162615055,0.055685155332629965,7.140343827907157,11266.248757813839,1.766258096222969,15,18,22,0,0,0.1911339641594678,0.6715196366862337,0.004033781033179492,0.2711593547794459,99.48323709478277,73.45050422963058,0.005627884449812925,0.18262987012987011,32.101638189242415,185.93036362783215
1061,abundant,75.29734934313885,103.5592607408671,33.618804644841376,0.11797551723742399,7.147967976553275,11235.29607179249,1.7679870144199148,15,18,22,0,0,0.18743323214441027,0.6711108881087243,0.0045509992089106275,0.27112296913809314,99.48198207598406,73.44064824031295,0.0056343379968362885,0.18262987012987011,32.101638189242415,166.01305748498473
1062,abundant,75.30369610003507,103.60115868276057,33.57199175430721,0.1852871739691242,7.099588363525089,11207.197499380389,1.7688627213549133,15,18,22,0,0,0.1884352033957218,0.6706940969009458,0.004303125569884601,0.27108859562415705,99.48061635897919,73.43133728759733,0.0056404291793125585,0.18262987012987011,32.101638189242415,169.6979084524109
1063,abundant,75.29427210236886,103.64289180125536,33.512470375625085,0.1603284688885777,7.063230686724252,11177.705679264844,1.7692043808855136,15,18,22,0,0,0.1919292101673114,0.670246111263132,0.003326303334654615,0.27106215097200687,99.47935781046233,73.42417407157556,0.005645093024503268,0.2029220779220779,32.101638189242415,166.36086837302787
1064,abundant,75.30105641789424,103.68314632699484,33.45875314618739,0.1657448485455459,7.068227630116775,11147.309192029774,1.7712172501701577,15,18,22,0,0,0.19311608116857587,0.6698016154697084,0.003497567709348113,0.2710343163052447,99.47800281996673,73.41663433424877,0.0056500069229936025,0.2029220779220779,32.101638189242415,168.01993567133732
1065,abundant,75.29751605260961,103.70664607418792,33.39431971766736,0.07915989017983972,7.027435917459917,11115.67642411128,1.772442567074106,15,18,22,0,0,0.19368938302532818,0.6693370314576741,0.002802653903341519,0.271012122255062,99.47674567107693,73.41062250338958,0.005653905389973012,0.2232142857142857,32.101638189242415,156.98105013095167
1066,abundant,75.3057502831221,103.72679838369905,33.32614643131201,0.11001685353587877,6.984362652652484,11089.49900239829,1.7729131146551669,14,18,22,0,0,0.19395652234620925,0.6688721270694351,0.0028017066550650527,0.2709899359707486,99.47536740624004,73.40461277611638,0.005657802337672752,0.2232142857142857,32.101638189242415,158.7914766681162
1067,abundant,75.30957637955036,103.73403073945838,33.27139029889356,0.055693050224954924,6.941216006786616,11060.614073584951,1.7734567188421926,14,18,22,0,0,0.1886572760599174,0.6684228438376547,0.0031514204244874693,0.2709649112087821,99.4742676106137,73.39783417396872,0.005662210077765639,0.2435064935064935,32.101638189242415,181.0556980069076
1068,abundant,75.32457661300475,103.72384032034738,33.24161841739608,0.1473678865572778,6.912268850841099,11031.06347649108,1.7741986908602119,14,18,22,0,0,0.1887542742646498,0.6679734519452147,0.003151350330397459,0.2709398871046236,99.47296170826826,73.39105575000532,0.005666617562408013,0.2435064935064935,32.101638189242415,194.72140515456948
1069,abundant,75.31997315284609,103.7227352912868,33.218629640436845,0.10054704282658819,6.898646101832986,10995.988834222124,1.774638620504473,14,18,22,0,0,0.18161000149006248,0.667523808681304,0.0028617049188715293,0.27091721410676384,99.47171650163472,73.38491418381614,0.005670601725477865,0.2435064935064935,32.101638189242415,162.36188674439728
1070,abundant,75.34391437408706,103.7187179715341,33.20025246439376,0.19726924016215006,6.920996879531719,10972.99654911457,1.776168353450517,15,18,22,0,0,0.1887126575376113,0.6670842809423737,0.0035020065843236387,0.270889343968908,99.47034687009707,73.37736483822883,0.005675521223408893,0.2435064935064935,32.101638189242415,163.94329871565157
1071,abundant,75.34866885154241,103.70629022910354,33.18226920735645,0.058471621770869855,6.948066814134253,10944.208033000177,1.7770739833163554,15,18,22,0,0,0.18749106370198937,0.6666362810651192,0.0031514390291987647,0.2708643194480319,99.46909163227222,73.37058630138672,0.0056799283754546395,0.2435064935064935,32.101638189242415,172.0625362901996
1072,abundant,75.37793300391205,103.68495345747526,33.152315293154224,0.2465186267983514,6.9128763129853,10917.214606672293,1.7770297612099741,15,18,22,0,0,0.18332130978295608,0.6662026918805221,0.0035022948630040046,0.27083644717912264,99.46775900336851,73.36303637854864,0.005684847970721036,0.2435064935064935,32.101638189242415,179.73972879433356
1073,abundant,75.3723257082056,103.65757891819158,33.12616671570298,0.16594389731103398,6.88787644765721,10891.38938882928,1.7782596678243072,15,18,22,0,0,0.18446033040215368,0.6657581510758422,0.0031559128129532536,0.27081138653101317,99.46628575520377,73.35624805571368,0.0056892613350724265,0.2637987012987013,32.101638189242415,178.5245812586558
1074,abundant,75.3710753502929,103.62877517024913,33.08894530842805,0.1676779959499188,6.8698598950401415,10864.139582037024,1.7790862765089452,15,18,22,0,0,0.1899740530727892,0.6652976316509125,0.002801858337515589,0.27078919977027843,99.46486827084982,73.35023819938947,0.005693157276762771,0.2637987012987013,32.101638189242415,178.212156628458
1075,abundant,75.35989199183948,103.60439537267709,33.04508182585865,0.12490758571923082,6.862403110174064,10839.69235156961,1.7792464724249537,15,18,22,0,0,0.1915264395284408,0.6648647822450793,0.0038510599159950745,0.27075849689709497,99.46365799453828,73.34192153438465,0.005698585954338235,0.2637987012987013,32.101638189242415,197.7128952200053
1076,abundant,75.34658011131292,103.5864072227968,33.00300415176365,0.06586217762730293,6.816046963492819,10818.747291512576,1.778818244214636,15,18,22,0,0,0.19708130350390235,0.6643964501796363,0.0028020488718340534,0.27073630877653837,99.46218397823604,73.33591130971763,0.0057024818506310965,0.2637987012987013,32.101638189242415,178.11167716471965
1077,abundant,75.31742144024112,103.56636882096113,32.95643771481846,0.15304738520956512,6.756060976798755,10796.344560319936,1.7769686075248363,15,18,22,0,0,0.192149213727425,0.6639531221221221,0.0035012884852143175,0.2707084451122368,99.46079557163182,73.32836371765944,0.005707399192498204,0.2637987012987013,32.101638189242415,181.32315722675477
1078,abundant,75.28646855013326,103.5380702500646,32.90214029351963,0.15114068927811633,6.737775019154165,10770.226716585996,1.774003802034913,15,18,22,0,0,0.19472216488788147,0.6634873645968895,0.0028013162908582436,0.27068626309873345,99.45935991996649,73.32235514724529,0.0057112937124889785,0.2637987012987013,32.101638189242415,199.08916407019103
1079,abundant,75.23637452169517,103.51281277835594,32.837714520415346,0.22251666268367634,6.719769365004976,10741.860034022466,1.7699454415478442,14,18,22,0,0,0.1896573626033947,0.6630370011634396,0.0031521309076397316,0.27066123366152206,99.45805432486301,73.31557527868698,0.005715700633282234,0.2637987012987013,32.101638189242415,186.0046209727649
1080,abundant,75.18894322482049,103.50096601030563,32.77633294266525,0.15010506198152834,6.697459953870096,10718.051010976204,1.7678593755702399,14,18,22,0,0,0.191753152424909,0.6625870056404752,0.003247605167966134,0.2706354293519478,99.45645837023925,73.30858551596583,0.005720246887830799,0.2637987012987013,32.101638189242415,181.1118799762826
1081,abundant,75.14173508519185,103.49290667525585,32.7206268881207,0.17318638941122427,6.658155372453611,10694.462215510663,1.765192104830369,14,18,22,0,0,0.1900310932950391,0.6621564241021393,0.003873309438880761,0.27060454639504844,99.45494172776816,73.30022007064235,0.005725707131102189,0.2637987012987013,32.101638189242415,184.33944239675606
1082,abundant,75.07676375249373,103.48203029342528,32.68704753244157,0.2667221592381556,6.635311486065381,10669.795833471508,1.7627470352875423,14,18,22,0,0,0.1906568221992889,0.6617168532838514,0.003576845933264026,0.2705760698997179,99.45345240448333,73.29250647749554,0.005730734055092343,0.2637987012987013,32.101638189242415,180.5200631400281
1083,abundant,75.01498973110994,103.48088473695509,32.66546773681375,0.2275110163635139,6.6626384907895755,10644.818907463152,1.7601107247074372,13,18,22,0,0,0.19110419122912403,0.6612691026985285,0.003302286608178412,0.270549822079461,99.45223692486167,73.2853965784682,0.0057353596765967844,0.2637987012987013,32.101638189242415,175.62185643267236
1084,abundant,74.96269761769938,103.47254630264868,32.65310846180485,0.18511933998563915,6.7068749378187915,10616.65211051218,1.7569425629987196,12,18,22,0,0,0.1887092099918825,0.6607919630752185,0.002158589560039654,0.27053285752467693,99.45070389934327,73.28080129130234,0.00573831420956454,0.2637987012987013,32.101638189242415,180.57667916732728
1085,abundant,74.92178983006974,103.45824007674067,32.65365760189012,0.12870870038882137,6.716185557296785,10590.992227410883,1.755193543306055,12,18,22,0,0,0.1902936697127008,0.6603017397282176,0.0017535603458251284,0.2705191805423978,99.4493834308026,73.27709652793337,0.005740676897030784,0.2637987012987013,32.101638189242415,190.53682244851194
1086,abundant,74.87571916323637,103.44051242774844,32.64050024841583,0.17300465699711567,6.688558573029238,10562.730890857354,1.7530242457730247,13,18,20,2,0,0.19443711683512474,0.6598265345401217,0.0024527014436716405,0.2704998287808134,99.44838135042234,73.27185460424145,0.005744060939376737,0.2637987012987013,32.101638189242415,175.96075393277982
1087,abundant,74.82984879209057,103.42356051951506,32.62012851013685,0.14567105392101753,6.681757809451085,10542.450429084827,1.7505231442681772,13,18,20,2,0,0.1902520344508861,0.6593363150927184,0.0017520639461644709,0.27048616403021175,99.44721839558196,73.26815315413776,0.005746421241084922,0.2637987012987013,32.101638189242415,181.69290284596315
1088,abundant,74.78020954005969,103.40930575510852,32.583819650180786,0.18758074620588808,6.686451517790909,10511.941683403522,1.7482529551912462,13,18,20,2,0,0.19500262615078512,0.658860460171171,0.0024517131149437233,0.2704668203591207,99.44600563335477,73.2629134219646,0.005749803640041304,0.2637987012987013,32.101638189242415,187.29400230830555
1089,abundant,74.7226988824114,103.40466111276154,32.53154427992181,0.2204690255965887,6.681678699962939,10480.033954012266,1.7453422213759995,13,18,20,2,0,0.20035523191689517,0.6583689379025439,0.0021024459457714877,0.27045031167630346,99.4446761819019,73.25844161947754,0.0057526756463315435,0.2637987012987013,32.101638189242415,186.19481969540897
1090,abundant,74.66460155748605,103.42047152433084,32.475429793661135,0.18705555669789622,6.647736369555735,10453.766763683074,1.7420026279134062,13,18,20,2,0,0.2007737422703258,0.6578965304176825,0.0028015582727100433,0.27042812848064923,99.44369366706394,73.25243272884732,0.005756568947783158,0.2637987012987013,32.101638189242415,173.19165132484108
1091,abundant,74.61667811191889,103.44280329077904,32.422612140018764,0.12144758802284757,6.627435597525354,10436.395753490884,1.7393315471399038,13,18,20,2,0,0.20296953767104334,0.6574217159625764,0.002801858440429751,0.2704059429407545,99.44256836140082,73.24642320321912,0.005760462552594546,0.2637987012987013,32.101638189242415,190.93467270290463
1092,abundant,74.56005081215477,103.46388169098688,32.36782742230554,0.2096020836585562,6.599669230707667,10406.24290459814,1.7362220242063182,13,18,20,2,0,0.2007386876513455,0.6569493578198428,0.0028019433458176548,0.2703837567807435,99.44127155045625,73.24041350961645,0.005764356146259443,0.2840909090909091,32.101638189242415,162.1723098864748
1093,abundant,74.49863767672679,103.48082334905294,32.31346807001298,0.20622911084719694,6.559641439655223,10381.319757808022,1.7347030020745358,13,18,20,2,0,0.20264001122790823,0.6564651221242197,0.002452439883131114,0.2703644075532228,99.43998502031472,73.235172272341,0.005767738984286643,0.2840909090909091,32.101638189242415,180.7248408973971
1094,abundant,74.43737822702353,103.48266918397,32.27178149438847,0.1761340301005335,6.587956182922516,10352.226601464266,1.7317520386607368,13,18,20,2,0,0.21062310711729165,0.6559819149984024,0.0028027961432780116,0.2703422146027563,99.43880874143257,73.22916073936834,0.0057716335712291,0.2840909090909091,32.101638189242415,198.8019823551004
1095,abundant,74.38100862243914,103.49208642711133,32.247035148663414,0.15161833423321888,6.636166611161194,10327.514734227116,1.729067332068437,13,18,20,2,0,0.2083104125023537,0.655501233349494,0.0028021358872908127,0.270320027089415,99.43749168360367,73.22315067918123,0.005775527058318966,0.2840909090909091,32.101638189242415,189.909675975496
1096,abundant,74.34585502660079,103.50169549164166,32.242581115899085,0.009551661120789525,6.668046979543647,10304.54943203419,1.7270546183525974,13,18,20,2,0,0.20991322496421927,0.6550187836980057,0.0028019605704394635,0.2702978410645347,99.43623621653536,73.21714102218218,0.005779420154084797,0.2840909090909091,32.101638189242415,176.0062172086936
1097,abundant,74.30948599466748,103.5140175504043,32.233834542055355,0.09165520414811455,6.639521106148021,10275.297424015444,1.7247548127241317,13,18,20,2,0,0.2072974619313285,0.6545489860398186,0.0031510553549080416,0.27027282156865934,99.43502344538682,73.2103638464911,0.0057838231380477915,0.2840909090909091,32.101638189242415,184.47634754403467
1098,abundant,74.28247101456311,103.537734196959,32.221101052905595,0.09651878993518741,6.627575253225882,10245.56508393561,1.724265372945126,13,18,20,2,0,0.21393539040095746,0.6540816996441204,0.0035015190622487433,0.27024495752435734,99.43389572553062,73.20281615150002,0.0057887379924840094,0.2840909090909091,32.101638189242415,161.22604666641732
1099,abundant,74.24740014843857,103.55833087286587,32.20917424502179,0.06604905009371545,6.639428944918824,10215.908380329303,1.7224327956806678,13,18,20,2,0,0.21373491487611096,0.653604843778744,0.003151876463830811,0.270219931583347,99.43267793543136,73.19603722997793,0.005793141852547037,0.2840909090909091,32.101638189242415,159.28023436009997
1100,abundant,74.21428133006404,103.59715410806507,32.18754259810925,0.14996975493462492,6.6588143092588155,10185.989726056701,1.7210021991174118,12,18,20,2,0,0.21167206443853184,0.6531185992948776,0.0027355281077163078,0.2701982851426214,99.43127245126553,73.19017373326263,0.005796937279652467,0.2840909090909091,32.101638189242415,147.62913708428297
1101,abundant,74.18865666571668,103.63643875792495,32.15324281230059,0.14443529928675822,6.619066784793655,10159.603619769267,1.7206029305166117,12,18,20,2,0,0.21363773298159935,0.652634742902164,0.0028980397702174526,0.2701753196844718,99.4299833294944,73.1839529466616,0.0058009700026009,0.2840909090909091,32.101638189242415,147.38024219635247
1102,abundant,74.15358813711623,103.66241602236349,32.1124389624422,0.10139368685064244,6.601454580793771,10126.07035174263,1.7194708811239008,12,18,20,2,0,0.21295894543130717,0.6521587215794206,0.0031511970439677085,0.2701502994726997,99.42874073570134,73.17717557705144,0.005805372445324304,0.2840909090909091,32.101638189242415,167.90185681236179
1103,abundant,74.12066698616948,103.68578539541063,32.062205129132806,0.09560154935851149,6.638887068046221,10094.90734276345,1.7178789211504641,12,18,20,2,0,0.21202255371055018,0.6516822623448133,0.003098770516934293,0.27012570490653015,99.42764777237075,73.1705135045298,0.005809698140648759,0.2840909090909091,32.101638189242415,167.50722874026184
1104,abundant,74.08094055079792,103.69917362924181,32.01582518267386,0.05388165261021722,6.62162727083482,10074.15506536034,1.7174729334765608,11,18,20,2,0,0.21809690613120253,0.6511908062897996,0.00280180506181412,0.2701035208451135,99.4264613718622,73.16450437938552,0.005813589822743003,0.2840909090909091,32.101638189242415,174.00379257928148
1105,abundant,74.0283794176086,103.6922727853786,31.984466428648933,0.15899541189744307,6.59681631234278,10042.515759336511,1.7164937376321754,10,18,20,2,0,0.2205912862584934,0.6506868228046784,0.002452390348678793,0.27008417297919374,99.42518989601949,73.15926351093482,0.005816970878927974,0.2840909090909091,32.101638189242415,181.61611815840206
1106,abundant,73.98104341830587,103.68915073304956,31.94839587768047,0.07922412752440676,6.581809928072945,10012.997015786703,1.714452902336956,10,18,20,2,0,0.22044876435391814,0.6501732071077905,0.002102783710765855,0.2700676628460602,99.42394186577252,73.15479131559219,0.0058198410465335896,0.2840909090909091,32.101638189242415,181.208621652068
1107,abundant,73.93906229655917,103.6737749491245,31.918981099509814,0.0746659977146629,6.538088406740277,9984.087899159553,1.714775745824088,10,18,20,2,0,0.21196268826805725,0.6496688834526129,0.0021012607827618256,0.2700511650900785,99.4226777355463,73.15032247292031,0.005822708889502446,0.2840909090909091,32.101638189242415,173.9254776261145
1108,abundant,73.88510684871879,103.64213950138318,31.902446285628958,0.15998128275048726,6.451497050601196,9950.884362136756,1.7140308609089534,11,18,20,2,0,0.21492025749923852,0.6491840993939315,0.0029152937345645414,0.27002806000099405,99.421541418871,73.14406386367963,0.005826765925457707,0.2840909090909091,32.101638189242415,190.24497647956818
1109,abundant,73.83060206917875,103.61510962733333,31.89540701954932,0.1497938934437648,6.384781890964754,9919.202962796735,1.7128887126200194,11,18,20,2,0,0.2137256843782743,0.6486974433075725,0.0028015059448930576,0.27000587861005154,99.42049058312018,73.13805546190213,0.005830656577924522,0.2840909090909091,32.101638189242415,186.80763849034608
1110,abundant,73.77993511320241,103.57994778833299,31.895392803991523,0.1680076474135204,6.331797232586768,9884.938220363929,1.71145575249651,11,18,20,2,0,0.22032450146038682,0.6482002023560534,0.002682714288833719,0.26998466151042166,99.41925627378619,73.13230826329497,0.005834373542090091,0.2840909090909091,32.101638189242415,189.777204293995
1111,abundant,73.72309040867658,103.54647557169562,31.89127063091134,0.15428079133884473,6.3001986880309655,9863.654742041897,1.7105984989190857,11,18,20,2,0,0.21766691577696803,0.6476896263120138,0.0021020558326795002,0.26996815757915466,99.41803292154627,73.12783774788784,0.005837242042025741,0.2840909090909091,32.101638189242415,179.24725555757732
1112,abundant,73.66551051523422,103.50897033679033,31.859572036997427,0.19073169817108612,6.2383416835572305,9832.133715308028,1.7088288439660404,11,18,20,2,0,0.2175850498218253,0.6471987177827834,0.002801250913345523,0.2699459784419632,99.41691232987868,73.12182995659694,0.005841131958146734,0.2840909090909091,32.101638189242415,189.45361973978078
1113,abundant,73.6033648250426,103.47048484208389,31.810544505159935,0.19370753760842513,6.176474881480212,9809.659851705044,1.7083175261892714,11,18,20,2,0,0.21847123035077218,0.6466970398620329,0.002451444022690825,0.2699266387221977,99.41581421389739,73.11659129474221,0.00584451067545303,0.2840909090909091,32.101638189242415,190.95068646690692
1114,abundant,73.55022786877399,103.43293061936552,31.74434803777699,0.1435889622825595,6.106648288892876,9783.300160663297,1.7065924746382077,11,18,20,2,0,0.22624629316347508,0.6462064154811576,0.003151662200167711,0.26990161551873865,99.41459913292654,73.10981311475648,0.005848912285961497,0.2840909090909091,32.101638189242415,185.70697774998717
1115,abundant,73.46692964433068,103.40458259932691,31.696755195033482,0.29325163722959324,6.113765491840328,9747.555559464738,1.704658910707034,11,18,20,2,0,0.2254858726635868,0.6457068731065136,0.0028032887602100045,0.26987942009171134,99.41339815132562,73.10380091094343,0.005852804774143009,0.2840909090909091,32.101638189242415,177.61241831523859
1116,abundant,73.39986926786335,103.38808161230365,31.647118003786535,0.12233223803182318,6.113927892395646,9721.351932427635,1.703751220353283,11,18,20,2,0,0.22830294749373853,0.6452140061200764,0.0031523662787841826,0.2698543913340095,99.41222200627855,73.09702122644781,0.005857207125317509,0.2840909090909091,32.101638189242415,176.3426321725594
1117,abundant,73.3368130493462,103.3643909759414,31.627002589354117,0.129025169991696,6.0903496681916796,9704.537802538267,1.7034915468521334,11,18,20,2,0,0.21985515658149984,0.6447402029578772,0.0035013396443003913,0.2698265301213457,99.4111175791622,73.08947429847895,0.005862119169615339,0.2840909090909091,32.101638189242415,190.9454679123512
1118,abundant,73.27468742057589,103.33897555270599,31.628474367333865,0.16719607695390185,6.064998905054776,9677.646024101763,1.7016383432000686,11,18,20,2,0,0.22471160336241452,0.6442610720551067,0.0035018521760097855,0.26979866488695536,99.41004019368509,73.08192628112172,0.005867031792161833,0.2840909090909091,32.101638189242415,187.30723833781474
1119,abundant,73.19812789931879,103.33070304675701,31.64907191854856,0.22413211105050707,6.1049655240891285,9648.235509150978,1.6999714815819202,11,18,20,2,0,0.21990468042816005,0.6437676184249097,0.0028014827954980304,0.26977648453493785,99.40885498071441,73.07591816076386,0.005870921012711554,0.2840909090909091,32.101638189242415,180.5162241881805
1120,abundant,73.14231185374085,103.34060471919808,31.661706984379567,0.04450612402224784,6.18392494146983,9619.232543463273,1.697923453263805,11,18,20,2,0,0.22531387253410395,0.6432682168858056,0.002801561452978721,0.26975430360973074,99.40761906992822,73.0699098851428,0.005874810213138894,0.2840909090909091,32.101638189242415,167.10480470076374
1121,abundant,73.08733237166136,103.36538875528447,31.679049836162324,0.11396956645702333,6.265910425701518,9605.25935054677,1.696953999522453,11,18,20,2,0,0.22745934574052606,0.642805640823437,0.004201043498068466,0.26972076341323575,99.40646210886793,73.06082465794671,0.00588074390532483,0.2840909090909091,32.101638189242415,168.22345625262557
1122,abundant,73.07655369731802,103.39807271177378,31.658919256558896,0.1419852486025054,6.2746974220893765,9583.33385557308,1.6965439231255777,11,18,6,16,0,0.2034050221891631,0.6423106952990288,0.0021000000000000003,0.2697042772653946,99.40632171029786,73.05635895963908,0.005883607791659025,0.2840909090909091,32.101638189242415,154.32389037938495
1123,abundant,73.08225188469281,103.42957515723397,31.62262525717062,0.12571427183385503,6.279997840370976,9556.203648954288,1.696890316479611,11,18,6,16,0,0.22374715742469758,0.6417737935903486,0.001400720160245815,0.2696934671624673,99.40614749911664,73.05343076447713,0.005885449938938112,0.2840909090909091,32.101638189242415,166.33380522505803
1124,abundant,73.09408865564527,103.44453183545178,31.563239519702723,0.0692311272701881,6.282298745702576,9523.307509280909,1.6977545407527272,11,18,6,16,0,0.2383383175210123,0.6412208295933283,0.001400291151882901,0.26968266061339413,99.40597169737849,73.05050353196822,0.005887291395478693,0.2840909090909091,32.101638189242415,157.91618299344486
1125,abundant,73.10705425085072,103.4539005692648,31.491953572508965,0.0693686699363419,6.295013495367858,9487.035192295276,1.6991160829881142,11,18,6,16,0,0.2557970254600312,0.6406486565914404,0.0014001330756539033,0.26967185542095606,99.40570462522184,73.0475766669389,0.005889132557133412,0.2840909090909091,32.101638189242415,184.312452170432
1126,abundant,73.1093260986548,103.46370306885265,31.413407800710644,0.018388017342596093,6.340515166592081,9449.629808462967,1.700912999513407,11,18,6,16,0,0.27027284945777297,0.6400703601417378,0.00175013159645992,0.269658209431343,99.40547774392208,73.0438802987328,0.005891484998579921,0.2840909090909091,32.101638189242415,180.15757624424978
1127,abundant,73.10821088717262,103.46788403261948,31.331658722410445,0.016141322122769808,6.365835033248592,9410.32711885956,1.7031849296469825,11,18,6,16,0,0.2779375217763499,0.6394836609536924,0.0017511459253024644,0.26964455528487025,99.40515175131792,73.0401817210309,0.005893838840268354,0.2840909090909091,32.101638189242415,174.5484011140774
1128,abundant,73.10451089027568,103.4584853205004,31.254646659535258,0.07062490721422421,6.3704579687286405,9368.822760912852,1.7057575701244294,11,18,6,16,0,0.2921376234578314,0.6388715214541371,0.0014004245088724931,0.26963374795555617,99.4047975902916,73.03725427717362,0.005895680200365689,0.2840909090909091,32.101638189242415,175.72555242512178
1129,abundant,73.10505577700896,103.44614328875892,31.189048139882846,0.07213095807424284,6.352775989536265,9322.239849591107,1.7048315623145218,10,18,6,16,0,0.30532952360311716,0.638244867154124,0.0014002919982262778,0.2696229417546182,99.40446986936817,73.0343271389661,0.005897521302931525,0.2840909090909091,32.101638189242415,177.14237497070843
1130,abundant,73.11466221167389,103.43441995169758,31.136111463251506,0.07595998625598116,6.377184143106129,9272.354552901132,1.703500372116299,10,18,6,16,0,0.30392544030403873,0.6376295536767962,0.001750160964525274,0.26960929578215714,99.40410931036571,73.03063077540607,0.005899873496013592,0.2840909090909091,32.101638189242415,182.02616110400638
1131,abundant,73.12485504302755,103.42726435257632,31.09738273428966,0.052165680123067784,6.376354824688269,9225.683196671405,1.7017639937666278,10,18,6,16,0,0.3256526383762321,0.6369805475011814,0.0014004188071073623,0.2695984886840764,99.40384452484106,73.02770339418429,0.005901714638247695,0.2840909090909091,32.101638189242415,176.33310961203406
1132,abundant,73.14621980014287,103.41311465362773,31.06845275593714,0.11509146549283471,6.349539885763231,9181.655470042017,1.70003521779898,10,18,5,17,0,0.3415836572614381,0.6363042135358784,0.0010502877744470944,0.26959052359498553,99.40353883379306,73.02554584439062,0.005903044179236193,0.2840909090909091,32.101638189242415,189.81776642965525
1133,abundant,73.16991557358537,103.39621699314254,31.031773488274922,0.0810985492521697,6.337127828167753,9146.52050208515,1.6979870397576289,10,18,5,17,0,0.3454868605627146,0.6356333815704905,0.0014001279011148274,0.26957971896693467,99.40332242700617,73.02261913224014,0.005904884786368809,0.2840909090909091,32.101638189242415,180.01600114048617
1134,abundant,73.20831570754692,103.38360444259982,30.98783973412254,0.13510941167221444,6.337355915476397,9111.199118873628,1.6953401080739805,9,18,5,17,0,0.3517436828753672,0.6349458759400901,0.0010504435986586462,0.2695717527208455,99.40300243431611,73.02046126904364,0.005906214444941969,0.2840909090909091,32.101638189242415,174.81999060555398
1135,abundant,73.25677941113611,103.36512343794296,30.939739708634296,0.1809654872009181,6.386048379561888,9074.697786538876,1.6928335621717783,9,18,5,17,0,0.36353311402159244,0.6342551939191853,0.001400157304247404,0.26956094794847796,99.40272980941599,73.01753451780125,0.005908054984955455,0.2840909090909091,32.101638189242415,183.90243303354183
1136,abundant,73.30589807439841,103.34433088103205,30.893083178984273,0.17862530031767576,6.390330477355445,9034.487799433915,1.6907967202788006,9,18,5,17,0,0.3767039618436808,0.6335402310196951,0.0010504092334969566,0.26955298207469225,99.40239551708959,73.01537675545275,0.00590938448324709,0.2840909090909091,32.101638189242415,183.93425442566524
1137,abundant,73.34946623933429,103.32355770810912,30.852082839804552,0.1540053901803213,6.40195784238296,8994.083750743317,1.6886710310116602,9,18,5,17,0,0.386365487513375,0.6328244325025754,0.0014001256837452175,0.26954217766367666,99.40214998471846,73.01245010209186,0.005911224866994531,0.2840909090909091,32.101638189242415,204.5148282871985
1138,abundant,73.39767440629527,103.3197548353132,30.8023794015406,0.1383709386989442,6.4370359937448125,8962.424096688705,1.6861548115591518,9,18,5,17,0,0.3944175121143759,0.6321058671648864,0.0016176402013197218,0.2695296077935772,99.40186434428661,73.00904522860831,0.005913382972991204,0.2840909090909091,32.101638189242415,205.49745161711422
1139,abundant,73.43950019372963,103.33487163626486,30.73929424249139,0.043048530178156914,6.52002145389063,8978.22910071211,1.6829208955614925,9,18,5,17,0,0.3982556431626934,0.6313574120798524,0.0007009329444616554,0.2695244787379546,99.40155666855135,73.0076558916186,0.005914201705541033,0.2840909090909091,32.101638189242415,179.6533463975155
1140,abundant,73.49635745945324,103.35241157794712,30.657145072954258,0.15720330331740953,6.557954470625097,8991.127904630292,1.6798094803547223,9,18,5,17,0,0.4058041480430437,0.630600641359625,0.0007004943792882405,0.26951935324919185,99.40120148782958,73.00626752080485,0.005915019768924584,0.2840909090909091,32.101638189242415,163.76543787150294
1141,abundant,73.5459946352717,103.3702053873736,30.565367200778827,0.0844578239698376,6.602980771147446,9002.597017620807,1.6778754027256821,9,18,5,17,0,0.4123926948027263,0.6298562154038766,0.0014002145905200312,0.2695085482782757,99.40093959507902,73.00334071578047,0.005916860086897532,0.2840909090909091,32.101638189242415,175.5541327838827
1142,abundant,73.58703729795093,103.38759483212843,30.490144800204938,0.041392554899262864,6.613974261283202,9022.086265578298,1.674452659063537,8,18,5,17,0,0.4178466899862313,0.6290862055429635,0.0007007677882727121,0.2695034206419338,99.40057368879688,73.00195176323953,0.005917678457425086,0.2840909090909091,32.101638189242415,184.58791558713915
1143,abundant,73.63106486159975,103.39957254203841,30.43568132455128,0.05233360786811423,6.572323742312894,9046.45518606899,1.6710369370904292,8,18,5,17,0,0.4246924009748799,0.6283184532895005,0.001050335271768052,0.2694954556575885,99.40036997175079,72.99979424181889,0.0059190075135169586,0.2840909090909091,32.101638189242415,174.24190766702665
1144,abundant,73.6755074396373,103.41160826253716,30.399309746140897,0.05901698594954157,6.565554541507543,9061.878071810304,1.6769756833463851,8,18,4,18,0,0.42733639086440045,0.627547791798247,0.0010503049534768701,0.26948749097448915,99.40027032040771,72.9976368019985,0.0059203364791671825,0.2840909090909091,32.101638189242415,183.8867848334637
1145,abundant,73.71412058261032,103.43188295624273,30.38619910064184,0.03413322830792741,6.649319012934223,9102.739504099914,1.6776821091433904,8,18,4,18,0,0.43946660127632126,0.6267637789080038,0.0010500132557395955,0.2694795287071107,99.40013171512688,72.99548001653841,0.005921664972506606,0.2840909090909091,32.101638189242415,169.64161799606632
1146,abundant,73.76391476495473,103.44955706273342,30.383668614180984,0.07981749149883112,6.670324880359553,9156.20845476862,1.668703587213856,9,18,4,18,0,0.44476605666335356,0.6259739366168361,0.0010500132557851832,0.2694715664956603,99.40006573932074,72.99332324622785,0.005922993419718657,0.2840909090909091,32.101638189242415,187.68381223891586
1147,abundant,73.81616021245928,103.46629096626823,30.374899206008262,0.06516279184906348,6.634866847847761,9207.148740258963,1.6618483484501516,9,18,4,18,0,0.4452710367167284,0.625183538847611,0.0010500132558307698,0.26946360432921934,99.39986679538832,72.99116648810929,0.005924321820804936,0.2840909090909091,32.101638189242415,185.76153031041764
1148,abundant,73.87551008050862,103.47190155723192,30.36522985149341,0.09339985935289782,6.682830886865031,9292.284564230129,1.6542842655925163,9,18,4,18,0,0.4469792496687589,0.6243896498980434,0.0009924366095706231,0.26945610954765015,99.39965572991375,72.9891363332367,0.005925566056964387,0.2840909090909091,32.101638189242415,186.69399089213192
1149,abundant,73.93102316976032,103.46953720216202,30.350534923284624,0.09042693416468385,6.735166927807414,9380.389450391518,1.6470040320798278,10,18,4,18,0,0.46199285215947955,0.6235808581318337,0.0010500132559219378,0.2694481474777713,99.39957567472494,72.98697960127447,0.005926894368724668,0.2840909090909091,32.101638189242415,188.15577444529535
1150,abundant,73.98498467087563,103.46456444934468,30.318839199515434,0.08367664099457409,6.705216629978816,9453.8706432262,1.6402158946009138,10,18,4,18,0,0.46483494574156453,0.62275914261388,0.0007001043700731494,0.26944302561043,99.39940889949578,72.98559221141613,0.005927711421599526,0.2840909090909091,32.101638189242415,186.53529704362592
1151,abundant,74.05066449898597,103.45106653362613,30.285632198567452,0.1559092976765844,6.621018630972623,9536.164891003864,1.6310341739547196,10,18,4,18,0,0.4715584236968546,0.6219300299889523,0.0007000586120977116,0.26943790414415714,99.39918232607712,72.98420493019752,0.00592852837925312,0.2840909090909091,32.101638189242415,186.9124898008236
1152,abundant,74.11272762783935,103.44164526571754,30.255382455726227,0.11427441123391059,6.52654143190612,9623.72760588775,1.6234211669775986,10,18,4,18,0,0.47696973409684473,0.6211047636526154,0.001050013256058678,0.26942994218688243,99.39902839265574,72.982048228737,0.0059298565881569735,0.2840909090909091,32.101638189242415,180.57622713483937
1153,abundant,74.17555545391652,103.44373871480452,30.221323667744734,0.06452368776809096,6.478620706828248,9701.049522358786,1.618638757528579,10,18,4,18,0,0.4845943177655541,0.6202576963524571,0.0005709446208560049,0.2694258687976416,99.39884964361502,72.9809448462116,0.005930484837305198,0.2840909090909091,32.101638189242415,183.65581974029791
1154,abundant,74.256220291407,103.44790986739558,30.19785964014896,0.15207088915711928,6.447448929215878,9787.379109169404,1.6096296087376951,11,18,4,18,0,0.48833044467669084,0.6194003384421819,0.00035019924532376275,0.2694235871829998,99.39867043804558,72.98032681204482,0.005930790558243806,0.2840909090909091,32.101638189242415,176.23676301735136
1155,abundant,74.34959023545913,103.45458623469901,30.19401988101033,0.18995327684943333,6.429068018914792,9878.434728013159,1.5994007297454378,10,18,4,18,0,0.4948038716397146,0.6185358584853627,0.0003501536423075177,0.2694213059489302,99.39851817404005,72.97970888096583,0.0059310962019418195,0.2840909090909091,32.101638189242415,176.46323350278766
1156,abundant,74.44796569449908,103.4685290487997,30.20522521615835,0.1504065677083066,6.499676958508121,9960.826050710628,1.5927803098693256,10,18,4,18,0,0.49620326292411826,0.6176698391617659,0.00035015234355928975,0.26941902473178003,99.39836330053143,72.9790909544699,0.0059314018331299324,0.2840909090909091,32.101638189242415,163.86753124873363
1157,abundant,74.55251586075664,103.48867550378722,30.232659900170443,0.1843906476878815,6.567037553592779,10109.385158464444,1.5880247557060483,11,18,3,19,0,0.5039554823748164,0.6167952922615602,0.0003501475145165288,0.26941674356908496,99.39826675921155,72.97847304272453,0.00593170744665086,0.2840909090909091,32.101638189242415,161.55086840614013
1158,abundant,74.62625646107305,103.48924062548197,30.24197418708689,0.23078819260975744,6.583555100522472,10156.695646768821,1.5832965537258044,11,18,17,5,0,0.2809950148934615,0.6162748110453654,0.004236189292431388,0.2693829200727021,99.39783848241804,72.96931107644772,0.005937690510864654,0.2840909090909091,32.101638189242415,164.18441975189276
1159,abundant,74.69267025024195,103.47501846501589,30.23282823188878,0.15924504050486646,6.569941258646762,10158.633558976355,1.582229449067715,11,18,17,5,0,0.26023966071270116,0.6157567408217963,0.0035069072576752887,0.26935501623784186,99.39728162828652,72.96175260315776,0.005942607894866621,0.2840909090909091,32.101638189242415,195.46778449331222
1160,abundant,74.7456858437358,103.44526167171293,30.233441435031533,0.17039076799682024,6.564071536708222,10163.884719667654,1.5839289310668074,11,18,17,5,0,0.2676187578020103,0.6152305078215072,0.003505272617610535,0.26932712583806023,99.39672198624012,72.95419776910532,0.005947522719939154,0.2840909090909091,32.101638189242415,197.41975584388962
1161,abundant,74.78944144776045,103.41099925525768,30.23290948826038,0.14152673415480937,6.604558529712525,10172.627668770503,1.5824018489668936,12,18,17,5,0,0.2742706281458306,0.614696909060469,0.003503533211509387,0.2692992497167913,99.39603964966577,72.94664680275628,0.005952434833109158,0.2840909090909091,32.101638189242415,204.0529306116226
1162,abundant,74.834766632587,103.37277191845669,30.229892977946896,0.18300394175678533,6.681545623910397,10238.629772110045,1.5741107694828897,12,18,17,5,0,0.27376101249005547,0.6141737737353326,0.0038572067358098594,0.26926850305940686,99.395469136981,72.93831827767146,0.005957863488579399,0.2840909090909091,32.101638189242415,205.57164806955356
1163,abundant,74.87780467862319,103.34663853249268,30.22545284198647,0.12672076081970543,6.77907826402524,10311.287813491599,1.565796725783955,12,18,16,6,0,0.2740154175835694,0.6136305870781611,0.003151082220368753,0.26924348806055215,99.39476381203296,72.9315423201144,0.005962260315950967,0.2840909090909091,32.101638189242415,200.1162576944823
1164,abundant,74.8971690450143,103.32202793076604,30.19825804186495,0.04068092738183661,6.84335437166491,10340.983228969239,1.564318203301638,12,18,17,5,0,0.25680265062996976,0.613106323421064,0.003150687806998324,0.26921847639561264,99.39403827023759,72.92476726563427,0.005966656414424277,0.2840909090909091,32.101638189242415,182.14993924771312
1165,abundant,74.90722759470955,103.29755948165148,30.159202613723032,0.0032983572729321864,6.8844103557889325,10360.479788016659,1.5644831176749259,12,18,17,5,0,0.2562680521056196,0.6125925892725428,0.0035057395998258746,0.26919058296010784,99.39324817102354,72.91721160927793,0.005971571086748787,0.2840909090909091,32.101638189242415,178.70346693732353
1166,abundant,74.9164786505532,103.26618482657611,30.113805588462917,0.059226384450463423,6.9157717460569526,10377.730049974703,1.5648208985021597,11,18,17,5,0,0.2616625565956011,0.6120629845362376,0.003150859855354424,0.26916557017134835,99.39247885918782,72.91043625038215,0.005975967113297681,0.2840909090909091,32.101638189242415,199.89390340391236
1167,abundant,74.91645545436485,103.2241670545081,30.08139459626192,0.08695733420729111,6.949216649842059,10398.525420441001,1.5654846974577699,11,18,17,5,0,0.265337680680091,0.6115391299992903,0.0035006039928853635,0.26913771869820696,99.39167679670336,72.90289196061411,0.005980873959278347,0.2840909090909091,32.101638189242415,193.13082397081214
1168,abundant,74.89545899625855,103.15401580038561,30.063181538790378,0.17346362433957152,6.982210708176434,10419.311483942081,1.5654652352318892,11,18,18,4,0,0.25505225621334654,0.6110265936904817,0.0035007561795024887,0.2691098661510381,99.39090369557428,72.89534737991802,0.005985780857228231,0.2840909090909091,32.101638189242415,214.89821136575148
1169,abundant,74.86270686080427,103.06810128443867,30.06008119395657,0.2267809708365969,7.028302369938385,10443.666497433485,1.564861227930997,11,18,18,4,0,0.2528648944908644,0.6105262589745621,0.0038505952864447577,0.26907917417061267,99.3900077701891,72.88703366549763,0.005991198695620798,0.2840909090909091,32.101638189242415,199.23090166759832
1170,abundant,74.82322861104608,102.97321040185523,30.07359172229392,0.2542510783081123,7.087554478030947,10469.394685382827,1.564504824869946,11,18,18,4,0,0.25875604359338816,0.6100194407814472,0.0038504805299229574,0.269048483300923,99.38916780606107,72.87872025194866,0.005996616178239315,0.2840909090909091,32.101638189242415,222.55147974551056
1171,abundant,74.78651781476873,102.86350883327164,30.09435254660169,0.28655638718181214,7.086493828098599,10498.932401670732,1.564083863280666,11,18,18,4,0,0.26036747274188,0.6095010642329756,0.003500988269445503,0.2690206293648068,99.38818389017261,72.87117529502038,0.00600152286867454,0.2840909090909091,32.101638189242415,231.03127839119966
1172,abundant,74.73880716695886,102.74794769252269,30.11574205340858,0.35853851079316523,7.077712566689444,10533.58913513531,1.563129628668424,11,18,18,4,0,0.2607298940509417,0.6089822757720663,0.003500515090953946,0.2689927794195048,99.38726674193732,72.86363141910702,0.006006428697433319,0.2840909090909091,32.101638189242415,229.46940883805254
1173,abundant,74.70381186597679,102.63189813504998,30.13746182296587,0.30991102873829857,7.070580790446828,10570.254799327282,1.5619596159701286,12,18,18,4,0,0.26357642785977237,0.6084705776181984,0.0038655684563532007,0.26896196653762866,99.38618537256454,72.85528495541075,0.00601186769452446,0.2840909090909091,32.101638189242415,214.5273784923981
1174,abundant,74.67108589089531,102.52546062958424,30.15601899470027,0.26942965113951556,7.118143678158267,10604.311338957206,1.5610843192429846,12,18,18,4,0,0.2646298300884292,0.6079572953283051,0.0038503758287152775,0.26893127713848325,99.38515780978229,72.84697194019662,0.006017284306514631,0.2840909090909091,32.101638189242415,231.52197546302713
1175,abundant,74.63637338271015,102.41975592111831,30.180491237586857,0.2436893915359276,7.14583709969312,10640.507615983825,1.5601191506656098,12,18,18,4,0,0.2667290725012865,0.6074319178572795,0.0035008753116354914,0.2689034247258109,99.38402368954853,72.83942739593239,0.00602219011428894,0.2840909090909091,32.101638189242415,209.3904708418767
1176,abundant,74.59285638813363,102.31076028666799,30.198443168567064,0.31484152186920095,7.142248773900803,10676.716146122471,1.5592237467057295,13,18,18,4,0,0.26314219548469764,0.606910575339831,0.0035040677708768992,0.268875546557882,99.38306241776847,72.8318758751927,0.0060271004158710395,0.2840909090909091,32.101638189242415,205.7659524282304
1177,abundant,74.5476504371856,102.20204362008234,30.21472781222767,0.31751163260139914,7.176554990044117,10713.64503419065,1.5579611279364702,13,18,18,4,0,0.2643182876764479,0.6063978192301496,0.0038569288129601228,0.26884480442535086,99.38201823389645,72.82354857578109,0.00603252607278932,0.2840909090909091,32.101638189242415,220.5319950592167
1178,abundant,74.5007646457442,102.09479107583226,30.217847794054826,0.33768756673292505,7.209879047871238,10745.191528902982,1.5579786046311932,13,18,18,4,0,0.25693655643954477,0.6058770377637955,0.003280312347481373,0.26881874276714424,99.38101998867282,72.81648910354606,0.006037109111449909,0.2840909090909091,32.101638189242415,208.27304520380318
1179,abundant,74.45251203835517,101.98954643813003,30.227546553952003,0.33897445655995867,7.246559618057097,10773.981483514035,1.5582761012574773,14,18,18,4,0,0.2570375086428595,0.6053623070870513,0.0035003779558145766,0.26879089502088616,99.3799683020935,72.80894582330046,0.006042013504243885,0.2840909090909091,32.101638189242415,217.99855827307314
1180,abundant,74.41023633155582,101.87542945199021,30.228385717972877,0.36012492979909855,7.2799885247693155,10804.150708612087,1.558904810285952,14,18,18,4,0,0.26677294420451775,0.6048271966362554,0.0031549924224663654,0.2687658508798511,99.37905656097033,72.80216197183232,0.006046413122549884,0.2840909090909091,32.101638189242415,226.57590513329882
1181,abundant,74.38457219884832,101.75535246673677,30.238134277377224,0.3185103359411663,7.3338511167825,10833.184105608874,1.5592938955955455,14,18,18,4,0,0.27219350104123363,0.6042957960062244,0.0035004364683729914,0.2687380029748247,99.37805847480774,72.79461864858024,0.006051317277779687,0.2840909090909091,32.101638189242415,207.7220434455039
1182,abundant,74.36911708542775,101.63360092467272,30.263540641436258,0.319918278291109,7.359343641908765,10862.79154372467,1.5594454987368607,14,18,18,4,0,0.2679971636160719,0.6037593323531153,0.0031547581024479925,0.2687129610441556,99.37709706432715,72.78783539584671,0.006055716230704811,0.2840909090909091,32.101638189242415,213.84329148421662
1183,abundant,74.36032268715323,101.52104466908652,30.287449157762023,0.29616096318276514,7.404136610911865,10890.742094818961,1.5597121711922994,14,18,18,4,0,0.2622133846511708,0.6032389299007882,0.003501152528182893,0.26868510762738707,99.37605074042281,72.78029057959714,0.006060621109070589,0.2840909090909091,32.101638189242415,198.42847695796561
1184,abundant,74.35997360098597,101.41298674059763,30.342825145204763,0.24818046206129732,7.434303285464651,10917.333742218976,1.5598329766149093,14,18,18,4,0,0.26356498535615314,0.602707226237098,0.003150636435774747,0.26866009944953223,99.37506120279662,72.7735164696838,0.006065013717245123,0.2840909090909091,32.101638189242415,216.65948868197773
1185,abundant,74.37302945292825,101.30645674720091,30.4058190749735,0.266750428918629,7.507130501568274,10947.424718059978,1.5600211680628582,15,18,18,4,0,0.26589883059338976,0.6021827506426368,0.0035004685425562704,0.2686322518800467,99.37403025669744,72.76597323732162,0.006069917273492159,0.2840909090909091,32.101638189242415,217.75321680133203
1186,abundant,74.36648818944465,101.21030578099773,30.45573820586312,0.24028958793317026,7.538188816184347,10961.528042435308,1.5603386979447489,15,18,18,4,0,0.26464568605364536,0.6016596507695606,0.00350037077081558,0.2686044052655372,99.37305783354073,72.75843026363931,0.00607482051663642,0.2840909090909091,32.101638189242415,209.81959544451803
1187,abundant,74.3556155071963,101.13009884452204,30.487529126672438,0.15533308857246744,7.553135772534569,10983.396952636333,1.5605594274775927,15,18,18,4,0,0.2692967033844161,0.6011216631213563,0.003151383054234046,0.2685793914674951,99.37192491306521,72.75165463135332,0.006079213722585311,0.2840909090909091,32.101638189242415,200.93823049429903
1188,abundant,74.34061311851629,101.05224543417206,30.513790049826742,0.17258060621221413,7.578872356237125,11001.82142533772,1.561176681821704,15,18,18,4,0,0.26406940583332206,0.6005744484434816,0.002616488162213846,0.2685587194571956,99.37079815401978,72.74605508424874,0.006082825300852697,0.3043831168831169,32.101638189242415,196.2097995956959
1189,abundant,74.33488557231111,100.97810831968619,30.539350882255405,0.12687833603409768,7.608536134148626,11037.913624710902,1.5617086680393448,15,18,18,4,0,0.2664484548108623,0.6000395718521939,0.0031505967501518004,0.2685337122777552,99.36964396034715,72.73928124478171,0.0060872170800815055,0.3043831168831169,32.101638189242415,196.26567065659526
1190,abundant,74.34307571151575,100.9138263212747,30.562842729885404,0.08702617746690543,7.6070487751666205,11061.346004308514,1.561996998411596,15,18,18,4,0,0.2641744315197661,0.5995074690160228,0.003160322803594931,0.2685086262782963,99.36850616464655,72.73248605487996,0.006091622916470246,0.3043831168831169,32.101638189242415,188.63081270362295
1191,abundant,74.34390659232352,100.85192469879027,30.58602276227568,0.059533205183025184,7.584639668230205,11081.685320861307,1.562341221301822,15,18,18,4,0,0.27204633582721843,0.5989664424210694,0.0031508705163045747,0.2684836171211364,99.36742880064028,72.7257116796966,0.00609601479020072,0.3043831168831169,32.101638189242415,181.89764965822587
1192,abundant,74.33489953230598,100.78767772381157,30.60644214294492,0.09388317782414184,7.5557159266274825,11105.620680758464,1.562219110295749,14,18,18,4,0,0.2758326098424682,0.5983934984735677,0.0021597115473250064,0.2684666531509924,99.36634312748718,72.72111655089559,0.0060989584398491,0.3043831168831169,32.101638189242415,177.0409680751398
1193,abundant,74.3293566742637,100.71692052627354,30.643918067289178,0.10324929595388824,7.535481127385927,11143.609831642301,1.5619075352880711,14,18,18,4,0,0.27913888365579387,0.597825070476994,0.002450884837410596,0.26844732584157255,99.36521163438485,72.71588125070303,0.006102327388039311,0.3043831168831169,32.101638189242415,189.463789912158
1194,abundant,74.32177053909962,100.64338810872415,30.695403256418842,0.10813612755012142,7.510330539123027,11191.425307989812,1.5614119526753698,14,18,18,4,0,0.2794908917669031,0.5972565323472873,0.0024607804013218664,0.26842791829710483,99.36420420314754,72.71062421677857,0.006105710676556603,0.3043831168831169,32.101638189242415,185.57697361478574
1195,abundant,74.27987591074267,100.57366192912002,30.754072132609178,0.19964895325465637,7.492584765222475,11220.854019267757,1.561110279184072,13,18,18,4,0,0.2741499856228423,0.596697495316202,0.0025902840392782894,0.2684074596693831,99.3630190749401,72.70508246984814,0.006109283050891615,0.3043831168831169,32.101638189242415,189.88622462568554
1196,abundant,74.22893245076583,100.49420088700839,30.81888104951553,0.25143536579773007,7.4777801102011905,11246.36684386374,1.5609568973432282,13,18,18,4,0,0.2783162242138621,0.5961008992358984,0.0014125630832723553,0.2683965604935083,99.36188382659388,72.70213014698122,0.006111134664731408,0.3043831168831169,32.101638189242415,202.91719628244874
1197,abundant,74.18510118705382,100.40684331658338,30.880491216014015,0.2874951479566403,7.4847923374086776,11311.350376247832,1.562036484325261,13,19,18,3,0,0.2658391461186471,0.5955569028318742,0.002800952025228951,0.268374392028765,99.36076308041841,72.69612524659814,0.006115014634184975,0.3043831168831169,32.101638189242415,211.950107511322
1198,abundant,74.14148766844453,100.32006320432468,30.922564454441385,0.2860848575478057,7.463689435355695,11374.37419559346,1.5609840661740744,13,19,18,3,0,0.2549391535997726,0.5950055253113345,0.002109126729287242,0.26835783908818334,99.35964716199048,72.69164145575421,0.006117883720304163,0.3043831168831169,32.101638189242415,213.47212076585484
1199,abundant,74.11525187618243,100.22692069793462,30.964032324467542,0.261369205340698,7.433653533806735,11435.378021026001,1.559143615050936,13,19,18,3,0,0.25642684605365507,0.5944522865004028,0.0021010971331169156,0.26834135139127807,99.35857484667521,72.68717533784262,0.006120740975658527,0.3043831168831169,32.101638189242415,193.82029220135428
1200,abundant,74.11660805729711,100.12337868593139,31.004503237291146,0.26568806159849034,7.409113002117455,11514.02821448556,1.5568895260297841,13,19,18,3,0,0.26107107512947014,0.5938915247881587,0.0020148739427986867,0.2683255636168008,99.35741422658143,72.6828988119711,0.006123472160738028,0.3043831168831169,32.101638189242415,221.82765989827243
1201,abundant,74.11529103053904,100.0195822764583,31.046898437078518,0.25530215889078683,7.409345608514454,11588.0455605393,1.554642009279413,13,19,18,3,0,0.25931973011881126,0.5933351015899693,0.002101018033614688,0.2683090766953207,99.35632908516298,72.6784329041034,0.006126329106489249,0.3043831168831169,32.101638189242415,220.85785057082222
1202,abundant,74.11573994618642,99.9196885572691,31.057791443808675,0.2655904543853706,7.388024330798627,11629.789071843432,1.553674199547511,13,20,18,2,0,0.25016271812518215,0.5927887535278685,0.0021011045656060576,0.2682925891433565,99.35531534750766,72.67396682545282,0.006129186079464907,0.3043831168831169,32.101638189242415,219.66203753537502
1203,abundant,74.12065168486001,99.8228579006545,31.039967386330925,0.2207787559066351,7.326272733296048,11661.554884717752,1.5534394011111485,13,20,18,2,0,0.2448432246832553,0.5922422368582414,0.0018861027687318982,0.2682778467924399,99.35421474024253,72.66997347951336,0.0061317288381468734,0.3246753246753247,32.101638189242415,217.7089627839454
1204,abundant,74.1347095313766,99.71897232816194,31.00481067489169,0.2725472192159704,7.2820358130578695,11682.32844147013,1.55384685551516,13,20,18,2,0,0.24814889715471783,0.591698106782194,0.0021012039579578375,0.26826135855163563,99.35309192630785,72.66550721427271,0.00613458576884616,0.3246753246753247,32.101638189242415,208.24851119302852
1205,abundant,74.13668622459872,99.62056771097849,30.964861556337684,0.24638382702226666,7.240929262669961,11700.07940141817,1.5543581890361162,13,20,18,2,0,0.25077375419347664,0.5911510910143652,0.002101262920860363,0.26824486989748897,99.35197474659294,72.66104083706759,0.006137442686492294,0.3246753246753247,32.101638189242415,214.82392601121174
1206,abundant,74.15143727229862,99.52894981162854,30.93881354147495,0.24089817640216576,7.213672754767082,11714.387041384332,1.5548579887328307,13,20,18,2,0,0.25290660227325745,0.5906017175534528,0.002100850056721829,0.26822838466213433,99.35095289877887,72.65657538593047,0.0061402989017519715,0.3246753246753247,32.101638189242415,199.49427258173637
1207,abundant,74.1691469747825,99.45455983735675,30.940056313398248,0.13152890394783395,7.21827127480158,11729.029112511016,1.5552500681403072,13,20,18,2,0,0.2563779373343177,0.5900500386118648,0.0021548853385564637,0.2682114608960903,99.34987842631261,72.65199114744676,0.006143233962750073,0.3246753246753247,32.101638189242415,190.7845169632442
1208,abundant,74.17108416479789,99.3951003509467,30.953931324595327,0.1669968872221157,7.228252587728221,11692.747045136526,1.5559662650650055,13,21,18,1,0,0.24045944267473143,0.5895045576782233,0.0017508733321720629,0.2681978164993219,99.34881956004335,72.64829521070372,0.0061455786650514285,0.3246753246753247,32.101638189242415,202.50018739581
1209,abundant,74.17726120507106,99.34183923845166,30.96214012669999,0.11302657277004498,7.227617718113012,11634.85988245023,1.5565573074788863,13,21,18,1,0,0.2335732652361185,0.5889862513449933,0.0024508663760585726,0.2681784904155414,99.34773203518435,72.64306024250719,0.006148945967540106,0.3246753246753247,32.101638189242415,200.65992358657996
1210,abundant,74.17924189545876,99.30040312778009,30.958828728823278,0.061796460687988476,7.2300121274425155,11566.370295804212,1.5570890264733264,13,21,18,1,0,0.23333260012312013,0.5884518599887771,0.0018669465685489856,0.2681639039948016,99.34665506723867,72.63910913427743,0.006151460053143733,0.3246753246753247,32.101638189242415,199.08589732816174
1211,abundant,74.17800342826207,99.27019816240787,30.936908809540324,0.055238577957901075,7.228286813205417,11504.143223470248,1.5571626289690215,12,21,18,1,0,0.22855348762088584,0.587929310033813,0.002102102907812784,0.2681474088916512,99.34552393635902,72.63464101019333,0.006154317612098442,0.3246753246753247,32.101638189242415,188.6564694386879
1212,abundant,74.17260849053226,99.25091440326676,30.92691125436164,0.05023498409538508,7.222690723436514,11482.111568951597,1.5572710512311836,13,21,18,1,0,0.2291974178222292,0.5873969516200841,0.0017770980669847502,0.2681335518513662,99.34441655574162,72.63088747346993,0.006156700243586476,0.3246753246753247,32.101638189242415,192.56977903064043
1213,abundant,74.1633447986869,99.25170649231512,30.911490711618274,0.09794766772595483,7.20825043668628,11459.967961049759,1.5572404330066572,13,21,18,1,0,0.2353349633220601,0.5868571300040617,0.0017516729868556717,0.26811990122268436,99.34329113677484,72.6271898486524,0.006159045646602837,0.3246753246753247,32.101638189242415,178.04341423171212
1214,abundant,74.1272852025282,99.25699476852296,30.870843442775925,0.19871610894660932,7.176309872976306,11430.497307846152,1.557077804160156,14,21,18,1,0,0.23050898718829912,0.5863132787876965,0.0014181667693551532,0.26810895764316484,99.34215230890918,72.6242254979132,0.0061609037195241405,0.3246753246753247,32.101638189242415,186.69675197303891
1215,abundant,74.0851471360544,99.25938263736144,30.83462016244742,0.2000345051372944,7.127793979464744,11439.482966292082,1.5568723705372713,14,21,18,1,0,0.23172461378377135,0.5857676201223061,0.0014013717775594064,0.26809815039640894,99.34091812990961,72.62129807641891,0.006162737190644783,0.3246753246753247,32.101638189242415,191.9092134061714
1216,abundant,74.04476149196759,99.2649744220347,30.801279994299072,0.19575004883336392,7.093565851554542,11495.142829379613,1.5564070333940279,14,21,18,1,0,0.23730960843848595,0.5852256524024778,0.001752601766216486,0.2680844922948404,99.33983227119587,72.61759842737732,0.006165083740984282,0.3246753246753247,32.101638189242415,189.92294787469692
1217,abundant,74.0066898262389,99.25747900215075,30.775086221689484,0.14718642892846545,7.092895131022168,11541.721513777433,1.5558027996684876,14,21,18,1,0,0.23153269169428897,0.5846900072337264,0.001751456861161678,0.2680708435161588,99.33861903080744,72.61390130368008,0.006167428537154941,0.3246753246753247,32.101638189242415,174.81454251061473
1218,abundant,73.96237590205814,99.25531899428293,30.758595794244947,0.18327450338097304,7.122406251883467,11594.375604403846,1.5552757733710327,14,21,18,1,0,0.23286925988996457,0.5841528832064802,0.00175114852259241,0.26805719727283034,99.3374342627462,72.61020486674865,0.006169772801431458,0.3246753246753247,32.101638189242415,173.6991473085315
1219,abundant,73.88542967447589,99.24798352889559,30.73680661590685,0.3598553857340371,7.159028707956719,11639.34709208872,1.5547430997311726,14,21,18,1,0,0.23251457109290002,0.583616160631516,0.0017515519013608888,0.2680435477979696,99.33638883091473,72.60650755447332,0.006172117573642958,0.3246753246753247,32.101638189242415,176.13327877946568
1220,abundant,73.81503660299731,99.22563123946655,30.71106374033036,0.24195231923421814,7.174341060232232,11695.736999029908,1.5536865399774629,14,21,18,1,0,0.23328847637196276,0.583088370561575,0.002100973359576525,0.2680270621705647,99.33530273284323,72.60204199713928,0.006174972765078422,0.3246753246753247,32.101638189242415,179.45146763942125
1221,abundant,73.73640724122637,99.20043735830582,30.655561215770092,0.31632865109462405,7.158891279147106,11737.784303698176,1.552935233460828,14,21,18,1,0,0.23427072494872983,0.5825497134887794,0.0017514544517122338,0.2680134135813449,99.33414955170181,72.59834492476266,0.006177317214365973,0.3246753246753247,32.101638189242415,193.98380619200333
1222,abundant,73.66483537442745,99.17087760983554,30.61191969142225,0.2729564386697514,7.123079657984195,11783.157389993565,1.55233572216249,14,21,18,1,0,0.2340401029220432,0.5820211121277274,0.002101526862942563,0.2679969235303948,99.33283553079984,72.5938781691973,0.006180173033923394,0.3246753246753247,32.101638189242415,187.11452035261073
1223,abundant,73.61073933001819,99.12857004545882,30.56936705708273,0.21307677696015032,7.096403963414353,11830.385669655869,1.5516678220643163,14,21,18,1,0,0.22813073529911695,0.5814892076886921,0.0017514060640564527,0.2679832754083366,99.33171893118414,72.59018122336346,0.0061825172319553935,0.3246753246753247,32.101638189242415,199.9384621142195
1224,abundant,73.55737602411709,99.09485491446364,30.525689813768462,0.2002499168085788,7.062006365214431,11870.610411168716,1.5509900969027832,14,21,18,1,0,0.23443815521266909,0.5809503572309405,0.001751125463655427,0.26796962959787884,99.33052496520682,72.5864849036862,0.006184860938639157,0.3246753246753247,32.101638189242415,188.74623648542286
1225,abundant,73.5077597466404,99.06830091261853,30.507432114870415,0.23281277131235703,7.038948798251899,11910.925678624402,1.5503634821429808,14,21,18,1,0,0.23308588516986717,0.5804130104785374,0.001751704331563014,0.2679559791210962,99.32933634682063,72.5827873200145,0.006187205409664831,0.3246753246753247,32.101638189242415,200.09075424673932
1226,abundant,73.46894705383963,99.039379933567,30.512710154975753,0.16071154949534266,7.033196771383201,11953.099064749982,1.5503178573370628,14,21,18,1,0,0.23513390262072908,0.579873395481251,0.0017511534141605664,0.26794233314148375,99.32798666770523,72.57909095451734,0.006189548994402832,0.3246753246753247,32.101638189242415,191.6842013568051
1227,abundant,73.42120190472617,99.0294265808609,30.513922752232656,0.21365487582273787,7.0493420416440555,11995.096970425046,1.551768331146511,14,21,18,1,0,0.23346831351206032,0.5793484176839498,0.002208476698643983,0.267924975190733,99.32687874664582,72.57438910590852,0.006192560641704351,0.3246753246753247,32.101638189242415,168.2819405832327
1228,abundant,73.38441888756732,99.01527117458568,30.507577490548975,0.12275851115994202,7.024802829143468,12029.338542104815,1.5534627512547563,14,21,18,1,0,0.2362324816687617,0.578788012137895,0.001051792277885892,0.26791700589702305,99.32568290536376,72.57223041718534,0.006193882282110428,0.3449675324675325,32.101638189242415,179.80284075100263
1229,abundant,73.34638175566154,98.99516294273943,30.51209937641577,0.15090900757550535,7.023778947983241,12072.81466977232,1.5560513048661873,14,21,18,1,0,0.23614905600619518,0.5782473036450849,0.0017519810284545745,0.26790335329058546,99.32446483072411,72.56853225664167,0.00619622684415135,0.3449675324675325,32.101638189242415,198.14459623017711
1230,abundant,73.31471646804705,98.99471738843462,30.49378187038419,0.17126714392643375,7.042978910267459,12107.056138015527,1.5574105540078749,14,21,18,1,0,0.22806663946788702,0.5777056825055958,0.0014018629973432811,0.26789254254813577,99.32308412386138,72.56560388824859,0.006198059806462225,0.3449675324675325,32.101638189242415,159.35664807602603
1231,abundant,73.29511751501877,98.98837902570806,30.441893418210213,0.08767662159598538,7.013885577598093,12084.466893653662,1.5596588932318804,14,22,18,0,0,0.21373099265077772,0.5772092076328957,0.0024510435434194804,0.2678732158059676,99.32189140524889,72.56036874171077,0.006201425545560112,0.3449675324675325,32.101638189242415,195.82265648749342
1232,abundant,73.26959082294808,99.0042557080149,30.379230442518168,0.13454817539982913,6.953711059669018,12045.279728829328,1.5627773673033545,14,22,18,0,0,0.2102035759307991,0.57670716115148,0.0021134804324366477,0.2678566290917486,99.32082620993803,72.55587580240618,0.006204297992061587,0.36525974025974023,32.101638189242415,166.94194371944218
1233,abundant,73.24919664011452,99.02768008359078,30.289922905212062,0.12391830571334743,6.907131665953753,11983.93932481307,1.5642280343565094,14,22,16,2,0,0.21471878496220156,0.5761900154845125,0.0017516070175347238,0.26784297969940746,99.31974051537782,72.55217851248342,0.006206641646026638,0.36525974025974023,32.101638189242415,175.40764612040047
1234,abundant,73.22341806452214,99.03988567952466,30.215007812564476,0.08113126668563175,6.802811018173062,11921.896182253233,1.5670655155344297,14,22,16,2,0,0.21966797823326534,0.5756576195513391,0.0014013872458275988,0.2678321730088618,99.31850303075126,72.54925124165304,0.006208473551651362,0.36525974025974023,32.101638189242415,189.24631003794846
1235,abundant,73.19254863658607,99.05850316596586,30.141178592233537,0.1627094850180219,6.739587960395385,11860.26846113331,1.5684639566589131,14,22,16,2,0,0.22297350194270088,0.5751411863160174,0.0021013434576874017,0.2678156849341965,99.31749433987078,72.5447850214154,0.006211328021457377,0.36525974025974023,32.101638189242415,174.81746283671265
1236,abundant,73.15871981661564,99.08048452126762,30.06090606722963,0.1539953949157025,6.684097777052709,11796.764066850494,1.5712377250746532,14,22,16,2,0,0.2100055304561704,0.5746318708300077,0.0018460927675755085,0.2678012687415529,99.31646861358459,72.54088002385555,0.0062138094738972685,0.36525974025974023,32.101638189242415,183.21029461288498
1237,abundant,73.11710127047655,99.10034332441892,29.978131579230404,0.1826321665807527,6.6493191182002365,11730.612400405236,1.5722799147964033,14,22,16,2,0,0.21967888027735966,0.5741096989025618,0.0017669586021122092,0.26778749490686143,99.3152899892573,72.53714902551295,0.006216175226092669,0.36525974025974023,32.101638189242415,193.36383695049608
1238,abundant,73.08888070115185,99.11693212821608,29.905415779470474,0.0525368198943399,6.602438466391343,11667.329305442006,1.574387500831336,14,22,16,2,0,0.2214884111457635,0.5735851005021159,0.0017513875647982649,0.2677738474920304,99.31416328587497,72.53345227124981,0.006218518147043057,0.36525974025974023,32.101638189242415,192.574397397966
1239,abundant,73.04821169168333,99.14158248694012,29.858436535588304,0.20393233970299388,6.57888307119853,11601.161385097537,1.5753819644170468,14,22,16,2,0,0.22340957623189048,0.573058385763378,0.0017512783970431475,0.26776020099333303,99.31302436192475,72.5297557651451,0.0062208608271506274,0.36525974025974023,32.101638189242415,176.69321109479648
1240,abundant,73.02067068876559,99.1787954536838,29.80077442035365,0.1715841602237281,6.525922052702896,11541.212666512605,1.576755089407015,14,22,16,2,0,0.226532877036746,0.5725391485573199,0.0021410342386560754,0.26774339095229954,99.31201544936985,72.52520233201338,0.006223772854614269,0.36525974025974023,32.101638189242415,156.07290109505033
1241,abundant,72.9886004040612,99.22000219488737,29.751696318093156,0.16493031356375853,6.498561480014788,11485.056525230364,1.5782827511663238,14,22,16,2,0,0.2321506004653664,0.5719930356166911,0.0014018828529696811,0.26773258052663396,99.31086842182474,72.52227404942943,0.006225604889491889,0.36525974025974023,32.101638189242415,177.50928789876144
1242,abundant,72.94307764063886,99.26920114764647,29.694030028324185,0.26267560823252234,6.463055307222038,11427.660833119213,1.5800964088886018,14,22,16,2,0,0.22824550245133537,0.5714511989762112,0.001401193293450784,0.26772177570000977,99.30966663116511,72.51934728349025,0.006227435853319949,0.36525974025974023,32.101638189242415,161.90347396239767
1243,abundant,72.8976866047151,99.32460217236626,29.639449815676556,0.2699096049532804,6.378777085296566,11370.542097177378,1.5804936894560715,14,22,16,2,0,0.22945871746609298,0.5709080204118381,0.0014009294585535536,0.2677109730185493,99.30845410031282,72.51642109862397,0.006229266368114302,0.36525974025974023,32.101638189242415,160.7689279436988
1244,abundant,72.8619490664206,99.37421689134806,29.588053960376367,0.16892308637737993,6.323488440584003,11317.725210484801,1.5822445385237454,14,22,16,2,0,0.22988227168666625,0.5703545993766547,0.0010517665597121317,0.2677030044391988,99.30734150781737,72.51426260340345,0.006230586696464166,0.36525974025974023,32.101638189242415,177.8680574007284
1245,abundant,72.8043511250869,99.41654247901494,29.528238642802307,0.2869222829127312,6.29955031091996,11263.934600968227,1.5829575481499263,13,22,16,2,0,0.22421574318511026,0.5698172079106602,0.0014016375538932675,0.2676921959990918,99.30614818225594,72.51133485865925,0.006232418136375098,0.36525974025974023,32.101638189242415,174.0761781761468
1246,abundant,72.77386933903642,99.44836684772176,29.454356938712657,0.10871357362685484,6.27122696073466,11209.044702129959,1.5849653597168087,13,22,16,2,0,0.2267471831080158,0.5692672294346016,0.0010515509057249751,0.26768422914307616,99.30483461615822,72.50917683024845,0.006233738040222528,0.36525974025974023,32.101638189242415,179.9283359841222
1247,abundant,72.75269092307076,99.48370645933498,29.381898884958485,0.14649623363655176,6.215534764776407,11154.104026000685,1.586629939816625,13,22,16,2,0,0.2289983488477762,0.5687245753861898,0.001401576261459021,0.2676734211702554,99.30364847844625,72.50624921208077,0.006235569281166178,0.36525974025974023,32.101638189242415,174.48537743450177
1248,abundant,72.73418501394889,99.51670565384282,29.304500363622765,0.13331725263082084,6.166663611575971,11097.046690293148,1.5888691072080152,13,22,16,2,0,0.22916409071527138,0.5681817487742802,0.00140192456703769,0.2676626103865616,99.30258234869088,72.50332083251566,0.006237400967396528,0.36525974025974023,32.101638189242415,180.1569297023409
1249,abundant,72.7362522637419,99.54657765826263,29.22008178862284,0.10689667274754536,6.088171733334004,11041.250243820818,1.5897499493219263,13,22,16,2,0,0.2318092806875272,0.5676337034679435,0.0013194608007013934,0.26765246894508393,99.30137523840234,72.50057376155159,0.0062391121114356305,0.36525974025974023,32.101638189242415,170.5779335958353
1250,abundant,72.72850356175378,99.56729903245345,29.137403791277393,0.09472232475212876,6.047720731373387,10986.228482886381,1.591790745752906,12,22,16,2,0,0.23168008534260193,0.5670684939026059,0.0007013760192602184,0.26764734438159143,99.30009103652709,72.49918564137117,0.006239920181469349,0.36525974025974023,32.101638189242415,188.911188938953
1251,abundant,72.71556232810104,99.59045013592954,29.05632016411628,0.1325532169819496,6.03603475862655,10934.978228525753,1.5931882741322596,12,22,16,2,0,0.2338815805485069,0.5664933517887739,0.00043312945612102694,0.2676443970766387,99.29879322848456,72.49838728781603,0.006240336318373706,0.36525974025974023,32.101638189242415,174.52195056389786
1252,abundant,72.71120312042099,99.59379812136099,28.999561923357966,0.07732232393032505,6.036251786300889,10885.125496953107,1.5911253985551064,12,22,16,2,0,0.23862699407211824,0.5659400857837731,0.0014008460170877167,0.2676335949482433,99.29773534409625,72.4954612527617,0.006242166263336019,0.36525974025974023,32.101638189242415,183.85709081606333
1253,abundant,72.71825385937014,99.60701786831802,28.93899408929052,0.04252988701663577,6.017729009402927,10825.083525733586,1.5811360866377822,12,22,16,2,0,0.2378462171673954,0.5653681321436769,0.0007027570995670262,0.2676284590939859,99.29655374660942,72.49407007418641,0.006242976245066713,0.36525974025974023,32.101638189242415,183.26722467788187
1254,abundant,72.73324445886605,99.62617284991731,28.87822848006541,0.0786163137871583,5.9865905051899615,10774.031764167048,1.5709693266427713,12,22,16,2,0,0.2443827440504578,0.5647889563653256,0.0007016157180118803,0.26762333246566533,99.29526354930395,72.49268139469406,0.00624378453112851,0.36525974025974023,32.101638189242415,174.80497440380978
1255,abundant,72.76759215576564,99.65665081943146,28.82428696429169,0.18101780529021705,5.945263739822417,10719.693339680318,1.5613948199841614,13,22,16,2,0,0.24311326926159144,0.5642307663150257,0.0014012337817098759,0.2676125271218809,99.29407771081243,72.48975448866867,0.006245614922882842,0.36525974025974023,32.101638189242415,166.21035299383024
1256,abundant,72.77102608297469,99.68646694573826,28.773155665102298,0.12152005356286039,5.89804587023886,10658.324245316944,1.5505684423948098,14,22,16,2,0,0.24071254623010213,0.5636556114171843,0.0007010322504184635,0.2676074051889829,99.29288848188921,72.48836708105262,0.006246422264886183,0.36525974025974023,32.101638189242415,192.43958088303322
1257,abundant,72.79456710387255,99.71547160788208,28.690823411670397,0.14180487401243935,5.857055855872282,10600.895413845286,1.542071185074278,13,22,16,2,0,0.22612737239767594,0.5630866982390497,0.00035096183938622394,0.26760512467419717,99.29164457973711,72.4877493448102,0.006246718130106624,0.36525974025974023,32.101638189242415,191.06401258512318
1258,abundant,72.81047118409835,99.74830396538388,28.591492527047876,0.12480336613816839,5.819069749786108,10549.596372618049,1.5380663581196397,13,22,16,2,0,0.23812753033942596,0.5625144099380885,0.0007018565147215679,0.2675999959505209,99.2903566454288,72.48636009773672,0.006247526638045272,0.36525974025974023,32.101638189242415,168.35332185078659
1259,abundant,72.84393372873264,99.77579617130802,28.509179380630393,0.15226927678399435,5.752570409581095,10504.426138135153,1.5341626809111815,13,7,16,17,0,0.24821803851959395,0.5619604155965643,0.0017516250302598076,0.26758634640927614,99.28924893052786,72.48266276747958,0.006249868817358108,0.36525974025974023,32.101638189242415,175.85675289212753
1260,abundant,72.86292116347636,99.80382311201619,28.44694978931839,0.0768639858948746,5.657736699847914,10460.428313424225,1.5293762578408028,13,7,16,17,0,0.26250437273236255,0.5613808969169307,0.0014012903704289969,0.26757554050920435,99.28817568080656,72.47973571076943,0.0062516990805316225,0.36525974025974023,32.101638189242415,185.47545797932648
1261,abundant,72.89778534553457,99.83332696807867,28.3942879804489,0.11206227261292608,5.582946011254161,10407.782661377008,1.5240449362684347,13,7,16,17,0,0.2744899084611111,0.5607587938350344,0.00035127919324743305,0.2675732573798283,99.28708069957398,72.4791172662978,0.006251995226182735,0.36525974025974023,32.101638189242415,173.58981109481246
1262,abundant,72.93657309899234,99.86177220095053,28.352770951219952,0.11573555567839162,5.5440384067093245,10352.251298018142,1.5196647109481556,13,7,16,17,0,0.2877902150049647,0.5601514600094002,0.00140126467397378,0.2675624516565538,99.28596373315078,72.47619025747775,0.006253825377981673,0.36525974025974023,32.101638189242415,180.0109027728654
1263,abundant,72.98457253735373,99.91159513039528,28.336340465201552,0.2411974961936868,5.528709919772444,10315.912909290233,1.5154493085201597,13,7,16,17,0,0.29793797030165037,0.5595186039378406,0.0007014001863514003,0.2675573266153407,99.28480699924795,72.4748020078944,0.006254632972454785,0.36525974025974023,32.101638189242415,178.6005403897009
1264,abundant,73.03448552258666,99.94808386049073,28.34374748762601,0.1350557911083152,5.520519811276024,10322.588951573838,1.5114775500564157,13,7,16,17,0,0.30627609349994117,0.5589214819344285,0.0017509505032302908,0.2675436825313475,99.28372840498211,72.4711061558746,0.006256973919548132,0.36525974025974023,32.101638189242415,184.52113541345489
1265,abundant,73.07280946728173,99.97557268120204,28.369409918141038,0.05556659878467415,5.480746720992187,10329.430810452901,1.5055320828778613,13,7,16,17,0,0.3186594875525138,0.5582722655722072,0.0003513472483012806,0.26754139881083233,99.28251383136318,72.47048755127767,0.006257269981475925,0.36525974025974023,32.101638189242415,183.03403393790518
1266,abundant,73.14730056569731,100.00493175452377,28.404218928909017,0.2594154401594991,5.4466860377494255,10331.499366731361,1.50046911579285,13,7,16,17,0,0.325552659023126,0.5576259633793577,0.0007018900812496018,0.2675362697475915,99.28142893885189,72.46909821222437,0.006258078172077507,0.36525974025974023,32.101638189242415,182.47434941698157
1267,abundant,73.20631532702427,100.03889843582003,28.477741326509253,0.12091141481209164,5.381735152185339,10334.198599638046,1.4951068538293173,14,7,16,17,0,0.3382281834605543,0.5569744308072732,0.0009899745291519068,0.2675288023255935,99.28031914530519,72.46707546839724,0.006259307222605436,0.36525974025974023,32.101638189242415,185.0043243177429
1268,abundant,73.26590300780411,100.088709562811,28.579624710794217,0.21820099653644245,5.371315318457659,10358.120929446966,1.4908926732533923,14,7,16,17,0,0.34612037267698753,0.5563361288580616,0.0017505776658215447,0.2675151612301142,99.2794354573505,72.4633804258935,0.006261647462690183,0.36525974025974023,32.101638189242415,157.46697208006532
1269,abundant,73.32153565146663,100.1514783367913,28.72996219781778,0.2457932461215198,5.4304604472852205,10386.743802133416,1.4869635929665086,13,7,3,30,0,0.35111073001247023,0.5556537132640252,0.0003502786392630744,0.26751288620337665,99.27930293849958,72.46276417623046,0.00626194180111976,0.36525974025974023,32.101638189242415,163.00334945828587
1270,abundant,73.37877656522897,100.22003512193999,28.896514630071113,0.22595487464396533,5.454769638957939,10419.084695097314,1.4832736811674867,13,7,3,30,0,0.37348148114190743,0.5549472405861737,0.0003501574823447953,0.2675106121651038,99.27916713387621,72.4621481943186,0.006262235952320597,0.36525974025974023,32.101638189242415,158.60603055965834
1271,abundant,73.43134302001621,100.29455659078029,29.08174899589211,0.21669929287699435,5.496561477509607,10454.489185995575,1.4798601149369444,12,7,3,30,0,0.3937825460616107,0.5542287596154208,0.000700012802683252,0.2675054984245352,99.27905146063661,72.46076300580621,0.006263041227813738,0.36525974025974023,32.101638189242415,152.94412993574855
1272,abundant,73.49189329446769,100.37369731395026,29.278869058334244,0.22445709066376182,5.573802372048849,10494.123169868493,1.4764944173636116,12,7,3,30,0,0.4146773525114217,0.5534780032635096,0.00035030191240538076,0.2675032232511337,99.2789091090303,72.46014671641548,0.00626333555185132,0.36525974025974023,32.101638189242415,154.72950439261186
1273,abundant,73.56574578251372,100.44075307201273,29.472936773220816,0.23913910087687523,5.658748453812576,10489.105786967473,1.4792211333264633,12,8,3,29,0,0.4169595311592259,0.5527264125875548,0.00039313043620674195,0.2675006004610436,99.27878194351423,72.45943626607988,0.0062636924376387355,0.36525974025974023,32.101638189242415,149.23115322291687
1274,abundant,73.65832130967422,100.5050173106371,29.665950469843057,0.2648990502578911,5.793763141572687,10466.871162341256,1.4844285068870615,12,8,3,29,0,0.4309988643881071,0.5519703732857966,3.8938301049118273e-07,0.26750116549232683,99.27863366719865,72.45958931937466,0.006263475520977793,0.36525974025974023,32.101638189242415,158.947449500296
1275,abundant,73.75304678231886,100.56727393672082,29.867284509284822,0.21793421565341742,5.938313184547471,10437.536313032131,1.491277219062032,12,8,2,30,0,0.4511349440528621,0.5512079519019849,0.0003500128028559535,0.2674988926823604,99.27857333550182,72.45897367018125,0.006263769407550365,0.36525974025974023,32.101638189242415,162.6312094205952
1276,abundant,73.84807634254959,100.62814072497166,30.07807401720935,0.1807631099090894,6.06563268630619,10417.090979291504,1.4985607107067016,12,8,2,30,0,0.47006590123126124,0.5504255012911894,0.00035003978595639563,0.26749661966440136,99.2785096807033,72.45835796464769,0.00626406332334071,0.36525974025974023,32.101638189242415,160.46367433922484
1277,abundant,73.95400063119008,100.69183152954096,30.292958108667346,0.2177402590387269,6.180035151585154,10406.93787253512,1.506409650950492,11,8,2,30,0,0.48661544070956947,0.5496158102394982,1.9973951896306914e-07,0.2674971862518642,99.27844670609251,72.45851143947385,0.006263846116735104,0.36525974025974023,32.101638189242415,162.49419277031615
1278,abundant,74.07216004287548,100.7588183578583,30.509620218287797,0.25439858927316295,6.308035143187803,10397.460752265193,1.5149360842023987,11,8,2,30,0,0.5025149236914934,0.5487893518844744,1.0020468001969052e-07,0.26749775364188383,99.27838365982528,72.45866513169321,0.006263628772252038,0.36525974025974023,32.101638189242415,165.41023502559423
1279,abundant,74.19814510604002,100.83060127736428,30.731161192563302,0.271499173344862,6.419943765306378,10391.044040273278,1.523725309832826,11,8,1,31,0,0.5191964901521159,0.5479536655596153,0.0003016319252269627,0.26749587354286386,99.27831778538828,72.45815585838737,0.006263851969610635,0.36525974025974023,32.101638189242415,165.99590614944958
1280,abundant,74.32439784153692,100.90712232478127,30.963479536205192,0.24637860057554933,6.541289044954146,10389.774494228164,1.532726531979392,12,8,1,31,0,0.5327148641257716,0.5470953210697882,1.228596274383801e-07,0.267496440752343,99.27825484777149,72.45830950170269,0.006263634658022957,0.36525974025974023,32.101638189242415,162.15600543345926
1281,abundant,74.46043460832009,100.98404936153031,31.19637664328358,0.26786642885537637,6.708099031415682,10392.726358754411,1.5415161406605027,12,8,1,31,0,0.5471930606331995,0.5462216302902434,1.4800653900891249e-07,0.2674970077526392,99.27819190995335,72.4584630883554,0.006263417390720031,0.36525974025974023,32.101638189242415,165.54301637171423
1282,abundant,74.59751086515399,101.0644966126887,31.43662355456952,0.24660854752114644,6.853587844266698,10398.842887003295,1.5502489594996327,12,8,1,31,0,0.5610527968049756,0.5453332434057093,1.2213012270502635e-07,0.26749757495762616,99.27812897243086,72.4586167304539,0.006263200093155839,0.36525974025974023,32.101638189242415,163.90234360389306
1283,abundant,74.74445181160425,101.14664582339836,31.67901144571689,0.272352590998105,6.995430406773639,10409.121414647565,1.5589137822476535,12,8,1,31,0,0.5736474150977265,0.5444315438565862,1.473449477875109e-07,0.2674981419528789,99.27806603470633,72.45877031574047,0.006262982839975132,0.36525974025974023,32.101638189242415,166.08251692381847
1284,abundant,74.89144992815008,101.23120790622296,31.9304034243763,0.24683038211087285,7.127708325259379,10421.77482373879,1.5678077961618508,13,8,1,31,0,0.5857516195350951,0.5435170500868456,1.2140061379476372e-07,0.2674987091533737,99.27800309727812,72.45892395662214,0.006262765556433441,0.36525974025974023,32.101638189242415,164.2745274361551
1285,abundant,75.04715192892449,101.31822805241873,32.18337062844085,0.2770690022723351,7.1993501690876105,10435.751229635822,1.5770752539197639,13,8,1,31,0,0.5970881900367112,0.5425905653787797,1.4668335323659065e-07,0.26749927614358293,99.27794015964719,72.45907754054255,0.0062625483173739714,0.36525974025974023,32.101638189242415,166.96596503437794
1286,abundant,75.20252615873784,101.40774814466157,32.44542901597746,0.24746147711271155,7.251377182343238,10460.262516255716,1.5866755095637326,13,8,1,31,0,0.6080557619976175,0.5416690357761095,1.2067110070017176e-07,0.26749984333958554,99.27787722231324,72.4592311802074,0.006262331047853799,0.36525974025974023,32.101638189242415,164.2244827045647
1287,abundant,75.36760952852228,101.49848375180287,32.70859274541594,0.27914713328271046,7.378332722438353,10518.86679712529,1.5965338762743448,13,8,1,31,0,0.6184389623619999,0.5407506535075057,1.4602175535005605e-07,0.2675004103247513,99.27781428477594,72.45938476276164,0.006262113822914584,0.36525974025974023,32.101638189242415,166.53452598351936
1288,abundant,75.53311865136041,101.59213496473022,32.98067035642007,0.253271987230055,7.502089130721862,10580.203563147741,1.6064279269751922,14,8,1,31,0,0.6283182213530993,0.5398382936496194,1.1994158341383068e-07,0.26750097751626173,99.27775134753625,72.45953840120967,0.006261896567414947,0.36525974025974023,32.101638189242415,164.03188458699717
1289,abundant,75.71022987009674,101.68676484443044,33.25480411958084,0.2904599329693141,7.606053041917912,10642.99977106067,1.6165697429472368,14,8,1,31,0,0.6375425776158796,0.538931092150394,1.4536015412181202e-07,0.26750154449638397,99.27768841009255,72.45969198239774,0.006261679356595004,0.36525974025974023,32.101638189242415,165.59495645779538
1290,abundant,75.88569718286612,101.78457778260274,33.53899123000275,0.2619356962719582,7.710228844154811,10707.20779736272,1.6269568095839984,14,8,1,31,0,0.6465150678593647,0.5380148135890053,1.1921206192832138e-07,0.2675021116834022,99.27762547294712,72.45984561962895,0.006261462115114919,0.36525974025974023,32.101638189242415,163.07477886954766
1291,abundant,76.06738581578436,101.88341202150667,33.824304918806796,0.2861380535429573,7.845878175196075,10776.543328432668,1.6378260218689784,13,8,1,31,0,0.655129476017008,0.5370898372313058,1.4469854954576394e-07,0.267502678658481,99.277562535597,72.45999919945088,0.006261244918413268,0.36525974025974023,32.101638189242415,166.02024213582152
1292,abundant,76.247060257527,101.98563377147443,34.11981276866362,0.2599199540396296,7.971251430907641,10890.44156492989,1.65341073812686,14,8,1,31,0,0.6633263357180244,0.5361565805548363,1.1848253623622531e-07,0.267503245841007,99.2774995985458,72.46015283546524,0.006261027690951752,0.36525974025974023,32.101638189242415,163.64110418230067
1293,abundant,76.43372161982239,102.0899702454756,34.417481498649735,0.28357767619916685,8.085676357810238,11005.739224863955,1.6691484179472185,13,8,1,31,0,0.6712712540371337,0.535215288841648,5.8876549793250746e-08,0.2675038135019998,99.2774366621188,72.46030660108468,0.006260810383949079,0.36525974025974023,32.101638189242415,165.77296080204297
1294,abundant,76.62774757929319,102.19644936520218,34.72055005528731,0.30559215008353985,8.154198388135097,11123.248432869746,1.685428715097583,15,8,1,31,0,0.6788561070150253,0.5342776736184118,0.00035,0.26750154074157523,99.27738461519934,72.45969096531097,0.006261104344354701,0.36525974025974023,32.101638189242415,165.76250747091643
1295,abundant,76.81868074311453,102.3089889750033,35.03394248088986,0.30003377959628247,8.206259105759113,11246.227072762566,1.7020115645304834,14,8,1,31,0,0.6845728072831978,0.53335518971935,2.88073278291487e-07,0.2675021065469224,99.27732167652049,72.45984422828093,0.006260887369544221,0.36525974025974023,32.101638189242415,160.67888006028733
1296,abundant,77.0101595314002,102.42187209726474,35.35512853089034,0.2738852601939339,8.272288562435351,11370.986635145571,1.718354474643485,14,8,1,31,0,0.6919776369248908,0.5324266824858669,4.9311366950845614e-05,0.26750227443267616,99.27725826037064,72.45988970446697,0.00626074202472258,0.36525974025974023,32.101638189242415,162.92407528775547
1297,abundant,77.20615090503793,102.53929879116018,35.678911222100474,0.313936175698966,8.382366437407653,11496.199754756599,1.7346631766838354,14,8,1,31,0,0.6978384613018076,0.5314910674231207,2.3404554495169646e-07,0.2675028406679719,99.2771953222902,72.46004308389959,0.006260524983558541,0.36525974025974023,32.101638189242415,159.77972955370086
1298,abundant,77.40657636490883,102.65408175996636,36.007569224765334,0.30622449185058076,8.529107937614787,11640.096530205308,1.7444089733257155,14,8,1,31,0,0.7045103157060686,0.5305488006180221,2.1506429133161774e-07,0.26750340705227094,99.27713238443815,72.4601965036936,0.006260307922199135,0.36525974025974023,32.101638189242415,166.68903648939164
1299,abundant,77.60390479165945,102.76896010718156,36.348604129452205,0.26551032655264023,8.661195036659961,11788.236146231633,1.7456746472598876,15,8,1,31,0,0.7097903206115352,0.5296111738491058,0.00035,0.26750113428278044,99.27707643182698,72.45958086546415,0.006260601900051043,0.36525974025974023,32.101638189242415,163.60542290747526
1300,abundant,77.80588589431936,102.8890601516845,36.69819473199925,0.2913588146864643,8.785984030486443,11938.794948998417,1.7468485192453012,15,8,1,31,0,0.7154442019288384,0.5286581477593639,2.764116427726116e-07,0.267501700172998,99.27701349335803,72.45973415142343,0.006260384925648731,0.36525974025974023,32.101638189242415,152.09682222219232
1301,abundant,78.0118880613818,103.01390260397775,37.0549427724459,0.31432164211074426,8.96895483016527,12091.742220723187,1.7479404430883267,16,8,1,31,0,0.7211041518352314,0.5277185552101654,2.325885389007195e-07,0.26750226641358293,99.27695055535945,72.45988753228877,0.006260167894755084,0.36525974025974023,32.101638189242415,159.6515397090772
1302,abundant,78.22460676852924,103.13801351314874,37.416144804682794,0.33072271969718986,9.193249718391579,12267.20168825184,1.7487474678042214,16,8,1,31,0,0.7249669547645261,0.5268217899588901,5.778301164594356e-08,0.2675028340676957,99.27688761910711,72.46004129604457,0.006259950616008282,0.36525974025974023,32.101638189242415,156.8895987516797
1303,abundant,78.4385237629399,103.26253306632607,37.78320561200559,0.3257151110607552,9.424838147176283,12452.094777047318,1.748728706389181,18,8,1,31,0,0.7287175467269758,0.5259216690588902,3.5678697043736475e-07,0.2675033992897696,99.27682467998588,72.4601944010199,0.006259733781647014,0.36525974025974023,32.101638189242415,156.49592639346668
1304,abundant,78.64844553771188,103.38726807696187,38.16075836382324,0.29213516517374094,9.681401848870816,12634.752703515074,1.748318410175205,17,8,1,31,0,0.7287959917101123,0.5250221854935246,7.102763801251266e-08,0.2675039668262466,99.27676174369161,72.46034813291104,0.0062595165373235655,0.36525974025974023,32.101638189242415,153.0835039813898
1305,abundant,78.84145783021614,103.48522181828537,38.526002109227385,0.2542403323452744,9.836421313540646,12785.370362136542,1.7466941276143275,17,8,8,24,0,0.6019890769246835,0.5243224971213103,0.002129328296715929,0.26748725154084474,99.27653219896446,72.4558203667858,0.006262410120354938,0.36525974025974023,32.101638189242415,173.0827383132803
1306,abundant,79.02309601565592,103.54651649308737,38.861653377126466,0.26129819001076976,9.988785487919333,12927.31016309125,1.7477669939813685,17,8,10,22,0,0.5684745383372322,0.5236791247269736,0.0028003289270379927,0.26746508994479706,99.2762916898998,72.44981732696607,0.0062662839269405825,0.36525974025974023,32.101638189242415,173.31087927757844
1307,abundant,79.20319169856481,103.59736325192561,39.19294640865512,0.24244507596564546,10.210716408717238,13070.489855561798,1.749584678165975,18,8,10,22,0,0.5700198567564028,0.5230346763393723,0.0028001558044835812,0.26744292987678997,99.27604465802541,72.44381470105553,0.006270157346091376,0.36525974025974023,32.101638189242415,177.2887392936474
1308,abundant,79.38148679657569,103.64081537396268,39.52025873469493,0.22376170260831843,10.487503629203136,13210.08676835242,1.7520254693509743,19,8,10,22,0,0.569879743648442,0.5223909860713402,0.002800381031305116,0.26742076810273685,99.27578279405796,72.43781161301843,0.00627403095980452,0.36525974025974023,32.101638189242415,194.05779820547338
1309,abundant,79.55501140478462,103.67957611116817,39.85085503063671,0.1955589329290976,10.751765780354535,13346.038483774326,1.7549707746898693,19,8,10,22,0,0.5664809595892618,0.5217613940759724,0.0031500977410170578,0.2673957678546158,99.27550321744624,72.431039651078,0.006278415371016735,0.36525974025974023,32.101638189242415,182.48081866345652
1310,abundant,79.72462975538915,103.71973249544517,40.176818223083366,0.1704951072977315,10.9809347304759,13474.811921798042,1.7574409557494386,20,8,10,22,0,0.5614315579876811,0.5211281002926407,0.0028002673019194143,0.26737360725880865,99.27519401371914,72.42503688219921,0.006282288531840586,0.36525974025974023,32.101638189242415,185.20232811946627
1311,abundant,79.90275335951712,103.72679464052892,40.47766490103133,0.1447874738408224,11.163783743252424,13592.395063595322,1.7576431420689527,20,9,10,21,0,0.5377595184431178,0.5205339526792528,0.00325034737303289,0.2673477935534979,99.27485230671496,72.41804457440053,0.006286819119869105,0.36525974025974023,32.101638189242415,188.84904026483966
1312,abundant,80.056672971079,103.70100816636025,40.77497546812791,0.11270599094620097,11.334716491242258,13695.362925361558,1.762696948779401,20,9,10,21,0,0.5370546485821585,0.5199191999761537,0.0024711214303783655,0.2673283048222537,99.27446523369254,72.41276554894391,0.0062902111106564506,0.36525974025974023,32.101638189242415,195.7674567770272
1313,abundant,80.22240439396845,103.66451479795367,41.063171915583624,0.20120612249270306,11.46905281405269,13790.368123934026,1.767755406791139,22,9,10,21,0,0.5437655393263882,0.5192965599395295,0.002450868424507241,0.2673089805675928,99.27405185580737,72.40753107621158,0.0062935733942651555,0.36525974025974023,32.101638189242415,199.65583138286155
1314,abundant,80.38660568074542,103.62729673794624,41.34930598501989,0.1800578490204869,11.519081434495112,13876.870476271077,1.7727751493098205,21,9,10,21,0,0.5484435365946488,0.5186746384433747,0.0026816943023748475,0.2672877828211441,99.27360972752857,72.40178911991268,0.006297272795020995,0.36525974025974023,32.101638189242415,201.97611508722116
1315,abundant,80.5284615741829,103.61072876915182,41.633488622256735,0.15595227342228965,11.574059471659272,13953.799268740284,1.7780841881786218,21,10,11,19,0,0.5153500698610209,0.5180817192193067,0.002455706598525428,0.26726841947775376,99.27310425538491,72.3965440589899,0.0063006419019518865,0.36525974025974023,32.101638189242415,203.9847192816509
1316,abundant,80.66005177869476,103.59121567795528,41.91097185760192,0.10412150116472008,11.62074766532442,14021.334420213614,1.7838306602949556,20,10,11,19,0,0.5112028586041026,0.5174925648164876,0.0024638352548426723,0.26724899024185017,99.27260439066914,72.39128114938063,0.006304022767773143,0.36525974025974023,32.101638189242415,201.57020635846226
1317,abundant,80.79739537603406,103.55654292705053,42.16132934866889,0.11742918201469882,11.675444269320575,14081.22686156068,1.7806586415270678,21,11,11,18,0,0.4990112451049937,0.5169154279565638,0.0024506168421321826,0.26722966838360357,99.27205194005339,72.38604732577893,0.0063073842042598565,0.36525974025974023,32.101638189242415,198.66752600367303
1318,abundant,80.9424671612393,103.52328900926825,42.40593217241259,0.15102244408015209,11.705958979040187,14133.288946513436,1.7729711209723837,21,11,11,18,0,0.4993976238628714,0.51633691767448,0.002450454639279569,0.26721034792623766,99.27150580526079,72.3808138816419,0.006310745287055593,0.36525974025974023,32.101638189242415,199.35981489144567
1319,abundant,81.08738786815209,103.47841187143324,42.637544667593765,0.18004099036336835,11.745530735373896,14177.499689233347,1.7659613770896543,21,11,11,18,0,0.5047180057998997,0.515751681377653,0.0024506023669443313,0.26719102634878544,99.2708299067713,72.37558013410059,0.006314106468977471,0.36525974025974023,32.101638189242415,201.01934807327433
1320,abundant,81.2331848461653,103.43645048854339,42.87186741629752,0.16157593548259958,11.743541970716043,14212.006876203806,1.7596523789327332,22,11,11,18,0,0.5075184463685362,0.5151625581317907,0.002450391397979185,0.2671717065650546,99.27024032432506,72.370346872435,0.006317467225970495,0.36525974025974023,32.101638189242415,191.69484128761138
1321,abundant,81.37285278625116,103.39417791636507,43.10377279076859,0.12205114201900823,11.72973128693439,14239.551722211807,1.7537280154969506,23,11,11,18,0,0.5112887764451628,0.5145625686801074,0.002233678438358549,0.26715414588903175,99.2695997069973,72.3655901104581,0.006320511251188997,0.36525974025974023,32.101638189242415,205.4690981666788
1322,abundant,81.5154671861201,103.34510710462727,43.33753300940215,0.14537343831188407,11.710977776156117,14256.483151330725,1.7498470566159834,23,11,11,18,0,0.505385009498929,0.5139595343345816,0.002100499584978731,0.2671376662797348,99.26897436565002,72.3611261832838,0.006323360597976552,0.36525974025974023,32.101638189242415,210.1093651357284
1323,abundant,81.64226388995777,103.29035934745806,43.54652313059482,0.14528173526681432,11.654067847499945,14231.336500437781,1.7508478818806206,22,11,11,18,0,0.5096178056083654,0.5133622439173212,0.002450489220430675,0.2671183459325567,99.26847111220603,72.35589276899397,0.006326721176568682,0.38555194805194803,32.101638189242415,206.62038162076655
1324,abundant,81.75636722796628,103.2502557482189,43.747296485584805,0.11294124124441889,11.56216669020639,14178.164635644069,1.753103213136136,23,12,11,17,0,0.498381611286263,0.5127730746441577,0.002274274234641738,0.26710045597574966,99.26792420805597,72.35104681282479,0.0063298241904556456,0.38555194805194803,32.101638189242415,201.83092220936572
1325,abundant,81.86830462717397,103.21794172121676,43.94622082473092,0.12043685837931155,11.467453706797928,14136.420303786843,1.7559168919286288,23,12,11,17,0,0.4962205138132614,0.5121820978445492,0.002100721051848874,0.2670839747934991,99.2673634603452,72.34658245957544,0.006332673537443359,0.38555194805194803,32.101638189242415,180.23462407146468
1326,abundant,81.9854729645165,103.18523118206947,44.13918933648087,0.15590049486174143,11.382198312418634,14150.438635345381,1.7592013334111605,23,12,11,17,0,0.5006761598755285,0.5115869676755378,0.00210170673794421,0.2670674856815471,99.26690446452552,72.34211595836193,0.006335524225572918,0.38555194805194803,32.101638189242415,180.32477494624382
1327,abundant,82.08607772861758,103.15128626072917,44.33595000219003,0.07091930450455551,11.304678032194804,14191.7297604372,1.7665210181619726,23,12,11,17,0,0.5021963054514678,0.5109908671188368,0.002100367423215052,0.2670510075103196,99.26642584925824,72.33765242072583,0.00633837285799891,0.38555194805194803,32.101638189242415,191.0078752975246
1328,abundant,82.1846793732166,103.12397945494429,44.531677328356665,0.06429454240121703,11.267526721662545,14228.638087227217,1.777985495942246,23,12,11,17,0,0.501237403231362,0.5103969071681284,0.002111986887845173,0.2670344350878792,99.26590514516862,72.33316335271803,0.006341238367416852,0.38555194805194803,32.101638189242415,174.25690997693133
1329,abundant,82.29468692520481,103.09136941615584,44.72904951388834,0.14510521017203676,11.20795271622524,14259.693330830178,1.790092293383408,23,12,11,17,0,0.5026578773050778,0.5098018408561915,0.0021006034964198865,0.26701795512460336,99.26536964101862,72.3286993296594,0.006344087146338759,0.38555194805194803,32.101638189242415,183.23406592828528
1330,abundant,82.4006737726591,103.05490974670101,44.91878044423762,0.11325436299826222,11.15216139853087,14289.689261464227,1.802314251961227,23,12,11,17,0,0.5057947075004716,0.5092040756889402,0.0021011371406534974,0.26700147088527737,99.26479474397067,72.32423414832233,0.0063469366059943945,0.38555194805194803,32.101638189242415,183.08105047468132
1331,abundant,82.49742670552773,103.00702289913815,45.10807768962252,0.06728901017576931,11.101042978870566,14316.353795229865,1.8146477107208485,22,12,11,17,0,0.5058807901391521,0.5086070549078098,0.0021058156638548804,0.2669849487268233,99.2642791958317,72.31975869561151,0.006349792801979514,0.38555194805194803,32.101638189242415,195.92561853590638
1332,abundant,82.60129801580528,102.96162842456881,45.2976440120576,0.1264268028940577,11.031839278901348,14345.465212502859,1.8166293875198243,21,12,12,16,0,0.497731101110152,0.5080293200072915,0.0024504157840489703,0.2669656295659523,99.26372557524161,72.31452560266356,0.006353152355513026,0.38555194805194803,32.101638189242415,201.17412619527278
1333,abundant,82.70660953020445,102.93610632538972,45.47421796007048,0.19231350691857252,10.956568121772204,14397.895590351029,1.815515071679393,21,13,12,15,0,0.480213710575374,0.5074565566894614,0.002450728685367995,0.2669463079425114,99.26315291747393,72.30929184266502,0.006356512249542543,0.38555194805194803,32.101638189242415,186.021157516538
1334,abundant,82.80565717801151,102.91275156877307,45.643046667394245,0.16447859013845373,10.889565933565596,14441.582228811076,1.8151244779454576,22,13,12,15,0,0.4777307027349444,0.5068824600022139,0.002450371752817429,0.26692698929209946,99.26259682678122,72.30405888798808,0.006359871505436843,0.38555194805194803,32.101638189242415,182.74235993780445
1335,abundant,82.88982296985529,102.8856362529832,45.79717923737068,0.07270221184325934,10.805222940095717,14475.357818675828,1.8159283552428904,21,13,12,15,0,0.47407734390261835,0.5063130850640551,0.002450407811972884,0.2669076704236094,99.26202115284659,72.29882587423904,0.00636323069737434,0.38555194805194803,32.101638189242415,185.45140127317023
1336,abundant,82.96416144280396,102.8542442677652,45.943253928383776,0.0487748447020765,10.73305587823494,14501.907785912292,1.817192320756592,21,13,12,15,0,0.47210325893825245,0.5057502578960691,0.0025664839545083648,0.26688740946741746,99.26149445781655,72.29333767174025,0.0063667593585534435,0.38555194805194803,32.101638189242415,188.07323633448894
1337,abundant,83.041562080067,102.81028148045232,46.0970964960906,0.06813002775890192,10.583691866578205,14528.453668800812,1.818519389729484,20,13,12,15,0,0.4723315487244751,0.5051848818075593,0.0024503995385487583,0.2668680908300987,99.26093746603459,72.28810472060991,0.0063701182992461506,0.38555194805194803,32.101638189242415,194.84551532912613
1338,abundant,83.1250538550735,102.7609428116217,46.24730385362327,0.11713143501214936,10.416877816453916,14571.095651017393,1.8190395613875872,20,13,12,15,0,0.47533058096489855,0.5046072759804087,0.0021004005251084286,0.2668516131548713,99.26039846220259,72.28364131732823,0.006372965778871359,0.38555194805194803,32.101638189242415,190.9374537117365
1339,abundant,83.2096444352673,102.73318122544121,46.38807225006601,0.0903262442536437,10.269459586230678,14610.454083882323,1.8201853527190741,20,13,13,14,0,0.4585124829353817,0.5040586710992999,0.002450573513339217,0.26683229323861507,99.25981516126741,72.2784080197647,0.006376324758242224,0.38555194805194803,32.101638189242415,189.86641335231803
1340,abundant,83.30574540231049,102.70482312615829,46.542389611033514,0.09061327077462215,10.127346478425832,14654.509701877447,1.8262309400677414,20,13,14,13,0,0.4479454688598044,0.5035320518370309,0.002800421316313916,0.26681013374442075,99.25919985559332,72.27240554928615,0.0063801947445068135,0.38555194805194803,32.101638189242415,186.53078154799942
1341,abundant,83.42365462733181,102.67847000799365,46.69834449987847,0.22525330868809182,9.993227243087649,14701.971275449061,1.834465166003143,20,13,14,13,0,0.44401013794521466,0.5030103371074677,0.002801398250725554,0.2667879664129729,99.25853466131791,72.26640095588537,0.006384066023688889,0.38555194805194803,32.101638189242415,198.87802360575648
1342,abundant,83.52470796768789,102.65102026607727,46.85880551710671,0.07860897488559142,9.847173986639561,14737.782168253609,1.8434776613407904,20,13,14,13,0,0.44263049652053743,0.5024906034284349,0.0028002575076127847,0.26676580843354375,99.2579251480075,72.26039889572003,0.00638793550184162,0.38555194805194803,32.101638189242415,195.01066612569093
1343,abundant,83.62070168540284,102.62032691584928,47.020925474187486,0.08044919668227431,9.743489567309732,14774.146656970333,1.8531628272130518,21,13,14,13,0,0.43873524101164785,0.501975904324866,0.0028105593769480477,0.26674356693098894,99.2573298612725,72.2543742111621,0.006391819896549664,0.4058441558441558,32.101638189242415,190.13181385048955
1344,abundant,83.70821482401149,102.58054641633109,47.176006532864776,0.04810552540165339,9.678163870810353,14800.701139488428,1.863428118181608,21,13,14,13,0,0.4391807099566014,0.5014516312738824,0.0024709699632713736,0.2667240819157888,99.25666713388219,72.24909619229184,0.006395208020248343,0.4058441558441558,32.101638189242415,195.54806431599258
1345,abundant,83.80478161584102,102.537582728587,47.33685993598526,0.08661231077096034,9.617411943043061,14829.251570138207,1.8736103573489988,21,13,14,13,0,0.43604313245687526,0.5009279389739727,0.0024505096716778284,0.2667047630561764,99.25602099291017,72.24386318094756,0.006398566134060652,0.4058441558441558,32.101638189242415,193.4622272535002
1346,abundant,83.91033325097567,102.49828097510745,47.48332795382867,0.1332149930471762,9.57486499307134,14884.239625571841,1.8834207220571944,21,13,14,13,0,0.43305049181184163,0.5004053734691896,0.002450421632254694,0.2666854449788858,99.25532073918436,72.23863038151529,0.0064019240026492496,0.4058441558441558,32.101638189242415,190.1637570489339
1347,abundant,84.02575236304446,102.45761382582047,47.617953759474624,0.0689358594680865,9.558345286405961,14911.78960115886,1.8881968513172418,20,14,14,12,0,0.41881925917890184,0.49988297181100094,0.002454912628102361,0.26666609052328016,99.2545950417082,72.23338772807824,0.006405288315939293,0.4058441558441558,32.101638189242415,184.1681632710312
1348,abundant,84.1498279564545,102.41390978716765,47.75370996454021,0.15581016318235585,9.541531745171612,14948.286862775727,1.8913170579625271,21,14,14,12,0,0.4173854942801599,0.49936180791630014,0.0024506524157401205,0.2666467707243437,99.2538603429681,72.22815446229379,0.006408646288294805,0.4261363636363636,32.101638189242415,194.00156066056155
1349,abundant,84.2622021899732,102.35398178137095,47.886084653982444,0.08479253182217587,9.524496305457049,14973.184582506787,1.894096161052972,20,14,14,12,0,0.41558306704849957,0.4988535193530412,0.00222944100649598,0.26662924653275566,99.25314529850438,72.22340758306697,0.006411680956790522,0.4261363636363636,32.101638189242415,200.99345091214977
1350,abundant,84.39962612376684,102.28385542000805,48.000365093111725,0.24298761251211706,9.49429108369635,15003.833621406608,1.8942930065052588,20,14,14,12,0,0.41614751402310385,0.4983702119003309,0.0021162761152331774,0.2666126409432119,99.25243435508412,72.2189095308939,0.006414550187343294,0.4261363636363636,32.101638189242415,208.27390501144046
1351,abundant,84.53767762605581,102.2212976604099,48.10134942164998,0.1138084694290633,9.495656172405665,15009.746118179988,1.8915961928785818,21,15,14,11,0,0.40594727699727623,0.49790677957808355,0.002100748479272766,0.26659616144143555,99.25164471067845,72.21444563284432,0.006417396632578333,0.4261363636363636,32.101638189242415,190.56329284259073
1352,abundant,84.6887431130023,102.1603332716795,48.199658962937676,0.19118295382141934,9.50031996560314,14983.150299884172,1.887483742090721,21,15,14,11,0,0.3981238179724314,0.49744823627692547,0.0019436647672961456,0.2665809570114224,99.25086211308121,72.2103271208649,0.006420013481525643,0.4261363636363636,32.101638189242415,203.67541073341667
1353,abundant,84.83368361162908,102.09808630293087,48.307010798263605,0.14253039489625252,9.527708094136702,14949.583931491554,1.883383668466987,22,15,14,11,0,0.4028382710359552,0.49697963556885333,0.0017509663389621102,0.26656731672193995,99.25000683960826,72.20663229668618,0.006422348709475714,0.4261363636363636,32.101638189242415,185.581615893855
1354,abundant,84.99524001864486,102.03100956199815,48.392529627581084,0.2234633949390727,9.569095665633801,14899.214410489563,1.8800383259173166,22,16,14,10,0,0.39679777030049435,0.4965180842172693,0.0017505761666111498,0.26655367963473164,99.24922987527532,72.202938339926,0.006424683286305675,0.4261363636363636,32.101638189242415,197.74772966702753
1355,abundant,85.15816048433535,101.95431472735012,48.47400901850257,0.25777086633599317,9.59305753835965,14862.38717865845,1.877823769813972,22,16,14,10,0,0.39427759216223346,0.49604981185004354,0.0014007894095930428,0.26654288174576163,99.24841992775697,72.20001345322936,0.006426506747739845,0.4261363636363636,32.101638189242415,194.53321564364506
1356,abundant,85.31471791374953,101.88211924293277,48.558186528078316,0.16552129894780462,9.637341531228135,14826.306097439774,1.8762349255194415,21,16,14,10,0,0.3957664540445894,0.49558955506692903,0.0017506972241009028,0.26652924373042536,99.24763424831643,72.19631924506179,0.0064288413570595514,0.4261363636363636,32.101638189242415,211.15384581625185
1357,abundant,85.48412500523474,101.81128885593301,48.63889205633466,0.24016397207205012,9.693808111407439,14784.903801226817,1.8756389661804562,21,16,14,10,0,0.39131101431358883,0.4951245773425267,0.0014009263344892603,0.26651844478286874,99.24679987268435,72.19339407161966,0.006430664874164435,0.4261363636363636,32.101638189242415,205.54131304557455
1358,abundant,85.66136471935513,101.74678099774685,48.71886882684008,0.2838653617979254,9.75508678033419,14739.87621771772,1.8760074500871116,21,16,14,10,0,0.3942185764943093,0.4946567328187471,0.0014006432324594326,0.26650764815338535,99.24595101373536,72.19046952608747,0.006432487914345115,0.4261363636363636,32.101638189242415,195.00631763095376
1359,abundant,85.83781597581563,101.67900830774059,48.81223341228815,0.25555299853004726,9.838781074120764,14769.689213529931,1.877306739273981,21,16,14,10,0,0.39657215423886083,0.4942147199440973,0.001750554158238149,0.26649401136891654,99.24510563264208,72.18677565133208,0.0064348221069714905,0.4261363636363636,32.101638189242415,203.63826219326512
1360,abundant,86.01144126901748,101.61124073670102,48.90264546174023,0.25025768574965646,9.92774763642785,14807.927240115256,1.8792652919630137,23,16,14,10,0,0.39785941427436466,0.49378108916857955,0.001751259391329855,0.26648036889630017,99.24425276912268,72.18308023579525,0.006437157248888164,0.4261363636363636,32.101638189242415,212.01331509158155
1361,abundant,86.18643194977824,101.53157303460179,48.99986166168413,0.2625728287905944,10.00642163592072,14842.471566834349,1.8819976842358201,23,16,14,10,0,0.39474975432438375,0.49334169081114226,0.0014005719225807227,0.2664695729285627,99.24336058005045,72.180155869514,0.006438979959460188,0.4261363636363636,32.101638189242415,223.2434853978626
1362,abundant,86.37962949129803,101.44945029611799,49.09187801816464,0.3607533500980384,10.059734402609546,14872.178909207963,1.8858220573284952,23,16,14,10,0,0.39451473484308436,0.4929030311345697,0.0014100204875837213,0.26645870027942903,99.24244786199056,72.17721073209901,0.006440816410987022,0.4261363636363636,32.101638189242415,212.3070319137024
1363,abundant,86.56137934782262,101.38489485740658,49.16350170705137,0.25093757208247014,10.07526569249978,14845.30612276186,1.8907798228875603,23,17,14,9,0,0.38003598721072673,0.49249034168417705,0.001750607591035638,0.2664450631579211,99.24159500754405,72.17351676604791,0.006443150392499194,0.4261363636363636,32.101638189242415,216.2964954383222
1364,abundant,86.75990689788419,101.32020325047833,49.231185245394386,0.37643116853315595,10.053950054190068,14791.32999035954,1.8965058202808078,23,17,14,9,0,0.37714664765868744,0.4920813082344181,0.0017505648718792641,0.26643142642320905,99.24073216116275,72.16982290477041,0.006445484230559563,0.4261363636363636,32.101638189242415,234.05716548842193
1365,abundant,86.95536108875265,101.24993533330675,49.290523062084276,0.3498030584876043,10.018262734705278,14724.76692901874,1.9030443393023955,23,17,14,9,0,0.38151799644266654,0.49166785319286566,0.00141728575393975,0.26642049489541725,99.23981272528361,72.16686181855246,0.006447331070716215,0.4261363636363636,32.101638189242415,237.44838801694527
1366,abundant,87.13875983756333,101.18886124247132,49.36299031257964,0.24348083789430106,9.970337947508478,14649.676769680395,1.9102146790571437,23,17,14,9,0,0.3833303614038296,0.49125420085290195,0.001200099245934442,0.26641132625254726,99.23888100610286,72.164378255179,0.006448860539815371,0.4261363636363636,32.101638189242415,218.31982071831007
1367,abundant,87.32849208838454,101.11475575579111,49.426064287089034,0.337114531076604,9.938590510497217,14570.115577564291,1.9180760010405637,23,17,14,9,0,0.3845888447460909,0.4908452170786049,0.001400778854422725,0.2664005287368678,99.23796987965487,72.16145346959775,0.006450683146355168,0.4261363636363636,32.101638189242415,230.0168094970175
1368,abundant,87.52364984800036,101.05391118725034,49.50126838766931,0.32888810917910355,9.906637236984466,14483.194512535963,1.9267637624344651,22,17,14,9,0,0.3850908346275305,0.49044584112995054,0.0017507016602494301,0.26638689096980567,99.23704727316417,72.15775932868162,0.006453016922712323,0.4261363636363636,32.101638189242415,213.959202762061
1369,abundant,87.70835025024965,100.99068989455617,49.572752659420246,0.2559324334213486,9.87348461479685,14392.026414766831,1.936022507912064,20,17,14,9,0,0.38685787327323223,0.49002510483881034,0.0010521906853225224,0.26637892294007703,99.23615384735103,72.15560098234036,0.006454330101723114,0.4261363636363636,32.101638189242415,210.41872737736048
1370,abundant,87.90355379249043,100.91422944615945,49.641018004729915,0.3519535120906549,9.851862383882358,14297.25229855425,1.9413097812904812,21,17,14,9,0,0.38862224167439025,0.4896226920070886,0.0014402523543448258,0.2663678050800407,99.2352514216191,72.15258942322862,0.006456210188669702,0.4261363636363636,32.101638189242415,229.61350920017313
1371,abundant,88.0903933788401,100.85139185204622,49.72419336698978,0.25174880139807776,9.803269567494702,14238.545607026615,1.936411048522647,20,17,14,9,0,0.38584550076807667,0.48925184025472923,0.0017506969987529622,0.2663541674119721,99.23441944219007,72.14889530912744,0.006458543766308606,0.4261363636363636,32.101638189242415,216.1302191097172
1372,abundant,88.28468702544247,100.77763138880802,49.80371230574316,0.34371198296741884,9.74286764848415,14188.9652112552,1.9322566700297825,21,17,14,9,0,0.3889623398925085,0.4888682623873028,0.0014009931758175447,0.2663433682644259,99.23353312814164,72.14597008151298,0.006460366349752133,0.4261363636363636,32.101638189242415,221.59497258039363
1373,abundant,88.47734715698014,100.72114706808655,49.88112360244387,0.2891078643436406,9.643914774838791,14135.586261311517,1.9286588249110483,21,17,14,9,0,0.3852513081030686,0.488489201213757,0.0014010225357802782,0.26633256889459384,99.23258611182952,72.14304479368667,0.00646218891280717,0.4261363636363636,32.101638189242415,212.80794663883498
1374,abundant,88.66395725805423,100.67061589952519,49.974191996147276,0.2542163132375563,9.52738704015513,14078.423888996353,1.9257780214599725,21,17,14,9,0,0.38609484810695677,0.48812671270340324,0.00140082921526629,0.26632177111764616,99.2316995558731,72.14011993733416,0.006464011130140871,0.4261363636363636,32.101638189242415,205.25142110637648
1375,abundant,88.85094866405943,100.6060257720027,50.05618057501807,0.2869055129296112,9.400982595715387,14018.21751375799,1.9234431405855006,22,17,14,9,0,0.38499369137489087,0.4878033008471826,0.002108831177343818,0.2663052266269311,99.23074668674519,72.13563843535454,0.0064668676667386385,0.4261363636363636,32.101638189242415,225.44612085004525
1376,abundant,89.04768132144423,100.54516646776538,50.142647619677625,0.33681295353260543,9.272405723919443,13955.46681169048,1.9218975512174548,22,17,14,9,0,0.3871377621915033,0.487458620155517,0.001421650378576671,0.2662942599235619,99.22987413811443,72.1326678209243,0.006468720141092986,0.4261363636363636,32.101638189242415,213.0323399740092
1377,abundant,89.24859342337597,100.47896218351076,50.22401222860855,0.3424384003474981,9.15726016254159,13891.342261146085,1.9213332639329785,22,17,14,9,0,0.3864997306624485,0.48713386035104617,0.0021010776867576245,0.2662777784425089,99.22898041989728,72.12820338673657,0.00647156518642777,0.4261363636363636,32.101638189242415,213.52975983518155
1378,abundant,89.44066914105642,100.41530204401116,50.320364408001886,0.28498243127141426,9.035707020116492,13823.504637793092,1.9210229285278597,22,17,14,9,0,0.38738753253597885,0.4867883176171134,0.001401012407839185,0.2662669793254389,99.2280377560148,72.12527816737739,0.00647338734584426,0.4261363636363636,32.101638189242415,208.64353694107498
1379,abundant,89.62333775354122,100.37683918408172,50.414961925793875,0.32198308796089636,8.907009450163514,13750.790840477646,1.921414824597997,22,19,14,7,0,0.3683634353964993,0.4864463470951163,0.0014121966589627204,0.26625608944303486,99.22714967806166,72.1223283618867,0.006475225782051693,0.4261363636363636,32.101638189242415,202.2379671127888
1380,abundant,89.78903935000314,100.33489457580785,50.50975419730304,0.23989765631301757,8.805010374166212,13684.505391537637,1.9246471022306615,22,19,13,8,0,0.3631808284471567,0.4861117839911612,0.001750569137650973,0.2662424530745272,99.22633966255194,72.11863459980513,0.006477558512634837,0.4261363636363636,32.101638189242415,204.38981085008862
1381,abundant,89.96578967939242,100.2893137955099,50.61093507017924,0.34639834080958193,8.689809971031305,13617.610665671564,1.9292142711001898,21,19,13,8,0,0.3626769245672213,0.4857554852612128,0.0010591139476729817,0.26623442917464796,99.22547193352179,72.11646111959273,0.006478880954326699,0.4261363636363636,32.101638189242415,199.83495462745094
1382,abundant,90.14221274767348,100.24969104577924,50.70972601161321,0.31869325245792274,8.582228177206929,13548.084958323445,1.934699865519013,21,19,13,8,0,0.3631740904642212,0.4854361712060074,0.002451092735718303,0.2662151068471959,99.22478340902052,72.11122716889463,0.006482237014728936,0.4261363636363636,32.101638189242415,222.89311633050474
1383,abundant,90.2948955773123,100.21398331963452,50.80688381318511,0.19075369314909388,8.489458405487072,13469.643266375351,1.9391810609962057,21,19,13,8,0,0.35864109273276706,0.485091798513125,0.001401077276829314,0.2662043073865186,99.2239545334148,72.10830185646056,0.0064840588983750965,0.4261363636363636,32.101638189242415,201.9213181775835
1384,abundant,90.45975786436128,100.1699209543428,50.91441033208019,0.2877901713735044,8.415996192144188,13399.072453289089,1.9455869968870352,21,19,13,8,0,0.3593327048064852,0.4847465965096706,0.001400886664450102,0.26619350950325776,99.22319474217454,72.10537697131039,0.0064858804402800644,0.4261363636363636,32.101638189242415,207.35640779854097
1385,abundant,90.64689217815892,100.11617938415924,51.01007628596867,0.44290383558289065,8.358635586193316,13328.98267292419,1.9535584716421595,20,19,13,8,0,0.36035286613491213,0.4843902520272597,0.0010526263911350992,0.2661855384164554,99.22237467628074,72.10321779688188,0.006487193114777369,0.4261363636363636,32.101638189242415,209.91795911718918
1386,abundant,90.81388738228108,100.06730211224175,51.09713149030016,0.258433965758894,8.308465545545172,13258.411807881486,1.9600821370517185,20,19,13,8,0,0.36210780530155456,0.4840712724704642,0.0024507053712317277,0.2661662193804488,99.22163285152445,72.09798473775668,0.006490548320632979,0.4261363636363636,32.101638189242415,208.31253368710122
1387,abundant,90.96864572006425,100.01914412911603,51.17694787950235,0.22205894839616128,8.262308463689582,13210.771920371542,1.9663771791386018,20,19,13,8,0,0.36111114692831175,0.4837155674423691,0.0010966387598152095,0.26615789113941324,99.22079800116396,72.09572881889336,0.006491925134606597,0.4261363636363636,32.101638189242415,197.9066448084831
1388,abundant,91.14023200121868,99.96370211275278,51.264818473000105,0.35975396304243945,8.232999623087627,13162.169798165269,1.974781381780817,20,19,13,8,0,0.361452365498251,0.48336818521111163,0.001401418674337157,0.2661470890626891,99.22013171136237,72.09280279783552,0.006493747180643286,0.4261363636363636,32.101638189242415,220.0667783016414
1389,abundant,91.30279271845424,99.89774388430337,51.35561754375406,0.3184208000504484,8.214005849810874,13119.77409304677,1.9843176839789627,20,19,13,8,0,0.3644562434450066,0.4830189618081217,0.0014471976711615245,0.26613591542995857,99.21933256004003,72.08977613125121,0.006495636045991193,0.4464285714285714,32.101638189242415,222.24460323928392
1390,abundant,91.46120124329204,99.84229718529885,51.46275006881221,0.2782094935487302,8.20108525510544,13091.306904207333,1.9948442918635545,20,19,13,8,0,0.3646018178998283,0.4826492592970871,0.0007234827853407397,0.2661306161087068,99.21852395194527,72.08834067342482,0.006496467506823564,0.4464285714285714,32.101638189242415,215.3398518988218
1391,abundant,91.62430943600536,99.78692584540849,51.55408715432837,0.3072070944162657,8.209989585334782,13058.538545980744,2.005406092410748,20,19,13,8,0,0.3628552529559198,0.4823049634581539,0.0015523094452832883,0.26611858934987026,99.21777813513545,72.08508291563324,0.006498509844782313,0.4464285714285714,32.101638189242415,222.62858511065724
1392,abundant,91.7942560763997,99.73310718780786,51.654935430782736,0.34546799298737346,8.21926174224291,13019.122171412862,2.0163164785850323,20,19,13,8,0,0.3675730888537421,0.48195150520740937,0.001402394379850624,0.26610777946294767,99.2170779769721,72.08215477898173,0.0065003330876814746,0.4464285714285714,32.101638189242415,214.46446087726008
1393,abundant,91.94676460050592,99.68557444205905,51.753923804108,0.17618193840725616,8.24273981447829,12985.033529153334,2.01146178426956,17,19,13,8,0,0.36685992209209883,0.48158878105974934,0.0010510161141267186,0.26609982167501456,99.21643669743466,72.07999920689491,0.0065016429077636995,0.4464285714285714,32.101638189242415,219.21839128968062
1394,abundant,92.12072462016047,99.62250171481942,51.84813931709967,0.39614673874019757,8.277155321819194,12959.255317850475,2.008254048502984,18,19,13,8,0,0.3678303994105974,0.4812161746274016,0.0007262769169111619,0.26609449974237237,99.215605678659,72.07855762419031,0.0065024782422214425,0.4464285714285714,32.101638189242415,220.312986997801
1395,abundant,92.28692155964721,99.56815532599498,51.95711722707008,0.3224311900521424,8.310546915559346,12956.66202021142,2.005950187517244,18,19,13,8,0,0.3650955907311181,0.48086578413571707,0.0014009694587677726,0.26608370144003274,99.21488610861596,72.07563262552185,0.006504299265538488,0.4464285714285714,32.101638189242415,202.3440834674615
1396,abundant,92.45367652734124,99.51781398367052,52.04632130584512,0.31512246468943655,8.318329871521238,12945.255150717057,2.001334027366861,19,19,13,8,0,0.3652529921743886,0.4805056100144318,0.0010514727106792484,0.2660757399880032,99.21423105576042,72.07347606092003,0.006505609614990782,0.4464285714285714,32.101638189242415,202.04046530287405
1397,abundant,92.62138893302686,99.47054013437045,52.14692651926598,0.31074142574063557,8.324348511989069,12932.18256955241,1.996270453753125,19,19,13,8,0,0.36657891549315075,0.4801438616387562,0.001052318482697942,0.26606777166629253,99.21333368910578,72.0713176354879,0.006506921154608588,0.4464285714285714,32.101638189242415,205.33759075898942
1398,abundant,92.79188446686378,99.43402538636707,52.24578303286982,0.3012518793412137,8.348920925536778,12925.012689787443,1.9924882317384909,19,19,13,8,0,0.36869725991842195,0.4797702149912304,0.000701712712239021,0.26606264915328287,99.21253377245411,72.06993007073365,0.006507720417783113,0.4464285714285714,32.101638189242415,194.098648576573
1399,abundant,92.96682805138343,99.39429568481476,52.359837525869885,0.33307970574708445,8.396575576902801,12913.407003760643,1.9901355967584602,20,19,13,8,0,0.366858292710208,0.47939330621835075,0.0005081153693754484,0.26605909802403843,99.2116923379915,72.06896815579694,0.006508236809766372,0.4464285714285714,32.101638189242415,200.98144187006025
1400,abundant,93.13886469001334,99.35777618600208,52.46674428296883,0.338478154654276,8.407048052556657,12906.863115426582,1.987970780803214,20,19,13,8,0,0.36552385882588434,0.4790333340957987,0.0010513394516544112,0.26605113761357907,99.21099276585412,72.06681187333126,0.006509546827810889,0.4464285714285714,32.101638189242415,190.2172681525753
1401,abundant,93.3102587381293,99.31987921455881,52.577068256579494,0.30436355453725694,8.411705715266175,12896.902753144619,1.9868701165013014,20,19,13,8,0,0.36869087520329125,0.47866032209046844,0.0007012509755447157,0.26604601881706863,99.21006855406158,72.06542531528666,0.006510345325225912,0.4464285714285714,32.101638189242415,183.49527276232124
1402,abundant,93.49202849034356,99.27716668194495,52.6741045064246,0.4088700500154169,8.394914510327867,12883.284164621495,1.9835301284558229,21,19,13,8,0,0.3687499813968119,0.4782972195324229,0.0010532745073941732,0.2660380427149974,99.20954632834422,72.06326478234324,0.00651165809715302,0.4464285714285714,32.101638189242415,188.31465803310738
1403,abundant,93.64846743038302,99.23360834389291,52.77754027687306,0.20125058027034048,8.354083579456958,12865.914022464342,1.981001288312296,21,19,13,8,0,0.3694654138688486,0.47792362854386405,0.0007075420200154173,0.2660328728672193,99.20862815479737,72.06186439574621,0.006512465712403289,0.4464285714285714,32.101638189242415,191.6596280055359
1404,abundant,93.83046833056208,99.20198262095906,52.88484724383086,0.4233209228419823,8.324083731892426,12855.941994625704,1.9782785605466924,21,19,13,8,0,0.3679814641977404,0.4775521467910414,0.0007304637997418999,0.2660275169611993,99.20785871049772,72.06041361047606,0.00651330678806227,0.4464285714285714,32.101638189242415,182.5342352480858
1405,abundant,93.99588384586743,99.14327013192931,52.98656308954073,0.3026637228648308,8.339244434764122,12876.671764858846,1.9734141984784046,21,19,13,8,0,0.36908932159365637,0.4771882464954699,0.0010519238886306807,0.2660195518057848,99.20703611355815,72.05825604271692,0.006514617483924472,0.4464285714285714,32.101638189242415,227.00447204312067
1406,abundant,94.18046605592548,99.0862499998486,53.0954406425961,0.4461283418396584,8.357005358235677,12914.071978900945,1.9698258860817186,21,19,13,8,0,0.3684289790333947,0.47681558696978765,0.000701329268972869,0.26601443238390093,99.2063458143469,72.05686931527379,0.0065154159196638825,0.4464285714285714,32.101638189242415,210.63967939348922
1407,abundant,94.34745959219879,99.03678604446229,53.198875355688486,0.2846347658710588,8.40325466592095,12979.440071545578,1.966328516300362,21,19,13,8,0,0.3680081455431824,0.47645331683174097,0.0010518820094423936,0.26600646757058044,99.20545850425924,72.05471184017962,0.0065167264811086196,0.4464285714285714,32.101638189242415,212.35804106822633
1408,abundant,94.52873762333846,98.99687915002347,53.31015203435932,0.4113702953031151,8.450447078363458,13040.342197960985,1.96286267812055,22,19,13,8,0,0.36769258032830476,0.476091703752145,0.0010514549344055216,0.2659985062363413,99.20477178049921,72.05255530748437,0.006518036373096939,0.4464285714285714,32.101638189242415,182.09811651986598
1409,abundant,94.69085792306987,98.96191732770612,53.43151426048206,0.21989373877060592,8.505624744110174,13108.359757239366,1.9593865071052519,22,19,13,8,0,0.37069067722458904,0.4757269654616275,0.0010520118469259678,0.2659905403830973,99.20395205273063,72.05039755070011,0.006519347033246325,0.4464285714285714,32.101638189242415,198.537906495788
1410,abundant,94.87282107372661,98.9254518698594,53.542912301012805,0.4191129223362666,8.55501823961681,13171.07090168506,1.9559081434554901,22,19,13,8,0,0.36908301139746613,0.4753444487510343,0.00035167895921802783,0.26598825902544054,99.20320455979478,72.04977958614435,0.006519634469780465,0.4464285714285714,32.101638189242415,188.51946237423448
1411,abundant,95.04293808255893,98.87952768796205,53.65859822975422,0.2989511062238003,8.58135434549106,13237.496226189804,1.9523233315634194,22,19,13,8,0,0.3711925675593261,0.47496954860267204,0.0007015029917091751,0.26598313816350616,99.20230285707689,72.0483924686264,0.006520432985128874,0.4464285714285714,32.101638189242415,202.50993415488554
1412,abundant,95.21540901630895,98.81925888213082,53.765358803657804,0.3712586468282807,8.64462701311427,13301.889785746542,1.9487137458298116,22,19,13,8,0,0.36872011065748583,0.4746071666550488,0.0010509310006117801,0.26597518105463086,99.2016555526725,72.04623708047991,0.006521741982960264,0.4464285714285714,32.101638189242415,225.75120927315098
1413,abundant,95.38241129335654,98.76195999486362,53.87668698913649,0.3204942039055325,8.698005477927612,13361.423004677243,1.945267930257371,22,19,13,8,0,0.37250029144947494,0.4742310140115949,0.0007023606983634723,0.2659700532357854,99.20080531890409,72.04484807850318,0.00652254167823173,0.4464285714285714,32.101638189242415,221.24346352238868
1414,abundant,95.55643171897599,98.71682302909525,53.99208201676275,0.34479571677965076,8.74783145569219,13441.925060088757,1.9419022529422036,22,19,13,8,0,0.3712398175855435,0.4738562723375779,0.000701405972008447,0.26596493315864445,99.20016357088431,72.04346117356677,0.006523339950892512,0.4464285714285714,32.101638189242415,198.91152879534718
1415,abundant,95.72528399148504,98.66490296869455,54.09407884071902,0.30475507415382685,8.833216805341348,13521.388336346907,1.9386288410633268,22,19,13,8,0,0.37537311460592365,0.4734771537456579,0.0007016233325214288,0.265959811292547,99.19926680171584,72.04207378404534,0.006524138513397126,0.4464285714285714,32.101638189242415,212.82149169402823
1416,abundant,95.91878411972093,98.5968932104541,54.185855082720686,0.4079277533187112,8.900140798777034,13598.491823512559,1.9356387063039129,23,19,7,14,0,0.3669940595009084,0.4731268722415972,0.0014003468578820994,0.26594901803186993,99.19893761226962,72.03915015104123,0.0065259578750219115,0.4464285714285714,32.101638189242415,227.28051031685354
1417,abundant,96.11902263554438,98.53461613261945,54.26267449377294,0.41443791499378335,8.965301278339581,13677.924410614982,1.9331348563149384,23,19,5,16,0,0.3696789786729112,0.4727345346765118,1.1230203828950725e-06,0.26594958208237085,99.19861974322205,72.03930293866581,0.006525732923915833,0.4464285714285714,32.101638189242415,209.79033587397467
1418,abundant,96.32943818175916,98.48058351072196,54.34028952242168,0.453110836585319,9.057525235228283,13758.009311317419,1.9303852871707339,23,19,5,16,0,0.38108990687730443,0.47235785260016394,0.0004385848034448016,0.26594659531991216,99.1984489517623,72.03849389702762,0.006526147107137163,0.4464285714285714,32.101638189242415,200.09414576695107
1419,abundant,96.53006806631626,98.42063690284144,54.41545550723545,0.36568306922830035,9.145172557629138,13838.217484952034,1.9273295149248857,23,19,5,16,0,0.38990570507984634,0.47195992971981093,5.553895598815691e-07,0.2659471639736552,99.19821619479737,72.03864793155905,0.0065259213201586865,0.4464285714285714,32.101638189242415,203.36563583890592
1420,abundant,96.70716591855745,98.35440577126778,54.45116452963593,0.4275071192755628,9.227180739122938,13947.15918998457,1.9201165285566397,23,21,5,14,0,0.37151260913111117,0.4715497781117318,3.3968753328751374e-06,0.26594770953921254,99.19789822008049,72.03879571205997,0.006525699692397175,0.4464285714285714,32.101638189242415,246.95954704836876
1421,abundant,96.8726239646088,98.2875914804696,54.467315817674304,0.42898510355991437,9.329978372099967,14066.777299158573,1.9111948829711438,23,21,5,14,0,0.366519730238246,0.47114513519103723,0.0003518337857236038,0.26594542687755346,99.1975080740663,72.03817739428155,0.006525987134556405,0.4464285714285714,32.101638189242415,236.9252135161646
1422,abundant,97.02287602815203,98.2276699380712,54.48182956987773,0.32158077212076897,9.40624414749944,14177.837523441412,1.9014539619063153,23,21,5,14,0,0.3704723475866686,0.4707382413213246,0.00035140403629462945,0.26594314770215166,99.19717847273122,72.03756002084583,0.006526273938876318,0.4464285714285714,32.101638189242415,209.10983021790472
1423,abundant,97.16422075924314,98.1802459901772,54.48576175690721,0.26980299922188633,9.450529748419573,14288.845657510821,1.900166714502623,23,21,5,14,0,0.37958209876466786,0.4703231702929497,0.0003504370087389653,0.2659408763847058,99.19700580493209,72.03694477594011,0.0065265593204220426,0.4464285714285714,32.101638189242415,184.49272021063166
1424,abundant,97.3011855345292,98.11898445847122,54.49365549257992,0.2630792130037548,9.51619435954585,14399.771830832575,1.9013438326083214,23,21,5,14,0,0.3907752993063137,0.46989681765630403,0.0003503043331356356,0.26593860614735443,99.19675897635025,72.03632982360585,0.006526844498221363,0.4464285714285714,32.101638189242415,222.2464600557267
1425,abundant,97.4467536314583,98.05449103468632,54.48094225214966,0.3350109109113968,9.576158672575687,14511.178263633046,1.9022763364123327,22,21,5,14,0,0.3972707630637764,0.46945411826869476,1.0470997398033717e-06,0.2659391707735709,99.19652617728251,72.03648276717783,0.006526619405411125,0.4464285714285714,32.101638189242415,217.03296208053672
1426,abundant,97.58113554114863,97.98819544720287,54.47061603617381,0.27205159708625676,9.63465343493298,14621.565488709428,1.9032602408773742,22,21,4,15,0,0.4050858011531262,0.4690030637586494,4.2360393316894086e-07,0.2659397404421425,99.19629338591388,72.03663707660178,0.00652639340949644,0.4464285714285714,32.101638189242415,206.66192609196887
1427,abundant,97.71585887889532,97.9168576585962,54.46475971697637,0.30488884193997107,9.682434192714467,14732.826458879914,1.9042186133264682,22,21,4,15,0,0.40703728319332766,0.4685500033548122,1.4711033766369721e-06,0.2659403015880768,99.19606065702938,72.0367890774496,0.006526168951813057,0.4464285714285714,32.101638189242415,196.39851171487126
1428,abundant,97.83861198503739,97.83095328646448,54.44188765212093,0.29126134112488977,9.71637397170603,14841.31757627672,1.9038594767630008,22,21,4,15,0,0.41374518215984624,0.4680968429276181,0.00035078376273970995,0.2659380274128573,99.19588589550308,72.0361730584422,0.006526454843607616,0.4464285714285714,32.101638189242415,202.16535913513104
1429,abundant,97.96396763212246,97.75469135415318,54.41341977253364,0.28978692399019,9.724590340889208,14886.456059947632,1.9026160134445782,22,22,4,14,0,0.3978889072346746,0.467630153954879,5.925541278060847e-07,0.2659385956810073,99.19565313883727,72.03632698852581,0.00652622910024103,0.4464285714285714,32.101638189242415,214.80975620511026
1430,abundant,98.09604450397029,97.69279853063674,54.37649156199802,0.30432802769147105,9.740807145428542,14899.226910502417,1.9004188459795714,21,22,4,14,0,0.39385323082684176,0.46716894359684635,0.0003507238752838967,0.265936321982219,99.19547599189862,72.03571109857208,0.00652651490245227,0.4464285714285714,32.101638189242415,199.97463875686654
1431,abundant,98.21012397348672,97.62677575280064,54.330545095543265,0.21939098904200752,9.757893968082353,14893.913197830487,1.897487220249116,21,22,4,14,0,0.3964686623140191,0.4667031959290407,0.00035019919907785304,0.26593405255132774,99.19531214581632,72.03509636468833,0.006526799928194234,0.4464285714285714,32.101638189242415,190.9780752612306
1432,abundant,98.30073077037383,97.56132972245257,54.242457346753234,0.24685508207309176,9.780551847453458,14862.299433810884,1.8898724182437598,21,24,4,12,0,0.3783396932199355,0.46621811618398823,6.377447147954635e-07,0.2659346204509593,99.1950793710689,72.03525019494923,0.006526574238868665,0.4464285714285714,32.101638189242415,194.98294422501993
1433,abundant,98.37403758136777,97.51196422473981,54.113420447445755,0.1892646481958517,9.797794506267838,14876.487743114561,1.880112750227818,21,25,4,11,0,0.3655572722918574,0.4657240454635039,7.854996936623547e-07,0.2659351871343532,99.19484657134005,72.03540369576079,0.006526348773247682,0.4464285714285714,32.101638189242415,195.6934171130956
1434,abundant,98.42258418659631,97.45944322501505,53.97361589732092,0.14899306996791067,9.778640017210858,14878.897686863806,1.8696820077056386,20,25,4,11,0,0.3613034382128322,0.4652446023908167,0.0003504023752775835,0.2659329160268546,99.19466696518808,72.03478850772471,0.006526634101595957,0.4464285714285714,32.101638189242415,182.82699294583313
1435,abundant,98.47255071563555,97.41245776855502,53.82598591594433,0.12394189122363125,9.781905787450283,14876.263355522718,1.8590928303590002,20,25,4,11,0,0.3757136005086782,0.46474587089142794,4.107526952738885e-07,0.2659334857426936,99.19443416909232,72.03494282995223,0.006526408086395488,0.4464285714285714,32.101638189242415,189.22543816673056
1436,abundant,98.5309865927354,97.36628234896753,53.675871962750634,0.16685655071881492,9.776458957039326,14871.478015224311,1.84830249583331,21,25,4,11,0,0.3832274095562303,0.46424198302081054,1.6402594141196868e-07,0.26593405744268106,99.19420137561521,72.03509768963752,0.006526181718577749,0.4464285714285714,32.101638189242415,182.31186633454234
1437,abundant,98.59300359360384,97.32317244471702,53.51887845817841,0.1762096359023204,9.790169074925057,14867.136891567781,1.8374793230592876,21,25,4,11,0,0.3897385222413308,0.463752034733511,0.0007003543211271076,0.26592894581599474,99.19408594765802,72.0337130737247,0.006526978328400874,0.4464285714285714,32.101638189242415,181.15363573024177
1438,abundant,98.64540997145895,97.27757703777768,53.35774123258386,0.12786176756612233,9.808488726993968,14874.592068699858,1.8268320775552105,20,25,4,11,0,0.3919077206266789,0.4632505511806542,0.0003506721623923877,0.26592667252652646,99.19390139918536,72.03309729464584,0.006527264029045775,0.4464285714285714,32.101638189242415,182.6367463514221
1439,abundant,98.69774286035626,97.2390156672716,53.20540043076956,0.07901772796678264,9.79540055853537,14882.175895978358,1.816205724549931,20,25,4,11,0,0.3979754766099902,0.46274272794732285,0.00035028925872646223,0.2659244023537518,99.19373282588505,72.03248235980385,0.006527549160352936,0.4464285714285714,32.101638189242415,185.06616871594176
1440,abundant,98.76202696511766,97.2047485664463,53.03965292288378,0.1411896018453109,9.760075624341022,14890.89825098314,1.8054601125856673,19,25,4,11,0,0.39997749849026,0.4622230086498377,3.7782074003224074e-07,0.2659249723522492,99.19349991093989,72.0326367585967,0.006527323065266947,0.4464285714285714,32.101638189242415,163.93018373709214
1441,abundant,98.82548811886535,97.18233935786351,52.847119982344864,0.22311940825715573,9.714245514876797,14878.714935685286,1.7997236687728284,20,26,4,10,0,0.3865877715857621,0.46169915538878004,8.150860833818008e-07,0.26592553878612446,99.19326702784817,72.03279019181969,0.006527097616870865,0.4464285714285714,32.101638189242415,186.44792817341775
1442,abundant,98.86522973396481,97.15321802539384,52.65425829592921,0.09966221447823341,9.638425588509088,14857.578981249175,1.791418126491703,21,26,4,10,0,0.3777518478140113,0.4611806587803562,2.0374249905421692e-07,0.2659261101636984,99.19303415092648,72.03294496417097,0.006526871283136934,0.4464285714285714,32.101638189242415,182.23637721227138
1443,abundant,98.90810852641485,97.11886190231836,52.45274139636151,0.15483342527311628,9.56637180137615,14835.726451062881,1.7736544391617617,21,26,3,11,0,0.3904388740624977,0.4606758846772162,0.0003501274502599917,0.26592384126591617,99.19294845113157,72.03233037469356,0.006527156191680604,0.4464285714285714,32.101638189242415,171.15087439468056
1444,abundant,98.94243254969632,97.08949090745402,52.2447578031431,0.08333426871387577,9.49860009951766,14812.851036449043,1.7565453448565531,22,26,3,11,0,0.39514920128454173,0.46016764573069346,0.0003505419264040398,0.2659215690161391,99.1928467236995,72.0317148772419,0.006527441695876556,0.4464285714285714,32.101638189242415,166.85406757482968
1445,abundant,98.97909127925621,97.06667364627319,52.03763109150863,0.09633804443481528,9.427047330221237,14789.707798148447,1.740105400439291,22,26,3,11,0,0.39928321636170505,0.45964593287748434,3.6021912270136294e-07,0.2659221391385959,99.1926990722769,72.03186930961233,0.006527215578806153,0.4464285714285714,32.101638189242415,163.40187512158406
1446,abundant,99.0125724935291,97.05079493715705,51.83598328721767,0.08288018382189843,9.357123309369648,14780.269573118043,1.7239629411682853,22,26,3,11,0,0.40400680214536705,0.45912925650485226,0.00035058396055944916,0.26591986655096594,99.19261104862639,72.0312537206445,0.006527501142351494,0.4464285714285714,32.101638189242415,155.1931173194634
1447,abundant,99.03403812805203,97.03524917057533,51.64325740697193,0.017503465876182286,9.37012500476746,14778.169989795118,1.7077169913947796,22,26,3,11,0,0.40761168701007094,0.4585990361395222,6.212182867035416e-07,0.26592043455633574,99.1924633946443,72.0314075795473,0.006527275404533718,0.4464285714285714,32.101638189242415,152.90059745332275
1448,abundant,99.05955275615041,97.02902376543886,51.45850281884147,0.06720701101648004,9.423568708776642,14779.473601355148,1.6914292793824808,22,26,3,11,0,0.40745111764189856,0.45806902515109565,3.909750300765893e-07,0.26592100441881106,99.19231574312015,72.03156194149507,0.006527049338171237,0.4464285714285714,32.101638189242415,168.41268496434859
1449,abundant,99.09706781653964,97.03162272452352,51.27888334371065,0.15787565624351738,9.50130342877786,14780.501328335366,1.6755383175832617,22,26,3,11,0,0.4134604805174641,0.457552079452929,0.0007000256209724772,0.2659158954676615,99.19226891053938,72.03017805032034,0.006527845437642148,0.4464285714285714,32.101638189242415,155.61334781124944
1450,abundant,99.12321507491082,97.04101841567145,51.10454583215527,0.10221948490152374,9.47338666442181,14782.089071567723,1.6599196438169221,22,26,2,12,0,0.41837686827632237,0.4570100995430854,2.032010509876801e-07,0.2659164668868102,99.1922064879934,72.03033283393323,0.00652761907715162,0.4464285714285714,32.101638189242415,156.4833490590293
1451,abundant,99.14766028851943,97.04630048297265,50.930208911943815,0.0973792741817008,9.46656220015166,14785.083607672008,1.644506443699718,22,26,1,13,0,0.4205999578693012,0.4564656970296312,2.5621144127843928e-08,0.26591703974494996,99.19222929432408,72.03048800733394,0.006527392465078542,0.4464285714285714,32.101638189242415,163.26266140177896
1452,abundant,99.16130350330434,97.06253379962399,50.79007079651623,0.08423687044307694,9.453019654790683,14789.33616037239,1.629366815852047,22,26,7,7,0,0.3187634034527,0.4560920886120689,0.00210002653960979,0.2659005672740672,99.1921213302153,72.02602601378322,0.006530233937501608,0.4464285714285714,32.101638189242415,158.27255773502307
1453,abundant,99.1760294143741,97.08278332667952,50.65761791778642,0.0801309471741442,9.444676456467455,14787.269626195433,1.6155089618111165,22,26,8,6,0,0.30630063148966535,0.4557419227749673,0.002450013269705903,0.26588125415679403,99.19197865675848,72.02079455789959,0.006533586637757968,0.4464285714285714,32.101638189242415,170.30798132277735
1454,abundant,99.1929178656061,97.10694277085761,50.52993292672934,0.1077399121444732,9.47977479911861,14779.81153848645,1.6031578992586273,22,26,8,6,0,0.31046004381991466,0.45538723616398735,0.0024500384325256237,0.2658619409891301,99.19175753641814,72.01556308836633,0.006536939258365728,0.4464285714285714,32.101638189242415,181.00187343394924
1455,abundant,99.20503467805699,97.13287531309612,50.41067169233692,0.10876877634555959,9.535980200191004,14764.542189088806,1.591957468857745,21,26,8,6,0,0.3111671983934305,0.4550315935564634,0.0024500128106026073,0.2658426281818526,99.19152586375289,72.01033171645304,0.006540291725131745,0.4464285714285714,32.101638189242415,158.7681748326729
1456,abundant,99.21256012854978,97.15665720861554,50.291796574592674,0.12353644656582217,9.592102388657331,14742.235543951421,1.58184908769195,21,26,8,6,0,0.3126640551182343,0.4546741951257115,0.0024500398103882355,0.26582331530543757,99.19131883848601,72.00510032581204,0.006543644114941054,0.4464285714285714,32.101638189242415,160.27569076840356
1457,abundant,99.22481433591483,97.17095297396745,50.16571177890381,0.11168158418106378,9.643663978606012,14714.41577915736,1.5744285175674357,21,26,8,6,0,0.3108837889639064,0.4543184183804058,0.0024500132698863017,0.26580400279310284,99.19110059861413,71.99986903379161,0.0065469963495746,0.4464285714285714,32.101638189242415,149.94945102325374
1458,abundant,99.24002876114874,97.16476805469622,50.030333396794234,0.04971069229377165,9.715773712175302,14681.96594441119,1.573360543309107,21,26,8,6,0,0.31015818890923963,0.4539633398101145,0.0024500384330404966,0.26578469022380724,99.19087099848643,71.99463772634184,0.006550348504576204,0.4464285714285714,32.101638189242415,168.684584638388
1459,abundant,99.26055998123378,97.14144264207684,49.88649148741445,0.04619939743827464,9.8055659883215,14619.582014691034,1.5770609297101628,21,27,8,5,0,0.30199817051306654,0.45361692175731694,0.002450012810774207,0.2657653780084162,99.19063018406908,71.98940651475625,0.006553700505751728,0.4464285714285714,32.101638189242415,159.32298147004963
1460,abundant,99.28457240747528,97.11085981383755,49.7353188121312,0.09438996656759975,9.899966804698886,14541.900753860442,1.5833240987836694,20,27,8,5,0,0.30870002983879063,0.45326215119337154,0.002450039810929433,0.26574606571474124,99.19036840051797,71.98417528196545,0.006557052429987251,0.4464285714285714,32.101638189242415,161.60793033478748
1461,abundant,99.31596195025189,97.08199539508735,49.57456135582471,0.12335433486251172,9.95771213128973,14457.190427322465,1.5908663486263832,21,27,8,5,0,0.31228058793750757,0.45287691221380355,0.0014908040099082137,0.2657345394851692,99.19000281514683,71.9810531054334,0.006559002805622106,0.4464285714285714,32.101638189242415,165.03872486966048
1462,abundant,99.3389363701495,97.0542889246286,49.4115241502568,0.06027705548708989,9.977788534063077,14370.465101817324,1.598983145575281,21,27,8,5,0,0.3162849518839329,0.45248532373220945,0.0014005026302771721,0.265723746271544,99.1896481124143,71.97812948517449,0.006560821184283841,0.4464285714285714,32.101638189242415,171.3617351053681
1463,abundant,99.36507794932673,97.02704435645626,49.24390801265705,0.08899054102676617,9.91793824402301,14286.200819175749,1.607318939610863,21,27,8,5,0,0.3187600535672031,0.4520912410542014,0.001400486915957505,0.26571295323498617,99.18928607919744,71.97520591287883,0.006562639476850089,0.4464285714285714,32.101638189242415,159.41501925817136
1464,abundant,99.38794195352233,96.99567603661697,49.077695657208096,0.07809649110406218,9.848119833324125,14200.31786005808,1.616048161314906,21,27,8,5,0,0.3218606048367686,0.4516942698001685,0.0014005096356400806,0.2657021600628388,99.18891660576564,71.97228230385525,0.006564457739475462,0.4464285714285714,32.101638189242415,160.07256659856782
1465,abundant,99.40653136836532,96.96180448285273,48.93094106768243,0.06207429840830205,9.799356604992585,14114.697744196455,1.6247627986264581,22,27,8,5,0,0.32342728982946056,0.4512957756512302,0.001400481568877205,0.2656913671666095,99.1885378051053,71.9693587695712,0.006566275897962603,0.4464285714285714,32.101638189242415,149.56429729908606
1466,abundant,99.4281902775848,96.92936918056942,48.786532283358824,0.08395493983061204,9.76485457607465,14028.343043939629,1.6332356879152325,22,27,8,5,0,0.3223282466448598,0.45089545802761943,0.0014005061255964104,0.265680574118389,99.18814738056163,71.9664351941164,0.0065680940291974145,0.4464285714285714,32.101638189242415,172.6249477354783
1467,abundant,99.46115981356778,96.90479834382948,48.63576451572543,0.13149547665402525,9.774431492913829,13939.544521408236,1.6418958931358099,22,27,8,5,0,0.32349898216339135,0.4505041092840495,0.001750381850903665,0.2656669412403473,99.18778649667128,71.96274237751756,0.006570423261620891,0.4464285714285714,32.101638189242415,169.9720602660695
1468,abundant,99.48618984490379,96.89081345343179,48.49245229858516,0.0748719428773727,9.791223575522862,13849.169981487794,1.6508335949394026,22,27,8,5,0,0.3267473383946841,0.4501001920625482,0.0014005961582713102,0.265656147577707,99.18737296304231,71.95981863563131,0.006572241380389198,0.4464285714285714,32.101638189242415,167.84643110507437
1469,abundant,99.50775766542044,96.87492868660102,48.35033717165295,0.07906284329872436,9.804046205048095,13758.841814940468,1.659957018109683,22,27,8,5,0,0.3269967627415713,0.4497071308235999,0.001784432345416418,0.2656422384304234,99.18698058461226,71.95605098438352,0.006574620216181682,0.4464285714285714,32.101638189242415,168.51052177845523
1470,abundant,99.52072644790755,96.8605461384098,48.21388609124909,0.04262158419805273,9.797807498510728,13670.16079758203,1.6690062392986638,22,27,8,5,0,0.328814973722764,0.44931171343557874,0.0017503105764189002,0.2656286063113604,99.18657375063137,71.95235837337363,0.006576949117874194,0.4464285714285714,32.101638189242415,155.9357477190712
1471,abundant,99.54006919481694,96.84164726599431,48.076446695651136,0.0773998708854384,9.811206998733331,13581.572380879217,1.678146599012492,22,27,8,5,0,0.3305875535092403,0.44891475084634036,0.001750308000873718,0.265614974281146,99.18614613951047,71.94866578643065,0.00657927793494063,0.4464285714285714,32.101638189242415,169.9154368073489
1472,abundant,99.55622754440637,96.81776994720762,47.95343132009178,0.045715568708480314,9.8077877106043,13494.55338840717,1.6872404840430841,22,27,8,5,0,0.3329917545650087,0.44851523845099167,0.0017503072622489292,0.26560134232392796,99.18570442556283,71.94497321926065,0.00658160667006764,0.4464285714285714,32.101638189242415,157.914947761761
1473,abundant,99.57261362206012,96.78368485557363,47.82546377553622,0.0863926719574547,9.810708510837236,13408.124438682265,1.6966752343901812,22,27,8,5,0,0.33002819198745853,0.448118961013216,0.0017502923342586588,0.26558771055394365,99.18524864508068,71.9412807028077,0.00658393530252758,0.4464285714285714,32.101638189242415,180.34294447855285
1474,abundant,99.58769950607777,96.75406110551789,47.687605170616315,0.05849041334266821,9.783686120654878,13321.839464988403,1.7061579426578857,23,27,8,5,0,0.3315498469139902,0.44770505689033524,0.0011748132473007968,0.26557874990693364,99.18471877410279,71.93885348047698,0.006585423085960164,0.4464285714285714,32.101638189242415,152.60530834275318
1475,abundant,99.59357143075057,96.72364594719616,47.555760615992945,0.010400719112305947,9.782644177816959,13238.397617277933,1.7153971668795538,23,27,8,5,0,0.3332700574233262,0.4472760009384171,0.0007036852608951078,0.26557361334408164,99.1841823973508,71.93746210996056,0.006586222505290879,0.4464285714285714,32.101638189242415,177.32097171637787
1476,abundant,99.60469618828544,96.69557294830518,47.429669245918504,0.04540909903320438,9.828941340000702,13152.68580151712,1.7250904701330063,22,27,8,5,0,0.3347546673321049,0.44684467551379664,0.0006907847934893161,0.26556858149196894,99.18372415183413,71.9360991030483,0.006587003049433401,0.4464285714285714,32.101638189242415,167.7932973354873
1477,abundant,99.62578527036274,96.6610280821801,47.29282672395426,0.10874640815786477,9.879005866527894,13067.721075895239,1.7346453570491314,22,27,8,5,0,0.3340616419450057,0.4464040331848983,0.000351324876881102,0.26556630498036915,99.18331763622886,71.93548245117206,0.006587287619530968,0.4464285714285714,32.101638189242415,168.03420130777482
1478,abundant,99.64799373682119,96.62864608251138,47.150495213328874,0.1177253571930227,9.941662523510928,12983.90528092429,1.743935555523891,21,27,8,5,0,0.3322316312312472,0.4459751982073743,0.0007003805520248636,0.2655611952287279,99.18292933544946,71.93409834316353,0.006588082145981288,0.4464285714285714,32.101638189242415,188.42893230292066
1479,abundant,99.66786930872415,96.60003431550834,46.99792015007139,0.03355685423054439,9.998138981487909,12887.520201529762,1.7480302271665968,21,27,9,4,0,0.31921532080500625,0.4455706148379358,0.0010504435584628145,0.2655532440779371,99.18253525049167,71.93194456891788,0.00658938808277702,0.4464285714285714,32.101638189242415,177.868387317627
1480,abundant,99.68968202648148,96.56185830689434,46.84014300804233,0.09651871590862326,10.067645502205355,12788.661012001525,1.7507792008726095,21,27,9,4,0,0.3192819217798783,0.445165640597723,0.0010503463182647969,0.26554529373749103,99.18213867114068,71.92979101417501,0.006590693832161725,0.4464285714285714,32.101638189242415,182.72620277691826
1481,abundant,99.72110196767801,96.52062776625333,46.68429169841111,0.13818588515417027,10.13355960380479,12690.288869474552,1.7526751902414446,20,27,9,4,0,0.3209812046436665,0.4447585795608318,0.0010503962230029988,0.2655373430168341,99.18173960192158,71.9276373564422,0.006591999609118933,0.4464285714285714,32.101638189242415,196.8041093871795
1482,abundant,99.75595812376267,96.4872439254415,46.53418674654678,0.12004766407768384,10.204372909827867,12629.386609502777,1.7557127006065036,20,27,9,4,0,0.3205850964702139,0.4443523231318943,0.0010504188322709163,0.2655293921364721,99.18133789184233,71.92548365544917,0.0065933053737693235,0.4464285714285714,32.101638189242415,192.87999435791102
1483,abundant,99.79542431768729,96.45722744805079,46.394146610816804,0.14222631272968822,10.243931257270399,12600.66473511725,1.75943161903845,21,27,9,4,0,0.31647622297088196,0.44396051555132265,0.0014003124774512141,0.26551860125477805,99.18095917066813,71.92256066685394,0.006595122283579303,0.4464285714285714,32.101638189242415,196.78444950600982
1484,abundant,99.83221265374695,96.43709601317623,46.268732132879165,0.09157163882537338,10.267084517828277,12571.810475685103,1.7620280663955064,22,27,9,4,0,0.32109449098905285,0.4435536679737476,0.00105038761896251,0.2655106506927564,99.18054502176149,71.92040705209162,0.006596427894203103,0.4464285714285714,32.101638189242415,181.39129095328116
1485,abundant,99.87295185782179,96.4304190243777,46.137666901217834,0.16278455347347923,10.27745850376046,12537.220784093253,1.7637441865648533,22,27,9,4,0,0.32041798943844196,0.44314805669007884,0.0010635358404021081,0.2655025934283988,99.18012055093838,71.9182245342498,0.006597752668890776,0.4464285714285714,32.101638189242415,163.14638505895513
1486,abundant,99.8851042443641,96.44059834115039,46.00021775274507,0.11854320879969826,10.264709825485223,12502.165777386683,1.7653275096729646,20,28,10,2,0,0.2873746426012347,0.4427882534276222,0.0014003724713808781,0.2654918021462879,99.17962802419986,71.91530143719135,0.006599569511933892,0.4464285714285714,32.101638189242415,165.21737488962964
1487,abundant,99.86823246336499,96.45137075823106,45.86218966778306,0.1039767490516256,10.244545934700422,12446.922213578684,1.7686810376818047,20,29,10,1,0,0.269423831418926,0.44244448745415826,0.001266146012553784,0.2654821003935747,99.17904527323542,71.91267346726838,0.006601190188616584,0.4464285714285714,32.101638189242415,170.69813913126353
1488,abundant,99.84286265245528,96.44756424113939,45.716153390998585,0.05942304779369948,10.214272551281423,12382.069017350455,1.7724895494621566,20,29,10,1,0,0.2686673768893,0.4420955349147828,0.0010517663731148693,0.2654741387559588,99.1785449396642,71.9105168523957,0.006602497602896486,0.4464285714285714,32.101638189242415,177.6212025524513
1489,abundant,99.82701164398335,96.44364117981902,45.56446143393517,0.017440683475875626,10.161677442130667,12306.062589575282,1.7747892787116317,20,29,10,1,0,0.26862439294671975,0.4417466506442366,0.0010505104582742347,0.26546618733695754,99.17803956908806,71.90836300549832,0.006603803136904046,0.4464285714285714,32.101638189242415,182.92541814147427
1490,abundant,99.80399255323866,96.44692919382133,45.41275318459907,0.08529241930186122,10.094864061626366,12230.79325492587,1.7791154255604977,20,29,10,1,0,0.27155795257166593,0.44139403067803273,0.0010504941173665413,0.26545823606869795,99.17752936746668,71.90620919943322,0.0066051086017074765,0.4464285714285714,32.101638189242415,193.6315157112947
1491,abundant,99.78534813441031,96.45465405682516,45.24770320163104,0.07293406622615366,10.009652093544094,12153.04596683498,1.7822103467593509,20,29,10,1,0,0.27102584091905624,0.4410438028270013,0.0011143648197240812,0.26544976639744283,99.17701356711429,71.90391497054759,0.006606507335527532,0.4464285714285714,32.101638189242415,179.88228752071618
1492,abundant,99.74953425562535,96.47657190894293,45.07976529129574,0.2030762270086838,9.930458525516272,12078.346959554154,1.7866993532677395,20,29,10,1,0,0.2699539632181972,0.44070287591448054,0.0014004074447740212,0.2654389749914998,99.17642686521593,71.900991839946,0.0066083239256901575,0.4464285714285714,32.101638189242415,182.32627949753297
1493,abundant,99.72281025814542,96.4925226942739,44.89606716569236,0.10820672403388161,9.846576473467763,12002.92748392906,1.7901411325431291,21,29,10,1,0,0.27328360042290273,0.44035183326818983,0.001152905838375255,0.26543019254088,99.17581214958989,71.89861288670309,0.006609778855843632,0.4464285714285714,32.101638189242415,169.79139584264732
1494,abundant,99.69156786505366,96.49770630569647,44.71103039705821,0.10523885211745303,9.727322755668999,11928.824314283025,1.7935070536724294,21,29,10,1,0,0.27250265308925387,0.44000878823944883,0.0014002973102612507,0.265419402089052,99.17530516777208,71.89569001454818,0.006611595171508549,0.4464285714285714,32.101638189242415,188.75255908106155
1495,abundant,99.66746802681209,96.50396097985757,44.52516648334823,0.08200436362829633,9.62264431987772,11859.245387857467,1.7976709018982884,21,29,10,1,0,0.2722786314540748,0.4396564978274425,0.0010506819682892603,0.2654114494436376,99.17480525908806,71.89353583544518,0.006612900640207908,0.4464285714285714,32.101638189242415,189.93293090452534
1496,abundant,99.64061102874192,96.511905386498,44.3506073444254,0.14398280474309283,9.521694809884059,11790.095581340152,1.8024099078211921,21,29,10,1,0,0.2714247961108905,0.43929486384345867,0.0007004093250712413,0.265406339916143,99.17438741056218,71.89215178815255,0.006613694319369754,0.4464285714285714,32.101638189242415,181.55748222176388
1497,abundant,99.64034214454537,96.51743382229074,44.167015186851856,0.10126954984147517,9.439962334291081,11717.030769411846,1.8055465291502528,22,29,10,1,0,0.26803237450613815,0.4389362660432827,0.000700607576301425,0.26540122877542777,99.17396509249339,71.8907673038775,0.006614488260616491,0.4464285714285714,32.101638189242415,179.7774831311432
1498,abundant,99.62266944633913,96.52641051375284,43.99596809152261,0.11431842371190086,9.386092075265179,11652.510987850124,1.8078831926135142,21,29,10,1,0,0.2709260020850531,0.43857676076308527,0.0007616194729815364,0.2653956224141791,99.17354440792305,71.88924867634962,0.0066153713119593265,0.4464285714285714,32.101638189242415,184.12479901741673
1499,abundant,99.61085002384175,96.52876033293393,43.83202736974145,0.05874491277584113,9.329970160677332,11595.919736651951,1.8113471186307453,20,29,10,1,0,0.2706321540903093,0.43821608834005,0.0007007169327181625,0.2653905103917086,99.17311683440089,71.88786395322843,0.006616165354746602,0.4464285714285714,32.101638189242415,177.25859393232707
1500,abundant,99.57308893379589,96.52800736802409,43.670589912488694,0.15163921228479613,9.279150967842972,11534.47855096843,1.8157185249980585,20,29,10,1,0,0.27161214741240736,0.43785447646477904,0.0007018637598899585,0.265385389044537,99.17259319669479,71.88647670427147,0.0066169610454644276,0.4464285714285714,32.101638189242415,185.98670815671608
1501,abundant,99.54611922115694,96.52851575004095,43.50093341648407,0.04345719578834071,9.18968703599206,11473.248209488105,1.8183159988988356,20,29,10,1,0,0.26936288732773245,0.4375055423319833,0.0011286393217969058,0.26537680364437694,99.1721700075469,71.88415112722737,0.006618380222627977,0.4464285714285714,32.101638189242415,193.9927351357772
1502,abundant,99.48764016220883,96.52043488383838,43.33181737318552,0.22196099554712206,9.118860761076059,11410.820079646575,1.8221436025077653,20,29,10,1,0,0.266690494339502,0.4371558912160042,0.0010502324611808517,0.2653688546906481,99.17182522733249,71.88199794811261,0.006619684799014778,0.4464285714285714,32.101638189242415,192.98242658664017
1503,abundant,99.42671636862298,96.51742846120854,43.166256655791315,0.19755043404368575,9.077142874573337,11352.198916085654,1.8253996029576758,20,29,10,1,0,0.268129915460771,0.4367935414777201,0.0007003919228766841,0.2653637453590389,99.17145888520521,71.8806139538806,0.006620478217195243,0.4464285714285714,32.101638189242415,181.96302692277806
1504,abundant,99.38508464597301,96.5021985513678,42.99828402137639,0.0626132289022898,9.031215188787685,11292.760685918285,1.8296699867232527,20,29,10,1,0,0.26771039732498175,0.43642942772847515,0.0007002987658204661,0.2653586367865653,99.17107906120857,71.87923016528003,0.006621271471725582,0.4464285714285714,32.101638189242415,180.17310624830668
1505,abundant,99.33854557916568,96.4834382894228,42.843634812095594,0.1245406156133202,8.967387942872142,11234.059112995237,1.8330078776102035,19,29,10,1,0,0.27024230777711045,0.43607508387474275,0.0010505724063780372,0.2653506851122402,99.17063107670786,71.87707624922162,0.0066225764443794645,0.4464285714285714,32.101638189242415,172.4730285479312
1506,abundant,99.28094801454077,96.45632999583401,42.69162356137913,0.2232530551493729,8.895158833484782,11173.452242102103,1.8378825273366823,19,29,10,1,0,0.27289971361896725,0.43572975320216756,0.0014023828299351963,0.26533987788519453,99.1701691020585,71.87414883306637,0.0066243953626110835,0.4464285714285714,32.101638189242415,188.13916366495002
1507,abundant,99.23527811754573,96.43886073237937,42.53476392368006,0.1114779868048881,8.850590073538068,11117.080792089364,1.8414110385516935,19,29,10,1,0,0.26998022269721317,0.4353687516633336,0.0007018181835487398,0.265334757052493,99.16972151921598,71.8727617234669,0.0066251907009832085,0.4464285714285714,32.101638189242415,180.7897669057424
1508,abundant,99.18335927944831,96.42744292457313,42.38442794341548,0.1587885785231778,8.801132504086537,11062.682987885237,1.8461235310259476,19,29,10,1,0,0.2684578227271579,0.43500863094665554,0.0007024152906185252,0.26532963136881044,99.16922638498612,71.8713732998541,0.0066259868841063016,0.4464285714285714,32.101638189242415,181.48043465486904
1509,abundant,99.14902228178883,96.41383021291475,42.216979701706016,0.015311612723316062,8.770286511161924,11000.11846953517,1.8495319061486415,19,29,10,1,0,0.27000755938433213,0.43464727868144326,0.0007132367866535345,0.2653244178490753,99.16885948213327,71.86996108358123,0.006626798849662979,0.4464285714285714,32.101638189242415,191.74189644388915
1510,abundant,99.11062453951311,96.40148722701278,42.09338431575783,0.18157336489911147,8.799395830045153,10938.048621283746,1.8528538459509618,19,29,11,0,0,0.2546624770793943,0.4343127431917725,0.0010507944099515743,0.26531646443510404,99.16844396093343,71.8678066962948,0.006628103954741956,0.4464285714285714,32.101638189242415,191.3243129326688
1511,abundant,99.07177402154417,96.40732246511986,41.961225965865026,0.17903462859450703,8.816734656603789,10878.269279400069,1.8566784764464188,20,29,11,0,0,0.24545468889647673,0.4339891846758663,0.0010503628686943584,0.26530851454526005,99.16806158774754,71.86565326360912,0.006629408384028873,0.4464285714285714,32.101638189242415,173.12594878079614
1512,abundant,99.02921405979613,96.4062845651484,41.82853054379266,0.17778295652956816,8.817242323134126,10814.217503332256,1.8618467179754488,20,29,11,0,0,0.2471554407829261,0.43366410832368646,0.0010514347725915673,0.26530055597171315,99.16759747936442,71.86349747871856,0.006630714334062871,0.4464285714285714,32.101638189242415,178.08763781763682
1513,abundant,98.99657228492688,96.40088511999053,41.67272234728195,0.10130346133536965,8.811730095353045,10753.014066707485,1.8666108126872392,20,29,11,0,0,0.24881504323066195,0.43333696819329115,0.0010506392033081203,0.26529260389301307,99.16726934580092,71.86134345312475,0.00663201907643481,0.4464285714285714,32.101638189242415,181.371117166048
1514,abundant,98.96038227700559,96.39525907988707,41.51846442071512,0.18560972322727967,8.793007885877163,10687.692855863908,1.8702995158785247,20,29,11,0,0,0.25048028302305314,0.4330077966937603,0.001050559908794257,0.26528465247879884,99.16684254181283,71.85918960752407,0.006633323657655627,0.4464285714285714,32.101638189242415,189.8344190832669
1515,abundant,98.95160932162429,96.3873492481287,41.364307870510785,0.028530218558917384,8.756628789111243,10618.612995593903,1.8743401442731558,20,29,11,0,0,0.24503787072129457,0.4326834900432745,0.0010502189151004866,0.2652767038530031,99.16644017861219,71.85703651723846,0.006634627695391499,0.4464285714285714,32.101638189242415,167.56118856188013
1516,abundant,98.93378245899801,96.37360794235974,41.22999117529791,0.11268782465310813,8.74847735278787,10552.35522418308,1.878823089792931,20,29,11,0,0,0.2504599895124758,0.43236311945206224,0.0014009690503053365,0.26526590826460666,99.16595713437496,71.8541122537115,0.006636444129668766,0.4464285714285714,32.101638189242415,189.51303576759705
1517,abundant,98.92389418133166,96.36626116165952,41.096742836970975,0.02370779799358273,8.752140479904705,10489.21701641084,1.8831955589720644,20,29,11,0,0,0.2498654508661648,0.43203405682844886,0.0010522784231992313,0.2652579429798138,99.16550869163883,71.85195465090689,0.006637751067973892,0.4464285714285714,32.101638189242415,186.16773625561171
1518,abundant,98.91635244965082,96.36864765885807,40.967034075237976,0.06726211329925902,8.741234060042597,10422.672465403797,1.887088782538681,19,29,11,0,0,0.250024005681288,0.43170442580598356,0.001050409341929488,0.2652499928858481,99.16505221939511,71.84980116292958,0.006639055230194264,0.4464285714285714,32.101638189242415,151.6502903667763
1519,abundant,98.91211739360757,96.37940662385309,40.841700906265814,0.05673653293718092,8.72613441277672,10354.274312974645,1.8911773491805743,19,29,11,0,0,0.24529385928843422,0.4313962675843702,0.0017514015436266028,0.2652363529874095,99.16452594577852,71.84610644467517,0.006641383488488994,0.4464285714285714,32.101638189242415,164.62276638967853
1520,abundant,98.90378716390879,96.40316347463083,40.71649437031564,0.13881414438345768,8.74311128329044,10280.666695516979,1.8952806989856734,19,29,11,0,0,0.24494976604645552,0.431070119929876,0.0010527546793765886,0.2652283839392991,99.16401343283884,71.84394782247895,0.006642690951096253,0.4464285714285714,32.101638189242415,155.79196188948976
1521,abundant,98.90153933170521,96.43111043415271,40.587221692605624,0.12018283366274438,8.74366601390353,10209.146986012667,1.8980002973507555,19,29,11,0,0,0.2466886952709227,0.430742749715668,0.0010508076900180357,0.2652204307226106,99.16362351485289,71.84179348863164,0.006643995523777754,0.4464285714285714,32.101638189242415,160.55710587900026
1522,abundant,98.89924966356189,96.46684389623466,40.45382290456062,0.17314271864556077,8.742032740957162,10135.199951524133,1.901286677828411,19,29,11,0,0,0.24781897436365913,0.43043361638133854,0.001750413665409855,0.2652067989610223,99.16323086380244,71.83810097445298,0.006646322167259042,0.4464285714285714,32.101638189242415,150.0293578219427
1523,abundant,98.90386289883317,96.50779460804038,40.31181140585748,0.19911976633552544,8.724639301187707,10067.912548724122,1.9042997537615283,19,29,11,0,0,0.2469373202761287,0.43011372195623954,0.0014005167061611425,0.26519600733108306,99.1628222103326,71.83517778317625,0.006648137534615835,0.4464285714285714,32.101638189242415,137.44006596121537
1524,abundant,98.91391124491759,96.5458263729674,40.183631721787876,0.16208407413777737,8.689927145746248,10003.600632587819,1.9075394726490515,19,29,11,0,0,0.24867232647847085,0.4297937174550886,0.0014079589861430448,0.2651851553496614,99.1624923103262,71.8322382441441,0.0066499637120236025,0.4464285714285714,32.101638189242415,160.42100701397285
1525,abundant,98.93103870068879,96.58511947015353,40.045320737472515,0.18986277101208485,8.641773320823898,9931.223062370147,1.9106404027336992,19,29,11,0,0,0.24396775789322245,0.4294792620582516,0.0014004174329581421,0.26517436463753785,99.16207609747416,71.82931530148139,0.006651778807903084,0.4464285714285714,32.101638189242415,156.57002366739985
1526,abundant,98.9306395313412,96.62427231567509,39.92168006822726,0.17406021195224325,8.576834651783074,9864.644488705868,1.9144987024454172,19,29,11,0,0,0.2452463419945412,0.42915339582571016,0.0010508020787399518,0.26516641174273337,99.1617475237487,71.82716105482466,0.006653083056841468,0.4667207792207792,32.101638189242415,154.7148242272981
1527,abundant,98.92979571696831,96.65390932777804,39.771507339853066,0.1421669907510888,8.486665850849008,9797.715257083142,1.9171303598389169,19,29,10,1,0,0.2446556741586307,0.4288380175289344,0.0014009824675205176,0.2651556165324154,99.16142298532154,71.82423689371001,0.006654898869921091,0.4667207792207792,32.101638189242415,162.5917983041843
1528,abundant,98.90775928884611,96.66142140047447,39.61245493865489,0.1443776429063029,8.392722767264274,9733.595648395029,1.919139242068716,19,29,10,1,0,0.24493774460065182,0.4285129965931648,0.0010522693694485403,0.2651476517973325,99.16090212611908,71.82207943980853,0.006656205154220326,0.4667207792207792,32.101638189242415,170.56729551522665
1529,abundant,98.8972152271686,96.65887759844902,39.45760573386061,0.01875452006564198,8.30757264602173,9675.264193904208,1.9225076356707302,18,29,10,1,0,0.24797515195189748,0.42819449487155203,0.001402034440651725,0.26513684810588833,99.16046125053022,71.81915298136212,0.006658022395816037,0.4667207792207792,32.101638189242415,168.2186280359042
1530,abundant,98.88005017152369,96.64042961713183,39.298020212807465,0.10672864341909566,8.251184822101314,9616.301304889228,1.9259455955917753,18,29,10,1,0,0.25104098621361365,0.4278624851534003,0.001050614755196525,0.2651288968789941,99.16012066182702,71.81699918650189,0.006659326154289446,0.4667207792207792,32.101638189242415,186.57472875842285
1531,abundant,98.87555937231353,96.62427638452576,39.140676454328144,0.03652608507200283,8.228131891447228,9557.263390665648,1.9280784599797987,19,29,10,1,0,0.2523829363759415,0.4275484861053025,0.0017502306588773279,0.26511526703045113,99.15976730713636,71.8133071905209,0.006661651998096026,0.4667207792207792,32.101638189242415,189.11215367477752
1532,abundant,98.8627095111099,96.60834667571858,39.00176182219165,0.07311743469029935,8.184459485557209,9505.049250183976,1.9313569336918106,18,29,10,1,0,0.2556346622175724,0.4272116052153736,0.0010503952017464195,0.2651073176943342,99.15939112757492,71.81115390782648,0.006662955309778756,0.4667207792207792,32.101638189242415,170.94424027711628
1533,abundant,98.85359233133175,96.59293748414453,38.85884809705023,0.017184227738100334,8.134526813584898,9457.028822471413,1.9345286204357632,18,29,10,1,0,0.25577440220409886,0.4268747829634821,0.0010547704460300159,0.26509933287197585,99.15903337418534,71.80899101276839,0.0066642649683888045,0.4667207792207792,32.101638189242415,188.5644230921262
1534,abundant,98.84204896925459,96.57961526017166,38.7087142462884,0.05708836212948211,8.038397566684333,9399.493710913299,1.936688127747932,18,29,10,1,0,0.2580804586994513,0.42653497351382297,0.0010513198783360298,0.2650913760938749,99.15873084234246,71.80683571422067,0.006665569540286592,0.4667207792207792,32.101638189242415,165.36666623529962
1535,abundant,98.8372118592238,96.54829090936059,38.55700780551638,0.0928869748448815,7.912149051316868,9333.223062689776,1.9398943628485241,18,29,10,1,0,0.2543015880822209,0.426199229529424,0.0010511772717303187,0.26508342050305483,99.15836632821879,71.80468073727859,0.006666873858540957,0.4667207792207792,32.101638189242415,202.60951298323607
1536,abundant,98.82786233724069,96.50736098314931,38.40653056553202,0.12813593797677206,7.825780054943266,9270.087305179848,1.9424813772913252,19,29,10,1,0,0.2569054779189134,0.4258607668282074,0.001050555739015671,0.2650754699901665,99.15805259860277,71.80252713582527,0.006668177223455299,0.4667207792207792,32.101638189242415,208.62536244417575
1537,abundant,98.8271157068368,96.46071615670697,38.25322043960934,0.14165964192623134,7.7389437602455615,9209.521588186508,1.946113730771657,19,29,10,1,0,0.2569751310510869,0.42552298303072067,0.0010521280218582806,0.26506750673223095,99.15761630138911,71.80037008204724,0.00666948284020143,0.4667207792207792,32.101638189242415,207.44958582108265
1538,abundant,98.84128521258555,96.42538964670376,38.11879505783928,0.10786391582176061,7.664760285631286,9153.006352916447,1.948823015319369,19,29,10,1,0,0.2535338475101808,0.4251852673684513,0.0010502610634216154,0.2650595586605784,99.15731586165991,71.79821714186559,0.006670785684010128,0.4667207792207792,32.101638189242415,207.3712500424443
1539,abundant,98.85866319375808,96.39045387737659,37.983025103033555,0.14234176007159677,7.6319113419190785,9096.223855850272,1.9522367975041783,19,29,10,1,0,0.25278010090431047,0.4248609127588562,0.0014007931151716081,0.26504876541663563,99.15695163524494,71.79529351339438,0.006672600605784316,0.4667207792207792,32.101638189242415,204.63842832005145
1540,abundant,98.86610418424898,96.37205431256365,37.86741800327511,0.04178527510712327,7.604908191317337,9049.886087133174,1.9570208790444377,18,29,10,1,0,0.25850765462780384,0.4245177745257772,0.0009110202171749635,0.265041947617663,99.15648129629734,71.79344673671693,0.006673699912101449,0.4667207792207792,32.101638189242415,189.24256123565723
1541,abundant,98.88593849123392,96.355867827678,37.73149911839607,0.09841234092247265,7.568235732707178,9006.11982258653,1.9625765566590028,18,29,10,1,0,0.2458898538604763,0.424193272667247,0.0010503734124932274,0.2650339987310797,99.15599576258208,71.79129357579028,0.006675002773627253,0.4667207792207792,32.101638189242415,178.2134611375574
1542,abundant,98.90297869419285,96.33975657919125,37.59605926556647,0.07708410945035157,7.547512513147765,8959.578870758942,1.9664016001237046,18,29,10,1,0,0.25793722195804797,0.4238557250232238,0.0010521498053410376,0.26502603544809417,99.15544994326112,71.78913651522683,0.0066763081852046395,0.4667207792207792,32.101638189242415,180.072944038192
1543,abundant,98.91335271016814,96.3209130759176,37.46815334978495,0.055414494679295045,7.5564788924959245,8900.032858959374,1.9692797042633432,18,29,10,1,0,0.24895164313519666,0.4235222470028258,0.0010506683425626395,0.2650180842208899,99.15498426863255,71.78698272028262,0.006677611387056339,0.4667207792207792,32.101638189242415,177.8076222471173
1544,abundant,98.91636264562206,96.28946908539055,37.353655031707646,0.09131649185264624,7.564483975074275,8846.967318604788,1.967822261983146,18,29,10,1,0,0.25929327530333246,0.42318080250211115,0.0010519160423950865,0.26501012287878606,99.15443193341686,71.784826185457,0.006678916366533531,0.4667207792207792,32.101638189242415,192.12609690911108
1545,abundant,98.92842700516943,96.25713697026677,37.232764141651685,0.13422127647536994,7.552894108837793,8805.200978962865,1.9678864257879738,18,29,10,1,0,0.2554600959885843,0.4228350065214389,0.0007007964582004101,0.26500501154095213,99.15402276736549,71.78344164778728,0.006679708319119399,0.4667207792207792,32.101638189242415,219.09335565470127
1546,abundant,98.92524600107856,96.2240198753669,37.11220972411767,0.05610115590441822,7.53572329589237,8758.268357940193,1.9649109675328518,18,29,10,1,0,0.2584879891356178,0.4224865083465484,0.0007004553280655536,0.26499990297411075,99.1535391731203,71.78205786071236,0.006680499745820279,0.4667207792207792,32.101638189242415,186.78809965368185
1547,abundant,98.92391108661482,96.18838979997014,36.992846235279174,0.09845265169866857,7.5250840743299765,8726.699125401286,1.962273273121125,18,29,10,1,0,0.2586684592488514,0.42213763295806767,0.0007009894474918048,0.2649947900752386,99.15306246085387,71.78067290019516,0.006681291925383738,0.4667207792207792,32.101638189242415,188.41117617930718
1548,abundant,98.91574566081616,96.1557364885881,36.867004676744116,0.04545812466522617,7.527372292691754,8679.093258614499,1.9601355150527284,18,29,10,1,0,0.2573484403646634,0.42179981500526653,0.0010510199241166363,0.26498683603883677,99.15249192715669,71.77851834430736,0.00668259546784842,0.4667207792207792,32.101638189242415,179.40349334944617
1549,abundant,98.89846371891296,96.11818444652698,36.74807955657034,0.12461400408156373,7.513667435622554,8639.584950077558,1.96048882747126,18,29,10,1,0,0.2588705320024027,0.42146013249391423,0.0010512270643333534,0.2649788803386509,99.15189899109382,71.77636333774073,0.006683899267681415,0.4667207792207792,32.101638189242415,184.58322725694734
1550,abundant,98.86947134412873,96.10688385099758,36.63105709763414,0.10760344033755206,7.528252869139271,8591.76548233542,1.959206978193945,18,29,10,1,0,0.2577917062374955,0.4211125496073606,0.0007021738022383037,0.26497375786823996,99.15141656157613,71.77497578452542,0.006684693059536318,0.4667207792207792,32.101638189242415,160.4773614652491
1551,abundant,98.83792203644158,96.09683262892517,36.50552934495321,0.10267342254628127,7.553843308652768,8544.214359076112,1.9596020735146786,18,29,10,1,0,0.25821516326278016,0.4207645467214497,0.0007005156412187306,0.2649686488662136,99.15101039814147,71.77359187956941,0.006685484401275745,0.4667207792207792,32.101638189242415,177.3468357735442
1552,abundant,98.79864449783318,96.08805207540237,36.3873483074868,0.14405475980101778,7.563271952432471,8509.31754089583,1.9587937824038228,19,29,10,1,0,0.26143661941803326,0.42042215875454936,0.001050677446934826,0.26496069766374397,99.15055476578154,71.77143809132524,0.006686787297815743,0.4667207792207792,32.101638189242415,162.1243967224901
1553,abundant,98.75494237425438,96.08323346988422,36.256647232000375,0.13197797944566086,7.544982411483014,8483.47349443176,1.9576210006190056,19,29,10,1,0,0.25688566526051576,0.4200755881528545,0.0007008020793311626,0.2649555863580444,99.15004184590023,71.77005356235992,0.006687578985322537,0.4667207792207792,32.101638189242415,160.9135828943338
1554,abundant,98.71635877881175,96.08778609896879,36.12894420186393,0.11643325867278123,7.518637117963794,8454.807815912238,1.9543205054723622,19,29,10,1,0,0.252159511404873,0.4197261434416596,0.00041211627821741294,0.2649528182717251,99.14958954714437,71.76930375479357,0.0066879488787826595,0.4667207792207792,32.101638189242415,150.00688954209812
1555,abundant,98.6720093751538,96.09066080078006,35.99748345120176,0.14941323242183185,7.49122138195518,8415.037391952384,1.9542553702210397,19,29,10,1,0,0.2569165614036726,0.4193704057763645,0.0003505146618415089,0.2649505501805295,99.149046525174,71.76868938380093,0.0066882287601629205,0.4667207792207792,32.101638189242415,192.6780714230759
1556,abundant,98.63351593762266,96.08683076769526,35.87290035434286,0.08793926471966192,7.455881154087338,8391.83244432732,1.9546646835776889,19,29,10,1,0,0.2640148805339361,0.4190298408038283,0.0011611370311372785,0.2649417023974081,99.14861687910681,71.76629273356511,0.006689692941566899,0.4667207792207792,32.101638189242415,187.68005832901036
1557,abundant,98.59041905436166,96.08617332894762,35.75501360171119,0.1304721440544247,7.4295817545966,8363.558411435977,1.9524317772224695,19,29,10,1,0,0.25944691103528256,0.4187014007131487,0.0014037599321796116,0.26493088530980047,99.14803218404379,71.76336264642235,0.006691511541335219,0.4667207792207792,32.101638189242415,185.64163932867606
1558,abundant,98.54702513249981,96.08639272872442,35.64929644241747,0.12355608847888347,7.40262273060402,8328.25509316906,1.9531070809628386,19,29,10,1,0,0.26530185381189775,0.41834709328165404,0.0007012685495352892,0.2649257702649163,99.14740222800405,71.76197710460247,0.0066923037463161045,0.4667207792207792,32.101638189242415,176.3824606698266
1559,abundant,98.5041210737086,96.08660136130717,35.54750413862083,0.12980115744623408,7.386639212895939,8304.891278714018,1.9553071397699964,19,29,10,1,0,0.2547323385766133,0.4179946727117977,0.0003556649199581008,0.2649234604247339,99.14683628080493,71.76135142482009,0.006692591000954811,0.4667207792207792,32.101638189242415,184.56632518397578
1560,abundant,98.45941220503873,96.08122478304207,35.45618580668063,0.1301392282698558,7.347248585218987,8265.09459404389,1.95551105221228,20,29,10,1,0,0.258452684161495,0.417647610250088,0.0007012105972248074,0.26491834583713403,99.14641804051853,71.75996600686744,0.006693383083787468,0.4667207792207792,32.101638189242415,182.95737720648242
1561,abundant,98.40912004656555,96.0848816934483,35.350091233282434,0.17834885487809715,7.324729875742205,8233.545991849485,1.9559522532076703,20,29,10,1,0,0.2542668256809127,0.41730454643036075,0.0007004632035659871,0.2649132373116669,99.14587112572043,71.7585822309998,0.006694174047184387,0.4667207792207792,32.101638189242415,164.55562274467843
1562,abundant,98.37153339010254,96.078193919348,35.23736645965262,0.05405193746261861,7.300100254758091,8204.496075279745,1.954174642351693,19,29,10,1,0,0.25966941442898883,0.416955286625582,0.0007020182185248058,0.2649081161668013,99.14536332092273,71.75719503684265,0.006694967254976331,0.4667207792207792,32.101638189242415,171.99126802583285
1563,abundant,98.34473239185827,96.08017154563154,35.10613767671661,0.06516715007500533,7.258575106329286,8173.646149723372,1.9539226279898376,19,29,5,6,0,0.253464255413383,0.416612764196144,0.0007001901355046847,0.26490300988713955,99.14518544579401,71.7558118693093,0.006695757764419036,0.4667207792207792,32.101638189242415,163.74277653259105
1564,abundant,98.33049264644376,96.07566221380647,34.97990748337534,0.020566209270469215,7.211178712218088,8143.692490054866,1.9522769050220812,18,29,4,7,0,0.2584854007698957,0.4162650019471532,0.0007002594775796667,0.26489790307738975,99.14505031980296,71.75442855818794,0.006696548347721931,0.4667207792207792,32.101638189242415,177.89367832217278
1565,abundant,98.31948393515368,96.07612442795345,34.85126141045767,0.03128679098855579,7.161586004618874,8108.555679925266,1.9519623941591988,18,29,4,7,0,0.2651221189990327,0.41591006365946515,0.0007001415140344268,0.2648927972576049,99.14491277704327,71.75304551522412,0.00669733873123114,0.4667207792207792,32.101638189242415,177.59845417389403
1566,abundant,98.30773487815937,96.07839468274928,34.72776737687263,0.08006101771895915,7.08810574434286,8088.415087531379,1.9511702894469944,17,29,4,7,0,0.2726172448353511,0.4155465143543637,0.0007002563784450314,0.264887690536325,99.14475245688904,71.7516622280671,0.006698129255112507,0.4667207792207792,32.101638189242415,175.7275864302248
1567,abundant,98.31646340217816,96.09013649401922,34.604901830527545,0.07390603249628672,6.980796242841356,8053.360641087402,1.9487324592486528,17,29,4,7,0,0.2766812984506347,0.4151783785741864,0.0007001018708098656,0.26488258510273593,99.14460772234237,71.75027928971437,0.006698919525811767,0.4667207792207792,32.101638189242415,163.53773736751606
1568,abundant,98.32236923389357,96.10487534446408,34.48856987920728,0.07433646878169706,6.902950000064438,8018.32780777508,1.9481057739800043,17,29,4,7,0,0.28380364895295435,0.414802517048127,0.0007003724538855009,0.26487747750441054,99.14450050520401,71.74889576498697,0.006699710164390237,0.4667207792207792,32.101638189242415,161.05793178229072
1569,abundant,98.33616376560849,96.11057282466145,34.35511681527605,0.0067243581356727505,6.848526408164275,7988.462646295582,1.945727801413742,17,29,4,7,0,0.2857718820190534,0.4144228444376802,0.0007001403523513108,0.26487237182124296,99.14434835785502,71.74751275902945,0.006700500436418845,0.4667207792207792,32.101638189242415,168.7840695359253
1570,abundant,98.35184169812803,96.11864856986702,34.22005445398615,0.043941350435408685,6.7824822207352256,7950.34084675214,1.9447049970802088,17,29,4,7,0,0.2923790845920693,0.41403618417531163,0.0007002541573204272,0.2648672652471607,99.14419675206078,71.74612951174473,0.006701290847275652,0.4667207792207792,32.101638189242415,178.62524510014367
1571,abundant,98.38179007497043,96.13577294739093,34.092704651866384,0.05457596243012906,6.734195134401415,7931.544793057932,1.9441734055128141,16,29,4,7,0,0.2965260583104957,0.41364338110311943,0.0007001011306491157,0.26486215994759493,99.14403993713651,71.74474660969565,0.0067020810071179455,0.4667207792207792,32.101638189242415,166.07777447257143
1572,abundant,98.4181033745209,96.17160348608118,33.959437663951526,0.10900642257820113,6.672052589055758,7919.334728445981,1.9435459623268112,16,29,4,7,0,0.2970170127529744,0.413250668866543,0.0007003689681718822,0.26485705250160574,99.14386260785993,71.74336312623244,0.0067028715308320806,0.4667207792207792,32.101638189242415,165.66278541363596
1573,abundant,98.46901921516736,96.22215833784527,33.80484341536457,0.20944125914088657,6.612398547928452,7895.816284003995,1.9409538295090096,15,29,4,7,0,0.3046695555388774,0.412850221325708,0.0007001758888135523,0.26485194665463974,99.1436985705751,71.74198007590591,0.006703661745011279,0.4667207792207792,32.101638189242415,159.7363753261353
1574,abundant,98.52265540197119,96.28308087215865,33.65428066001851,0.22043558410324857,6.56127429713438,7879.825099697227,1.9395419121098878,15,29,4,7,0,0.31226871253185273,0.41244237328738365,0.0007002536683507748,0.2648468402060592,99.14352932815737,71.74059686261656,0.00670445204538795,0.4667207792207792,32.101638189242415,165.7312013219214
1575,abundant,98.58044377379032,96.34814533839611,33.496066189841414,0.22275443698557532,6.51057900024332,7880.853460414728,1.9390088235417668,15,29,4,7,0,0.3151255469126223,0.4120296802411815,0.0007001386097997468,0.2648417347209993,99.14336065373753,71.73921391032162,0.006705242150224926,0.4667207792207792,32.101638189242415,133.8508751560897
1576,abundant,98.63765022937272,96.40239124924904,33.33677247109104,0.11873702827040296,6.458744054485249,7894.1276812260185,1.9384208357380508,15,29,4,7,0,0.3164416258076569,0.4116165409107353,0.0006947998176550178,0.2648366725982924,99.14317091000456,71.73784270383827,0.006706024427715688,0.4667207792207792,32.101638189242415,138.86863407659027
1577,abundant,98.72542089294559,96.46609035419111,33.18876135661676,0.29805778021433105,6.38301857300486,7895.7488675926215,1.9353794832462274,15,29,4,7,0,0.32161788954841347,0.4111987731070788,0.0007001000203935031,0.2648315674829353,99.14303258139144,71.73645985168686,0.006706814421578334,0.4667207792207792,32.101638189242415,137.20860398832286
1578,abundant,98.81792161376994,96.53225348533888,33.04871004206749,0.24932241144932157,6.327578103658591,7918.105252337431,1.9221030979325462,15,29,4,7,0,0.328305394208176,0.4107742605981972,0.0007003637395208195,0.2648264602535861,99.14289148730492,71.73507642690618,0.006707604773301654,0.4667207792207792,32.101638189242415,157.4315596560795
1579,abundant,98.91345271086375,96.60392648004213,32.90277427903739,0.26695196143978794,6.302497467349655,7939.822495662855,1.9091233209262022,13,29,4,7,0,0.33276093148800356,0.41033927092459976,0.00048321814505987437,0.26482311558743593,99.14273933076433,71.73417043782308,0.006708077850424675,0.4667207792207792,32.101638189242415,153.76315354596773
1580,abundant,99.01716545349197,96.67310752849286,32.76000368061972,0.2650303184532767,6.282532532927393,7953.412831032962,1.8935412839759982,13,29,4,7,0,0.3368035503682577,0.40990584298025345,0.0007002486044077409,0.26481800933900895,99.14264640766366,71.7327872787505,0.006708867990068656,0.4667207792207792,32.101638189242415,157.06193933205444
1581,abundant,99.14006792507757,96.75025641377738,32.62081785262063,0.36311824944776644,6.2516139492441125,7991.470663520882,1.8773617444841426,13,29,4,7,0,0.3396831499315952,0.4094676522779988,0.0007003610791368611,0.264812902203856,99.14250209190065,71.73140387948528,0.006709658266601963,0.4667207792207792,32.101638189242415,160.4114017823058
1582,abundant,99.25038375438753,96.84437454014018,32.47459057357779,0.34185755377191673,6.246258484725932,8048.668997552082,1.8629107610286413,13,29,4,7,0,0.33816159964828013,0.4090277848969839,0.0007001738470247387,0.2648077966163127,99.14235749133327,71.73002089943009,0.006710448242151675,0.4667207792207792,32.101638189242415,121.27633332421524
1583,abundant,99.3658224724583,96.93183998261732,32.335060283797226,0.3515590364096396,6.270628263426549,8118.446743241315,1.8482192871435537,13,29,4,7,0,0.3397730195985403,0.408577119561789,0.00035047729188024233,0.26480552948408914,99.142200383124,71.72940678819975,0.006710727287720532,0.4667207792207792,32.101638189242415,125.4959655173438
1584,abundant,99.48204723035543,97.01074823762728,32.19134321638187,0.31162400369118165,6.314495592901866,8176.599463068946,1.8317027482379973,12,29,4,7,0,0.3414796833181167,0.40813368483883694,0.0007001731066780325,0.26480042393902853,99.14204401251199,71.7280238196521,0.006711517225070464,0.4667207792207792,32.101638189242415,132.09799839151427
1585,abundant,99.60612966080899,97.0808252017259,32.05527124613264,0.34012973128209467,6.340144666125122,8233.839730443899,1.8160311801504447,12,29,4,7,0,0.34683435747002533,0.4076864971956325,0.0007002469409832557,0.2647953178201258,99.14188738839816,71.72664069566446,0.0067123072428635425,0.4667207792207792,32.101638189242415,158.73390385026937
1586,abundant,99.70970377607719,97.15039434121574,31.915128104549524,0.22561218264526137,6.357164194583213,8307.41549252897,1.8011994010796175,13,29,4,7,0,0.3470654419276899,0.40724719230312595,0.0010500265516702905,0.264787372627171,99.14174717965525,71.72448853525235,0.0067136082571207225,0.4667207792207792,32.101638189242415,155.45320981103208
1587,abundant,99.81849915029589,97.19959510116882,31.777750849923525,0.21894123904783566,6.364422354103935,8387.488667649235,1.7858086287644184,13,29,4,7,0,0.34923181554383026,0.4067857481155263,0.0003504739489919804,0.26478510562947344,99.14157805113233,71.72387446046187,0.00671388718808482,0.4667207792207792,32.101638189242415,154.1696105156287
1588,abundant,99.92531182432434,97.24952754401919,31.622964778636128,0.19288378152245178,6.352027451589363,8455.723030338078,1.7683630914126325,14,29,4,7,0,0.347567257526703,0.40633670535387606,0.0007003181805324235,0.26477999901339466,99.14140665949975,71.72249120180129,0.006714677227669087,0.4667207792207792,32.101638189242415,162.04064762773015
1589,abundant,100.03321652281574,97.2988403164154,31.47165946899255,0.23357537592883562,6.348281733083899,8526.16648246099,1.7524083984194698,14,29,4,7,0,0.35111094271566,0.40587418097488237,0.00035108824407390084,0.26477772706527924,99.14123151503993,71.72187578606247,0.006714957018994684,0.4667207792207792,32.101638189242415,159.51769921068438
1590,abundant,100.13641223781815,97.34033122132983,31.322518662175366,0.15038058807705237,6.354637571364575,8595.478018639966,1.7366225855604756,15,29,3,8,0,0.35283190528930464,0.40540693487808444,0.00035017162725651467,0.26477546256903023,99.1411386020552,71.72126238885383,0.006715235461439089,0.4667207792207792,32.101638189242415,182.1129778993224
1591,abundant,100.24979045164335,97.38037610887578,31.18916294919807,0.22397317973369285,6.431065899009828,8660.190394809622,1.7218029714226313,15,29,3,8,0,0.35909286460136514,0.40493646932562727,0.00035046360013468546,0.26477319571279767,99.14104268117919,71.7206483523828,0.00671551432078446,0.4667207792207792,32.101638189242415,176.98953683105975
1592,abundant,100.35112746374371,97.41896303814795,31.053467628265725,0.13600244971361788,6.4971377232929175,8721.8701714661,1.7074965410885996,15,29,3,8,0,0.3597127133403203,0.40446203943682607,0.00035013546433313933,0.26477093152973863,99.14094375880977,71.72003504000976,0.006715792691044838,0.4667207792207792,32.101638189242415,174.34119919505346
1593,abundant,100.45495320319972,97.46024783566905,30.922775036352203,0.15669851250350675,6.567779937955153,8782.060620619304,1.6933205722557432,15,29,3,8,0,0.3646401625402044,0.4039942400611249,0.0007000256333008585,0.26476582735950516,99.1408614867441,71.71865244386946,0.006716582237058894,0.4667207792207792,32.101638189242415,167.27226484113413
1594,abundant,100.55957303518431,97.503050530988,30.803500774473683,0.15245961250239903,6.662652607997556,8840.780470661768,1.679292665291967,14,29,3,8,0,0.3611702593278364,0.4035156635874924,0.00035031522114357613,0.2647635617584635,99.14073297480242,71.71803874739925,0.006716860832862076,0.4667207792207792,32.101638189242415,170.37248595607107
1595,abundant,100.6696758542627,97.55723788525644,30.684662996257725,0.21884281231200445,6.742603335685724,8898.017702807723,1.6653610571849184,14,29,3,8,0,0.3629720763799048,0.40303863302883036,0.0003505924443762738,0.26476129391716724,99.14060167916975,71.7174244440983,0.00671713982401184,0.4667207792207792,32.101638189242415,174.4273577207976
1596,abundant,100.776684911215,97.61794811418882,30.57581688475478,0.19622399809351804,6.818264734034663,8956.271441008095,1.6510231337163628,14,29,3,8,0,0.3651001053514049,0.40256115246120316,0.0003504598729992054,0.2647590271605288,99.1404676041928,71.7168104346049,0.006717418611789357,0.4667207792207792,32.101638189242415,183.57032607634147
1597,abundant,100.88134807728196,97.68006296188409,30.46404885330287,0.1851954844177094,6.883549484737204,9013.084153647316,1.636779449495775,14,29,2,9,0,0.36944078530586405,0.4020798472051241,0.0003501077504598759,0.2647567632704274,99.14033082439626,71.71619720158698,0.006717696875440026,0.4667207792207792,32.101638189242415,170.7669903745671
1598,abundant,100.98626560753777,97.74463649705726,30.350768893115998,0.19072621289425262,6.951778383466525,9068.341130647565,1.6227199812869129,14,29,2,9,0,0.37648430124439214,0.4015908950378443,0.0003502871898745392,0.2647544979337808,99.14019126207762,71.71558357673499,0.006717975391587803,0.4667207792207792,32.101638189242415,161.02282972728008
1599,abundant,101.01232236909864,97.79264417842788,30.250255029409043,0.21403964738923836,6.951691087470091,9081.016940467194,1.6086544781485854,14,29,8,3,0,0.2748986596868138,0.4012828965765416,0.0028,0.26473234870521045,99.139993622525,71.70958388696543,0.0067218328996509515,0.4667207792207792,32.101638189242415,167.03156948046362
1600,abundant,101.00977077983455,97.81481536863171,30.14942995457165,0.08141672045246985,6.932681645147237,9032.620869908973,1.606366214882056,14,29,9,2,0,0.25717993120957816,0.4009946203788634,0.0028003215058336737,0.2647101969999597,99.13969954180469,71.70358352632311,0.006725690743491412,0.4667207792207792,32.101638189242415,185.23842489641413
1601,abundant,100.99620704551793,97.83849933986967,30.037474958711073,0.15243631192147059,6.902038932527466,8966.306554372211,1.6074712660266701,14,29,9,2,0,0.25657241519559915,0.40071433341820606,0.00315,0.26468520714750876,99.13940579255328,71.69681438031805,0.006730059329546039,0.4667207792207792,32.101638189242415,182.6295202424345
1602,abundant,100.98569238866608,97.85769198058236,29.92644463719882,0.09372848787381469,6.866301232717623,8889.447620594223,1.6099608719728287,14,29,9,2,0,0.2622411968578738,0.40041952379550805,0.002800213176323438,0.26466305660431766,99.13907822797646,71.69081433444956,0.0067339167294833925,0.4667207792207792,32.101638189242415,195.11268010493555
1603,abundant,100.98326594708746,97.88623348775816,29.818053194246932,0.08885429521318189,6.841620354874507,8810.061728299766,1.6127749483466545,14,29,9,2,0,0.26478497906350074,0.4001138597333644,0.0024706774831274357,0.264643580977677,99.13873426163313,71.68553885871275,0.006737292547715989,0.4667207792207792,32.101638189242415,183.1950341585682
1604,abundant,100.99311775379628,97.91526713748402,29.716063085765825,0.05459722472784119,6.804213455703919,8726.513765814372,1.6161052018237392,14,29,9,2,0,0.265367980350057,0.39981751004006905,0.0028000986756595595,0.264621431607947,99.13838126179765,71.67953913070646,0.006741149529220171,0.4667207792207792,32.101638189242415,188.8500254427359
1605,abundant,101.00018052228947,97.94535019139956,29.615345348069702,0.02063660927841661,6.717120689909652,8643.580792620429,1.6189459869637517,14,29,9,2,0,0.2664389338958565,0.3995105112117399,0.002450416248388928,0.2646021206782734,99.13799428305512,71.6743082673906,0.00674449549489274,0.4667207792207792,32.101638189242415,195.40185436532093
1606,abundant,101.00180275419504,97.9799423601634,29.51858247145397,0.07503992800926104,6.654337151172524,8561.814248313378,1.6217325478781686,14,29,9,2,0,0.267769065695457,0.39920173439199536,0.002450310954643746,0.26458281071239304,99.13758466429663,71.66907766514299,0.00674784119055504,0.4667207792207792,32.101638189242415,184.1727357085142
1607,abundant,101.0182371200273,98.01884999143923,29.43235359448507,0.10712534937840437,6.612269952201703,8478.244277723286,1.625003531302076,13,29,9,2,0,0.26561252684165615,0.3988892161210832,0.002450308184419873,0.26456350088210273,99.13721497878446,71.66384709962344,0.006751186766002105,0.4667207792207792,32.101638189242415,168.56207551907778
1608,abundant,101.02993213208546,98.05787299550676,29.33316233259677,0.07546842627037449,6.5957869748934,8394.262315743905,1.6279755023737728,14,29,9,2,0,0.2668777394480387,0.3985828492104301,0.0028000968834288693,0.26454135199667794,99.13687078689931,71.65784750280372,0.006755043262458101,0.4667207792207792,32.101638189242415,167.9685105540102
1609,abundant,101.02779029288332,98.09409008031825,29.243048181604166,0.03080462629804654,6.564617221281606,8310.29696491348,1.6309926164647464,14,29,9,2,0,0.2685711676197461,0.3982653285943001,0.0024503061261396406,0.26452204243959315,99.13650294365107,71.65261701128894,0.006758388584830442,0.4667207792207792,32.101638189242415,178.11321595975363
1610,abundant,101.00410230661802,98.14882342670698,29.13309992698644,0.21232289710491295,6.5273750791397545,8225.566584656834,1.6333598557103661,14,29,9,2,0,0.26346523231789865,0.3979444395885215,0.0021391528456263962,0.2645052585710623,99.13606944198499,71.64807066765451,0.006761279199766782,0.4667207792207792,32.101638189242415,149.18953544389854
1611,abundant,100.97957740056259,98.21362927379798,29.01886928697458,0.21226065710411532,6.468144145077815,8142.184361961827,1.6349396440290094,14,29,9,2,0,0.268990615708187,0.39761520403915585,0.001936393874275735,0.2644901205617935,99.13566534668675,71.64397014744665,0.006763873485865336,0.4667207792207792,32.101638189242415,145.19392036099887
1612,abundant,100.95426579305442,98.2739670534364,28.909363631889835,0.17779814407519276,6.440936722981564,8071.260070745986,1.6368392482891234,14,29,9,2,0,0.2693797807989858,0.3972818808208804,0.0017505310271112083,0.26447649125470213,99.13521743508615,71.64027829813178,0.0067661961384537115,0.4667207792207792,32.101638189242415,170.84180873539236
1613,abundant,100.92865626285138,98.32155379426192,28.820660733436398,0.1277762618507428,6.44495342271396,8040.155400618143,1.6384370315601793,15,29,9,2,0,0.2676424710721963,0.3969478817415361,0.0017507524951497432,0.2644628602278244,99.13479812806881,71.63658598296843,0.006768519033958029,0.4667207792207792,32.101638189242415,187.05986482985088
1614,abundant,100.89029806598819,98.35772009461797,28.749249239488098,0.16900596465461906,6.477973813383969,8002.650013132374,1.6407835463783702,15,29,9,2,0,0.2697005840083583,0.39661377338343956,0.0017504913337387338,0.2644492313925714,99.13432545287021,71.63289426146315,0.006770841467253904,0.4667207792207792,32.101638189242415,175.9816623138324
1615,abundant,100.83791732818021,98.40178331437598,28.68930231028554,0.23891279467579446,6.481896914490834,7964.273345539164,1.6434225026186702,15,29,9,2,0,0.27489109068324413,0.39627514833911764,0.0017505427401705563,0.2644356022179511,99.13388428506973,71.62920244803149,0.0067731638950153245,0.4667207792207792,32.101638189242415,180.1645938303836
1616,abundant,100.77935613258914,98.4452843934404,28.64515287320079,0.21278936954935004,6.4927905886879484,7924.654024946631,1.6456392328131701,15,29,9,2,0,0.27324096502727924,0.39594922303900965,0.002100392255905457,0.26441913344316165,99.13341890032794,71.62474145566296,0.006775997368163543,0.4667207792207792,32.101638189242415,168.95279454807215
1617,abundant,100.71043237522392,98.48848621596122,28.603081322837035,0.2790103216530241,6.480373733743937,7888.454513402525,1.6479251559698904,15,29,9,2,0,0.2748627408732018,0.39562208302512625,0.0021008299892972026,0.26440266120548256,99.13297743758652,71.62027952528145,0.006778831382452319,0.4667207792207792,32.101638189242415,173.92783715981008
1618,abundant,100.6373151873059,98.53684215224641,28.559385093437403,0.28326315980203653,6.468808820201815,7853.188355807983,1.648724723923381,15,29,9,2,0,0.2748982022783205,0.39529476191994795,0.0021007329106093177,0.26438618984398393,99.13252137728892,71.61581783223602,0.006781665156508709,0.4667207792207792,32.101638189242415,169.95592592069193
1619,abundant,100.54684782544336,98.58774321198386,28.550838753329522,0.3997461664198728,6.463273113382267,7825.472871274553,1.6485512165175429,15,12,9,19,0,0.2894488861397754,0.39495596558199886,0.002100368944412743,0.2643697215253601,99.13205076439617,71.61135696343169,0.0067844983004215435,0.4667207792207792,32.101638189242415,163.39471646152992
1620,abundant,100.45480302851357,98.64073118242331,28.552382855215477,0.34469419406077856,6.4776677893466355,7789.755316450646,1.6490485987915695,15,12,9,19,0,0.30471559389869246,0.3946048431621342,0.0021032370940616838,0.26435323000072913,99.1315016728371,71.60688980868188,0.0067873355362959185,0.4667207792207792,32.101638189242415,166.12227241427613
1621,abundant,100.35688175673597,98.69090696108003,28.566223399921192,0.3432124645451285,6.499909184736724,7756.1597285513235,1.6496538758073556,15,12,8,20,0,0.3189893788816132,0.3942233784961416,0.001431741630299772,0.26434218896335315,99.13100544283532,71.60389905896889,0.0067891916266868725,0.4667207792207792,32.101638189242415,174.83224553552563
1622,abundant,100.25503519956948,98.73649696511701,28.588741822340772,0.315160104770506,6.519864470078448,7716.341377962595,1.650426560084684,15,12,8,20,0,0.3321820493546635,0.3938306288572721,0.0014085458825488922,0.2643313362331569,99.13044646609322,71.60095931711182,0.0067910137639168805,0.4667207792207792,32.101638189242415,176.21176692218677
1623,abundant,100.14541712229081,98.7866058490543,28.62464275486517,0.3240332879006512,6.551069660435781,7686.345809056496,1.650945570486732,15,12,8,20,0,0.3452032969287081,0.3934367308991067,0.001750373865040979,0.2643177089957046,99.12999971992035,71.59726802841206,0.006793335244538919,0.4667207792207792,32.101638189242415,175.34967453754456
1624,abundant,100.02678111234931,98.83801617285312,28.675605323310684,0.3395573776994107,6.507917005399361,7653.226229102427,1.6508315600048478,15,12,8,20,0,0.3572120669861778,0.39302329757196036,0.0014006651360019612,0.2643069203315159,99.12941622980237,71.59434564048534,0.006795145724217845,0.4667207792207792,32.101638189242415,175.53748569065522
1625,abundant,99.90198101420755,98.88518875423668,28.73726688075118,0.33264851259100525,6.456565516376974,7614.887597283941,1.6523714525635227,15,12,8,20,0,0.3689203831721956,0.392600381855691,0.0014004896758620677,0.26429613312478084,99.12887593922065,71.59142364734753,0.006796955884688786,0.4667207792207792,32.101638189242415,176.2991503450068
1626,abundant,99.7688026965164,98.91286220445281,28.81197072438686,0.30812459525851316,6.420287664059856,7567.863712792605,1.655209029637956,15,12,9,19,0,0.36218201100864605,0.39219560589604024,0.0016652669214958621,0.26428319679959666,99.128378403269,71.5879195100537,0.006799152818747837,0.4667207792207792,32.101638189242415,169.64283410281845
1627,abundant,99.6220346754711,98.94216886609065,28.9047701187961,0.3684185073670548,6.405315224721709,7523.58149865648,1.6581874451532848,15,12,9,19,0,0.3740168992798316,0.39178350389629807,0.0017504233592935594,0.2642695693398499,99.12788346254841,71.58422816113975,0.00680147408907923,0.4667207792207792,32.101638189242415,176.7534362531703
1628,abundant,99.47289109279203,98.96934603069226,29.005105669671174,0.32029983034799764,6.400271302154397,7481.3273461344,1.6604942645277643,15,12,9,19,0,0.3829525957410917,0.39135452009385907,0.001401233550898767,0.2642587762558843,99.12746494421957,71.58130457600248,0.006803285116611768,0.487012987012987,32.101638189242415,176.84036860610325
1629,abundant,99.31907267906874,99.00074552059746,29.114997598117775,0.345829438123126,6.435531425900562,7440.435102483156,1.6628681339074656,15,12,9,19,0,0.392548287546545,0.3909086648538108,0.0010824505070283947,0.26425057071970925,99.12698066548835,71.5790818949151,0.006804630342987034,0.487012987012987,32.101638189242415,166.90460539462487
1630,abundant,99.16683014748227,99.02625393437393,29.230436177146096,0.2786926318034067,6.446463577121134,7398.085514695835,1.6653539534038497,15,12,9,19,0,0.402260961151657,0.39044424038907594,0.0007105318066442829,0.2642453840161537,99.1264771408916,71.57767694249605,0.006805432153809563,0.487012987012987,32.101638189242415,176.6901134528194
1631,abundant,98.99983698466887,99.05204682969465,29.363483878840317,0.37799219263615985,6.391237170891932,7361.660821589976,1.668788761756067,15,12,9,19,0,0.410117923478267,0.3899840529939661,0.0010819863362074454,0.2642371823094382,99.12604562915031,71.57545529871658,0.006806776627488113,0.5073051948051948,32.101638189242415,175.8705768032801
1632,abundant,98.82446118814474,99.08156248477933,29.504178038855297,0.3896212764726337,6.329168990908083,7317.5456825288275,1.6730077159951755,15,12,9,19,0,0.4180799245235162,0.38950679553871703,0.0007007155636294157,0.26423207533908405,99.12547654271215,71.57407194409137,0.006807564022372647,0.5073051948051948,32.101638189242415,171.71197856620574
1633,abundant,98.66451553172678,99.11437148286646,29.641842137591187,0.3705084190613711,6.331473801421642,7280.67178028671,1.6772701359421742,15,12,10,18,0,0.4071067575649737,0.3890636139996292,0.0014004914747941307,0.264221288423692,99.12500573459609,71.57115002987133,0.006809373754288385,0.5073051948051948,32.101638189242415,176.92067615954406
1634,abundant,98.51226758737558,99.14347660510799,29.779106787185896,0.2487514812985969,6.317497164957328,7241.019350509301,1.6816739641208833,15,12,10,18,0,0.414116116221121,0.38861471601429487,0.0014005376693910715,0.2642105011995993,99.12454541763269,71.56822803203175,0.006811183490857061,0.5073051948051948,32.101638189242415,175.3401908812369
1635,abundant,98.33776342129313,99.17398506295017,29.923562422341774,0.4192534590069915,6.263891210223967,7206.307138686418,1.6850827808346416,14,12,10,18,0,0.42020839781447883,0.38816185788702934,0.001433627818670045,0.2641994454353155,99.12398903518753,71.56523329315597,0.0068130415089074255,0.5073051948051948,32.101638189242415,179.1015798936191
1636,abundant,98.17934831750708,99.19959939725194,30.068168905679123,0.22656485265265278,6.222303142354159,7174.988180044598,1.6893977773496665,14,12,10,18,0,0.425511365395553,0.38769447224108816,0.0010506411293388638,0.26419149835923667,99.12347043136741,71.56308062265114,0.006814339923398498,0.5073051948051948,32.101638189242415,174.52810819125915
1637,abundant,98.01061212765254,99.22606699835748,30.213897924518932,0.296628271899923,6.223407614014117,7136.8737495981295,1.693317372585966,14,12,10,18,0,0.4326249262422698,0.38723100482954276,0.0014005732750425033,0.2641807109715394,99.12290009728241,71.56015858049504,0.006816149539553179,0.5073051948051948,32.101638189242415,178.64939413315318
1638,abundant,97.84419039331854,99.24890622806092,30.36474644926771,0.24117494291968514,6.2274229481579955,7098.001535117721,1.6968751003597016,13,12,10,18,0,0.4389096406927061,0.38676226295895333,0.0014006610427991588,0.26416992293873565,99.12242036465095,71.55723636359524,0.0068179592211027144,0.5073051948051948,32.101638189242415,176.13697118340284
1639,abundant,97.65994649743986,99.27702701294632,30.520665250263857,0.36006440781642857,6.22746186092611,7057.026999122427,1.701471506306093,13,12,10,18,0,0.44312743105906416,0.38628009954757553,0.001051785376159843,0.2641619667092608,99.12187511354246,71.55508121365703,0.006819259136573994,0.5073051948051948,32.101638189242415,181.8956204577074
1640,abundant,97.4732738498449,99.30624367114443,30.680370743500724,0.3250010499251939,6.170487905087711,7015.893389187477,1.706653693366129,12,12,10,18,0,0.4508012064680667,0.385781479242869,0.0007007034906115833,0.26415686017018175,99.12119554530734,71.55369797585382,0.006820046080407062,0.5073051948051948,32.101638189242415,182.6017970730824
1641,abundant,97.29253608620527,99.32561868185964,30.836714376020087,0.2526692258716079,6.137115078575702,6977.434681315368,1.7117054400586627,12,12,10,18,0,0.4539374630801703,0.3852854409709992,0.0008677736218258228,0.2641503975495743,99.12056388783833,71.55194740839637,0.006821077084411685,0.5073051948051948,32.101638189242415,183.1735554744363
1642,abundant,97.10491060096754,99.34601975571368,31.002343747175082,0.28734734468783774,6.100973821613532,6943.192847656253,1.7160113101732337,12,12,10,18,0,0.4598426900348148,0.3847895843349118,0.0010505254585346715,0.2641424515910503,99.12002633020369,71.54979504061009,0.00682237505090088,0.5073051948051948,32.101638189242415,196.94361783941176
1643,abundant,96.90584813938264,99.3668172368212,31.16962145632856,0.3566479815274357,6.070537843830534,6901.57679119895,1.721219942568501,12,12,10,18,0,0.46269969213112744,0.38429212421063896,0.001052199753959716,0.2641344920612765,99.11945189218531,71.5476389967008,0.00682367541844849,0.5073051948051948,32.101638189242415,178.51372614336663
1644,abundant,96.70476131609018,99.39211402597843,31.342205598462705,0.3375440018956991,6.066872717721856,6862.838699627013,1.726715470330484,13,12,10,18,0,0.46845059071592676,0.3837895578647169,0.0010504402380048488,0.26412654683452463,99.11894214207531,71.54548682713389,0.006824973170213127,0.5073051948051948,32.101638189242415,176.58013243546327
1645,abundant,96.51352282640609,99.42215910888906,31.50740262729254,0.2326615422132803,6.059829978016654,6823.820809742869,1.728926715281091,13,12,10,18,0,0.46897293871403783,0.3832875087473518,0.001067108275385417,0.26411846632981784,99.11828914038482,71.54329801404415,0.006826295228724176,0.5073051948051948,32.101638189242415,169.37234005031473
1646,abundant,96.31732990674836,99.44901561281208,31.675215307296877,0.24863810031509237,6.010131687669034,6786.509925192542,1.72910194466723,13,12,10,18,0,0.471538102443162,0.3827734911131197,0.0007007423584554759,0.2641133595764574,99.11769880057402,71.54191471819729,0.006827081985038191,0.5073051948051948,32.101638189242415,194.9446098885069
1647,abundant,96.1003239465594,99.47458189412558,31.851401814786943,0.41284291984415705,5.9724402704372395,6751.666575182884,1.73353077336157,13,12,10,18,0,0.47553493879551406,0.3822657507686721,0.0010505967656196616,0.264105413114381,99.11710450423757,71.53976221401088,0.006828379847206325,0.5073051948051948,32.101638189242415,189.83733939751605
1648,abundant,95.89188439886114,99.49968780102546,32.03789314484167,0.26966960932117934,5.992902428107953,6729.636930120552,1.7369640421544312,14,12,10,18,0,0.47665496545258745,0.3817469188195128,0.0007005767667046901,0.26410030773163823,99.11659257652285,71.53837928943116,0.006829166289211411,0.5073051948051948,32.101638189242415,191.1775738272909
1649,abundant,95.67984589111735,99.52766723106411,32.2198002641565,0.2598440403458403,6.076814595150551,6700.052193224834,1.739574389412537,13,12,10,18,0,0.4798536860070707,0.3812435336290296,0.0014009766754548107,0.2640895173223653,99.11608879901938,71.53545642880339,0.006830975979933915,0.5073051948051948,32.101638189242415,189.5827918209164
1650,abundant,95.45833770150492,99.55632594012818,32.40275260701311,0.3026062634913836,6.159813329673628,6666.978806711639,1.7423042739314676,13,12,10,18,0,0.4838649047033391,0.3807173626082417,0.0007007512654942423,0.2640844105689094,99.11556851096951,71.53407313293067,0.006831762586737748,0.5073051948051948,32.101638189242415,187.00932524118312
1651,abundant,95.2234987405304,99.5913743147785,32.592332685970874,0.3945974537965934,6.27411320885792,6648.267380383353,1.7453756153527797,14,12,10,18,0,0.4848267424936017,0.38020166728686033,0.0010504913940509745,0.26407646503525856,99.11497665699488,71.53192088023225,0.0068330601324411875,0.5073051948051948,32.101638189242415,181.89220896369633
1652,abundant,94.985145249065,99.63055436727782,32.77907071043795,0.3799329678064667,6.363477460435748,6623.592687283202,1.7515191859522217,15,12,10,18,0,0.49079365208625847,0.3796713897609844,0.0007011099404450545,0.2640713553970934,99.11445711615265,71.53053680296165,0.006833847190899751,0.5073051948051948,32.101638189242415,182.71897544017583
1653,abundant,94.74773089486732,99.66635207281185,32.96255392184191,0.34305596812067984,6.42363204728498,6592.462965509505,1.7581730142616363,15,12,10,18,0,0.49200045263664094,0.3791508877900239,0.0010507033365941127,0.26406340817667984,99.11396814040245,71.52838409336003,0.00683514497386792,0.5073051948051948,32.101638189242415,198.2113581348761
1654,abundant,94.50002105773127,99.71108132264808,33.15516143196319,0.40603849829059274,6.454579177999349,6593.288804573749,1.7638315073599609,16,12,10,18,0,0.4954129670268269,0.3786180093958283,0.0007004656203619881,0.2640583038078304,99.11352724994428,71.5270014434195,0.006835931018593356,0.5073051948051948,32.101638189242415,177.3869971719298
1655,abundant,94.25684934758233,99.7494140013197,33.347629601792235,0.34952396734654073,6.55625179840645,6627.2123455614965,1.7701901485081786,17,12,10,18,0,0.49805412552462125,0.3780926805836627,0.0010503811663077694,0.2640503592352519,99.11294184180035,71.52484945105229,0.006837228258520655,0.5073051948051948,32.101638189242415,193.4602441426636
1656,abundant,94.01990370877785,99.79032080548228,33.53505876243924,0.274389415916736,6.690832255293,6698.588388025506,1.7772760922681903,19,12,10,18,0,0.49830464012726516,0.3775676454991858,0.0010517526834466144,0.26404240354825265,99.11237351982672,71.5226944480576,0.006838527457176084,0.5073051948051948,32.101638189242415,171.2473209009905
1657,abundant,93.7643419951087,99.8303281977704,33.747566260953455,0.41076792223624436,6.8502656177340295,6780.6323438759355,1.7823765012267814,19,12,10,18,0,0.4989461891982006,0.3770310946831091,0.0007011250326246397,0.264037293867676,99.11171437690716,71.52131035929874,0.006839314347849775,0.5073051948051948,32.101638189242415,182.89722660015423
1658,abundant,93.51588084756852,99.87208034219606,33.947576942340426,0.4038882649276557,7.011997598190673,6859.319483350566,1.787492086998881,19,12,11,17,0,0.485637149776589,0.37652823372052585,0.0014005035429390136,0.26402650745617046,99.1112645783547,71.51838858156935,0.006841122994974211,0.5073051948051948,32.101638189242415,181.9249859595721
1659,abundant,93.27551949910857,99.92231414007367,34.13388723468389,0.4601918088164255,7.112898623988206,6937.579165459811,1.7943245155014493,19,12,12,16,0,0.4715199677259895,0.37603505859469016,0.0011312478866697176,0.26401790657772056,99.11045011847962,71.51605881183127,0.006842538199954445,0.5073051948051948,32.101638189242415,181.3197943063264
1660,abundant,93.04721714069078,99.96795617001547,34.30553328221146,0.32690773042870647,7.246808920187573,7011.105509278073,1.8012348323511482,19,12,12,16,0,0.47012201745795634,0.37555241554093893,0.0014004590778253876,0.2640071205779068,99.1098125564801,71.51313714561923,0.006844346670178509,0.5073051948051948,32.101638189242415,183.84616465628773
1661,abundant,92.80991067517093,100.01901879281704,34.48658076077711,0.4424655313257989,7.405714932181558,7093.724686105968,1.8020630905129364,18,12,12,16,0,0.4695950104577511,0.37506151113588126,0.0010620766326124068,0.26399908121051885,99.10905450588506,71.5109594756332,0.006845660704839389,0.5073051948051948,32.101638189242415,187.5152434264242
1662,abundant,92.58040699511196,100.06788576265444,34.67222596587751,0.4077167863944735,7.575784467184414,7172.500532409344,1.786890930260245,18,12,13,15,0,0.4531860894667714,0.3745958520937793,0.001478693967613719,0.26398766024974535,99.10835269450298,71.50786581387005,0.006847583366898293,0.5073051948051948,32.101638189242415,181.14997287987052
1663,abundant,92.35101407915461,100.0961605716478,34.8440901514944,0.4919975330369673,7.761911462483691,7255.798537993149,1.7717409681166556,18,12,14,14,0,0.4362762142420181,0.3741589651885705,0.0017504823502877305,0.2639740332781405,99.1076380557454,71.50417459718194,0.006849903041827773,0.5073051948051948,32.101638189242415,190.26696405464335
1664,abundant,92.13186801440766,100.11598004374531,35.00281797301635,0.3960259989282901,7.943245463658727,7347.482113486694,1.757229111046974,18,12,14,14,0,0.43842675512425205,0.3737219776966576,0.0017508840225249702,0.263960403109051,99.10691452995476,71.50048251437265,0.006852223223052795,0.5073051948051948,32.101638189242415,177.19485718076308
1665,abundant,91.89612920488419,100.1413402999524,35.170868799688876,0.5541483120760389,8.119588194851422,7448.501111894751,1.743007130875052,18,12,14,14,0,0.43589957808776064,0.3732968967747234,0.0020513729705143105,0.26394433399759726,99.10637376921775,71.49612978112559,0.0068549823345340445,0.5073051948051948,32.101638189242415,189.25863736008432
1666,abundant,91.66983721842286,100.17231491449739,35.32576202595414,0.41673742777853995,8.272548745821378,7542.458445793218,1.729015533875948,19,12,14,14,0,0.4383275463928876,0.37288148822083117,0.0024503623340897383,0.26392502644274135,99.10579232012148,71.49089983196613,0.006858324268979115,0.5073051948051948,32.101638189242415,167.9667637401715
1667,abundant,91.43461005623696,100.20901853254715,35.48860944163912,0.5106505278916023,8.38839699972165,7647.786565004786,1.714802218398689,21,12,14,14,0,0.4384057369659214,0.37244724800212475,0.0017512130109948744,0.26391139386694634,99.10514838307196,71.4872070972386,0.006860644638453778,0.5073051948051948,32.101638189242415,178.9776572691609
1668,abundant,91.20361439632251,100.24343396207945,35.6535133675122,0.41256022339015286,8.480416320391239,7751.5874264539525,1.7033840334562205,21,12,14,14,0,0.43927540669858123,0.3720125364689414,0.0017508319299940807,0.26389776444304747,99.10438002691251,71.48351521628341,0.006862964370606595,0.5073051948051948,32.101638189242415,187.66792729166616
1669,abundant,90.96392484906517,100.26148042544153,35.80438811219281,0.5854580368973212,8.54598734894445,7848.527403118125,1.6891049653376562,21,12,15,13,0,0.4226387042551442,0.3716162397335621,0.0024504983611722308,0.26387845602378446,99.1038054194607,71.478285032977,0.006866306226636412,0.5073051948051948,32.101638189242415,186.1901769870387
1670,abundant,90.71655611603848,100.28326687023846,35.9419778594404,0.5518825798477844,8.618778781424457,7947.186387048649,1.6777268566387797,21,13,15,12,0,0.40531419147784564,0.3712390598484151,0.002450628831910872,0.26385914665110427,99.10318753714765,71.47305459141296,0.006869648157247791,0.5073051948051948,32.101638189242415,177.87441794738422
1671,abundant,90.47362835446492,100.31940948506187,36.05694454739847,0.5096989172131692,8.705466049367125,8019.653618835051,1.6672785290333338,21,14,15,11,0,0.37985803926451095,0.3708609495272337,0.0021133967494809886,0.263842574646391,99.10254154187228,71.46856563655733,0.006872497279718244,0.5073051948051948,32.101638189242415,176.95207945995224
1672,abundant,90.24715369185586,100.35416232274198,36.1634239072828,0.41682095956782156,8.785826094309957,8086.653296806471,1.6601735411277758,24,15,15,10,0,0.36545922239520473,0.3705018492801778,0.002451263412530643,0.2638232603131118,99.10184150735995,71.46333385128712,0.0068758399224810515,0.5073051948051948,32.101638189242415,174.03496200558698
1673,abundant,89.99998480108236,100.39141917599105,36.264663777046685,0.6347637688100186,8.873471147597519,8141.060614020651,1.6514647947099934,24,15,15,10,0,0.3601262908671866,0.37014138312421785,0.0021016001804706258,0.26380678424487003,99.10119991061035,71.45887088329891,0.006878671595314897,0.5073051948051948,32.101638189242415,173.04383049980007
1674,abundant,89.74923295965614,100.4137742605545,36.359758154911525,0.5921992614536271,8.952131533889817,8190.5654134680735,1.6441011371357643,24,15,14,11,0,0.36259169591771523,0.36978863774109066,0.002451356427463534,0.26378746935639763,99.1006528358466,71.45363894764031,0.00688201415958919,0.5073051948051948,32.101638189242415,177.02250663084027
1675,abundant,89.51414797339126,100.43685126031401,36.427083468540005,0.5887252178481321,9.008819821997903,8247.20035704779,1.6402319437145259,24,15,15,10,0,0.3376525430636204,0.36946311688379374,0.00245062095752232,0.2637681605416063,99.10011407133638,71.44840865719485,0.00688535553329131,0.5073051948051948,32.101638189242415,180.03425962551572
1676,abundant,89.27831193685536,100.4425564444941,36.470236664626356,0.523225057941542,9.041533664183243,8279.801124700054,1.645594938602295,25,15,15,10,0,0.3350175891664596,0.3691393988544304,0.0024506526280284177,0.26374885157226907,99.0994780013783,71.44317832488665,0.0068886968372457585,0.5073051948051948,32.101638189242415,185.95820519717577
1677,abundant,89.04345168641507,100.45358459692682,36.50753824498173,0.544219744572351,9.072551622732295,8283.684935782396,1.6417387611588319,25,16,15,9,0,0.31602849342221156,0.36883549118738806,0.002456689910447476,0.26372949369830573,99.09886660429976,71.43793474549925,0.006892046845583287,0.5073051948051948,32.101638189242415,197.32457751932026
1678,abundant,88.8223712484778,100.4600650527891,36.5310648930917,0.5544629526063213,9.131589837236175,8277.328067366885,1.6462214783143978,24,16,15,9,0,0.31384125988458733,0.3685320089242789,0.0024515246085360285,0.26371017783524653,99.09816174540366,71.43270254584867,0.0068953891911578,0.5073051948051948,32.101638189242415,184.77634576855039
1679,abundant,88.59990341460234,100.4702921827261,36.52970640439897,0.5175324582317059,9.171104910627239,8260.372411553573,1.64347450315895,24,16,15,9,0,0.3081547791977587,0.36822665109455927,0.0023546104098570277,0.2636916486961176,99.09731994811935,71.4276834506636,0.006898589830176934,0.5073051948051948,32.101638189242415,189.6238042597552
1680,abundant,88.3981464001069,100.47669627017203,36.52199874725802,0.4720235765100633,9.167551584585324,8262.363273120194,1.6491264162507688,25,16,15,9,0,0.3131581118073147,0.36790955046372875,0.0021113124295380177,0.26367509444749937,99.09653103161186,71.42319930550423,0.00690143490257873,0.5073051948051948,32.101638189242415,167.99206172792287
1681,abundant,88.20009331106912,100.47484676657811,36.50733763826856,0.4780178741105401,9.167304463069794,8259.61788669214,1.6532524163772255,26,16,15,9,0,0.31321764179790507,0.3675914657060013,0.002100855862936077,0.2636586251487371,99.09585507537628,71.41873817120414,0.006904264599274257,0.5073051948051948,32.101638189242415,184.57151843980188
1682,abundant,88.00675568350212,100.46092227423063,36.51647943374922,0.47720117670977946,9.179664391137488,8264.986433012251,1.65978871468222,26,16,15,9,0,0.31230509025427533,0.3672902327826265,0.0027490320309623054,0.2636368947886816,99.09520801582713,71.41285194277411,0.006908041175471493,0.5073051948051948,32.101638189242415,188.84062800183588
1683,abundant,87.8112588952427,100.44904079423804,36.51054214963882,0.4733130124450423,9.182064647419145,8269.837510470054,1.6669459526661041,26,16,15,9,0,0.311987850578139,0.3669607849613157,0.0017508072447426104,0.26362326695835486,99.09449871453822,71.40916049347904,0.00691035922587493,0.5073051948051948,32.101638189242415,191.7118611881079
1684,abundant,87.61431140753665,100.43391862622528,36.502178474191126,0.4820904104423768,9.19567163477532,8278.310240776198,1.6778229341025117,26,16,15,9,0,0.3158589209051723,0.3666221470984836,0.0015015192572841577,0.26361166260834,99.09365578512187,71.4060171560104,0.006912312988975995,0.5073051948051948,32.101638189242415,176.45128487526247
1685,abundant,87.42307883354117,100.41512968251891,36.47641300710746,0.43910465256215453,9.191789606175886,8277.771766967438,1.687721316076907,26,16,15,9,0,0.31318610727585966,0.3662811161955045,0.001400818394756509,0.2636008756722721,99.09292043068766,71.40309523618977,0.006914119561464197,0.5073051948051948,32.101638189242415,190.97192579589893
1686,abundant,87.23645671691142,100.39463356748813,36.450356507358585,0.40866827006887496,9.173326510231425,8281.54225385189,1.688962547153788,25,16,15,9,0,0.319219242940277,0.36594862756472446,0.001783238912889731,0.26358698473266245,99.09223597031776,71.39933251696003,0.006916484783101717,0.5073051948051948,32.101638189242415,177.4446597101876
1687,abundant,87.04933867222604,100.37607286855605,36.41117412108997,0.4308463448679582,9.154908000787465,8275.417291687801,1.6888743115972562,25,16,15,9,0,0.32102803002221314,0.36559639536350563,0.0010526148677360602,0.2635790241927001,99.091419299998,71.39717619941513,0.006917782489483362,0.5073051948051948,32.101638189242415,190.17745559367341
1688,abundant,86.8679063572484,100.35642851463895,36.390383840863294,0.40760376747739885,9.156161414098705,8269.09712930186,1.6916311568973628,23,16,15,9,0,0.3209748944985952,0.3652473474418013,0.0011337338014109455,0.2635704052314889,99.09048051597821,71.39484153149482,0.006919198664613983,0.5073051948051948,32.101638189242415,174.35856794597993
1689,abundant,86.68538873136629,100.32023890756282,36.372159263406445,0.41110810732842273,9.147779482457661,8258.730627540695,1.6939525384063814,23,16,15,9,0,0.3202764683605956,0.3648960197733423,0.0010679577147724377,0.26356232018363657,99.08972783799868,71.39265148777694,0.006920518692484225,0.5073051948051948,32.101638189242415,189.61027686778212
1690,abundant,86.49963396956896,100.27241887108843,36.349062483362175,0.4884880146025728,9.130273821786265,8283.014655159957,1.700161971651129,23,16,15,9,0,0.3230010836185311,0.36453661764023915,0.0007993557209298419,0.2635564153494829,99.08893272680699,71.39105201116537,0.006921446250169023,0.5073051948051948,32.101638189242415,196.07447254710672
1691,abundant,86.32868455143657,100.22245329142262,36.30762220921383,0.3694415142308423,9.090222453805152,8291.200861397028,1.7080440770883811,23,17,15,8,0,0.32010025240372153,0.3641991036547133,0.0014010641637972174,0.26354562655954344,99.08817753646288,71.38812958917582,0.006923252864601283,0.5073051948051948,32.101638189242415,191.91638579770841
1692,abundant,86.14631068673938,100.18040533299269,36.266746175771075,0.47930653796402917,9.029987251812083,8294.83462820512,1.7187745609281455,23,17,15,8,0,0.3165388196346074,0.3638615372142489,0.001402400157378415,0.26353482695381114,99.08738194144499,71.38520423744986,0.006925061368175864,0.5073051948051948,32.101638189242415,198.41982621523675
1693,abundant,85.97712714445663,100.15025619172573,36.231259302138014,0.35499124064075677,8.968790061065842,8292.557473423945,1.7285807740918386,23,17,15,8,0,0.3173808642336014,0.36350423902968165,0.0007237722375875383,0.2635295356825178,99.0864373041031,71.3837709601623,0.006925878341551958,0.5073051948051948,32.101638189242415,173.8146741290975
1694,abundant,85.78654970869795,100.10524480743054,36.21114194992494,0.5286255571579951,8.900974765269293,8297.2123875197,1.737908414023164,23,17,15,8,0,0.31703806722198113,0.3631787655855824,0.0017654953439468057,0.2635157889283036,99.085776646749,71.38004729726534,0.006928217231760179,0.5073051948051948,32.101638189242415,201.8375497948572
1695,abundant,85.59289735794457,100.0680579079287,36.18196910787295,0.5104874053933605,8.819759423427124,8307.382430630969,1.749322677394911,23,17,15,8,0,0.3233010800723788,0.36283974685539844,0.0014371262644020198,0.2635047075430694,99.08502134846974,71.3770456182944,0.0069300762973975765,0.5073051948051948,32.101638189242415,178.97100513477363
1696,abundant,85.3976182035421,100.01535925054334,36.15703691148561,0.506212323701297,8.7306240372976,8316.207283391359,1.7621155711006902,23,17,15,8,0,0.3258229562277809,0.36248861140447125,0.0010511638801132316,0.2634967589882536,99.08436329143136,71.37489254723553,0.006931371411983994,0.5073051948051948,32.101638189242415,198.42593365982657
1697,abundant,85.20554415716384,99.95555714699657,36.13140389115209,0.46490534408639894,8.631519515350167,8321.515038494359,1.772972823078919,23,17,15,8,0,0.33022117479618285,0.36213367873192226,0.001051263830805455,0.26348880963652677,99.08357954110672,71.37273926031277,0.006932666627628722,0.5073051948051948,32.101638189242415,190.38850337515808
1698,abundant,85.00598246232124,99.8879171324814,36.10286168458473,0.5452506991327201,8.5553138102274,8327.19038447024,1.7857310818995829,23,17,15,8,0,0.32940919058798296,0.36178171110615154,0.0011213464816379457,0.263480291448701,99.08283413126149,71.37043188946275,0.0069340641882295545,0.5073051948051948,32.101638189242415,194.10902990709883
1699,abundant,84.80944320839991,99.83104571532239,36.07637263905041,0.44080098902074266,8.50970153377619,8328.034270364682,1.7960971091581923,23,17,15,8,0,0.3310095926356391,0.36141578996955526,0.0007015007204101177,0.26347518109792045,99.0820547610587,71.36904761916189,0.006934848310588666,0.5073051948051948,32.101638189242415,181.3325381191559
1700,abundant,84.6128798793529,99.76695786529318,36.05339688882965,0.494297374538525,8.47863527133406,8333.217135511113,1.8091753933081067,23,17,15,8,0,0.33147017468166995,0.3610592704692327,0.0010508661189511735,0.26346723500751235,99.08137051824973,71.36689521565141,0.006936142824457504,0.5073051948051948,32.101638189242415,192.33261292979898
1701,abundant,84.41714739428456,99.68068699551628,36.02809301605369,0.5483419512742979,8.4804285388578,8347.091335248027,1.8198354389607156,23,17,15,8,0,0.33438694193223106,0.3607102275399531,0.0014008711651313985,0.26345644801589524,99.08076367803478,71.36397328078384,0.006937948646632126,0.5073051948051948,32.101638189242415,216.2951118952967
1702,abundant,84.23517984546933,99.60844885231027,35.992288513014586,0.4901824114481128,8.45377444195275,8334.633204352162,1.8330206333586931,23,18,15,7,0,0.3181060502235679,0.3603900450876466,0.001751498904800921,0.263442815071245,99.07997701485567,71.36028044614234,0.006940266669106936,0.5073051948051948,32.101638189242415,184.26756590833415
1703,abundant,84.05329018438267,99.54084469438327,35.957191871885904,0.523903058726614,8.422384769208012,8303.019981792553,1.8474477752937457,23,18,15,7,0,0.31543839604451,0.36004262934618136,0.0007042226345980917,0.2634376827415734,99.07917953865187,71.35889022229203,0.00694105455279046,0.5073051948051948,32.101638189242415,189.81356046208685
1704,abundant,83.88421161022809,99.49033744983072,35.907934271386694,0.4194015407279167,8.395835440416425,8269.334827836243,1.869635893641745,23,18,15,7,0,0.31246686978050886,0.35970245201183715,0.0010508828661051797,0.26342973662847396,99.07850578106643,71.35673781263499,0.006942348875635914,0.5073051948051948,32.101638189242415,177.919511339908
1705,abundant,83.7063181041785,99.43254913905427,35.8731517606664,0.5390012778689149,8.39586711292819,8251.786342741285,1.8923164688084693,23,18,15,7,0,0.3162341885539213,0.3593522181919606,0.0007011154316898997,0.263424629538038,99.07777907256138,71.35535442548256,0.006943132147434977,0.5073051948051948,32.101638189242415,197.25909457980302
1706,abundant,83.54052391873087,99.36940882221958,35.82497193517491,0.40585821452545773,8.409305023893676,8234.85682242125,1.916032711866498,23,18,15,7,0,0.3199088855101522,0.35900891509240146,0.0010515268189972317,0.26341667820881026,99.07701124516637,71.35320060290266,0.006944427338950575,0.5073051948051948,32.101638189242415,207.71783370837034
1707,abundant,83.37281387594619,99.31989717206537,35.77584019725072,0.41363814307437813,8.431272779188628,8217.620153757573,1.9394001523759126,23,18,15,7,0,0.3182495906538393,0.3586777798889475,0.001401101995382664,0.2634058894597217,99.07626633353877,71.35027819197862,0.006946233210713718,0.5073051948051948,32.101638189242415,195.4256590754441
1708,abundant,83.20810541093579,99.27018261692483,35.71229919095741,0.4158851682945564,8.452766848777216,8199.420240964631,1.9640264941008538,23,18,15,7,0,0.3186182793645057,0.35832912590339494,0.0008577182104250816,0.26339951129399175,99.07538078598085,71.34855050130277,0.00694724514245911,0.5073051948051948,32.101638189242415,202.605079838257
1709,abundant,83.0360399284625,99.21757795921152,35.67417322563176,0.4971818059867885,8.50155610187524,8190.517478557842,1.9885525099910655,24,18,15,7,0,0.32027833891334945,0.358005520156632,0.0017505219897745532,0.2633858864077101,99.07477354365521,71.34485984947821,0.006949561414883173,0.5073051948051948,32.101638189242415,188.3686935339096
1710,abundant,82.88478373672794,99.17676671120839,35.619998246520424,0.4379985674728094,8.511154953680595,8171.649683616182,2.0043692431477056,24,18,10,12,0,0.31042713700581226,0.3576629402361144,0.0007008483743855497,0.2633807816042601,99.07418159548273,71.3434770818149,0.006950344046083612,0.5073051948051948,32.101638189242415,184.04470411554797
1711,abundant,82.73156610116301,99.14509798722898,35.566990967584935,0.4447218170884908,8.499072469232392,8149.698540234436,2.018253554356637,23,18,9,13,0,0.31375389505637363,0.3573242476560561,0.0010508097461777407,0.2633728362253046,99.07359225762701,71.3413248710197,0.006951637939555464,0.5073051948051948,32.101638189242415,188.61374189636976
1712,abundant,82.5757979741424,99.1240867398856,35.5205493757564,0.43227011255940756,8.45874903948144,8123.545975069981,2.0319863194711147,23,18,9,13,0,0.32585859208329476,0.3569656931138794,0.000709948534375627,0.26336765758535485,99.07307149108776,71.33992210283623,0.006952433793882251,0.5073051948051948,32.101638189242415,174.53656359754592
1713,abundant,82.41650678793654,99.08985801298533,35.48844668576055,0.486978594906725,8.433245820219497,8098.132895454357,2.0461933774170027,22,18,9,13,0,0.3259336734170172,0.3565996077874996,0.0007005703189562031,0.26336255507474365,99.0725442251851,71.33853995624744,0.00695321591911333,0.5073051948051948,32.101638189242415,178.56857624570608
1714,abundant,82.2564139205855,99.04730137533497,35.45744373086002,0.45780248506211946,8.394828717907442,8072.774795172227,2.060273317790277,21,18,9,13,0,0.3346050005062549,0.3562262463894626,0.000700832944954162,0.26335745044408176,99.07210310041663,71.33715723538823,0.006953998400881248,0.5073051948051948,32.101638189242415,179.7882048035845
1715,abundant,82.10270470921304,98.99287426397044,35.42344691589473,0.3815055820127095,8.339219857034822,8056.346724636263,2.0742119839385627,20,18,9,13,0,0.34250024126762535,0.3558575397313142,0.0010504875898845797,0.26334950773482324,99.07166059896294,71.3350057477493,0.006955291696801429,0.5073051948051948,32.101638189242415,187.42075627335063
1716,abundant,81.94847660594448,98.93679575941313,35.395570830734286,0.39479772130481594,8.254929367866193,8047.185062802349,2.088387866076351,19,18,9,13,0,0.3471207669491991,0.3554716127721017,0.0007005678827293769,0.26334440529424397,99.07120583900425,71.33362362013045,0.006956073719242191,0.5073051948051948,32.101638189242415,188.44504896402555
1717,abundant,81.79526488816114,98.87577299776298,35.389461425873435,0.39609882615195036,8.155743547482242,8042.881535969696,2.102802112186239,20,18,9,13,0,0.3541365912574147,0.35508038447555784,0.0007018804035178644,0.26333929220713115,99.0706589866439,71.33223860862343,0.006956857632107294,0.5073051948051948,32.101638189242415,187.09180688842122
1718,abundant,81.63889654919733,98.80919728053965,35.392115985281464,0.390986568984387,8.055424307828803,8044.273754394835,2.1171055411842175,20,18,9,13,0,0.36133993620409416,0.35468453027515995,0.0007442577536381325,0.2633338351604504,99.07019762115226,71.33076042679699,0.0069577034305634755,0.5073051948051948,32.101638189242415,203.68405083642088
1719,abundant,81.48521710557125,98.74800711866298,35.38224133870087,0.3299968653220108,7.9835607975371,8046.455862720526,2.1314445708009995,19,18,9,13,0,0.364096609206175,0.3542866306610528,0.0007615297149099964,0.26332823792525556,99.06964422165713,71.32924427129615,0.006958574433784318,0.5073051948051948,32.101638189242415,175.98967911592018
1720,abundant,81.34416160384458,98.67686643479405,35.361240078785414,0.3259360943601338,7.908604855402876,8029.605391471876,2.146227299804031,19,19,9,12,0,0.3559895695381684,0.35388022177976736,0.000701569164411119,0.2633231273896737,99.06908472483492,71.32785995093708,0.006959357805103888,0.5073051948051948,32.101638189242415,196.3853590484719
1721,abundant,81.20363439917611,98.60237786749497,35.34396545411424,0.3660535439350773,7.836494070804193,8012.575864319464,2.1638727793792256,19,19,9,12,0,0.3451634382151,0.35348540336258505,0.0010519044183010396,0.2633151732436671,99.06852042897557,71.32570536536,0.006960652984906518,0.5073051948051948,32.101638189242415,184.85683988796228
1722,abundant,81.06592900073112,98.52819682928649,35.331661271052766,0.3484012276510475,7.797884651798587,8003.933983369992,2.195535500889491,19,19,9,12,0,0.35697841255485135,0.3530750893749837,0.0008180170442546323,0.2633091175463526,99.06804180250374,71.32406502357067,0.006961606413037451,0.5073051948051948,32.101638189242415,178.88246108451932
1723,abundant,80.9457632525194,98.44814530503129,35.3067665893523,0.2006169940228132,7.724963834485095,8000.6391117728235,2.2281643810029927,18,19,9,12,0,0.3631688286018642,0.3526478566162458,0.00035131266155145587,0.26330685002285775,99.06747784537397,71.32345080635443,0.006961877958453145,0.5073051948051948,32.101638189242415,184.91307856972713
1724,abundant,80.81878064544128,98.37526567455383,35.29348001228939,0.274092469530699,7.6509476830993774,7996.405235423503,2.2613030771018443,18,19,9,12,0,0.37154854449949315,0.3522133784787247,0.000351285390327013,0.2633045827142111,99.06699582626915,71.32283664733536,0.006962149454597403,0.5073051948051948,32.101638189242415,183.60446045065663
1725,abundant,80.67376524125427,98.30586261083636,35.2906256807431,0.3869760404767531,7.610783281446747,7991.401439799265,2.2955528584918343,18,19,9,12,0,0.36500643687795653,0.351778164842005,0.00035104952344899956,0.2633023173082048,99.06642812028808,71.32222300369551,0.006962420596716141,0.5073051948051948,32.101638189242415,184.07227491740645
1726,abundant,80.52169823542843,98.24295799193143,35.29625187495212,0.4073058997966788,7.590066464779056,7987.0609525332075,2.3306089852931153,18,19,9,12,0,0.37575209819395583,0.35133632465292963,0.00035102048463937725,0.2633000521311325,99.06594257880182,71.32160942206833,0.006962691686995029,0.5073051948051948,32.101638189242415,179.42502851491986
1727,abundant,80.37983823020701,98.1706171510478,35.29075014394457,0.26092069629826614,7.608478844763161,7983.254472715376,2.3666774466287706,18,19,9,12,0,0.37308006383506004,0.3508937788712434,0.0003517528354630326,0.26329778099383094,99.06528610331677,71.32099422595935,0.006962963837817158,0.5073051948051948,32.101638189242415,188.18185893801967
1728,abundant,80.23327315510254,98.08424309877736,35.27556746108111,0.36904985674021246,7.66517279235197,7979.378189603274,2.4035836688246155,18,19,9,12,0,0.3772769286477896,0.350450614528773,0.00035060183629102344,0.2632955191966067,99.0648799759894,71.32038155985119,0.006963234297593525,0.5073051948051948,32.101638189242415,185.18654534197293
1729,abundant,80.09936596571916,97.98198272691222,35.2435104250451,0.4369817603493646,7.7179094036998634,7961.758753979266,2.440951329414707,17,20,9,11,0,0.3684286115003553,0.35000396861734895,0.00035882593500615584,0.26329319062804035,99.06422057001579,71.31975080700303,0.006963516763290525,0.5073051948051948,32.101638189242415,201.27913858319806
1730,abundant,79.97090063602799,97.8877669064469,35.215949387307674,0.34974856674230714,7.760548024319126,7954.931559886205,2.478642900888803,18,20,9,11,0,0.371267699382864,0.34955497067191227,0.00046821200642559126,0.2632899741769046,99.06364450791638,71.31887954826314,0.006963959030942882,0.5073051948051948,32.101638189242415,187.44744493648992
1731,abundant,79.84554365087858,97.79511799826685,35.18787827080673,0.3200810724747261,7.805937217660265,7937.724819185933,2.516800765250497,18,20,9,11,0,0.37656732693841005,0.34909322806377124,0.00014969502254704288,0.26328934307610613,99.06315518468709,71.31870859833629,0.006963935933674044,0.5073051948051948,32.101638189242415,184.79378692094866
1732,abundant,79.71788278510867,97.70325391817973,35.15108711733691,0.3082437355951643,7.858509693018806,7918.131976380697,2.553708805068903,16,20,9,11,0,0.3779126781225142,0.3486310898466687,0.0002471515052982618,0.26328792092224784,99.0626648376382,71.31832337128753,0.006964055219981553,0.5073051948051948,32.101638189242415,191.90207920867948
1733,abundant,79.58616507344134,97.60436504762438,35.11892353344955,0.3523082373771916,7.904815284079161,7905.85903473906,2.568305275031947,17,20,9,11,0,0.3796871191778728,0.3481597938974998,8.258803887017339e-07,0.2632884981378985,99.06209173634788,71.31847972503246,0.006963814623308163,0.5073051948051948,32.101638189242415,190.54628031137204
1734,abundant,79.44672965192174,97.50523159858744,35.10688398186136,0.4187914063067109,7.968839089842443,7896.527901949703,2.580595841780149,17,20,9,11,0,0.38233083365937787,0.34768448682662856,3.757075394449899e-06,0.2632890515266428,99.0614334837799,71.31862962464531,0.006963578317430088,0.5073051948051948,32.101638189242415,184.45163559094857
1735,abundant,79.33209998120219,97.4101820062528,35.07467053611349,0.28890733918695793,8.020426961594387,7868.285217127439,2.5816603930732183,16,21,9,10,0,0.368486611614384,0.34720886632404147,1.1543321632907784e-06,0.2632896260167593,99.06086032969849,71.31878524010902,0.006963338217179703,0.5073051948051948,32.101638189242415,181.96439549628872
1736,abundant,79.2160631123346,97.31586297819092,35.04430534388925,0.36153106987837585,8.03420504618541,7832.773778265579,2.5777785776821065,16,21,9,10,0,0.3676161577151588,0.3467408869566132,0.0003505074616143954,0.2632873648462082,99.06045408120873,71.31817274375143,0.00696360852607672,0.5073051948051948,32.101638189242415,182.71997325409887
1737,abundant,79.10825403658922,97.21357768764867,35.02050904071776,0.30998324392984317,8.020015209515567,7808.164988355522,2.570302382782064,16,21,8,11,0,0.37108797389234655,0.346261952439605,8.053122310874022e-07,0.2632879421480555,99.06005138912664,71.31832912084495,0.00696336791486343,0.5073051948051948,32.101638189242415,182.1107117519524
1738,abundant,78.99952721540679,97.11288366480039,35.0024216055178,0.29993453353108346,7.979495093686154,7784.994579400063,2.561565659944393,16,21,8,11,0,0.3761892080181511,0.3457764479096883,1.020349710118709e-06,0.2632885176850259,99.0596486201425,71.31848501987604,0.0069631276261717745,0.5073051948051948,32.101638189242415,179.98771265724866
1739,abundant,78.88302351671163,97.02352752150742,34.985340802413496,0.33138762153461865,7.9406359720197655,7752.765589661914,2.5517891054740804,15,21,8,11,0,0.37718900186285953,0.3452912917330358,4.933273167167277e-07,0.2632890974806347,99.05924593130831,71.31864207246915,0.0069628865758498215,0.5073051948051948,32.101638189242415,173.65786707544356
1740,abundant,78.76104596904128,96.92224061744598,34.97281390904787,0.3754443863694918,7.925257074314044,7719.318679689648,2.541508987505425,15,21,8,11,0,0.3837895131653943,0.34480089373839246,1.9277192030886247e-06,0.2632896656066463,99.0587579259623,71.3187959640509,0.006962647629527189,0.5073051948051948,32.101638189242415,198.22317051332743
1741,abundant,78.64338404814755,96.82250345491349,34.96905065842559,0.28855007288809925,7.8934842627043595,7709.264953619178,2.5308477009493617,14,21,8,11,0,0.3848527339226523,0.34431028102604705,1.1626930426782539e-06,0.2632902399166667,99.05826996622113,71.31895153073094,0.006962407573806943,0.5073051948051948,32.101638189242415,182.41713636741423
1742,abundant,78.52499904861727,96.71136289166613,34.97044963647553,0.33345452159800615,7.864214366154686,7704.631104131266,2.519782628399422,15,21,8,11,0,0.3889940968875924,0.3438158635117904,2.1722322835795353e-06,0.2632908060099463,99.05778207121293,71.31910487169483,0.006962169001346769,0.5073051948051948,32.101638189242415,200.28880960905605
1743,abundant,78.40162412915438,96.60100355264274,34.97762610919956,0.35125602501360054,7.866933753444934,7689.746378328462,2.508165104148277,15,21,8,11,0,0.3903526119718999,0.3433202806673781,7.950239245593309e-07,0.26329138325190526,99.05720896229097,71.31926123256602,0.006961928425085013,0.5073051948051948,32.101638189242415,193.65736321633926
1744,abundant,78.26161748067236,96.49093313488979,34.97203687597787,0.3431376474418984,7.848896986727256,7656.537667806657,2.505547216772986,15,22,7,11,0,0.3787227222799153,0.3428463207919331,0.0003505571005772052,0.2632891215156841,99.05688801683104,71.31864858298212,0.006962198855454235,0.5073051948051948,32.101638189242415,182.7954480979318
1745,abundant,78.11459598998091,96.37316719733786,34.965430104355086,0.43660087879044057,7.824427615026297,7623.216685207535,2.5081067582425347,15,22,7,11,0,0.37570613451732215,0.34236292624045267,1.6950029843364236e-06,0.2632896914251426,99.05640016382993,71.31880295765647,0.006961959593014712,0.5073051948051948,32.101638189242415,209.4451149137795
1746,abundant,78.0267551064219,96.2514626674866,34.91983371320485,0.3563019938204848,7.827678930414301,7586.728602347634,2.513255153954464,16,22,10,8,0,0.32917388068099657,0.341949796594942,0.0007253186161158832,0.26328438779212116,99.0557688061584,71.31736633187606,0.006962777544465517,0.5073051948051948,32.101638189242415,196.53403088180158
1747,abundant,77.94764937278833,96.14995583698291,34.855735574414965,0.25679216613981265,7.798623517198122,7538.974854782438,2.5181862039400724,16,22,11,7,0,0.31385889602325767,0.3415627651791009,0.001050479163715958,0.26327644491917157,99.05519292468027,71.31521479989719,0.0069640705232490805,0.5073051948051948,32.101638189242415,186.14065967745864
1748,abundant,77.86629488226941,96.06029382525023,34.79500648679711,0.2873553847480008,7.781171724839825,7488.797494794719,2.522925670899864,17,22,11,7,0,0.3135595083584897,0.34117196206018774,0.0010522019015633808,0.26326848810043474,99.05451018170261,71.31305949034218,0.006965365974038049,0.5073051948051948,32.101638189242415,182.21117599185555
1749,abundant,77.79301437537258,95.96640736691248,34.74857322469073,0.23248748563036878,7.769014450244663,7450.099287249752,2.527346683689855,17,22,11,7,0,0.318258730658488,0.34077987343888144,0.0010508702299845349,0.263260542133612,99.0539064741658,71.31090712030799,0.006966659434290364,0.5073051948051948,32.101638189242415,182.44504286279556
1750,abundant,77.7251267299796,95.86606555170908,34.70133153894945,0.23252057058180708,7.715821643870816,7413.376952940023,2.532087409807525,17,22,11,7,0,0.3218136660338717,0.3404045809579425,0.0017509527756558872,0.26324691374730713,99.05329127205043,71.30721552041189,0.006968975661991878,0.5073051948051948,32.101638189242415,192.9282901192178
1751,abundant,77.64781809560465,95.76676643640104,34.66415554337793,0.28857953857031776,7.629373795869216,7372.434295397448,2.536676558643701,17,22,11,7,0,0.32427323932235075,0.3400131743677413,0.001198472838864928,0.2632377698178893,99.05258883082071,71.3047386513143,0.006970484642584481,0.5073051948051948,32.101638189242415,201.54553906292324
1752,abundant,77.57074156492908,95.67041840484303,34.62699891442293,0.26792942353132654,7.543848506405117,7325.746966385668,2.5415722037648028,18,22,11,7,0,0.3264724600935575,0.33962508033580907,0.0014014736981770026,0.26322697820751556,99.05192429531239,71.30181546533737,0.006972290152649249,0.5073051948051948,32.101638189242415,192.4653824008676
1753,abundant,77.5030032599656,95.5715938939885,34.575860309456665,0.1678739296447337,7.524544003115119,7277.699234320018,2.5476850609383717,18,22,11,7,0,0.3279150976825602,0.3392349829794649,0.0014010252826454968,0.2632161902835849,99.05111491448976,71.29889327792863,0.006974094944893972,0.5073051948051948,32.101638189242415,185.87872964785953
1754,abundant,77.4275243211367,95.46210929623231,34.53865543455866,0.27724570175359486,7.53622497819034,7241.908515969266,2.5529815095451283,17,22,11,7,0,0.32795933883900796,0.338835590983155,0.0010508903467244253,0.2632082444031875,99.0504694861961,71.29674093130495,0.006975388131452602,0.5073051948051948,32.101638189242415,195.18163787555858
1755,abundant,77.35644156150558,95.35690225890275,34.50057714205949,0.18351931764687562,7.569103148299485,7210.510670202235,2.5574953300020247,17,22,11,7,0,0.3266791952997304,0.3384334106559319,0.0010508661469659636,0.26320029875716966,99.04977657810305,71.29458864816904,0.00697668123775414,0.5073051948051948,32.101638189242415,190.64635130896062
1756,abundant,77.26533449367476,95.25034208634125,34.45948544044394,0.32992385347166503,7.5816481156524755,7171.816316463304,2.561149237287153,16,22,11,7,0,0.326652458742684,0.33804178436260723,0.001400961276576055,0.26318951148814373,99.04921645526024,71.29166663815812,0.006978485784021163,0.5073051948051948,32.101638189242415,192.04557021073512
1757,abundant,77.18465359302284,95.1318092533666,34.41163547020862,0.21077997092177025,7.55123801392966,7132.754834253516,2.5655337146814485,16,22,11,7,0,0.32992078938901465,0.33764889296642436,0.0014010170396791147,0.26317872383280005,99.04873469851222,71.2887445235031,0.006980290349100653,0.5073051948051948,32.101638189242415,202.93643408066998
1758,abundant,77.08909845998838,95.00031880125472,34.37204707970368,0.4037469023116056,7.534472925128611,7106.685080393239,2.570102683322362,16,22,11,7,0,0.3318437310940394,0.3372443603798209,0.0010515729213573723,0.2631707726147456,99.04811675448492,71.28659073103736,0.0069815843177783235,0.5073051948051948,32.101638189242415,211.4280307952763
1759,abundant,77.01019618202007,94.86717352227161,34.32396805348337,0.2683125583880158,7.529154826857839,7082.263525477334,2.5894207572754255,16,22,11,7,0,0.33270039698477305,0.3368484241629149,0.0014007485845153398,0.26315998723699047,99.0474930647644,71.28366923332592,0.006983388383061869,0.5073051948051948,32.101638189242415,211.76970439038527
1760,abundant,76.92755750518887,94.74419803897057,34.27720940743568,0.3584846802759671,7.522916165938108,7041.467289272343,2.6013883533792064,16,23,11,6,0,0.3140222628823054,0.3364585004620701,0.0010516459366653622,0.2631520355260331,99.04686772205369,71.28151530734472,0.006984682350845289,0.5073051948051948,32.101638189242415,196.08200767683638
1761,abundant,76.84686509757927,94.62324548919648,34.2232814757712,0.2779017345358023,7.522458739353854,6995.119387192375,2.6097438789291094,16,23,11,6,0,0.320723722403229,0.3360656538630708,0.0010507467049838124,0.263144091159681,99.04632219981863,71.27936337083926,0.006985974959933146,0.5073051948051948,32.101638189242415,195.63325053555616
1762,abundant,76.77107883824526,94.4922720239728,34.171657666166084,0.3018639150809831,7.513555108372304,6957.485679389774,2.6171223377936133,16,23,11,6,0,0.3234088042032016,0.3356747669430251,0.0011668709778475182,0.26313520428189935,99.04585494293026,71.27695613080648,0.006987437180335558,0.5073051948051948,32.101638189242415,202.12556368074468
1763,abundant,76.69803939585287,94.35803682891981,34.11694302294865,0.294920860803321,7.502153658019007,6922.806514960117,2.62344496631608,17,23,11,6,0,0.32682008675217167,0.3352780219317231,0.0010639804080213994,0.2631271525976742,99.04542704233349,71.27477512448746,0.0069887490280556705,0.5073051948051948,32.101638189242415,209.57521058003377
1764,abundant,76.62665592740356,94.21677035917641,34.05495328251605,0.3243457290798153,7.496370279299043,6874.824933253996,2.630411375946791,17,23,11,6,0,0.3284797430198131,0.33486984904990447,0.0007016272884145913,0.2631220421018384,99.04478073097934,71.27339081489464,0.0069895314365829506,0.5073051948051948,32.101638189242415,206.96901580085114
1765,abundant,76.56465522809688,94.07960679443505,33.99437900783873,0.2352576750348007,7.504563202593789,6829.534293901215,2.635761752121527,18,23,11,6,0,0.32680348270934056,0.33446356742116884,0.0007008917187746293,0.26311693759805427,99.0442280722253,71.27200812840356,0.006990312743285149,0.5073051948051948,32.101638189242415,209.8758109052791
1766,abundant,76.50925557818991,93.93723603947358,33.94162389976632,0.23301390686233187,7.537091886836658,6791.893742532353,2.641905042299788,18,23,11,6,0,0.3291513157304225,0.33405418374379287,0.0007013680261086886,0.2631118292565732,99.04375891912274,71.27062440237329,0.006991094718738528,0.5073051948051948,32.101638189242415,213.10498345964388
1767,abundant,76.4451763480447,93.792853607334,33.894738196652,0.3240670321923124,7.567763401777316,6756.222207788407,2.6470518705929567,18,23,11,6,0,0.32778819491412514,0.33364615863456926,0.0007016031193668095,0.26310671902917354,99.04320304287785,71.26924016549331,0.00699187701050893,0.5073051948051948,32.101638189242415,216.91265183119557
1768,abundant,76.36834765475523,93.674319709713,33.84733271063074,0.28174217646783084,7.5989372410387785,6732.335741668499,2.651580893312961,18,23,11,6,0,0.32403760406548343,0.33324009545665184,0.0007009336556206163,0.26310161426233963,99.04273072045218,71.26785740774841,0.006992658297038245,0.5073051948051948,32.101638189242415,185.8576756052345
1769,abundant,76.29573087991663,93.55631556778255,33.805621712323635,0.20852892925953495,7.6309860463580845,6719.720063198562,2.6208302453656795,18,23,10,7,0,0.32850495295606486,0.33283072601504676,0.0007014414685580842,0.2630965053970834,99.04225682510078,71.26647353984012,0.00699344029834875,0.5275974025974026,32.101638189242415,203.88658059528726
1770,abundant,76.21758330774597,93.4656413437588,33.75345057704441,0.19747122731323333,7.646481001168809,6708.578769367072,2.613495361394487,18,24,10,6,0,0.29874201218123436,0.33245606823177176,0.000741483341039026,0.26309107152564754,99.04184712362594,71.26500163562642,0.0069942807732113615,0.5275974025974026,32.101638189242415,203.83801253722123
1771,abundant,76.12989528683084,93.37587358256653,33.69701113471929,0.24932417528978945,7.628224366182051,6696.580407766072,2.5794399447628376,18,24,10,6,0,0.29396865240272063,0.33208595226742094,0.0007009135580685131,0.2630859669577734,99.04143785447367,71.2636189317749,0.006995061946915853,0.5275974025974026,32.101638189242415,198.8216127652493
1772,abundant,76.04205430540085,93.29074778298457,33.63346494197568,0.22780112859413043,7.608077862915924,6684.183539568181,2.546508606987665,18,24,10,6,0,0.3003378103138764,0.33171904366393934,0.0010505090924022252,0.26307802478643516,99.04106725658973,71.26146758984555,0.006996353848458143,0.5275974025974026,32.101638189242415,195.39546081714016
1773,abundant,75.96662716641194,93.20658896797684,33.56535656315871,0.13122247091068062,7.608187809526737,6678.851868518952,2.51447773179109,19,24,9,7,0,0.3043813004346188,0.33133813307835863,0.0007007026648661204,0.26307292196406484,99.04073467869918,71.26008535880874,0.00699713464206962,0.5275974025974026,32.101638189242415,203.5533510490853
1774,abundant,75.89060797794636,93.11556699065736,33.501695933689376,0.20013122604710704,7.607012714906945,6690.68040972931,2.4824851433764614,19,24,8,8,0,0.31037264388797886,0.33095057076976075,0.0007013791763286458,0.26306781366802723,99.0404778071696,71.25870164508801,0.006997916396945961,0.5275974025974026,32.101638189242415,206.95151019804763
1775,abundant,75.80377886765922,93.03000912713867,33.43338324182853,0.2550290833597613,7.551594646669375,6698.7006806259305,2.4504545472787362,19,24,8,8,0,0.31124388337827896,0.33056010801384267,0.0007009255245196621,0.2630627090713678,99.04021660348164,71.25731893343924,0.006998697461898555,0.5275974025974026,32.101638189242415,199.67533904203404
1776,abundant,75.71758730394019,92.94003787326491,33.368103799664325,0.29685105894212277,7.508952381086543,6729.351383379937,2.4187076756671533,17,24,8,8,0,0.3166232164358198,0.330174344515606,0.0010503951500008158,0.2630547679032897,99.04003020396787,71.25516786326878,0.006999989070741367,0.5275974025974026,32.101638189242415,198.78790377554614
1777,abundant,75.6361786897584,92.862473414834,33.300997670411085,0.2235602002109316,7.467508532391051,6760.308696288121,2.3879360097751423,17,24,8,8,0,0.31948486408095045,0.32978623664171663,0.0010503721089207226,0.2630468269561874,99.03979200618004,71.25301685295531,0.007001280601074685,0.5275974025974026,32.101638189242415,187.33384938879516
1778,abundant,75.56682611108394,92.79397027645942,33.23002251652466,0.1320793541388713,7.408559678713752,6792.190138753562,2.357749883489544,18,24,8,8,0,0.32433072132657653,0.32938366718904544,0.0007006572098855923,0.2630417246211274,99.03950985594176,71.25163475391908,0.007002061157212138,0.5275974025974026,32.101638189242415,178.742867788855
1779,abundant,75.49908044150362,92.7173592233597,33.16943034223142,0.20975871411922206,7.3566828597656215,6822.092270694378,2.3291975219189087,18,24,8,8,0,0.3268829617411895,0.32897807170060295,0.000700512835124972,0.2630366234735995,99.0392208373568,71.25025297655654,0.007002841475317594,0.5275974025974026,32.101638189242415,197.8696572491693
1780,abundant,75.43943635117436,92.64678171688671,33.11056237901532,0.17522989967825964,7.301693261404795,6854.209746842171,2.300687601405646,18,24,7,9,0,0.3274045949446055,0.3285676945495564,0.0007007789360359758,0.2630315201816842,99.03892490925014,71.24887061833137,0.007003622155099442,0.5275974025974026,32.101638189242415,193.88887162101315
1781,abundant,75.38481234549566,92.58097409887759,33.054543848417005,0.15111743687514417,7.24196907554582,6887.714670672431,2.2729739406778955,18,24,7,9,0,0.33049269655609115,0.32815409465007866,0.0007004119985665368,0.26302641988329317,99.03862204060971,71.24748907097947,0.007004402271683499,0.5275974025974026,32.101638189242415,184.4829782350479
1782,abundant,75.32913640032929,92.51992708366524,32.99059818230836,0.15012435825141524,7.186042394688675,6923.447477012989,2.246360160095924,18,24,7,9,0,0.3303554886267456,0.32774757901851087,0.0010506865896460782,0.26301847647873405,99.03834408515877,71.24533739500043,0.00700569410823597,0.5275974025974026,32.101638189242415,199.30780992978512
1783,abundant,75.27444141082188,92.45380778393297,32.92708174579135,0.1595247394123561,7.1621572972827465,6963.0986251739305,2.219938883676531,18,24,7,9,0,0.3346243105371044,0.3273298923372801,0.000700412188690137,0.26301337622477566,99.03802732802585,71.24395585968423,0.007006474153156226,0.5275974025974026,32.101638189242415,210.88466464182767
1784,abundant,75.21869400618854,92.38656239460413,32.869264892142894,0.17079341428277525,7.156926846469321,7002.174658944372,2.193913919009924,17,24,7,9,0,0.34196841700097336,0.3269152488826229,0.0010503677875552055,0.2630054354532806,99.03773344089856,71.24180489693852,0.007007765452003513,0.5275974025974026,32.101638189242415,205.27676722799197
1785,abundant,75.17049147000054,92.3134391771788,32.806735895409645,0.1497071565783088,7.153626159118976,7039.138427338978,2.168099340108196,17,24,7,9,0,0.3442833345828151,0.3264888667679485,0.0007006684466180147,0.26300033316420224,99.03740275553959,71.2404228103576,0.007008545799393177,0.5275974025974026,32.101638189242415,209.99162908133843
1786,abundant,75.12672569231461,92.3034691990865,32.685878275989,0.13583922546899643,7.1000493902265065,7019.217260984195,2.16483093104191,17,24,0,0,16,0.20218453017512122,0.3297657207663298,0.0,0.2630009181165962,99.03742647987669,71.24058125979897,0.007008302451333294,0.5275974025974026,32.101638189242415,210.01088879132243
1787,abundant,75.08397688335188,92.29539615092776,32.56325155892025,0.1451261216878654,7.047499856629429,6990.5575345666875,2.1641303288704568,17,24,0,0,16,0.1882009064108609,0.3330582316386406,0.0,0.26300150306657766,99.03745020426197,71.24073970858686,0.007008059111722847,0.5275974025974026,32.101638189242415,201.48946295119728
1788,abundant,75.04193355095735,92.28882337961781,32.43587138299894,0.14607880296708495,6.981790684199285,6962.551919134858,2.1637034361345138,17,24,0,0,16,0.18523730260627744,0.336352500831396,0.0,0.2630020880141466,99.03747392869543,71.24089815672124,0.007007815780561547,0.5275974025974026,32.101638189242415,199.58035658544412
1789,abundant,75.00010852870864,92.28200315825771,32.30687319934858,0.1421488992522946,6.902927271995944,6937.760114267559,2.163105197167087,17,24,0,0,16,0.18591678259032443,0.3396470450992105,0.0,0.26300267295930285,99.03749765317703,71.24105660420209,0.007007572457849099,0.5275974025974026,32.101638189242415,206.98479409475212
1790,abundant,74.95797158964515,92.27610471993829,32.17891508970796,0.13764925334319297,6.843817378337958,6914.4904281663585,2.162329314126675,17,24,0,0,16,0.18640396680544788,0.3429418970296753,0.0,0.2630032579020467,99.0375213777068,71.24121505102949,0.007007329143585209,0.5275974025974026,32.101638189242415,205.1445316311687
1791,abundant,74.91501914568167,92.27230050928145,32.052837791569935,0.1332309188634491,6.795716200484432,6887.701216383535,2.162004543433856,17,24,0,0,16,0.18678652309377447,0.34623644310744617,0.0,0.2630038428423779,99.03754510228471,71.24137349720333,0.007007085837769585,0.5275974025974026,32.101638189242415,197.28746347613392
1792,abundant,74.87364687943756,92.27263403045478,31.931074241020696,0.11705575495663273,6.766966894597367,6862.412185896581,2.161874632833143,17,24,0,0,16,0.18693050961710467,0.3495309318408573,0.0,0.2630044277802965,99.03756882691081,71.24153194272368,0.007006842540401934,0.5275974025974026,32.101638189242415,188.38748805876935
1793,abundant,74.83306062525537,92.28157464560927,31.815554800115525,0.09453708277194824,6.743797396406194,6839.337952961374,2.161288025658875,17,24,0,0,16,0.1854681155966827,0.35282700636797915,0.0,0.2630050127158026,99.03759255158508,71.24169038759054,0.00700659925148196,0.5275974025974026,32.101638189242415,187.91866543769683
1794,abundant,74.79450605884418,92.29620294213018,31.71277526328671,0.07590472041667318,6.750178605175998,6816.832385291498,2.1645349482283747,17,24,0,0,16,0.18595823447834534,0.3561227020405046,0.0,0.2630055976488961,99.03761627630747,71.24184883180388,0.007006355971009369,0.5275974025974026,32.101638189242415,178.04137147451723
1795,abundant,74.7510014079211,92.30621450934979,31.611862364805905,0.09696176452921365,6.763971240358925,6794.21585020722,2.1680173481715532,17,24,0,0,16,0.18363808399563053,0.35942132421620354,0.0,0.263006182579577,99.037640001078,71.24200727536369,0.0070061126989838735,0.5275974025974026,32.101638189242415,180.59003599322534
1796,abundant,74.70651780392615,92.30607640233386,31.5060018904272,0.13575926627373539,6.7621050715136475,6771.750003526315,2.171752191322499,17,24,0,0,16,0.18310878923689955,0.36272056087145166,0.0,0.26300676750784535,99.03766372589673,71.24216571827003,0.007005869435405176,0.5275974025974026,32.101638189242415,201.09600985637172
1797,abundant,74.66216046873865,92.29896280712634,31.396337945962074,0.1552278552449956,6.767804557978778,6749.028877890087,2.1754098653560336,17,24,0,0,16,0.18471658553669404,0.3660179260055069,0.0,0.2630073524337011,99.03768745076361,71.24232416052284,0.007005626180272984,0.5275974025974026,32.101638189242415,202.5343283376161
1798,abundant,74.62216284535688,92.28866426196643,31.287433590144854,0.15799383561275265,6.766361829733137,6727.697705505034,2.1785314804448856,17,24,0,0,16,0.18567713627052018,0.3693144995084488,0.0,0.26300793735714423,99.03771117567862,71.24248260212212,0.007005382933587003,0.5275974025974026,32.101638189242415,203.67459820294886
1799,abundant,74.58991829891434,92.27942337093194,31.174447555950728,0.14751166348683448,6.763521617805628,6705.254445515355,2.1822333599117476,17,24,0,0,16,0.18159204464856868,0.3726146019842581,0.0,0.2630085222781749,99.03773490064178,71.24264104306795,0.007005139695346941,0.5275974025974026,32.101638189242415,207.67509144806618
1800,abundant,74.55988132116228,92.27308294286436,31.055617181084813,0.12403752577458965,6.776425950912818,6682.319082856469,2.185820951540057,17,24,0,0,16,0.1810141183171043,0.37591469179453124,0.0,0.2630091071967928,99.03775862565311,71.2427994833602,0.0070048964655525054,0.5275974025974026,32.101638189242415,192.9230449544313
1801,abundant,74.52633032543162,92.26808576075817,30.931945996637758,0.1222558664052886,6.803462760832059,6660.244972231885,2.189058374208134,15,24,0,0,16,0.18206767711141777,0.37921393038224743,0.0,0.26300969211299735,99.03778232358191,71.24295792299873,0.007004653244203403,0.5275974025974026,32.101638189242415,177.9723497862504
1802,abundant,74.49154081487737,92.26088280223053,30.804634449406116,0.1399874465426802,6.817400284311589,6638.284307695081,2.192129255466759,15,24,0,0,16,0.18394523573034277,0.3825117056410346,0.0,0.26301027702678687,99.0378059669131,71.24311636198308,0.007004410031299338,0.5275974025974026,32.101638189242415,180.1557270775523
1803,abundant,74.46159814061592,92.24985039313614,30.677146176507655,0.1526822427924883,6.843030748200981,6616.304987582145,2.195134846308024,15,24,0,0,16,0.18461297124679216,0.3858090155869454,0.0,0.2630108619381615,99.03782960894732,71.2432748003133,0.007004166826840019,0.5275974025974026,32.101638189242415,182.01339811167168
1804,abundant,74.43566222401314,92.23761784628357,30.551359574466023,0.15352696889420597,6.8735187482522,6594.619330570364,2.198106621479384,15,24,0,0,16,0.18358777133858264,0.3891075930530936,0.0,0.2630114468471211,99.03785325102965,71.24343323798936,0.007003923630825155,0.5275974025974026,32.101638189242415,191.2771119276314
1805,abundant,74.41147993309849,92.22848217578539,30.426236567098538,0.13714221336239757,6.900449992698457,6573.289501910913,2.2008318024576514,15,24,0,0,16,0.1836003411112323,0.39240599610949645,0.0,0.2630120317536658,99.03787689316003,71.24359167501127,0.007003680443254449,0.5275974025974026,32.101638189242415,191.21882745697502
1806,abundant,74.38395230578969,92.2209634110121,30.30113254411209,0.12837265909837553,6.903447813012929,6552.112288381886,2.203347913180328,15,24,0,0,16,0.18447828953680986,0.3957034674548661,0.0,0.2630126166577954,99.03790053533852,71.243750111379,0.007003437264127608,0.5275974025974026,32.101638189242415,190.3077048828713
1807,abundant,74.35215386765316,92.21621836563699,30.172740227032,0.12564946992337717,6.917097400811663,6532.467816309818,2.206002572542155,14,24,0,0,16,0.18505402176299748,0.3990004460469957,0.0,0.26301320155951013,99.0379241775651,71.24390854709259,0.00700319409344434,0.5275974025974026,32.101638189242415,198.00541283547264
1808,abundant,74.31455604489028,92.20867064186683,30.05493191913688,0.1422116535011968,6.913564253470244,6515.320147806888,2.208129861779801,14,24,0,0,16,0.1857978716099869,0.4022961251049913,0.0,0.2630137864588099,99.03794781983977,71.24406698215203,0.007002950931204353,0.5275974025974026,32.101638189242415,205.3441413446265
1809,abundant,74.26529317680456,92.20942039925781,29.930137464274896,0.1615044049590226,6.893795701709661,6499.534830195793,2.2096851729715774,14,24,0,0,16,0.17844654689020706,0.40559763203973487,0.0,0.2630143713556946,99.03797146216252,71.24422541655728,0.007002707777407354,0.5275974025974026,32.101638189242415,200.20179933699643
1810,abundant,74.21148956363837,92.21539679099843,29.801309701480402,0.14772166676220333,6.8934872936588025,6483.312800392352,2.2117435987984,14,24,0,0,16,0.18208965928929674,0.40889511792686806,0.0,0.26301495625016436,99.03799510453335,71.2443838503084,0.007002464632053046,0.5275974025974026,32.101638189242415,188.00840943195058
1811,abundant,74.1587788020716,92.22409674714679,29.67824953135398,0.13298356335331254,6.907708402643442,6466.935195932878,2.214046803377697,14,24,0,0,16,0.18433573491251148,0.41219072839474913,0.0,0.2630155411422191,99.03801874695223,71.24454228340532,0.007002221495141142,0.5275974025974026,32.101638189242415,194.22091236436628
1812,abundant,74.10785337104139,92.22864961082958,29.561562434973865,0.12415444749525999,6.93544045477608,6447.49339232338,2.21623242328881,13,24,0,0,16,0.1800484574571643,0.4154912252172087,0.0,0.2630161260318589,99.0380423894192,71.24470071584813,0.0070019783666713424,0.5275974025974026,32.101638189242415,198.68421327542768
1813,abundant,74.05350221857542,92.22248767825207,29.453059147787464,0.17613958794098478,6.951210154340481,6428.165538279733,2.2187061201113676,13,24,0,0,16,0.18298880038557538,0.4187893045547142,0.0,0.2630167109190834,99.03806602216866,71.24485914763665,0.007001735246643357,0.5275974025974026,32.101638189242415,187.53905841476382
1814,abundant,73.99160035480975,92.20790152430682,29.35404659000244,0.2142954054285475,6.965371877735469,6408.048924655239,2.2221666460083704,13,24,0,0,16,0.18465124538244956,0.422086049538557,0.0,0.2630172958038917,99.03808962298032,71.24501757877071,0.007001492135056893,0.5275974025974026,32.101638189242415,195.6873960167953
1815,abundant,73.92585392735374,92.1948225111304,29.261665888212356,0.21440724811450418,6.962948045457688,6384.040001976449,2.2260186399677746,13,24,0,0,16,0.18527033826090808,0.42538153274500995,0.0,0.26301788068628384,99.03811322384004,71.24517600925027,0.007001249031911658,0.5275974025974026,32.101638189242415,185.9577606432307
1816,abundant,73.8603111537706,92.18110086512647,29.174380831538315,0.21358388485691385,6.950255030959498,6359.6558965278455,2.230391582916429,13,24,0,0,16,0.18622123786582528,0.4286763043569294,0.0,0.26301846556625985,99.03813682474781,71.24533443907536,0.007001005937207355,0.5275974025974026,32.101638189242415,185.8902216857164
1817,abundant,73.7982513867568,92.16678871360001,29.087340975936865,0.20891127143534793,6.910185269675376,6334.730157936632,2.235169105297336,13,24,0,0,16,0.1866160236027723,0.4319712515870167,0.0,0.26301905044381957,99.03816042570365,71.24549286824595,0.007000762850943699,0.5275974025974026,32.101638189242415,186.23754025436978
1818,abundant,73.74300556803136,92.15538762044348,28.99391135094104,0.18758490333620884,6.894714275712248,6310.054437505929,2.2397983667480252,13,24,0,0,16,0.18457065953729684,0.4352679659528003,0.0,0.2630196353189632,99.03818402670751,71.24565129676208,0.007000519773120387,0.5275974025974026,32.101638189242415,196.71163748865644
1819,abundant,73.69942274079689,92.15509035817485,28.890806238300264,0.12761114359897127,6.897893554030591,6284.510115578887,2.244673316678122,13,24,0,0,16,0.18236818297723803,0.43856682396617136,0.0,0.2630202201916906,99.03820762775943,71.2458097246237,0.007000276703737134,0.5275974025974026,32.101638189242415,208.77717989298353
1820,abundant,73.65781510010167,92.16156275249159,28.7790543995656,0.09848864367604879,6.89806573400883,6258.061156657321,2.250230956751197,13,24,0,0,16,0.18308763277630016,0.44186525456382403,0.0,0.26302080506200176,99.0382312288594,71.24596815183082,0.007000033642793642,0.5275974025974026,32.101638189242415,192.52758399391791
1821,abundant,73.6150907284182,92.17518396519452,28.661812410201208,0.08492700420943095,6.89583210375532,6231.004202786324,2.2557787932795796,13,24,0,0,16,0.18421184586096367,0.4451628626498209,0.0,0.2630213899298956,99.0382547938165,71.24612657838315,0.006999790590289619,0.5275974025974026,32.101638189242415,193.47526768586445
1822,abundant,73.56978378051966,92.19082687166832,28.54181462716908,0.09305480764390787,6.884421900469789,6204.733366673499,2.261362191759411,12,24,0,0,16,0.1855777799830181,0.4484595051240333,0.0,0.263021974795372,99.03827835363845,71.24628500428067,0.0069995475462247755,0.5275974025974026,32.101638189242415,185.13140915237653
1823,abundant,73.52099318043898,92.20837684678894,28.4284519081664,0.10034768440177418,6.848696630923593,6180.309444469782,2.2658564320349197,12,14,0,10,16,0.19358092751351674,0.45175173374112676,0.0,0.2630225596584308,99.03830191350838,71.24644342952331,0.00699930451059881,0.5275974025974026,32.101638189242415,184.74945974371624
1824,abundant,73.48715095907312,92.21173213531475,28.328185724734045,0.10150545625515148,6.84203009265652,6156.803740079136,2.270152423532005,12,13,0,1,26,0.12688124230554632,0.45724124083977313,0.0,0.2630231445190721,99.0383254734263,71.2466018541111,0.006999061483411439,0.5275974025974026,32.101638189242415,184.6121307569624
1825,abundant,73.45496731975055,92.22060130748005,28.234065953662615,0.1050349222612474,6.8446668896521485,6133.995072752055,2.2739813170536065,12,13,0,0,27,0.11315064585179793,0.46279456688056,0.0,0.26302372937729596,99.03834903339227,71.24676027804406,0.006998818464662365,0.5275974025974026,32.101638189242415,184.58851525839287
1826,abundant,73.42219344457702,92.22875998270165,28.14067364004588,0.11174731172656535,6.850971269863436,6111.504396445973,2.2777982629259417,11,13,0,0,27,0.11180610214547496,0.4683493819516634,0.0,0.2630243142331023,99.03837259340621,71.24691870132219,0.006998575454351295,0.5275974025974026,32.101638189242415,184.87491653876222
1827,abundant,73.38950115419563,92.23696842624456,28.047032783940104,0.11379446147676074,6.857121271964513,6088.777101227941,2.2816053379209893,13,13,0,0,27,0.1116588744984957,0.4737506332058102,0.0,0.263024899086491,99.03839615346818,71.24707712394543,0.006998332452477937,0.5275974025974026,32.101638189242415,184.64466256610118
1828,abundant,73.35689254766393,92.24732480641042,27.953558772586767,0.11040466367507377,6.859655798096384,6065.983667360779,2.2852278973058815,13,13,0,0,27,0.11161731384780102,0.47908940417642965,0.0,0.2630254839374622,99.03841971357815,71.24723554591384,0.006998089459041997,0.5275974025974026,32.101638189242415,184.28048568775043
1829,abundant,73.32319323983018,92.25282887380926,27.85996453370178,0.1204068440218964,6.854623425709214,6044.585712609598,2.288376496912104,14,13,0,0,27,0.11147782582123747,0.4844281718400051,0.0,0.26302606878601603,99.03844327373609,71.24739396722742,0.006997846474043184,0.5275974025974026,32.101638189242415,193.45621872371711
1830,abundant,73.2896262098759,92.25764534730726,27.766516918996025,0.12190604117634254,6.848057028117142,6023.527304107487,2.2913420543920355,14,13,0,0,27,0.111511960554147,0.48976693174919356,0.0,0.2630266536321522,99.03846683394205,71.24755238788613,0.006997603497481203,0.5275974025974026,32.101638189242415,202.28594542707447
1831,abundant,73.25643405177476,92.26313373754657,27.673183981703744,0.11865239501044465,6.8420151296807035,6002.510003510335,2.294394880179017,14,13,0,0,27,0.11160347141629787,0.4951056927770006,0.0,0.2630272384758709,99.038490394196,71.24771080789,0.00699736052935576,0.5275974025974026,32.101638189242415,202.3614865915763
1832,abundant,73.22346166034305,92.26955163557263,27.58004198779807,0.1169635875815693,6.835011068799375,5981.492343700134,2.2975893583115323,14,13,0,0,27,0.11164380310251416,0.5004444614839606,0.0,0.263027823317172,99.03851395449793,71.24786922723901,0.006997117569666565,0.5275974025974026,32.101638189242415,193.4511837818061
1833,abundant,73.19073113123947,92.2761746488349,27.48736549900135,0.1151580306887031,6.829595984087106,5964.031322720577,2.3007570648342797,14,13,0,0,27,0.11161215499734405,0.5056322317012049,0.0,0.26302840815605555,99.03853751484787,71.24802764593315,0.006996874618413323,0.5275974025974026,32.101638189242415,193.31889619671097
1834,abundant,73.1590067485683,92.2848893218014,27.394352453296687,0.10779801201222218,6.822886721075234,5949.29567388061,2.304159412005711,14,13,0,0,27,0.11137073717202876,0.510548340411535,0.0,0.26302899299252164,99.0385610752458,71.24818606397247,0.006996631675595743,0.5275974025974026,32.101638189242415,192.82130676509118
1835,abundant,73.12819114018355,92.29631663971145,27.301633007569603,0.10258373309367758,6.8148724589115846,5935.26955572515,2.3076311452738634,14,13,0,0,27,0.11127516528113231,0.5154182770324228,0.0,0.2630295778265701,99.0385846356917,71.24834448135691,0.006996388741213532,0.5275974025974026,32.101638189242415,191.83974378913862
1836,abundant,73.09877759355203,92.30785994993167,27.209559645143464,0.09342814773493859,6.806107944374847,5922.758427602719,2.311256780420877,14,13,0,0,27,0.11137028180804168,0.5198407315794814,0.0,0.2630301626582011,99.03860819618562,71.24850289808651,0.006996145815266395,0.5275974025974026,32.101638189242415,191.3815239947146
1837,abundant,73.06880234868672,92.31904894422863,27.117530109776897,0.0973703179139503,6.797335770361063,5910.6875256328785,2.31460136803803,14,13,0,0,27,0.11150722590905593,0.5239104455016109,0.0,0.26303074748741445,99.03863175672753,71.24866131416124,0.006995902897754041,0.5275974025974026,32.101638189242415,199.95676592440458
1838,abundant,73.03972072042968,92.33265723877,27.026076294864502,0.08959496468320721,6.7886781333381405,5899.1285616089735,2.3175919880062184,14,13,0,0,27,0.11155913785616309,0.5277358263844636,0.0,0.26303133231421033,99.03865531731738,71.24881972958113,0.006995659988676176,0.5275974025974026,32.101638189242415,199.7872249165241
1839,abundant,73.01057592090774,92.34748573510653,26.934862277225307,0.08803227567699584,6.778299362145566,5887.517620989591,2.320624281828247,14,13,0,0,27,0.11152646161876949,0.5315612399613645,0.0,0.2630319171385886,99.03867887795525,71.24897814434613,0.006995417088032506,0.5275974025974026,32.101638189242415,199.46959204968726
1840,abundant,72.98026342613063,92.35814794732322,26.842772613767647,0.10323669961535743,6.7694389614177455,5875.278721830524,2.3240923551158086,14,13,0,0,27,0.11111722064401433,0.5353285175468192,0.0,0.2630325019605493,99.03870243864108,71.2491365584563,0.0069951741958227415,0.5275974025974026,32.101638189242415,200.25192414763393
1841,abundant,72.95027617357779,92.3658532392837,26.750837668829423,0.10993608475867268,6.758819311141735,5862.237573327682,2.3281312283633326,14,13,0,0,27,0.11123673331915826,0.5389377018550032,0.0,0.2630330867800925,99.0387259993749,71.24929497191161,0.006994931312046587,0.5275974025974026,32.101638189242415,200.52910256417812
1842,abundant,72.92053678288109,92.37413734877794,26.659184055611227,0.10844553246588201,6.74300197252793,5848.552978688764,2.332626388122161,14,13,0,0,27,0.11140745580826714,0.5425468972674435,0.0,0.263033671597218,99.03874956015667,71.24945338471204,0.00699468843670375,0.5275974025974026,32.101638189242415,191.96772524195808
1843,abundant,72.890417550899,92.38223057724387,26.567513645227574,0.10790351157930878,6.729149863757554,5834.470525179826,2.337416970202549,14,13,0,0,27,0.11153598224458738,0.546156066174177,0.0,0.26303425641192607,99.03877312098646,71.24961179685762,0.00699444556979394,0.5275974025974026,32.101638189242415,192.26323934361486
1844,abundant,72.85998937724536,92.38984440741253,26.475372614529896,0.11088817042289874,6.717842580268818,5819.637285085912,2.3391303907578798,14,13,0,0,27,0.11155166105448729,0.5497652597706745,0.0,0.2630348412242165,99.03879668186418,71.24977020834834,0.006994202711316862,0.5275974025974026,32.101638189242415,192.33161780980365
1845,abundant,72.82964309953176,92.3992894151548,26.3839164060371,0.1084491744020196,6.708338816854919,5805.03012286103,2.3395117240143186,14,13,0,0,27,0.11156235301064873,0.5533744288302718,0.0,0.26303542603408936,99.03882024278992,71.24992861918419,0.006993959861272224,0.5275974025974026,32.101638189242415,192.11205471234547
1846,abundant,72.79990586912257,92.4085569621694,26.29281469259839,0.10905839259579196,6.699409356052302,5789.784124827798,2.339899601297513,14,13,0,0,27,0.1115353292142586,0.5569836978158806,0.0,0.26303601084154465,99.03884380376361,71.25008702936519,0.006993717019659732,0.5275974025974026,32.101638189242415,191.6027412261787
1847,abundant,72.77092391648745,92.41944580318614,26.202453987566976,0.10293513804614723,6.691616789665592,5774.6543059282485,2.340285593129165,14,13,0,0,27,0.11152677418002814,0.5605929554363194,0.0,0.2630365956465823,99.03886736478525,71.2502454388913,0.006993474186479094,0.5275974025974026,32.101638189242415,200.25515878685033
1848,abundant,72.74203886948361,92.43104426683057,26.11206320441703,0.10023495337244055,6.683039526642875,5758.967742895802,2.3406685913289373,14,13,0,0,27,0.11156420588926777,0.5641239277428755,0.0,0.2630371804492025,99.03889092585486,71.25040384776258,0.0069932313617300165,0.5275974025974026,32.101638189242415,191.6316500243484
1849,abundant,72.71345602014394,92.44394508525714,26.022305710594015,0.09731116785245479,6.674373026853118,5743.427811657384,2.34105142244728,13,13,0,0,27,0.11160515880855729,0.567331941163258,0.0,0.2630377652494049,99.03891448697246,71.25056225597895,0.006992988545412209,0.5275974025974026,32.101638189242415,182.77212184900114
1850,abundant,72.68551047121584,92.45814147726092,25.93303091934185,0.09285840078487057,6.664762060136698,5727.987620372827,2.341438754177292,13,13,0,0,27,0.11159016038598986,0.5704393879288597,0.0,0.2630383500471899,99.03893804813802,71.25072066354048,0.0069927457375253774,0.5275974025974026,32.101638189242415,191.79232569056208
1851,abundant,72.6576481864627,92.47348347524131,25.84391125532253,0.09226788561007798,6.655492556442144,5712.6373739437695,2.3418170866883594,13,13,0,0,27,0.1116394718244583,0.5733999647336013,0.0,0.2630389348425572,99.03896160935152,71.25087907044713,0.006992502938069227,0.5275974025974026,32.101638189242415,182.68583941513842
1852,abundant,72.62941994455889,92.4892349995486,25.75443182638461,0.09274505164483927,6.645133191937615,5697.612722048729,2.342203924294312,13,13,0,0,27,0.11166111014780547,0.576360529112893,0.0,0.26303951963550687,99.038985170613,71.2510374766989,0.006992260147043467,0.5275974025974026,32.101638189242415,182.56862588254367
1853,abundant,72.60050188871719,92.50578158261816,25.664869955037695,0.093686575580234,6.633820820537049,5682.392548171614,2.34258604529241,13,13,0,0,27,0.11164189847983272,0.5793211040409961,0.0,0.26304010442603903,99.03900873192242,71.25119588229583,0.0069920173644478075,0.5275974025974026,32.101638189242415,173.6551851794699
1854,abundant,72.57187386436401,92.52238863038954,25.574837743100648,0.09256705943824974,6.623276799585976,5666.709066983745,2.342972421750045,13,13,0,0,27,0.11155190564745102,0.5822817903941712,0.0,0.2630406892141536,99.03903229327983,71.25135428723787,0.006991774590281951,0.5275974025974026,32.101638189242415,173.9019235540922
1855,abundant,72.54328510907841,92.53905046519056,25.485302628397072,0.09160210279131743,6.6139176283561145,5651.307319330415,2.343367180512766,13,13,0,0,27,0.1116207372086434,0.5852424132821732,0.0,0.26304127399985044,99.03905585468517,71.25151269152504,0.006991531824545605,0.5275974025974026,32.101638189242415,182.53138139980334
1856,abundant,72.51431395811088,92.55550919505991,25.396397592489762,0.09249514530818874,6.607095166936842,5635.450716883803,2.3437695180130462,13,13,0,0,27,0.1115827592845638,0.5882031001933982,0.0,0.26304185878312975,99.03907941613849,71.25167109515735,0.006991289067238481,0.5275974025974026,32.101638189242415,183.04471302848634
1857,abundant,72.48477375054884,92.56939397781629,25.307058365758643,0.09747017469442255,6.601505051264901,5620.174800550078,2.344170464112009,13,13,0,0,27,0.11150808899685019,0.5911638691219713,0.0,0.26304244356399137,99.0391029776397,71.25182949813475,0.0069910463183602825,0.5275974025974026,32.101638189242415,182.79701923665272
1858,abundant,72.45358639264727,92.58034851323292,25.216525370440735,0.10697067473298227,6.597747675551636,5605.397153831651,2.3445798812774377,13,13,0,0,27,0.11130358743872013,0.5940038434054248,0.0,0.2630430283424354,99.03912653918893,71.25198790045731,0.006990803577910718,0.5275974025974026,32.101638189242415,191.70013585487953
1859,abundant,72.42185904080137,92.58887165549848,25.126048685797176,0.11637220109826854,6.595950923699517,5591.533903545733,2.344988474736545,13,13,0,0,27,0.11134737129866246,0.5967129905865526,0.0,0.26304361311846186,99.03915010078609,71.25214630212498,0.006990560845889496,0.5275974025974026,32.101638189242415,191.3593841324419
1860,abundant,72.38960983115265,92.59572007939329,25.035360006391066,0.12279314383441642,6.597632315472646,5577.583874099488,2.3454087114838535,13,13,0,0,27,0.11147483323193139,0.5992412585272262,0.0,0.2630441978920707,99.0391736624312,71.25230470313778,0.006990318122296322,0.5275974025974026,32.101638189242415,190.9537739695291
1861,abundant,72.35792351925188,92.60382428456451,24.94540905004904,0.11874202570869351,6.5996063772700975,5564.711476645578,2.345829773397778,13,13,0,0,27,0.11156923393626132,0.6017694902791778,0.0,0.2630447826632618,99.03919722412424,71.25246310349569,0.0069900754071309055,0.5275974025974026,32.101638189242415,190.3966113595647
1862,abundant,72.32596709534548,92.61126678590378,24.855383611176272,0.12153364195384228,6.600225474884079,5550.948939427773,2.346246838816527,13,13,0,0,27,0.11155012069402317,0.6042977417821597,0.0,0.2630453674320354,99.0392207858652,71.25262150319874,0.006989832700392952,0.5275974025974026,32.101638189242415,190.43601071870367
1863,abundant,72.29372631825237,92.6205075538239,24.766078623724994,0.11868113102892865,6.597639366153847,5538.972192444311,2.346668898803523,12,13,0,0,27,0.11152725903367873,0.6068259734469712,0.0,0.2630459521983913,99.03924434765413,71.25277990224691,0.00698959000208217,0.5275974025974026,32.101638189242415,189.72366458815145
1864,abundant,72.26118656672989,92.62990650110997,24.676923502083522,0.12179455872862786,6.597243951034619,5527.326774780573,2.3470909147087036,12,13,0,0,27,0.11157578311512488,0.6093541639080385,0.0,0.26304653696232955,99.03926790949103,71.2529383006402,0.006989347312198265,0.5275974025974026,32.101638189242415,189.6705597574854
1865,abundant,72.22874573241748,92.63942454330757,24.588311565471372,0.12013717186164354,6.598243180452923,5515.73263229998,2.3475121831492314,12,13,0,0,27,0.11163287672371898,0.6118823325559155,0.0,0.26304712172385014,99.03929147137582,71.25309669837858,0.006989104630740947,0.5275974025974026,32.101638189242415,189.35171999361378
1866,abundant,72.1962750955462,92.64813477818372,24.500155907433424,0.12100815822966772,6.601826270086822,5504.2591714538285,2.3479299377064446,12,13,0,0,27,0.11159643149133731,0.614410550873613,0.0,0.2630477064829531,99.03931503330857,71.25325509546211,0.006988861957709921,0.5275974025974026,32.101638189242415,189.40695759420055
1867,abundant,72.16265170744259,92.65608850133222,24.412354298137227,0.12576656883361217,6.605806803198649,5493.155570357128,2.3483554621182785,12,13,0,0,27,0.11161172370036895,0.6169387444390154,0.0,0.2630482912396384,99.03933859528927,71.25341349189074,0.006988619293104897,0.5275974025974026,32.101638189242415,180.51251221091158
1868,abundant,72.12769188392463,92.66045075746365,24.32457977829054,0.137422358183883,6.607419039542728,5481.9885881094015,2.348782372532991,12,13,0,0,27,0.11113641723923533,0.6194669287124297,0.0,0.2630488759939061,99.0393621573179,71.25357188766449,0.00698837663692558,0.5275974025974026,32.101638189242415,181.26735342412348
1869,abundant,72.09286944874069,92.6610224619375,24.237032411999348,0.1443611615030398,6.608093971396443,5469.658295858233,2.349206395809071,12,13,0,0,27,0.11116706139741055,0.6219951413884018,0.0,0.2630494607457561,99.03938571939445,71.25373028278335,0.006988133989171678,0.5275974025974026,32.101638189242415,190.61472092725782
1870,abundant,72.05824238856329,92.6592368608705,24.148426963640283,0.14760238741621484,6.60761943229374,5455.1863464713715,2.349629869195635,12,12,0,1,27,0.11184028240678448,0.6245227889626968,0.0,0.26305004549518846,99.03940928151891,71.25388867724735,0.006987891349842901,0.5275974025974026,32.101638189242415,190.9660570736814
1871,abundant,72.03195408303289,92.65637694948356,24.06551588598871,0.14219226143418848,6.60239734007718,5439.546018270674,2.3500629768344172,12,12,0,0,28,0.10470887551072902,0.6272831648476316,0.0,0.2630506302422031,99.03943284369133,71.25404707105642,0.0069876487189389535,0.5275974025974026,32.101638189242415,191.002521159818
1872,abundant,72.00600953482103,92.65576734747476,23.98374355995124,0.13786184795893283,6.594569890571075,5423.520957544082,2.350491071187941,12,12,0,0,28,0.10420058415448255,0.6300441844341844,0.0,0.2630512149868002,99.03945640591166,71.25420546421066,0.006987406096459543,0.5275974025974026,32.101638189242415,190.67792315064736
1873,abundant,71.97956971033007,92.65435121818987,23.901994564015318,0.13900328909285015,6.590481121913669,5408.033460102608,2.350914317222601,12,11,0,1,28,0.10505216342060701,0.6328052647392232,0.0,0.2630517997289795,99.03947996817992,71.25436385670997,0.0069871634824043806,0.5275974025974026,32.101638189242415,190.39412535463282
1874,abundant,71.96123401670727,92.65437763783191,23.82560281992508,0.13124501176338918,6.581141058466033,5392.8073942929,2.3513361701116535,12,11,0,0,29,0.09810571163297427,0.6357816780108114,0.0,0.26305238446874124,99.03950353049613,71.25452224855441,0.006986920876773167,0.5275974025974026,32.101638189242415,181.3917873119272
1875,abundant,71.94327127805175,92.653036551549,23.749787987856223,0.13933102573326764,6.571062093326654,5377.585331124381,2.3517612653689697,12,11,0,0,29,0.09744699624512107,0.6387587938944806,0.0,0.2630529692060852,99.03952709286023,71.25468063974394,0.006986678279565616,0.5275974025974026,32.101638189242415,190.74322766702605
1876,abundant,71.92556674691221,92.65033044768117,23.674155661107044,0.14078683188286895,6.554595469149705,5362.704372844732,2.352190014269078,12,11,0,0,29,0.09736691475712131,0.641735992844781,0.0,0.26305355394101154,99.03955065527227,71.2548390302786,0.006986435690781435,0.5275974025974026,32.101638189242415,182.4345590161357
1877,abundant,71.90738813014785,92.64760220265016,23.599054549308764,0.14196302968941502,6.539367020054295,5347.76822589061,2.352618915087825,13,11,0,0,29,0.09745162064395771,0.644713142831099,0.0,0.26305413867352023,99.03957421773222,71.25499742015838,0.006986193110420326,0.5275974025974026,32.101638189242415,182.34659968066654
1878,abundant,71.88894637128486,92.64414540812518,23.523658346964087,0.14441148162878334,6.525894792909574,5332.992736581284,2.353050170962297,13,11,0,0,29,0.09737588025052092,0.6476095357773757,0.0,0.26305472340361113,99.03959778024007,71.25515580938323,0.006985950538482001,0.5275974025974026,32.101638189242415,182.68828373852136
1879,abundant,71.87147766549786,92.6429935720311,23.449437424685367,0.13712857978790327,6.512444233251185,5318.324595822025,2.3534803258114243,13,11,0,0,29,0.09734848211099627,0.6503704692882064,0.0,0.26305530813128447,99.03962134279587,71.25531419795321,0.006985707974966166,0.5275974025974026,32.101638189242415,182.2257966969315
1880,abundant,71.8546566663574,92.64182173951181,23.37573076393242,0.13736857462529714,6.50056081821783,5303.90927461375,2.353905251622139,13,11,0,0,29,0.09742651249677808,0.6531313997267695,0.0,0.26305589285654,99.03964490539956,71.25547258586829,0.006985465419872531,0.5275974025974026,32.101638189242415,182.13694189292877
1881,abundant,71.8379750100028,92.64168146363127,23.301874671820492,0.13705605241414714,6.488987316332469,5289.6848132762825,2.354334195313105,14,11,0,0,29,0.09741572373998139,0.6558923981487099,0.0,0.26305647757937684,99.03966844154701,71.25563097312818,0.0069852228732008,0.5275974025974026,32.101638189242415,181.43671135410017
1882,abundant,71.82100619529871,92.6413962250891,23.227717216823276,0.13705349148076074,6.479068822933198,5275.467012683868,2.354754933375036,14,11,0,0,29,0.09740887040897028,0.6584969941540406,0.0,0.2630570622997942,99.03969196268253,71.25578935973272,0.006984980334950681,0.5275974025974026,32.101638189242415,198.81672502015078
1883,abundant,71.80326344845638,92.64178982611354,23.152732167799616,0.13469799473602234,6.469202175586379,5273.012089560583,2.3551738361487047,14,11,0,0,29,0.09735007928181899,0.6610418159908251,0.0,0.26305764701779216,99.03971548386593,71.25594774568188,0.006984737805121885,0.5275974025974026,32.101638189242415,190.4835337798367
1884,abundant,71.78525016145616,92.64467174728891,23.077475119038475,0.13079667596205602,6.460605381288515,5274.977369854583,2.355588518375366,14,11,0,0,29,0.09733167791653116,0.6635865798961578,0.0,0.2630582317333707,99.03973900509723,71.25610613097567,0.006984495283714117,0.5275974025974026,32.101638189242415,190.81685031080988
1885,abundant,71.76762443945952,92.6488797208222,23.002097956599464,0.12640966299809173,6.453148549409287,5276.960894334567,2.356005590560992,14,11,0,0,29,0.0974685774670128,0.66600009511197,0.0,0.2630588164465296,99.03976252637639,71.25626451561408,0.006984252770727085,0.5275974025974026,32.101638189242415,191.08783749687166
1886,abundant,71.74914520469258,92.6542428898247,22.92677655183306,0.12862429777746226,6.439170813814859,5278.939991998792,2.3564150979428637,14,11,0,0,29,0.09741830093280886,0.6683286329294891,0.0,0.2630594011572693,99.03978604770342,71.25642289959714,0.006984010266160496,0.5275974025974026,32.101638189242415,182.84428054047288
1887,abundant,71.73021968129042,92.66069214539209,22.85116255959723,0.12722986086090515,6.42032215235462,5280.916101505529,2.3568240570859063,14,11,0,0,29,0.09748410779297133,0.6704586315171357,0.0,0.2630599858655894,99.03980956907836,71.25658128292481,0.006983767770014059,0.5275974025974026,32.101638189242415,182.86968207540048
1888,abundant,71.71141097479449,92.66692939303672,22.775971962241055,0.12761468234403403,6.398148358181976,5282.860523270887,2.357225094285134,14,11,0,0,29,0.09747114952565923,0.6725710044604041,0.0,0.26306057057149007,99.03983309050116,71.25673966559712,0.006983525282287481,0.5275974025974026,32.101638189242415,182.83571699205618
1889,abundant,71.69132079100551,92.6721758124518,22.70029015812928,0.13412477263440037,6.368866390634187,5284.7872236642725,2.3576216184113035,14,11,0,0,29,0.09730410128312407,0.6746833440456884,0.0,0.26306115527497137,99.03985661197183,71.25689804761407,0.006983282802980468,0.5275974025974026,32.101638189242415,183.19993474587548
1890,abundant,71.6702856094355,92.67659305888318,22.624296163068117,0.13857404662253714,6.339642291965482,5286.7046148928675,2.358019365929303,14,11,0,0,29,0.09731911142170938,0.6767956975470616,0.0,0.26306173997603316,99.03988013349037,71.25705642897564,0.006983040332092732,0.5275974025974026,32.101638189242415,183.58229827562155
1891,abundant,71.64979157047132,92.6813385824321,22.54860205688474,0.13719354855475832,6.310622724119401,5288.625446123242,2.358413069588706,14,11,0,0,29,0.09745643450224947,0.6789080547684765,0.0,0.26306232467467544,99.0399036550568,71.25721480968183,0.006982797869623976,0.5275974025974026,32.101638189242415,183.7997770971114
1892,abundant,71.63013936735138,92.68673619632547,22.472910980674335,0.1349545126514852,6.281080027464297,5290.540276124862,2.3588181271186737,14,11,0,0,29,0.09747177357677488,0.6809042476516026,0.0,0.2630629093708983,99.03992717667107,71.25737318973265,0.00698255541557391,0.5275974025974026,32.101638189242415,183.4134464288692
1893,abundant,71.61092500518711,92.69349043404911,22.39733903280938,0.13260091380054956,6.248900468373362,5292.464528874014,2.359226368683904,13,11,0,0,29,0.0974856330189601,0.6828004357331585,0.0,0.2630634940647014,99.03995068322516,71.25753156912802,0.0069823129699422394,0.5275974025974026,32.101638189242415,183.94783869064176
1894,abundant,71.59098640946934,92.6998359679396,22.322214449756437,0.134503934524141,6.217059832364924,5294.399481115786,2.3596358938423965,13,11,0,0,29,0.09754527058063944,0.684481800485514,0.0,0.2630640787560841,99.03997416327967,71.25768994786775,0.006982070532728677,0.5275974025974026,32.101638189242415,183.97328527513181
1895,abundant,71.57251427102017,92.70802876328712,22.246258643709425,0.12437770689080721,6.191367648408841,5296.299850209529,2.3600410127044045,12,11,0,0,29,0.09735819989091707,0.6861617314065903,0.0,0.2630646634450465,99.03999764338207,71.25784832595188,0.006981828103932926,0.5275974025974026,32.101638189242415,184.47988633111885
1896,abundant,71.55495935515981,92.71575961527647,22.16927638964762,0.12063151738255919,6.171358339899817,5298.194071627455,2.360452409594551,12,11,0,0,29,0.09716880123683357,0.687841663195654,0.0,0.26306524813158844,99.04002112353226,71.25800670338037,0.006981585683554694,0.5275974025974026,32.101638189242415,184.96491942627213
1897,abundant,71.53872775246671,92.72419978853927,22.092253998024937,0.11735279165303107,6.155959013858706,5300.065450778588,2.360856633830836,12,11,0,0,29,0.09730048888756371,0.6895215839010095,0.0,0.26306583281571005,99.04004460373031,71.25816508015326,0.006981343271593693,0.5275974025974026,32.101638189242415,185.2946214730915
1898,abundant,71.52311581696341,92.73206706526517,22.015363804689194,0.1176514311846119,6.1442207309726395,5301.916603394537,2.3612696912983537,12,11,0,0,29,0.09734917297180776,0.6912015068863973,0.0,0.2630664174974113,99.04006808397618,71.25832345627052,0.006981100868049627,0.5275974025974026,32.101638189242415,185.56382269304748
1899,abundant,71.50695754134289,92.73979886276044,21.938105874772013,0.12260310704563222,6.127599377943552,5303.861224420558,2.3616906014821732,11,10,0,1,29,0.098213737453935,0.6928805758288779,0.0,0.2630670021766921,99.0400915642699,71.25848183173215,0.006980858472922202,0.5275974025974026,32.101638189242415,185.76715082175224
1900,abundant,71.49693784166128,92.74484522470847,21.8668956378314,0.12425337137142074,6.102380801682228,5306.009670561558,2.3621066183112687,11,10,0,0,30,0.09120722065710456,0.6947924035921809,0.0,0.2630675868535526,99.04011504461145,71.25864020653817,0.00698061608621113,0.5275974025974026,32.101638189242415,186.18870547183866
1901,abundant,71.48797676497557,92.74907591154349,21.797017268009483,0.12707860972489574,6.079224436015123,5308.090746092999,2.3625212365934094,11,10,0,0,30,0.09053136191396453,0.6966285780363763,0.0,0.26306817152799267,99.04013852500086,71.25879858068856,0.006980373707916118,0.5275974025974026,32.101638189242415,186.08224355940692
1902,abundant,71.47885720100659,92.75347933921083,21.728129407573388,0.12905583544507365,6.056681949764258,5310.180894546043,2.3629349668408413,10,10,0,0,30,0.09046100014946555,0.698325046669412,0.0,0.2630687562000124,99.04016200543808,71.25895695418335,0.0069801313380368725,0.5275974025974026,32.101638189242415,186.33309343444682
1903,abundant,71.46947912266945,92.75842480718771,21.65953914713005,0.12771691250878295,6.028948554759783,5312.302266238188,2.3633386680863726,10,10,0,0,30,0.09049168119985813,0.7000215275042836,0.0,0.2630693408696117,99.04018548592313,71.2591153270225,0.0069798889765731,0.5275974025974026,32.101638189242415,186.51441504641133
1904,abundant,71.45971804936043,92.76229133918592,21.59089064959314,0.13174037513558196,6.002357444265873,5314.436023864295,2.3637361601343683,8,10,0,0,30,0.09050687903119795,0.7017180128292501,0.0,0.26306992553679065,99.040208966456,71.25927369920602,0.006979646623524512,0.5275974025974026,32.101638189242415,186.75157275303118
1905,abundant,71.44908869344079,92.7650929305745,21.522012752075177,0.1361654290420888,5.9762152953816585,5316.55391882448,2.3641398480565607,7,10,0,0,30,0.09049049476594236,0.703414500758527,0.0,0.2630705102015491,99.04023244703671,71.25943207073388,0.006979404278890814,0.5275974025974026,32.101638189242415,186.79119582352882
1906,abundant,71.43887801165401,92.7679881863834,21.45391194287684,0.13653537457376366,5.946109777485399,5318.604653845785,2.3645491640557306,7,10,0,0,30,0.09038541905846922,0.7051109833568903,0.0,0.2630710948638872,99.04025592766523,71.25959044160615,0.0069791619426717135,0.5275974025974026,32.101638189242415,186.76768204648542
1907,abundant,71.42766898000049,92.77075224023935,21.38580031485196,0.1394447299117639,5.913925983552419,5320.651676293033,2.364961774427069,7,9,0,1,30,0.0911646666588504,0.7068074756022715,0.0,0.263071679523805,99.04027940834159,71.2597488118228,0.006978919614866918,0.5275974025974026,32.101638189242415,186.7254112050979
1908,abundant,71.42251735317055,92.77330374100008,21.322497044446084,0.13511099639137733,5.892807938418033,5322.688056455099,2.3653760608663554,7,9,0,0,31,0.08414055769924474,0.7087193852055234,0.0,0.2630722641812981,99.04030285087751,71.25990718138266,0.006978677295476138,0.5275974025974026,32.101638189242415,186.98310693922176
1909,abundant,71.41812854314477,92.7752651645876,21.25995287990022,0.1369352446063577,5.873684005273831,5324.697303788413,2.365782896144166,7,9,0,0,31,0.08351073135046613,0.7106320157201292,0.0,0.26307284883636617,99.0403262895859,71.26006555028566,0.006978434984499079,0.5275974025974026,32.101638189242415,187.08028559523456
1910,abundant,71.41332880111767,92.7774113118061,21.19736017657213,0.14133715519818474,5.854193263588192,5326.7020487592745,2.3661911380853193,7,9,0,0,31,0.08346117067907755,0.7125447029277843,0.0,0.2630734334890092,99.04034972834215,71.26022391853175,0.006978192681935451,0.5275974025974026,32.101638189242415,187.1445012098889
1911,abundant,71.40807853442644,92.77991721869587,21.13481659672101,0.14344265112979188,5.835134186700354,5328.69788107034,2.3666055209884904,7,9,0,0,31,0.0834695639169237,0.7144573919626277,0.0,0.2630740181392271,99.04037316714621,71.26038228612094,0.006977950387784959,0.5275974025974026,32.101638189242415,187.37526347239378
1912,abundant,71.403259475229,92.78182035807951,21.072588317633894,0.1458676335548874,5.817834116802578,5330.670498234209,2.367021301133884,7,9,0,0,31,0.08347009086841953,0.7163700725331406,0.0,0.26307460278701916,99.04039656516026,71.26054065305304,0.006977708102047312,0.5275974025974026,32.101638189242415,187.41194226479453
1913,abundant,71.39826265256954,92.78380989495622,21.010233226308465,0.14700864184182633,5.801422577557834,5332.599195956434,2.36744005734543,7,9,0,0,31,0.08349197254464288,0.7182827501416381,0.0,0.26307518743238534,99.04041996199645,71.26069901932802,0.006977465824722221,0.5275974025974026,32.101638189242415,187.31581426587337
1914,abundant,71.39305290929313,92.7867544800495,20.948149575248504,0.1457048876179576,5.785309777775202,5334.4905716154935,2.367856569222657,7,9,0,0,31,0.08349069051281707,0.7201954315633614,0.0,0.2630757720753244,99.04044332779583,71.26085738494554,0.0069772235558093875,0.5275974025974026,32.101638189242415,187.23982524345985
1915,abundant,71.38816691675373,92.79036889853295,20.886380456352793,0.14651409508418464,5.7674439641471995,5336.3150796555565,2.368279764876343,7,9,0,0,31,0.08339964410602344,0.7221081181367524,0.0,0.2630763567158358,99.04046668297738,71.26101574990547,0.006976981295308523,0.5275974025974026,32.101638189242415,178.09563161563892
1916,abundant,71.38426181300281,92.79454359241058,20.824026958085245,0.14385515957891024,5.745768699803481,5338.170229118114,2.368701069705844,7,8,0,1,31,0.08421531573456256,0.7240207963178658,0.0,0.2630769413539196,99.0404900382067,71.26117411420783,0.006976739043219337,0.5275974025974026,32.101638189242415,187.13360174439018
1917,abundant,71.37150192207162,92.79841954774632,20.767859896667524,0.1528921959781047,5.729684155644405,5340.007643127225,2.369129645964181,7,8,0,0,32,0.07667683298517129,0.7261493629167856,0.0,0.2630775259895759,99.04051339348379,71.26133247785263,0.006976496799541535,0.5275974025974026,32.101638189242415,186.34120347142
1918,abundant,71.35709355944077,92.80283325467819,20.71249826027172,0.1540060278591115,5.714061411290176,5341.813289713125,2.3695512170352404,6,8,0,0,32,0.07598038538034184,0.7282787065624163,0.0,0.26307811062280445,99.04053674880868,71.26149084083983,0.006976254564274825,0.5275974025974026,32.101638189242415,185.77670218063668
1919,abundant,71.34144236340289,92.80693527673176,20.65718235002271,0.16096645918909808,5.69680684888494,5343.599140901424,2.3699706062798334,6,8,0,0,32,0.07605376587034161,0.7304079758667663,0.0,0.26307869525360544,99.04056010418132,71.26164920316944,0.0069760123374189185,0.5275974025974026,32.101638189242415,185.7138849298441
1920,abundant,71.32546628300173,92.81192230144605,20.6023079569532,0.1582644279619416,5.67375762019721,5345.417910201988,2.37039727516806,6,8,0,0,32,0.07619144127018078,0.7325371159948137,0.0,0.2630792798819788,99.04058345960172,71.26180756484149,0.0069757701189735195,0.5275974025974026,32.101638189242415,194.32412966907972
1921,abundant,71.30908890976107,92.81839256342542,20.54799833964861,0.1563548005618114,5.651403560129284,5347.249253033915,2.370820060033655,6,8,0,0,32,0.07620875714227585,0.7346662048335155,0.0,0.2630798645079246,99.04060681506989,71.26196592585593,0.0069755279089383365,0.5275974025974026,32.101638189242415,193.93734202760277
1922,abundant,71.29186146012304,92.82457285304395,20.49370103576058,0.1623341969110455,5.630860751019404,5349.052099535027,2.3712585223545313,7,8,0,0,32,0.07622928407859123,0.7367952148406367,0.0,0.26308044913144274,99.04063017058586,71.26212428621281,0.006975285707313077,0.5275974025974026,32.101638189242415,193.83237456510759
1923,abundant,71.27365723877207,92.82957148297179,20.439856026103634,0.1695949670129702,5.6124059600331595,5350.846601121248,2.3717029162405314,7,8,0,0,32,0.07620208141798275,0.7389242019276308,0.0,0.2630810337525333,99.04065352614954,71.2622826459121,0.006975043514097453,0.5275974025974026,32.101638189242415,193.67733239761327
1924,abundant,71.25498720018741,92.83354219489763,20.386811894759393,0.17566800153079873,5.595556068503916,5352.62166243681,2.372155880292724,7,8,0,0,32,0.07630066286713506,0.7410531363045869,0.0,0.26308161837119615,99.04067688176102,71.2624410049538,0.006974801329291169,0.5275974025974026,32.101638189242415,202.83725020524398
1925,abundant,71.23640772851692,92.83732223603796,20.333589607776258,0.17974036346289685,5.576885193656307,5354.3867392562715,2.3726150489949074,7,7,0,1,32,0.07710270853356697,0.7431820635676077,0.0,0.26308220298743146,99.04070023742024,71.26259936333793,0.006974559152893933,0.5275974025974026,32.101638189242415,202.58186721715845
1926,abundant,71.21104563723863,92.83853131474038,20.287942427083383,0.17929999058140944,5.562637445358984,5356.136383233112,2.3730834271641648,7,7,0,0,33,0.07007134270361375,0.7455263130059665,0.0,0.26308278760123904,99.04072359312724,71.26275772106445,0.006974316984905452,0.5275974025974026,32.101638189242415,194.05007310815793
1927,abundant,71.18487581835674,92.83962289512733,20.24364207802028,0.18006286469197072,5.550239097173003,5357.890290383548,2.3735648250337835,7,7,0,0,33,0.06940835077326904,0.7478713140665347,0.0,0.26308337221261907,99.04074694888199,71.2629160781334,0.006974074825325438,0.5275974025974026,32.101638189242415,194.12629764705022
1928,abundant,71.15864356038342,92.84067481947086,20.199870939674003,0.18363402233287787,5.539868053425947,5359.643726304115,2.374044790219749,7,7,0,0,33,0.06933854159701117,0.7502164077040469,0.0,0.2630839568215714,99.04077030468447,71.26307443454473,0.006973832674153596,0.5275974025974026,32.101638189242415,194.1242963402702
1929,abundant,71.13147339534507,92.84118245605865,20.155678392579624,0.18756198088700712,5.533544020303459,5361.31666127525,2.374526710882158,7,6,0,1,33,0.07011401834196469,0.7525606605961926,0.0,0.2630845414280961,99.04079366053473,71.2632327902985,0.0069735905313896345,0.5275974025974026,32.101638189242415,194.01146470773455
1930,abundant,71.11136243893597,92.84234035490793,20.116309922637605,0.18923758922825054,5.52576641546324,5362.966973053939,2.375005898521753,7,6,0,0,34,0.0630909988306066,0.7551376436676203,0.0,0.2630851260321932,99.04081701643274,71.26339114539468,0.006973348397033263,0.5275974025974026,32.101638189242415,193.8144828928734
1931,abundant,71.09212286316954,92.84372935227239,20.07740698799311,0.18814360295494434,5.513397973515959,5364.571970752753,2.3754829053936883,7,6,0,0,34,0.062387130317214635,0.7577153971741196,0.0,0.2630857106338626,99.0408403723785,71.26354949983326,0.00697310627108419,0.5275974025974026,32.101638189242415,193.73606349898367
1932,abundant,71.07285766156264,92.8449385039628,20.039266649135556,0.1874551746314911,5.501453854858527,5366.157685609742,2.375953317942471,7,6,0,0,34,0.06232100069938662,0.7602932282259418,0.0,0.2630862952331019,99.04086368876035,71.26370785361358,0.006972864153542118,0.5275974025974026,32.101638189242415,193.64689731387062
1933,abundant,71.05371201725345,92.84576863164008,20.00089877180119,0.18629935039338627,5.488428292810122,5367.73819115878,2.3764328393465366,7,6,0,0,34,0.062316623420783215,0.7628710701021943,0.0,0.26308687982991114,99.04088700325605,71.26386620673566,0.006972622044406762,0.5275974025974026,32.101638189242415,193.7170664087945
1934,abundant,71.03406896873473,92.84475657336881,19.96283409156809,0.19190344665772954,5.47265840578127,5369.318697051076,2.376909790265575,7,6,0,0,34,0.062293394979440676,0.76541332125007,0.0,0.2630874644242901,99.04091031779944,71.26402455919944,0.006972379943677825,0.5275974025974026,32.101638189242415,193.75733313108657
1935,abundant,71.01447209443242,92.84276294419666,19.924744950784874,0.19816850620466497,5.452116937063849,5370.891689623979,2.3773727606294073,7,6,0,0,34,0.06228927984806602,0.7677749642540017,0.0,0.263088049016239,99.04093363239058,71.26418291100495,0.006972137851355019,0.5275974025974026,32.101638189242415,194.03521164291976
1936,abundant,70.99473459465807,92.84020215534757,19.886390403366704,0.2003311449050058,5.426750549771907,5372.446245944509,2.3778379080937175,7,6,0,0,34,0.06229457607323563,0.7701366025111575,0.0,0.2630886336057576,99.04095694702943,71.26434126215219,0.0069718957674380485,0.5275974025974026,32.101638189242415,194.3054972296352
1937,abundant,70.97451102333973,92.83743163144126,19.847051776470437,0.19979959838844147,5.398609240622392,5374.021094383785,2.3783012957551235,7,5,0,1,34,0.06303847689539847,0.7724982490435325,0.0,0.26308921819284603,99.040980261716,71.26449961264112,0.006971653691926626,0.5275974025974026,32.101638189242415,203.59554870331493
1938,abundant,70.96125659127867,92.83352560770182,19.812179155558137,0.19693059751896247,5.375624524270698,5375.578081848427,2.378766077008106,7,5,0,0,35,0.056043781620700096,0.7750752319508274,0.0,0.2630898027775043,99.04100357645028,71.2646579624718,0.0069714116248204595,0.5275974025974026,32.101638189242415,203.89902098662543
1939,abundant,70.94895661066799,92.82938510098175,19.77730635186094,0.19783141974282906,5.3469966314949975,5377.144751210784,2.3792211887538186,7,5,0,0,35,0.05534243161522164,0.7772616757792367,0.0,0.2630903873597325,99.04102689123228,71.26481631164422,0.0069711695661192515,0.5275974025974026,32.101638189242415,203.91041317208277
1940,abundant,70.93713666251507,92.824611681782,19.742772293325608,0.20091622066041484,5.3178291232743256,5378.685825183064,2.3796730109160604,7,5,0,0,35,0.055217097886824815,0.7787585330865279,0.0,0.26309097193953035,99.04105020606198,71.26497466015833,0.0069709275158227136,0.5275974025974026,32.101638189242415,204.21140401329365
1941,abundant,70.92541191213351,92.8186427282004,19.70827528905233,0.20452694487300468,5.289219162896586,5380.235918066723,2.380120789077234,7,5,0,0,35,0.05520963006893635,0.7802553898668976,0.0,0.26309155651689803,99.04107352093939,71.26513300801416,0.0069706854739305536,0.5275974025974026,32.101638189242415,204.10388547532358
1942,abundant,70.91401211212965,92.81389945357893,19.673455015005857,0.20318852162624654,5.261587919314403,5381.778198074229,2.3805663218093884,7,5,0,0,35,0.05522533800896604,0.781752237403224,0.0,0.26309214109183554,99.04109683586452,71.26529135521172,0.006970443440442481,0.5275974025974026,32.101638189242415,204.03178297723508
1943,abundant,70.9030503072857,92.80891334469848,19.639006840304354,0.2023446985438562,5.232540442483564,5383.295849478407,2.3810113899247987,7,5,0,0,35,0.05520244147977994,0.7832491143603876,0.0,0.26309272566434283,99.04112015083733,71.26544970175098,0.006970201415358203,0.5275974025974026,32.101638189242415,204.20498094831538
1944,abundant,70.89258127513102,92.80399913377195,19.604268622947835,0.2037612271323739,5.201858362197774,5384.791224621247,2.381456391711427,7,5,0,0,35,0.05504704304165916,0.7847461380541858,0.0,0.26309331023441995,99.04114346585786,71.26560804763197,0.006969959398677429,0.5275974025974026,32.101638189242415,204.36988084274736
1945,abundant,70.88328207693174,92.7997374063959,19.56863130267875,0.2011107968987897,5.172967040624661,5386.282334045845,2.381909271926607,7,4,0,1,35,0.055863526668470775,0.7862431263640212,0.0,0.26309389480206685,99.0411667809261,71.26576639285467,0.006969717390399864,0.5275974025974026,32.101638189242415,204.7060969721368
1946,abundant,70.86766965431252,92.79867941830905,19.540517436657456,0.19717140911749245,5.152585619377754,5387.756137027274,2.3823684029510237,7,4,0,0,36,0.04888581977239511,0.787955430036009,0.0,0.26309447936728353,99.04119009604203,71.2659247374191,0.00696947539052522,0.5275974025974026,32.101638189242415,204.63160076347378
1947,abundant,70.85147086091963,92.79851234546624,19.512801620743915,0.19589632407718924,5.135691460539754,5389.216982023994,2.3828357411246106,7,4,0,0,36,0.04822827687323543,0.7896684504822344,0.0,0.26309506393006993,99.04121341120565,71.2660830813252,0.006969233399053203,0.5275974025974026,32.101638189242415,204.60706282340155
1948,abundant,70.83549834024359,92.8003645393223,19.48556834644748,0.19260667087289368,5.124988537871077,5390.628649249051,2.383305071605468,7,4,0,0,36,0.04809260772751221,0.7913815949144065,0.0,0.2630956484904262,99.04123672641697,71.26624142457307,0.006968991415983521,0.5275974025974026,32.101638189242415,204.93866405372728
1949,abundant,70.81991928815485,92.80233277436912,19.459379727253513,0.19334237427945816,5.112008521193923,5392.0185093908185,2.383784711499389,7,4,0,0,36,0.04807333135741049,0.7930946903616803,0.0,0.2630962330483522,99.04126004167601,71.26639976716261,0.006968749441315885,0.5275974025974026,32.101638189242415,196.3429624963716
1950,abundant,70.80415533121864,92.80358971241506,19.43278195375577,0.19367594167757815,5.0975876281817705,5393.373727090886,2.3842584702690024,7,4,0,0,36,0.04813025378114627,0.7948077650793226,0.0,0.263096817603848,99.0412833569827,71.26655810909386,0.006968507475049998,0.5275974025974026,32.101638189242415,205.35998158060565
1951,abundant,70.78823229915189,92.80448263913041,19.405691413319623,0.1919806356721031,5.08148363220583,5394.745877776055,2.3847319693841,7,4,0,0,36,0.048151457649268724,0.7965208182880761,0.0,0.2630974021569136,99.04130667233709,71.26671645036686,0.006968265517185574,0.5275974025974026,32.101638189242415,205.3216567717788
1952,abundant,70.7721742298583,92.80476177951559,19.378378884207518,0.19479291194205758,5.0653266080756225,5396.115683830536,2.3852205208723856,7,4,0,0,36,0.048159620994340645,0.7982338611106873,0.0,0.2630979867075489,99.0413299877392,71.26687479098153,0.006968023567722318,0.5275974025974026,32.101638189242415,205.29787092316275
1953,abundant,70.75601767793425,92.80256325261198,19.35051551690076,0.20320382809022491,5.04227284195897,5397.488127220378,2.3857176697277405,7,4,0,0,36,0.04798307733306207,0.7999469226883177,0.0,0.26309857125575403,99.04135330318898,71.26703313093793,0.006967781626659942,0.5275974025974026,32.101638189242415,205.63077429963215
1954,abundant,70.73888187176706,92.7995887755036,19.322423756581273,0.20656794870266323,5.018173466807928,5398.84965795471,2.386218193120378,7,3,0,1,36,0.04875394836503888,0.8016599762497183,0.0,0.2630991558015289,99.04137661868646,71.26719147023603,0.006967539693998147,0.5275974025974026,32.101638189242415,205.5789153675634
1955,abundant,70.72873105965252,92.79751156351358,19.29966978405566,0.20613397556464683,4.997514198588358,5400.21161720658,2.386711199817806,7,3,0,0,37,0.04190906464981497,0.803588385629195,0.0,0.26309974034487354,99.0413999342316,71.26734980887585,0.0069672977697366485,0.5275974025974026,32.101638189242415,205.23391225370733
1956,abundant,70.71910823240736,92.7946950799597,19.27785884280224,0.2101657527888589,4.977012119159488,5401.604717012,2.386966660279584,7,3,0,0,37,0.04122737564955759,0.8055175447419918,0.0,0.26310032488578794,99.04142324982443,71.26750814685737,0.006967055853875152,0.5275974025974026,32.101638189242415,205.18919676883962
1957,abundant,70.70956970786791,92.79217318248251,19.256299037606237,0.20812868255615227,4.946240543040129,5403.076664183776,2.386456231709373,7,3,0,0,37,0.04117013458433085,0.8074467787628168,0.0,0.2631009094242721,99.04144656546497,71.2676664841806,0.006966813946413367,0.5275974025974026,32.101638189242415,205.17994757006574
1958,abundant,70.70014542945376,92.79012794327987,19.23459059421282,0.2058514868047428,4.914020293609058,5404.502833973143,2.3859598510611875,7,3,0,0,37,0.041165746738556,0.8093760159402595,0.0,0.2631014939603259,99.04146987739196,71.26782482084548,0.006966572047350997,0.5275974025974026,32.101638189242415,205.115879061015
1959,abundant,70.69000856958117,92.7888426505328,19.212137134279544,0.20620665145442024,4.881902423992266,5405.8623489530655,2.385474548776954,7,2,0,1,37,0.04191445284592781,0.8113052520530715,0.0,0.2631020784939481,99.04149315137687,71.26798315685173,0.006966330156687757,0.5275974025974026,32.101638189242415,204.94639093804955
1960,abundant,70.68658611020025,92.78575758272845,19.194826612340798,0.20801805034956028,4.864617712989939,5407.194139953768,2.385026376096302,7,2,0,0,38,0.03487946774615912,0.8134498309193962,0.0,0.26310266302513874,99.04151642540943,71.2681414921993,0.006966088274423353,0.5275974025974026,32.101638189242415,205.04663643296288
1961,abundant,70.68392788380952,92.78298639354112,19.17799092793362,0.20926713164625807,4.845051009055011,5408.535287164337,2.3845779661936155,7,2,0,0,38,0.03417759238154061,0.8155143452541932,0.0,0.2631032475538978,99.04153969948962,71.26829982688824,0.006965846400557492,0.5275974025974026,32.101638189242415,205.28779430585755
1962,abundant,70.68130266269273,92.7800583257434,19.161108148613213,0.21118626802623963,4.82802682462499,5409.869737139721,2.384144277896013,7,2,0,0,38,0.034108560482461935,0.8174435805395615,0.0,0.2631038320802254,99.04156297361749,71.26845816091856,0.006965604535089884,0.5275974025974026,32.101638189242415,205.2104588507197
1963,abundant,70.67885762912132,92.77800645878514,19.144357645482806,0.20748283428472564,4.815655538477581,5411.191436039928,2.3837291776345513,7,2,0,0,38,0.034088609113210475,0.8193728358726625,0.0,0.26310441660412137,99.04158624779299,71.26861649429019,0.006965362678020234,0.5275974025974026,32.101638189242415,205.29253324313558
1964,abundant,70.67640541835411,92.77636837569472,19.127819044348016,0.2103126140604277,4.808785032023888,5412.558380699469,2.383322374042634,7,2,0,0,38,0.0340973436926861,0.8213020874343764,0.0,0.26310500112558577,99.04160952201617,71.26877482700317,0.006965120829348256,0.5275974025974026,32.101638189242415,205.1769270362891
1965,abundant,70.67484560265629,92.77521153832501,19.110569647538,0.20916543804438495,4.807856887252783,5414.195782532734,2.3828987276688496,7,1,0,1,38,0.03485683773551496,0.8232304955494627,0.0,0.26310558564461856,99.04163279628698,71.2689331590575,0.006964878989073654,0.5275974025974026,32.101638189242415,205.15848958465364
1966,abundant,70.66631529478111,92.77432854941681,19.09964686387965,0.2096419194625618,4.813607579619274,5415.83850009014,2.3824877355479166,7,1,0,0,39,0.027834004684825792,0.8253916365369326,0.0,0.2631061701612195,99.04165605212746,71.26909149045308,0.00696463715719614,0.5275974025974026,32.101638189242415,205.12024939888815
1967,abundant,70.65691594266517,92.7727826364991,19.089739556028793,0.21548305124754427,4.821202072119137,5417.486157108964,2.3820901551093034,7,1,0,0,39,0.027113279197198865,0.8275535507512053,0.0,0.2631067546753881,99.04167928492554,71.2692498211898,0.006964395333715418,0.5275974025974026,32.101638189242415,205.31318774316773
1968,abundant,70.64746463456953,92.77137598960192,19.07983424355133,0.21527611792799456,4.8297983639264785,5419.133189445696,2.381695239407964,7,1,0,0,39,0.027055357268933218,0.8297155422220872,0.0,0.2631073391871244,99.04170251777121,71.26940815126768,0.006964153518631202,0.5275974025974026,32.101638189242415,205.18541366325934
1969,abundant,70.63793609635775,92.7696851655195,19.070044474560905,0.21978992283648993,4.839940983575426,5420.743415848232,2.3813081253214112,7,1,0,0,39,0.02705248535736643,0.8318775414556558,0.0,0.26310792369642844,99.04172575066448,71.26956648068672,0.006963911711943194,0.5275974025974026,32.101638189242415,205.3772491767948
1970,abundant,70.62839610870681,92.76803174752646,19.060309620285373,0.217993511934578,4.844676239913202,5422.291545416421,2.3809497041457397,7,1,0,0,39,0.02705609720030826,0.8340395414164512,0.0,0.26310850820330006,99.04174898360542,71.26972480944687,0.006963669913651107,0.5275974025974026,32.101638189242415,205.43789147469153
1971,abundant,70.61880656584438,92.76609359611,19.050792299024284,0.219808366015984,4.8453310783104415,5423.83552337065,2.380597425513156,7,1,0,0,39,0.027054265131680133,0.8362015414705871,0.0,0.26310909270773847,99.04177217464341,71.26988313754794,0.006963428123754648,0.5275974025974026,32.101638189242415,205.65453741146212
1972,abundant,70.60926021388367,92.76429380167991,19.0411985570929,0.22102313428392767,4.845835019740342,5425.370910250589,2.3802638377713543,7,1,0,0,39,0.027054994818159338,0.8383635415424393,0.0,0.26310967720974254,99.04179532424317,71.27004146498959,0.0069631863422535255,0.5275974025974026,32.101638189242415,205.24747630139927
1973,abundant,70.59955599787112,92.76200062734813,19.03199982210778,0.22485943693508154,4.8459984887509595,5426.91712380245,2.3799069666769808,7,1,0,0,39,0.027043867084136163,0.8405255416212949,0.0,0.2631102617093122,99.0418184738905,71.2701997917718,0.00696294456914745,0.5275974025974026,32.101638189242415,205.2125757632347
1974,abundant,70.58972901502909,92.75895802744672,19.02340726496818,0.2289320340732105,4.8464671507241235,5428.469165453978,2.3795587751905773,7,1,0,0,39,0.027021183332547417,0.8426875417304179,0.0,0.2631108462064475,99.04184162358538,71.27035811789463,0.0069627028044361265,0.5275974025974026,32.101638189242415,205.39235233218452
1975,abundant,70.57988952274721,92.75606495805192,19.014751349634828,0.22967438041530705,4.847681295573567,5429.984162619487,2.379224348176666,7,1,0,0,39,0.027040298529213518,0.8448495418300773,0.0,0.26311143070114834,99.04186477332783,71.270516443358,0.006962461048119266,0.5275974025974026,32.101638189242415,205.36565961471715
1976,abundant,70.57006228324569,92.75280227065674,19.006495356149287,0.22900462168361835,4.849790550931843,5431.487097783589,2.3789126662546463,7,1,0,0,39,0.027042670776662447,0.8470115419383824,0.0,0.2631120151934149,99.04188792311787,71.27067476816202,0.0069622193001965755,0.5275974025974026,32.101638189242415,205.44836583321413
1977,abundant,70.56020849654023,92.74924526451451,18.99855464565377,0.2306113878600481,4.850923025755553,5432.982906411082,2.378601733347201,7,1,0,0,39,0.027047239135010264,0.8491735420250979,0.0,0.2631125996832471,99.04191107295549,71.27083309230659,0.006961977560667766,0.5275974025974026,32.101638189242415,205.56733586623596
1978,abundant,70.54954272367543,92.74561809400811,18.990454813765655,0.23254869107724888,4.856357771241742,5434.462174012515,2.378297389940642,7,0,0,1,39,0.02781567371572379,0.8513355421672546,0.0,0.2631131841706446,99.04193421672197,71.27099141579168,0.006961735829532543,0.5275974025974026,32.101638189242415,205.38383791572886
1979,abundant,70.5458816066302,92.74194722647516,18.986012858702015,0.2335691764619601,4.859184214885792,5435.943468079029,2.3779955446103958,7,0,0,0,40,0.02078124774015827,0.8537128824742805,0.0,0.26311376865560593,99.04195732538054,71.27114973861687,0.0069614941067906175,0.5275974025974026,32.101638189242415,205.249074963169
1980,abundant,70.54284224579484,92.73818023568478,18.981928098455143,0.23962768286109365,4.8615536769207015,5437.410346165474,2.3776849113062424,7,0,0,0,40,0.020077792535195742,0.8560909966199473,0.0,0.26311435313813103,99.04198043408662,71.27130806078213,0.006961252392441697,0.5275974025974026,32.101638189242415,205.39689479840143
1981,abundant,70.53984760399183,92.73434128098731,18.977836071605367,0.24321836728943771,4.863714448157135,5438.856549467135,2.3773709340350853,7,0,0,0,40,0.020007484365716498,0.8584691881889464,0.0,0.26311493761822,99.04200354284025,71.27146638228753,0.006961010686485489,0.5275974025974026,32.101638189242415,205.61707122783318
1982,abundant,70.53684094648665,92.73054436557253,18.97372029192676,0.24214341981197715,4.865073225992514,5440.344532051262,2.377057759501446,7,0,0,0,40,0.020000350897949444,0.8608473874678306,0.0,0.2631155220958728,99.0420266516414,71.27162470313301,0.006960768988921705,0.5275974025974026,32.101638189242415,205.45697688326428
1983,abundant,70.53383395015786,92.72665744937942,18.969575822928306,0.24571625197374777,4.866700581834749,5441.8099163794395,2.3767759218255096,7,0,0,0,40,0.019999680078650696,0.8632255875279086,0.0,0.2631161065710894,99.04204976049004,71.27178302331858,0.0069605272997500505,0.5275974025974026,32.101638189242415,205.6253792394653
1984,abundant,70.53078147698788,92.72274742086944,18.96541280196902,0.24802798097613277,4.868520403589384,5443.268906132576,2.3764705300834787,7,0,0,0,40,0.019999477933602804,0.8656037876977567,0.0,0.2631166910438698,99.04207286938623,71.27194134284424,0.0069602856189702345,0.5275974025974026,32.101638189242415,205.5523109655694
1985,abundant,70.52775407220665,92.71889058906557,18.961233834934742,0.24516272071777312,4.870572426675142,5444.720187950385,2.3761693723885036,7,0,0,0,40,0.01999944347460319,0.8679819879261339,0.0,0.26311727551421404,99.04209597832993,71.27209966171002,0.006960043946581969,0.5275974025974026,32.101638189242415,205.71378866779614
1986,abundant,70.52472275927238,92.71502666077785,18.957038105444962,0.24555859094293803,4.87283028390537,5446.102354409781,2.3758762651626637,7,0,0,0,40,0.019999634072407298,0.8703601879929377,0.0,0.26311785998212206,99.04211908732114,71.27225797991588,0.006959802282584957,0.5275974025974026,32.101638189242415,205.9449516099145
1987,abundant,70.52166673196771,92.71115027421507,18.95286221764553,0.2468124022199374,4.875313088771508,5447.483265985888,2.3755870065827596,7,0,0,0,40,0.01999977017438202,0.8727383880536855,0.0,0.26311844444759386,99.04214219635989,71.27241629746182,0.006959560626978913,0.5275974025974026,32.101638189242415,205.79037706142563
1988,abundant,70.51855826693222,92.70729899893378,18.948682838616115,0.24746922995752746,4.877814427394876,5448.816749179248,2.375303414112591,7,0,0,0,40,0.019999551603035785,0.8751008859109998,0.0,0.2631190289106295,99.04216530544613,71.27257461434786,0.006959318979763543,0.5275974025974026,32.101638189242415,205.64624025284735
1989,abundant,70.5154093965414,92.70350367776571,18.944547259467285,0.2465785745150305,4.879972365054868,5450.156685610527,2.3750154103443957,7,0,0,0,40,0.01999960737988323,0.8771846415929897,0.0,0.26311961337122886,99.0421884145799,71.27273293057398,0.0069590773409385544,0.5275974025974026,32.101638189242415,205.87982270381212
1990,abundant,70.51228036495999,92.69975488766976,18.94035977562015,0.2441599267942647,4.88251002216703,5451.473013375617,2.3747511674902655,7,0,0,0,40,0.019999592685254496,0.8791304416653863,0.0,0.2631201978293921,99.04221152376117,71.27289124614022,0.006958835710503658,0.5275974025974026,32.101638189242415,206.01206103254498
1991,abundant,70.5091829834871,92.69600141967251,18.93617565874022,0.24333244496259618,4.885368440046409,5452.757152714745,2.37449346077246,7,0,0,0,40,0.0199996371527522,0.8810762417198645,0.0,0.2631207822851191,99.04223463298997,71.27304956104653,0.006958594088458561,0.5275974025974026,32.101638189242415,206.27723468497953
1992,abundant,70.5060688840647,92.69222800095363,18.93194795994448,0.2446256901022519,4.888512338619697,5454.114182603713,2.3742073565532955,7,0,0,0,40,0.01999963119144761,0.8830220417666673,0.0,0.26312136673840986,99.04225774226624,71.27320787529293,0.006958352474802972,0.5275974025974026,32.101638189242415,206.6776763033964
1993,abundant,70.50292272534861,92.68842484837236,18.927745986320907,0.24679538794979353,4.891956334272708,5455.548119585354,2.373879922844969,7,0,0,0,40,0.019999686769524745,0.8849678418146631,0.0,0.2631219511892644,99.04228085159005,71.27336618887941,0.006958110869536603,0.5275974025974026,32.101638189242415,206.61078262558954
1994,abundant,70.49978313722625,92.6846009546166,18.923579348940468,0.24738547674456085,4.895546523139487,5456.987416959531,2.3735448879134164,7,0,0,0,40,0.01999955114137868,0.8869136418581173,0.0,0.26312253563768273,99.04230396096135,71.27352450180598,0.0069578692726591585,0.5275974025974026,32.101638189242415,206.6959804990078
1995,abundant,70.49668461209939,92.68078755023456,18.91938826745892,0.24568059831149752,4.899478712447429,5458.354949266621,2.373222709844507,7,0,0,0,40,0.01999961082254684,0.8888594419087162,0.0,0.26312312008366484,99.04232707038014,71.27368281407264,0.006957627684170348,0.5275974025974026,32.101638189242415,206.95511199797312
1996,abundant,70.49358974792254,92.67698687584745,18.915209710013606,0.24507310218720826,4.902746763752144,5459.704342925117,2.372878815939521,7,0,0,0,40,0.019999671251384948,0.8908052419659447,0.0,0.2631237045272107,99.04235017984648,71.27384112567937,0.0069573861040698815,0.5275974025974026,32.101638189242415,206.97296344936404
1997,abundant,70.49050557100271,92.67318972769182,18.911021382685796,0.24459773415327185,4.906240774531257,5461.0194130830205,2.3725552264821625,7,0,0,0,40,0.019999790491320984,0.8927510420145314,0.0,0.26312428896832035,99.04237328936026,71.2739994366262,0.006957144532357467,0.5275974025974026,32.101638189242415,206.94037848973358
1998,abundant,70.48742731975139,92.66931490925732,18.906796225089,0.247440983577634,4.909856284723515,5462.258237304053,2.3722615257003095,7,0,0,0,40,0.019999528519288844,0.8946968421462792,0.0,0.26312487340699375,99.04239639892157,71.27415774691312,0.006956902969032815,0.5275974025974026,32.101638189242415,207.16574095382526
1999,abundant,70.48431872947508,92.66542631469692,18.90258075236435,0.24892250336745136,4.91371100645386,5463.5191605358195,2.37193943564417,7,0,0,0,40,0.019999596526257817,0.8966426421979417,0.0,0.26312545784323094,99.04241950853037,71.27431605654012,0.006956661414095632,0.5275974025974026,32.101638189242415,207.32029381706934
2000,abundant,70.48122089251426,92.66156962728965,18.898300401995822,0.24734430047215894,4.917739069075197,5464.757714644402,2.3716142507100737,7,0,0,0,40,0.019999672820799248,0.8985884422590351,0.0,0.26312604227703196,99.04244261818666,71.2744743655072,0.0069564198675456275,0.5275974025974026,32.101638189242415,207.3017554698418
2001,abundant,70.47808835021331,92.65775452175212,18.89401739164743,0.24682565492093192,4.9220004059145355,5465.994202473048,2.371270109357141,7,0,0,0,40,0.019999601682812375,0.9005342424200903,0.0,0.2631266267083966,99.04246572789046,71.27463267381434,0.00695617832938251,0.5275974025974026,32.101638189242415,207.23613581328522
2002,abundant,70.47498467909556,92.65398234827899,18.88968123440652,0.2442480019465102,4.926358961670098,5467.231335475775,2.370941299976794,7,0,0,0,40,0.01999948035046191,0.9024800424878867,0.0,0.26312721113732507,99.04248883764173,71.27479098146159,0.00695593679960599,0.5275974025974026,32.101638189242415,207.31485072060795
2003,abundant,70.47188794926456,92.6501802662955,18.885408475783084,0.24519290307096386,4.93081190918284,5468.435880195022,2.3706236571352095,7,0,0,0,40,0.019999535385255035,0.9044258425709376,0.0,0.26312779556381727,99.04251194744049,71.2749492884489,0.0069556952782157755,0.5275974025974026,32.101638189242415,207.1810134104964
2004,abundant,70.46877726145019,92.64632076766053,18.8812197026969,0.24785600704557526,4.935340034910985,5469.611972047689,2.3703190214229104,7,0,0,0,40,0.01999963741892217,0.9063716426422666,0.0,0.26312837998787325,99.04253505728676,71.2751075947763,0.0069554537652115715,0.5275974025974026,32.101638189242415,207.02775810221618
2005,abundant,70.46564537386372,92.64240385149425,18.87700111535279,0.25075677321255885,4.939991069404267,5470.724816085774,2.3700436893298336,7,0,0,0,40,0.019999719559502437,0.908317442678575,0.0,0.26312896440949296,99.04255816718049,71.27526590044377,0.006955212260593092,0.5275974025974026,32.101638189242415,207.105266201657
2006,abundant,70.46248422256136,92.63841706977036,18.872754153992,0.2544024565026214,4.94471646517802,5471.813784435071,2.3697681714020673,7,0,0,0,40,0.019999714712794787,0.9102632427481442,0.0,0.2631295488286764,99.04258127712173,71.27542420545132,0.006954970764360044,0.5275974025974026,32.101638189242415,207.33167789983526
2007,abundant,70.45931557070604,92.63451787325033,18.868515420828068,0.2512262779539421,4.949643045069321,5472.915808412843,2.369493256197925,7,0,0,0,40,0.019999453616274525,0.9122090429113928,0.0,0.26313013324542356,99.04260438711042,71.27558250979894,0.006954729276512138,0.5275974025974026,32.101638189242415,207.3268152883611
2008,abundant,70.45615778635536,92.63064556794514,18.864282182309505,0.2498361886371178,4.954343842109231,5474.040128153152,2.369220335102168,7,0,0,0,40,0.019999693935692266,0.9141548429779354,0.0,0.2631307176597345,99.04262749714661,71.27574081348665,0.006954487797049078,0.5275974025974026,32.101638189242415,207.18577646693493
2009,abundant,70.45298082206158,92.62672775832671,18.860040674698574,0.2522050067286908,4.958954507138997,5475.129725737366,2.3689454717008585,7,0,0,0,40,0.01999970508251549,0.9161006430679031,0.0,0.2631313020716092,99.04265060723027,71.27589911651442,0.006954246325970578,0.5275974025974026,32.101638189242415,207.0443706362205
2010,abundant,70.44981680833314,92.6227980519745,18.855820869585855,0.25226037785186595,4.962887034407381,5476.255093566149,2.3686453698809475,7,0,0,0,40,0.01999963939707295,0.918046443136235,0.0,0.26313188648104757,99.04267371736144,71.27605741888227,0.0069540048632763425,0.5275974025974026,32.101638189242415,206.99526051940052
2011,abundant,70.44668159516075,92.6188053983357,18.851610248967862,0.2538293637569372,4.96661983278356,5477.3296423803695,2.3683640547398848,7,0,0,0,40,0.01999972992627928,0.9199922431922299,0.0,0.26313247088804964,99.04269682754008,71.2762157205902,0.006953763408966086,0.5275974025974026,32.101638189242415,207.08123939360206
2012,abundant,70.44351898441256,92.61475373623746,18.847368154437913,0.25700272517315126,4.970320633262307,5478.387270895157,2.368099408335845,7,0,0,0,40,0.01999955365132718,0.9219380432996829,0.0,0.26313305529261555,99.04271993776615,71.2763740216382,0.006953521963039512,0.5275974025974026,32.101638189242415,207.04027623180068
2013,abundant,70.44039619602367,92.61071294713265,18.843136283620616,0.25534758849628186,4.974137735465517,5479.460947866715,2.367842737059531,7,0,0,0,40,0.019999602014191927,0.9238838434452219,0.0,0.26313363969474507,99.04274304803974,71.27653232202626,0.006953280525496333,0.5275974025974026,32.101638189242415,207.21072953739062
2014,abundant,70.43728663111222,92.60663068117546,18.838945103536993,0.25658971372973877,4.978006230680007,5480.543540886574,2.367593775047258,7,0,0,0,40,0.019999714213754023,0.9258296434931959,0.0,0.26313422409443843,99.04276615836078,71.27669062175441,0.006953039096336255,0.5275974025974026,32.101638189242415,207.25781844904813
2015,abundant,70.43418630255829,92.6025137661472,18.83482157129911,0.2576883828888852,4.981829699343285,5481.579825717814,2.367365388402506,7,0,0,0,40,0.019999581718264638,0.9277754436090018,0.0,0.2631348084916954,99.04278926872928,71.27684892082262,0.006952797675558989,0.5275974025974026,32.101638189242415,206.99631642169638
2016,abundant,70.43111651358575,92.59838563649029,18.83072113349766,0.25722833303862713,4.985674691866807,5482.611241704679,2.3671592701849726,7,0,0,0,40,0.019999615637724004,0.9297212436764812,0.0,0.26313539288651616,99.04281237914527,71.27700721923091,0.006952556263164243,0.5275974025974026,32.101638189242415,207.15351550892427
2017,abundant,70.42802632909306,92.59427982295949,18.826591253291166,0.2569492236005253,4.989580205687695,5483.61978658782,2.3669458376277657,7,0,0,0,40,0.01999957134598266,0.9316670437521836,0.0,0.2631359772789006,99.04283548960873,71.27716551697925,0.006952314859151728,0.5275974025974026,32.101638189242415,207.06628725810134
2018,abundant,70.42492582067752,92.59013378696282,18.82246981927874,0.25886600049283126,4.99346933098237,5484.622555476504,2.3667430390486293,7,0,0,0,40,0.019999563560521877,0.9336128439060835,0.0,0.26313656166884863,99.04285860011963,71.27732381406764,0.00695207346352115,0.5275974025974026,32.101638189242415,206.9077413972831
2019,abundant,70.42178733239723,92.58599840936967,18.818410302143462,0.25957576906015567,4.9968825492763544,5485.773512823584,2.366520492035329,7,0,0,0,40,0.019999714497540864,0.9355586439914785,0.0,0.26313714605636057,99.04288171067802,71.27748211049614,0.006951832076272218,0.5275974025974026,32.101638189242415,206.91171185200636
2020,abundant,70.41866869690844,92.58182939383649,18.814394914824174,0.26032247664252,5.0003823204481055,5486.893319132258,2.366290085303302,7,0,0,0,40,0.019999668529496622,0.937504444083093,0.0,0.2631377304414361,99.04290482128387,71.27764040626468,0.006951590697404645,0.5275974025974026,32.101638189242415,206.9116342700218
2021,abundant,70.41548071410242,92.57763736394074,18.810382219888066,0.26333629576349593,5.0037493072300405,5487.996379148914,2.3660511563823445,7,0,0,0,40,0.019999593475593734,0.93945024415606,0.0,0.26313831482407535,99.04292793193716,71.2777987013733,0.0069513493269181366,0.5275974025974026,32.101638189242415,206.8909720709443
2022,abundant,70.41225721381099,92.57336587459893,18.806421809860936,0.2675738328905497,5.007045860099173,5489.103463498785,2.3657973502281777,7,0,0,0,40,0.019999512466991325,0.9413960442033156,0.0,0.2631388992042783,99.04295104263791,71.27795699582197,0.006951107964812401,0.5275974025974026,32.101638189242415,206.9313133496368
2023,abundant,70.40904253053704,92.56908645505962,18.802510835716447,0.2676219165470619,5.0103784440846395,5490.193408363397,2.3655608510116966,7,0,0,0,40,0.019999687742588205,0.943254749183151,0.0,0.263139483582045,99.04297415338613,71.27811528961072,0.006950866611087149,0.5275974025974026,32.101638189242415,206.92095736512297
2024,abundant,70.40577806189079,92.5648008385282,18.79861430567193,0.2693721849281344,5.013654882764096,5491.279708543225,2.365312475921585,7,0,0,0,40,0.019999701894723304,0.9447681492375317,0.0,0.2631400679573753,99.04299726418179,71.27827358273953,0.006950625265742089,0.5275974025974026,32.101638189242415,206.6612237194816
2025,abundant,70.40257008848349,92.56049375015223,18.794776682666257,0.26853020205815453,5.0169879542080835,5492.396375921868,2.3650259476846656,7,0,0,0,40,0.019999645778485675,0.9462815492779587,0.0,0.2631406523302693,99.04302037502491,71.27843187520838,0.0069503839287769304,0.5275974025974026,32.101638189242415,206.7186920953014
2026,abundant,70.39933191568235,92.5562124282328,18.79091790643394,0.2684041829965104,5.020849883427418,5493.535828450076,2.3647256675759225,7,0,0,0,40,0.01999965957271412,0.947794949424859,0.0,0.263141236700727,99.0430434859155,71.2785901670173,0.006950142600191383,0.5275974025974026,32.101638189242415,206.714030126358
2027,abundant,70.39608089983702,92.55193110210466,18.78709401479505,0.26879454774043454,5.02508057339722,5494.695444339432,2.3644231090899805,7,0,0,0,40,0.01999960413626354,0.949308349550899,0.0,0.2631418210687484,99.0430665968535,71.27874845816629,0.006949901279985152,0.5275974025974026,32.101638189242415,206.9748153485055
2028,abundant,70.39279712496659,92.54757606224277,18.783286203905632,0.2727193898131747,5.029456506754811,5495.823457629791,2.364130441086749,7,0,0,0,40,0.019999663006683384,0.9508217496337246,0.0,0.2631424054343335,99.04308970783899,71.27890674865534,0.006949659968157952,0.5275974025974026,32.101638189242415,206.8854265337045
2029,abundant,70.38950323209676,92.54327696827623,18.779510303249104,0.2708028571395384,5.0338980590550975,5496.960393485155,2.3638409781119685,7,0,0,0,40,0.01999962390384933,0.952335149700924,0.0,0.2631429897974822,99.04311281887192,71.27906503848445,0.0069494186647094894,0.5275974025974026,32.101638189242415,206.80043323925133
2030,abundant,70.38619397458054,92.53893004015049,18.775738055616397,0.27316714403740294,5.038395958535629,5498.067635724365,2.363573994809334,7,0,0,0,40,0.019999660095538878,0.9538485497434234,0.0,0.2631435741581946,99.04313592995227,71.27922332765361,0.006949177369639473,0.5275974025974026,32.101638189242415,206.9417156296855
2031,abundant,70.38292328351005,92.53451557080818,18.77197683017622,0.2747082818239936,5.0429629127315785,5499.215919314385,2.3633196299086117,7,0,0,0,40,0.01999973268379837,0.9553619497757561,0.0,0.26314415851647066,99.04315904108007,71.27938161616282,0.006948936082947611,0.5275974025974026,32.101638189242415,207.09702577963463
2032,abundant,70.37960075031215,92.5300902152866,18.768240542330716,0.2766918327080227,5.047529325755685,5500.369298445148,2.3630490621632987,7,0,0,0,40,0.01999964076524833,0.9567971049442893,0.0,0.26314474287231043,99.04318215225531,71.2795399040121,0.006948694804633614,0.5275974025974026,32.101638189242415,207.100923741006
2033,abundant,70.37626218707808,92.52559748083746,18.764570616245912,0.2798730364553231,5.051503439059173,5501.518209842994,2.362771092979128,7,0,0,0,40,0.019999753914200356,0.9580943049913033,0.0,0.2631453272257139,99.043205263478,71.27969819120143,0.006948453534697192,0.5275974025974026,32.101638189242415,207.09307765786858
2034,abundant,70.37292581470062,92.52102228100213,18.760968446078458,0.2831266771133252,5.0552871430735165,5502.803432021061,2.3624670165886714,7,0,0,0,40,0.01999968909379347,0.9593915050963737,0.0,0.26314591157668094,99.04322837474814,71.27985647773082,0.006948212273138052,0.5275974025974026,32.101638189242415,207.24290582882622
2035,abundant,70.36958148426342,92.51637661080622,18.757415242398018,0.28621661673852405,5.058060811031185,5504.09991360069,2.362160478532975,7,0,0,0,40,0.01999968049472518,0.9606887051763874,0.0,0.26314649592521167,99.04325148606571,71.28001476360026,0.006947971019955904,0.5275974025974026,32.101638189242415,207.17822914350145
2036,abundant,70.36623969187016,92.51169256914511,18.753901195378393,0.2877016303536526,5.060403497541881,5505.377801439401,2.361868555822277,7,0,0,0,40,0.019999730213870717,0.9619859052358409,0.0,0.26314708027130607,99.04327459743072,71.28017304880976,0.006947729775150459,0.5275974025974026,32.101638189242415,206.92389795729724
2037,abundant,70.3629152673416,92.50699159010969,18.750404470277044,0.28788857934145184,5.062904227776798,5506.706561065679,2.3615617858511424,7,0,0,0,40,0.019999657102078797,0.9632831052776936,0.0,0.26314766461496414,99.04329770884314,71.28033133335931,0.006947488538721422,0.5275974025974026,32.101638189242415,207.05433636499924
2038,abundant,70.35955550874195,92.50231044081349,18.746944540156065,0.2881077466805915,5.065672198550864,5508.048929513105,2.3612542857835717,7,0,0,0,40,0.019999576361537007,0.9645803053695209,0.0,0.2631482489561858,99.04332082030301,71.2804896172489,0.006947247310668506,0.5275974025974026,32.101638189242415,206.76333210947843
2039,abundant,70.3561860156095,92.49763752964172,18.743431948049896,0.28805403775965516,5.068640536970458,5509.388450584636,2.3609590445058384,7,0,0,0,40,0.019999645681538558,0.9658775054313751,0.0,0.26314883329497113,99.04334393181028,71.28064790047856,0.006947006090991416,0.5275974025974026,32.101638189242415,206.72306873932422
2040,abundant,70.35287106354397,92.49295560298397,18.739935551964063,0.2868316226545722,5.071850678971021,5510.673937475127,2.3606951728727696,7,0,0,0,40,0.019999626701341273,0.9671747054869172,0.0,0.2631494176313201,99.04336704336502,71.28080618304826,0.006946764879689867,0.5275974025974026,32.101638189242415,206.4234607134381
2041,abundant,70.34948034408714,92.48830877312143,18.736461639560144,0.2876280839118547,5.075423949838241,5511.921709204813,2.360446705191738,7,0,0,0,40,0.019999627571239804,0.9683936594564097,0.0,0.26315000196523275,99.04339015496716,71.280964464958,0.006946523676763562,0.5275974025974026,32.101638189242415,206.251686005625
2042,abundant,70.34607324433975,92.48363190780573,18.733001562086258,0.2893203364861354,5.078916896959699,5513.154856478792,2.360201598493442,7,0,0,0,40,0.01999971511988304,0.9694746595227892,0.0,0.26315058629670907,99.04341326661677,71.28112274620781,0.006946282482212217,0.5275974025974026,32.101638189242415,206.0605432891056
2043,abundant,70.34267157332025,92.47898585506343,18.72953648866365,0.28791621489119573,5.082465296011465,5514.397680965485,2.3599507827277804,7,0,0,0,40,0.019999673030830698,0.9705556595488389,0.0,0.26315117062574894,99.04343637831377,71.28128102679764,0.0069460412960355355,0.5275974025974026,32.101638189242415,205.98090835232
2044,abundant,70.33926026403543,92.47427846092074,18.726107453011146,0.29068158460944626,5.086315759905499,5515.624758535967,2.3597036036414587,7,0,0,0,40,0.019999585700434495,0.9716366595688936,0.0,0.26315175495235243,99.0434594900582,71.28143930672753,0.006945800118233227,0.5275974025974026,32.101638189242415,214.9755021812281
2045,abundant,70.3358765246445,92.46959923631941,18.722680219869996,0.28873017777054366,5.0904547385095285,5516.815084493341,2.3594668154303746,7,0,0,0,40,0.01999961847713215,0.9727176596416338,0.0,0.26315233927651965,99.04348260185,71.28159758599749,0.006945558948805004,0.5275974025974026,32.101638189242415,206.33204202290125
2046,abundant,70.33249357420206,92.46481474926547,18.71930016028749,0.29299447126468575,5.0948986914516095,5518.007215911166,2.3592334786707845,7,0,0,0,40,0.019999553535201338,0.9737986596926167,0.0,0.2631529235982492,99.04350570192139,71.28175586460715,0.006945317787750575,0.5275974025974026,32.101638189242415,215.64691742294326
2047,abundant,70.32908437901116,92.46004286786072,18.715966268455748,0.2932367465876192,5.09950766137559,5519.208463099476,2.3590075118582154,7,0,0,0,40,0.019999595489296234,0.9748796597605551,0.0,0.2631535079175382,99.04352877283611,71.2819141425557,0.006945076635069646,0.5275974025974026,32.101638189242415,206.4571393606489
2048,abundant,70.32569157448461,92.45520351755356,18.712587918614993,0.2955148822902638,5.103790685180921,5520.343726240895,2.35881065587928,7,0,0,0,40,0.019999601508919714,0.9759606598558325,0.0,0.2631540922343866,99.0435518437982,71.28207241984316,0.00694483549076193,0.5275974025974026,32.101638189242415,206.76757611994623
2049,abundant,70.32228671168946,92.4503809795761,18.70920880489756,0.29517302062176615,5.107765306009335,5521.45208328031,2.35862919045769,7,0,0,0,40,0.01999966858848696,0.9770416599207795,0.0,0.2631546765487944,99.04357491025219,71.28223069646951,0.0069445943548271365,0.5275974025974026,32.101638189242415,206.94895770051434
2050,abundant,70.31881105545132,92.44550184270138,18.705835047833922,0.2995317007377458,5.111894543351946,5522.590608319631,2.358450971469769,7,0,0,0,40,0.019999596302929648,0.9781226599998458,0.0,0.26315526086076096,99.04359793945349,71.28238897243462,0.006944353227264971,0.5275974025974026,32.101638189242415,206.9848847978332
2051,abundant,70.31535825458522,92.44057910190242,18.702499624418103,0.30065139238066935,5.116089984820158,5523.751157620165,2.358264184080021,7,0,0,0,40,0.019999626079992467,0.9792036600401337,0.0,0.26315584517028606,99.04362095844537,71.28254724773838,0.006944112108075144,0.5275974025974026,32.101638189242415,206.9069403258371
2052,abundant,70.31194323336783,92.43564392263423,18.699135502755333,0.3000812880635777,5.120341229305931,5524.887972200158,2.3580883643063832,7,0,0,0,40,0.019999702153263604,0.9802846600726014,0.0,0.26315642947736906,99.04364394626532,71.28270552238062,0.006943870997257368,0.5275974025974026,32.101638189242415,207.2241039711665
2053,abundant,70.30848360625647,92.43070434804508,18.695814254721427,0.3015386634789176,5.124562427061316,5526.0258745634965,2.35790741485468,7,0,0,0,40,0.019999640933022988,0.9812874110845502,0.0,0.2631570137820099,99.04366693413259,71.28286379636137,0.00694362989481135,0.5275974025974026,32.101638189242415,207.1289818475321
2054,abundant,70.30504516132383,92.4257949158956,18.692530950505773,0.29969353876055793,5.1286606896741365,5527.126914387802,2.3577187930821664,7,0,0,0,40,0.01999963000021736,0.9821522111096442,0.0,0.26315759808420874,99.04368992204718,71.28302206968061,0.006943388800736797,0.5275974025974026,32.101638189242415,207.13988014768037
2055,abundant,70.30159830216209,92.42093895587666,18.68927554481336,0.2977506927380385,5.131968580760169,5528.255717320109,2.3575452584393286,7,0,0,0,40,0.01999968309230745,0.9830170111158537,0.0,0.2631581823839653,99.04371291000908,71.28318034233831,0.0069431477150334224,0.5275974025974026,32.101638189242415,207.25330988069686
2056,abundant,70.29812320718443,92.41602294807726,18.686009713145673,0.3010215192097933,5.134739367951222,5529.452192249635,2.357353788639196,7,0,0,0,40,0.019999510567009587,0.9838818112301432,0.0,0.26315876668127985,99.0437358980183,71.28333861433454,0.006942906637700934,0.5275974025974026,32.101638189242415,207.20162899813914
2057,abundant,70.29462164670034,92.4110236351604,18.68278181075318,0.3051880271940416,5.137613432761082,5530.6760145898115,2.357144999128213,7,0,0,0,40,0.01999966689600155,0.9847466112658603,0.0,0.2631593509761523,99.04375888607483,71.28349688566924,0.006942665568739039,0.5275974025974026,32.101638189242415,207.16910378798684
2058,abundant,70.29110873457078,92.40605270769935,18.679574257988556,0.3043596976626522,5.140662898854285,5531.864035274426,2.356927441221371,7,0,0,0,40,0.019999371696013502,0.9856114113337695,0.0,0.2631599352685826,99.04378187417868,71.28365515634243,0.00694242450814745,0.5275974025974026,32.101638189242415,207.31266122191155
2059,abundant,70.2875560448287,92.40112975235061,18.676395294609897,0.3035659513019395,5.1438690095025565,5532.998521269874,2.3567114089512544,7,0,0,0,40,0.01999949951423144,0.9864762113501208,0.0,0.26316051955857084,99.04380486232982,71.28381342635413,0.006942183455925877,0.5275974025974026,32.101638189242415,207.19910329922058
2060,abundant,70.28401603381572,92.39618358274979,18.67324459039695,0.30412594061260195,5.147176380005502,5534.122236230163,2.3565130155183613,7,0,0,0,40,0.019999758691374027,0.987341011364995,0.0,0.26316110384611685,99.04382785052829,71.28397169570428,0.006941942412074026,0.5275974025974026,32.101638189242415,207.17608072052388
2061,abundant,70.28045520198239,92.39123123841452,18.670110896908135,0.30498823045659995,5.150684025158457,5535.288919223305,2.3562937789938103,7,0,0,0,40,0.019999675868704003,0.9881275610148335,0.0,0.26316168813122076,99.04385083877403,71.28412996439293,0.0069417013765916075,0.5275974025974026,32.101638189242415,207.13028752327727
2062,abundant,70.27691896388383,92.38623220378,18.667033051434046,0.3061705910511223,5.154290940038434,5536.411702990845,2.3560793213600193,7,0,0,0,40,0.01999963579839297,0.9887761610503037,0.0,0.2631622724138825,99.04387382706712,71.28428823242005,0.006941460349478332,0.5275974025974026,32.101638189242415,207.29183804650697
2063,abundant,70.27333378072572,92.38125556581718,18.66393822806843,0.3066843714123962,5.158094339034008,5537.50512538377,2.355872957481808,7,0,0,0,40,0.019999707063020344,0.9894247610761262,0.0,0.26316285669410217,99.04389681540748,71.28444649978569,0.0069412193307339075,0.5275974025974026,32.101638189242415,207.18203605978107
2064,abundant,70.2697533616984,92.37623565876434,18.66082436789942,0.30830174598503735,5.1620784682452605,5538.593874267721,2.355671285115891,7,0,0,0,40,0.019999739073250502,0.9900733610869527,0.0,0.2631634409718797,99.04391980379519,71.2846047664898,0.006940978320358046,0.5275974025974026,32.101638189242415,207.2670430075619
2065,abundant,70.26622871727955,92.37128241962941,18.657743630626094,0.30397067419601265,5.1663201216645325,5539.659854777572,2.3554960629635215,7,0,0,0,40,0.019999356040978217,0.990721961134166,0.0,0.26316402524721505,99.04394279223014,71.28476303253238,0.006940737318350453,0.5275974025974026,32.101638189242415,207.46404586050494
2066,abundant,70.2626856916836,92.36630197299137,18.65470738897247,0.30560867264747643,5.170871297350052,5540.714385573305,2.355312730668826,7,0,0,0,40,0.01999967991624855,0.991370561165611,0.0,0.26316460952010823,99.04396578071241,71.28492129791344,0.006940496324710841,0.5275974025974026,32.101638189242415,207.5185046781365
2067,abundant,70.2591324614809,92.36130995537897,18.65159929673024,0.30637742092617637,5.175570600806554,5541.744179681096,2.3551579009962933,7,0,0,0,40,0.01999950133907376,0.9920191612009454,0.0,0.26316519379055936,99.04398876924199,71.285079562633,0.0069402553394389156,0.5275974025974026,32.101638189242415,207.71212623852452
2068,abundant,70.25554516834276,92.35621183329593,18.64854484937187,0.31168940598134515,5.180662541748802,5542.791390295213,2.3549896787279296,7,0,0,0,40,0.01999957556228745,0.9926677612287541,0.0,0.2631657780585683,99.04401175781888,71.28523782669104,0.0069400143625343936,0.5275974025974026,32.101638189242415,207.7025412761655
2069,abundant,70.25193310326786,92.35104820033018,18.64551107447654,0.3150867970637525,5.185147983102443,5543.818261517321,2.3548319472584356,7,0,0,0,40,0.019999712319632976,0.9933163612797123,0.0,0.26316636232413476,99.04403473951025,71.28539609008747,0.006939773393996978,0.5275974025974026,32.101638189242415,207.67782608405346
2070,abundant,70.24838131920416,92.34583632612281,18.642536979537546,0.31536008091224477,5.18881734550699,5544.849021504982,2.3546653103562436,7,0,0,0,40,0.01999970766373113,0.9938866911006073,0.0,0.2631669465872576,99.04405768690067,71.28555435282198,0.006939532433826379,0.5275974025974026,32.101638189242415,208.0005810652889
2071,abundant,70.24484742328342,92.34054062328171,18.63958921312078,0.31833132807442754,5.192812687947788,5545.8300184876825,2.354527433600007,7,0,0,0,40,0.019999486034268963,0.9943190911607738,0.0,0.2631675308479366,99.04408063433834,71.28571261489452,0.006939291482022308,0.5275974025974026,32.101638189242415,208.0429058833738
2072,abundant,70.24127476165481,92.33515320520095,18.63663575501588,0.32322384420033073,5.197132610105344,5546.766268898653,2.3543906042029725,7,0,0,0,40,0.019999623333890448,0.9947514911672908,0.0,0.2631681151061719,99.04410358182328,71.2858708763051,0.006939050538584476,0.5275974025974026,32.101638189242415,208.14789313764018
2073,abundant,70.23769253648742,92.3297348155329,18.633725901154843,0.3247789864779631,5.201684365000757,5547.664001597968,2.354272946743456,7,0,0,0,40,0.01999965842725691,0.9951838911950862,0.0,0.2631686993619635,99.04412652935548,71.28602913705376,0.006938809603512588,0.5275974025974026,32.101638189242415,208.0242393016813
2074,abundant,70.23416381232569,92.32427548011752,18.63088049490525,0.32502840765942137,5.2054879754078325,5548.526865237007,2.3541567762570423,7,0,0,0,40,0.019999621186372933,0.9956162912237396,0.0,0.26316928361531133,99.04414947693489,71.28618739714045,0.006938568676806357,0.5275974025974026,32.101638189242415,208.2324330144758
2075,abundant,70.23064164792615,92.31873273762756,18.62811555110864,0.32836397655061456,5.209546558365611,5549.369568497656,2.3540487436752624,7,0,0,0,40,0.019999565728773712,0.9959704455724125,0.0,0.26316986786621543,99.0441724245616,71.2863456565652,0.006938327758465489,0.5275974025974026,32.101638189242415,208.15690556374722
2076,abundant,70.22712843475608,92.31311719377733,18.625359869052758,0.33120398793712486,5.213774912163475,5550.230632729166,2.353928813845938,7,0,0,0,40,0.01999967215984078,0.996186645574714,0.0,0.2631704521146758,99.0441953722355,71.28650391532801,0.0069380868484897,0.5275974025974026,32.101638189242415,208.20875721720807
2077,abundant,70.223595754312,92.30755631689001,18.622604890702213,0.3294113918690261,5.218272985784112,5551.120953334197,2.3538004632088008,7,0,0,0,40,0.019999726710366057,0.9964028455779044,0.0,0.26317103636069245,99.0442183199567,71.28666217342887,0.006937845946878691,0.5275974025974026,32.101638189242415,208.1836701387145
2078,abundant,70.22010846262563,92.30206271003637,18.61981015486365,0.32536272896241186,5.2227563688036085,5551.999579713549,2.353672018943818,7,0,0,0,40,0.019999485895279667,0.9966190456077035,0.0,0.2631716206042653,99.0442412677251,71.28682043086776,0.006937605053632179,0.5275974025974026,32.101638189242415,208.26785927926457
2079,abundant,70.21655253454263,92.2964817643039,18.61708827526007,0.3308842699884923,5.226852020932784,5552.895461664157,2.353534977826675,7,0,0,0,40,0.01999956941102272,0.9968352456161419,0.0,0.2631722048453941,99.0442642067896,71.28697868764462,0.006937364168749871,0.5275974025974026,32.101638189242415,207.97074388566048
2080,abundant,70.21293743596588,92.29084591110566,18.61436991165736,0.3347895512539161,5.2312793544712095,5553.783812126538,2.3534032216233585,7,0,0,0,40,0.01999963973286567,0.9970514456169987,0.0,0.26317278908407754,99.04428711328613,71.28713694375908,0.006937123292231474,0.5275974025974026,32.101638189242415,207.86164011089573
2081,abundant,70.20928212107873,92.28516395291686,18.61167097709016,0.3378137709063628,5.236018675502644,5554.6748884240915,2.3532788455572122,7,0,0,0,40,0.019999760793590858,0.9972676456238629,0.0,0.26317337332031426,99.04430998506794,71.2872951992108,0.006936882424076702,0.5275974025974026,32.101638189242415,207.6858117676173
2082,abundant,70.20558290099389,92.2794632801982,18.609010929393285,0.33979618429122277,5.241129082939034,5555.592510710514,2.353174358472891,7,0,0,0,40,0.019999631112354987,0.9974838456321711,0.0,0.2631739575541039,99.0443328499088,71.28745345399965,0.006936641564285261,0.5275974025974026,32.101638189242415,207.6772083804412
2083,abundant,70.20187467848808,92.27374245593177,18.606364193073283,0.34088385100859325,5.246004206679791,5556.502892757802,2.3530875711340866,7,0,0,0,40,0.019999540572841777,0.9977000456553953,0.0,0.26317454178544636,99.04435571479682,71.28761170812562,0.006936400712856863,0.5275974025974026,32.101638189242415,207.75736206503842
2084,abundant,70.19809063240317,92.26804050608906,18.603741272180578,0.3421743697830549,5.250694308364192,5557.430095724332,2.352975547425276,7,0,0,0,40,0.019999530914237982,0.9979162456714276,0.0,0.2631751260143418,99.04437857973203,71.28776996158875,0.006936159869791215,0.5275974025974026,32.101638189242415,207.3833150991405
2085,abundant,70.19431252664673,92.2623368218329,18.60114974253517,0.3420787161030254,5.254500626314266,5558.403499441705,2.3528296061168454,7,0,0,0,40,0.019999652399478825,0.9981324456748204,0.0,0.26317571024079006,99.04440144471441,71.28792821438901,0.00693591903508803,0.5275974025974026,32.101638189242415,207.52026798500205
2086,abundant,70.19050701481608,92.25656261438223,18.598618393133943,0.34578060810491595,5.257998766695036,5559.363619109896,2.352691485254941,7,0,0,0,40,0.019999620320519492,0.9983486456919473,0.0,0.2631762944647908,99.04442428043332,71.2880864665263,0.006935678208747014,0.5275974025974026,32.101638189242415,207.6210110498751
2087,abundant,70.18669874804574,92.25080842919866,18.596102072253665,0.3450158594417546,5.262279698784125,5560.312535383317,2.352572132382286,8,0,0,0,40,0.01999966608464167,0.9985648456941497,0.0,0.26317687868634354,99.04444710402925,71.28824471800047,0.006935437390767882,0.5275974025974026,32.101638189242415,207.72042100210336
2088,abundant,70.18285408812821,92.24511518356782,18.593635363535277,0.34349993628744396,5.267427011795879,5561.30704878733,2.3524425211923314,8,0,0,0,40,0.019999579085872146,0.9987810457068145,0.0,0.2631774629054484,99.04446992767232,71.28840296881158,0.006935196581150336,0.5275974025974026,32.101638189242415,207.30242578471757
2089,abundant,70.17898674600902,92.23937961788579,18.591218863385755,0.34588413315206956,5.273055396063242,5562.2764122677545,2.3523217965151537,8,0,0,0,40,0.019999736187232036,0.9989972457121035,0.0,0.2631780471221055,99.04449275136257,71.28856121895964,0.0069349557798940925,0.5275974025974026,32.101638189242415,207.33789532479537
2090,abundant,70.1751147348509,92.23364023227975,18.588809113910408,0.3461696603607802,5.279311437702084,5563.279799934648,2.352186314954595,8,0,0,0,40,0.01999962748601523,0.9992134457139891,0.0,0.26317863133631464,99.04451557509994,71.28871946844461,0.0069347149869988575,0.5275974025974026,32.101638189242415,207.3932246083162
2091,abundant,70.17122302781016,92.22788893397963,18.586468036331528,0.3472188681236829,5.286698046819367,5564.303123802478,2.3520200982451778,8,0,0,0,40,0.01999960011986452,0.9994296457145181,0.0,0.2631792155480759,99.04453839888447,71.2888777172665,0.006934474202464343,0.5275974025974026,32.101638189242415,207.5377308512397
2092,abundant,70.16733997288587,92.2221052789724,18.584155131156347,0.3483175599581102,5.294947244806904,5565.335079800996,2.3518605254723792,8,0,0,0,40,0.019999733260303115,0.9996458457145947,0.0,0.26317979975738925,99.04456122271613,71.28903596542534,0.006934233426290258,0.5275974025974026,32.101638189242415,207.5925711670534
2093,abundant,70.16342894402781,92.21627278254171,18.581895203705603,0.35112582349578997,5.303795103247542,5566.388178964811,2.3516877211918623,8,0,0,0,40,0.01999964312871168,0.9998620457222771,0.0,0.2631803839642547,99.04458404659496,71.28919421292107,0.00693399265847631,0.5275974025974026,32.101638189242415,207.5037071360248
2094,abundant,70.15947339209053,92.21046051391976,18.579722796240098,0.35153181444462966,5.3124332283795646,5567.405125307163,2.35153686396355,8,0,0,0,40,0.019999621309149295,1.0,0.0,0.26318096816867226,99.0446068705209,71.28935245975376,0.006933751899022209,0.5275974025974026,32.101638189242415,207.1350761399609
2095,abundant,70.15548172992243,92.20464670857284,18.577537509137947,0.3526183909852365,5.320411538212246,5568.42919093433,2.3513715985298558,8,0,0,0,40,0.0199997039903338,1.0,0.0,0.26318155237064195,99.04462969449398,71.28951070592335,0.006933511147927668,0.5275974025974026,32.101638189242415,207.0137546686266
2096,abundant,70.15144858660224,92.19882032514721,18.575404435064748,0.3543101363979184,5.3276406593100445,5569.467216386056,2.3512004561346758,8,0,0,0,40,0.019999691042508462,1.0,0.0,0.2631821365701637,99.04465251851421,71.28966895142987,0.006933270405192396,0.5275974025974026,32.101638189242415,206.97455273432266
2097,abundant,70.14738698169559,92.19300358133756,18.573274627158746,0.3547283851982171,5.333098220620129,5570.525989657937,2.351016737172855,8,0,0,0,40,0.019999734489857195,1.0,0.0,0.2631827207672376,99.04467534258158,71.28982719627331,0.0069330296708161,0.5275974025974026,32.101638189242415,207.02577757162868
2098,abundant,70.1433160492781,92.18717643136281,18.571130266353684,0.35542237440899277,5.3383001332860065,5571.578008201584,2.3508371075103294,8,0,0,0,40,0.019999682897854913,1.0,0.0,0.2631833049618636,99.04469816669607,71.28998544045369,0.00693278894479849,0.5275974025974026,32.101638189242415,207.09342945895688
2099,abundant,70.13922006685281,92.18132214004122,18.568978198255344,0.35725144642675005,5.343569006154173,5572.664690609316,2.3506178094714736,8,0,0,0,40,0.01999959595184352,1.0,0.0,0.2631838891540416,99.04472099085767,71.29014368397097,0.00693254822713928,0.5275974025974026,32.101638189242415,207.08012005966265
2100,abundant,70.13513675612693,92.17551053930427,18.566869990460013,0.3551417100665358,5.348664075224491,5573.768030056031,2.3504161742831093,8,0,0,0,40,0.019999566867671896,1.0,0.0,0.26318447334377176,99.04474381506644,71.29030192682518,0.006932307517838177,0.5275974025974026,32.101638189242415,206.97906769721212
2101,abundant,70.13110843750073,92.16965262756088,18.564741572894995,0.3554725539748044,5.353952799661843,5574.807518989943,2.3502390421787327,8,0,0,0,40,0.019999528597797828,1.0,0.0,0.263185057531054,99.04476663932235,71.2904601690163,0.006932066816894889,0.5275974025974026,32.101638189242415,207.2244498556795
2102,abundant,70.12708918312839,92.16376816848293,18.562666963737986,0.3563130159422487,5.359424204179048,5575.852045938886,2.3500594902867418,8,0,0,0,40,0.01999974983056651,1.0,0.0,0.26318564171588826,99.04478946362532,71.29061841054434,0.006931826124309129,0.5275974025974026,32.101638189242415,207.36759521310842
2103,abundant,70.12304478195779,92.1578817605415,18.56057567766207,0.35710139286177905,5.364952585066296,5576.870089537864,2.3499033291090816,8,0,0,0,40,0.019999605881339515,1.0,0.0,0.2631862258982747,99.04481228797547,71.2907766514093,0.006931585440080603,0.5275974025974026,32.101638189242415,207.13813571823457
2104,abundant,70.1189941036532,92.15198061406296,18.558483109880086,0.35788562758698944,5.370595895368796,5577.875001251436,2.3497504437115517,8,0,0,0,40,0.019999735235718054,1.0,0.0,0.2631868100782124,99.04483508450636,71.29093489161097,0.006931344764209025,0.5275974025974026,32.101638189242415,207.06049903126714
2105,abundant,70.11494481677508,92.14611514469382,18.556382512249012,0.3563779230674416,5.376337099511746,5578.837312854765,2.349606917312556,8,0,0,0,40,0.019999737969046773,1.0,0.0,0.2631873942557012,99.04485786729792,71.2910931311493,0.006931104096694102,0.5275974025974026,32.101638189242415,206.96294955111108
2106,abundant,70.11092661310839,92.14019410018429,18.55430456826171,0.35779458854472546,5.382259883823163,5579.7761063472935,2.3494714429685555,8,0,0,0,40,0.019999646845422492,1.0,0.0,0.263187978430741,99.04488065013656,71.29125137002424,0.006930863437535547,0.5275974025974026,32.101638189242415,207.02057345108443
2107,abundant,70.1068984829845,92.13424070684266,18.55224798228798,0.3594100979062667,5.388339878281167,5580.693434223351,2.349359911625241,8,0,0,0,40,0.019999584959452567,1.0,0.0,0.26318856260333173,99.04490343302231,71.2914096082358,0.006930622786733067,0.5275974025974026,32.101638189242415,206.81816894242456
2108,abundant,70.10281840461359,92.12826489532155,18.550269154384694,0.361797440564956,5.394554753580141,5581.638535221933,2.349218813658163,8,0,0,0,40,0.01999959342369661,1.0,0.0,0.26318914677347355,99.04492621595513,71.291567845784,0.006930382144286372,0.5275974025974026,32.101638189242415,206.83665552935105
2109,abundant,70.09876894594015,92.12229621472326,18.548300968352983,0.36064353764487633,5.40094747582639,5582.586397135754,2.349082728236255,8,0,0,0,40,0.01999969856977217,1.0,0.0,0.2631897309411664,99.04494899893508,71.29172608266883,0.006930141510195171,0.5275974025974026,32.101638189242415,206.99143336766215
2110,abundant,70.09474983891475,92.11628462244013,18.546333550289333,0.3615741132106921,5.407422916463827,5583.529205341052,2.3489468975901335,8,0,0,0,40,0.019999712097782833,1.0,0.0,0.26319031510640667,99.04497174752444,71.29188431888933,0.006929900884459176,0.5275974025974026,32.101638189242415,207.17217077461584
2111,abundant,70.09075137519736,92.11027290533323,18.54435586473146,0.36100569797993276,5.4138704158224344,5584.463236698193,2.348797204311901,8,0,0,0,40,0.019999718355760678,1.0,0.0,0.26319089926919365,99.04499448915617,71.29204255444527,0.006929660267078097,0.5275974025974026,32.101638189242415,198.3440725100548
2112,abundant,70.08675584913905,92.10429352078583,18.54237870357189,0.3595784378480958,5.420516371703752,5585.388599810874,2.3486487123733593,8,0,0,0,40,0.01999972296180433,1.0,0.0,0.2631914834295273,99.045017230835,71.29220078933669,0.006929419658051643,0.5275974025974026,32.101638189242415,198.3788011660444
2113,abundant,70.08276683651829,92.0983109230005,18.54037434225222,0.3595308307667943,5.427285206507004,5586.537761931191,2.348528200868682,8,0,0,0,40,0.019999770264688965,1.0,0.0,0.26319206758740776,99.04503997256087,71.29235902356359,0.006929179057379527,0.5275974025974026,32.101638189242415,198.39888284323314
2114,abundant,70.07871866880951,92.09230921694983,18.538443363500374,0.36197513587701463,5.434200089374507,5588.19652720173,2.3484222040614395,8,0,0,0,40,0.01999973437853103,1.0,0.0,0.2631926517428349,99.04506271433378,71.29251725712594,0.00692893846506145,0.5275974025974026,32.101638189242415,198.15794238133543
2115,abundant,70.0747349240788,92.08621896210698,18.536543983934347,0.3638863993347185,5.441247673036694,5590.131611327521,2.348322896608542,8,0,0,0,40,0.019999467950456568,1.0,0.0,0.26319323589580873,99.04508545615374,71.29267549002375,0.006928697881097131,0.5275974025974026,32.101638189242415,198.3307073252672
2116,abundant,70.07076485900741,92.08009430381544,18.53465835647912,0.36494700825856063,5.448343253130206,5592.3333016431825,2.348244409244468,8,0,0,0,40,0.019999625548967982,1.0,0.0,0.26319382004632924,99.0451081980208,71.29283372225701,0.0069284573054862785,0.5275974025974026,32.101638189242415,198.51516469999473
2117,abundant,70.06680152100591,92.07395120588379,18.532790830297387,0.3655395104283688,5.4554476011409845,5594.531960635475,2.3481699275967225,8,0,0,0,40,0.01999967186073699,1.0,0.0,0.26319440419439655,99.0451309399349,71.29299195382576,0.006928216738228599,0.5275974025974026,32.101638189242415,198.69567929555404
2118,abundant,70.06275106891621,92.06784860616911,18.530916948827826,0.3662332244488327,5.461909994952731,5596.6873463394,2.348095404623516,8,0,0,0,40,0.01999965376285571,1.0,0.0,0.2631949883400105,99.045153681896,71.29315018472995,0.006927976179323804,0.5275974025974026,32.101638189242415,198.58586861437908
2119,abundant,70.05870545452534,92.06171877193265,18.52904246345049,0.3672312838545848,5.468263049687002,5600.242939294545,2.3480133493383564,8,0,0,0,40,0.019999683184900984,1.0,0.0,0.2631955724831711,99.0451764239042,71.29330841496962,0.006927735628771604,0.5275974025974026,32.101638189242415,198.66928603244165
2120,abundant,70.0546267298696,92.05550501864208,18.527244034280166,0.3716439377994743,5.474670054837814,5603.970553108913,2.3479339340063228,8,0,0,0,40,0.019999607524174245,1.0,0.0,0.26319615662387846,99.04519916595943,71.29346664454474,0.0069274950865717095,0.5275974025974026,32.101638189242415,198.7104723470281
2121,abundant,70.05052505895304,92.04926143109853,18.52544145859889,0.3735255498948083,5.481001244366628,5607.702280755366,2.3478688928390885,8,0,0,0,40,0.019999657541756012,1.0,0.0,0.26319674076213256,99.04522190806169,71.29362487345531,0.006927254552723827,0.5275974025974026,32.101638189242415,207.6986460341762
2122,abundant,70.04637152300879,92.04308316098877,18.523593711521436,0.37223542111374264,5.487427301481746,5611.461353130084,2.3477959180283094,8,0,0,0,40,0.019999660255956994,1.0,0.0,0.2631973248979333,99.04524465021105,71.29378310170137,0.006927014027227672,0.5275974025974026,32.101638189242415,198.76720374860696
2123,abundant,70.04218927855304,92.03688874986784,18.52171985338972,0.3737104228136372,5.49349515081665,5615.176913167696,2.347748863385945,8,0,0,0,40,0.01999961726637654,1.0,0.0,0.2631979090312807,99.04526739240738,71.29394132928284,0.00692677351008295,0.5275974025974026,32.101638189242415,198.87569019586627
2124,abundant,70.03796869936203,92.0307189753242,18.519966429148514,0.3737736166544306,5.4993975725910005,5618.8996269535455,2.3477087723391024,8,0,0,0,40,0.01999949255036098,1.0,0.0,0.2631984931621748,99.04529013465081,71.29409955619978,0.006926533001289376,0.5275974025974026,32.101638189242415,198.82198825299056
2125,abundant,70.03372282168094,92.02449936939846,18.518201056769502,0.37654148610814886,5.5053330190861,5622.614831136116,2.3476848954719296,8,0,0,0,40,0.019999659754449776,1.0,0.0,0.26319907729061565,99.04531287694125,71.2942577824522,0.006926292500846654,0.5275974025974026,32.101638189242415,199.0250543879361
2126,abundant,70.02946518519488,92.01830239473807,18.516460901465333,0.3759424864377395,5.5114229429818575,5626.393931036811,2.347646613392036,8,0,0,0,40,0.01999947926814159,1.0,0.0,0.2631996614166031,99.04533561927872,71.29441600804006,0.006926052008754497,0.5275974025974026,32.101638189242415,199.27572609735975
2127,abundant,70.02514604152204,92.01218225427994,18.514722348432223,0.37454808405203494,5.517341191982388,5630.129915616846,2.347625079338068,8,0,0,0,40,0.019999517715918753,1.0,0.0,0.26320024554013727,99.04535836166325,71.29457423296338,0.006925811525012615,0.5275974025974026,32.101638189242415,199.24426385927708
2128,abundant,70.02079099089532,92.00600123713359,18.51299275342667,0.37806945951986,5.523256839283088,5633.904063618382,2.34758669293227,8,0,0,0,40,0.019999553899196863,1.0,0.0,0.2632008296612181,99.04538110409479,71.29473245722215,0.006925571049620719,0.5275974025974026,32.101638189242415,199.2952922308174
2129,abundant,70.01646106825169,91.99983212599925,18.511255761616574,0.37685564756237805,5.52928691549607,5637.659122916277,2.3475745416542835,8,0,0,0,40,0.019999662818177714,1.0,0.0,0.26320141377984557,99.0454038465734,71.29489068081637,0.006925330582578516,0.5275974025974026,32.101638189242415,199.54277660129324
2130,abundant,70.01214628295523,91.99363108715022,18.509556119859525,0.37773186315443047,5.535347551246185,5641.393553537233,2.3475616950695843,8,0,0,0,40,0.019999578966770258,1.0,0.0,0.2632019978960197,99.04542658909898,71.29504890374602,0.00692509012388572,0.5275974025974026,32.101638189242415,199.56382793383924
2131,abundant,70.00787613490643,91.9874273902411,18.50782865712684,0.3765713976972187,5.541406876273436,5645.095283872079,2.34756382804105,8,0,0,0,40,0.019999710042442876,1.0,0.0,0.2632025820097406,99.04544933167163,71.29520712601118,0.006924849673542039,0.5275974025974026,32.101638189242415,199.7249090255071
2132,abundant,70.0035992610618,91.98117364645802,18.50613957698799,0.37882323343986973,5.547483610308232,5648.771570902438,2.3475709342576203,8,0,0,0,40,0.019999724744874117,1.0,0.0,0.2632031661210081,99.04547207429131,71.29536534761174,0.0069246092315471824,0.5275974025974026,32.101638189242415,199.8849305579603
2133,abundant,69.9993378597087,91.97494132071881,18.504499000947096,0.3775043156122685,5.55360482790002,5652.43456782318,2.3475931260067107,8,0,0,0,40,0.01999968182913036,1.0,0.0,0.26320375022982223,99.045494816958,71.29552356854776,0.006924368797900861,0.5275974025974026,32.101638189242415,199.85691752879148
2134,abundant,69.99510522650503,91.96871251019401,18.502885193035564,0.376544847689027,5.559851844475718,5656.140466411438,2.3476036378104195,8,0,0,0,40,0.01999966113566893,1.0,0.0,0.26320433433618307,99.04551755967172,71.29568178881924,0.006924128372602787,0.5275974025974026,32.101638189242415,199.86099852682668
2135,abundant,69.99091797759992,91.96244412836032,18.501281351018452,0.3769200142041208,5.566033967872814,5659.799221111676,2.3476324020476236,8,0,0,0,40,0.019999658892960234,1.0,0.0,0.26320491844009053,99.04554030243247,71.29584000842615,0.00692388795565267,0.5275974025974026,32.101638189242415,199.84434587555535
2136,abundant,69.98672543512491,91.95618733114931,18.499687902587603,0.37658672237337276,5.572209931120392,5663.45741484443,2.3476620941685673,8,0,0,0,40,0.019999665758207337,1.0,0.0,0.2632055025415447,99.04556304524024,71.29599822736853,0.006923647547050213,0.5275974025974026,32.101638189242415,199.79184625087893
2137,abundant,69.98251739346385,91.94989959307699,18.498091075438186,0.3783032190880197,5.578551316196604,5667.136788988382,2.3476816939722367,8,0,0,0,40,0.019999616162124062,1.0,0.0,0.26320608664054546,99.04558578809504,71.29615644564635,0.006923407146795138,0.5275974025974026,32.101638189242415,199.86755910633192
2138,abundant,69.97828554185384,91.94361382687482,18.496509294503944,0.37888264872996946,5.584664027745378,5670.8038483128985,2.3477177864958323,8,0,0,0,40,0.01999968445990512,1.0,0.0,0.26320667073709286,99.04560853099683,71.29631466325961,0.006923166754887145,0.5275974025974026,32.101638189242415,199.8594588435566
2139,abundant,69.974027301274,91.93738195763889,18.494968028439075,0.37739518033988834,5.5906233165541055,5674.502301860935,2.3477315268515797,8,0,0,0,40,0.019999663083156698,1.0,0.0,0.26320725483118695,99.04563127394567,71.29647288020831,0.0069229263713259485,0.5275974025974026,32.101638189242415,199.6686338216819
2140,abundant,69.96977606476366,91.93113864710061,18.49344647019504,0.37766397445370303,5.596563898364494,5678.15681281051,2.3477650072447265,8,0,0,0,40,0.01999977270409515,1.0,0.0,0.26320783892282723,99.04565400142656,71.29663109649236,0.006922685996111262,0.5275974025974026,32.101638189242415,199.51335340503599
2141,abundant,69.96550248765847,91.92486964038974,18.491943469252003,0.37935959157536714,5.602537969394353,5681.801705543181,2.347798422155775,8,0,0,0,40,0.019999648161434194,1.0,0.0,0.2632084230120132,99.04567670291105,71.29678931211157,0.006922445629242791,0.5275974025974026,32.101638189242415,199.4884354179863
2142,abundant,69.96123165952355,91.91861212637107,18.490451085905455,0.3788088516795391,5.608733277851238,5685.435135374601,2.347834459617204,8,0,0,0,40,0.019999584499140074,1.0,0.0,0.26320900709874473,99.04569940444256,71.29694752706595,0.006922205270720246,0.5275974025974026,32.101638189242415,199.57535983279828
2143,abundant,69.9569324397507,91.9123932822898,18.488957166838237,0.3780191391178953,5.614748998877004,5689.032852159198,2.347892272618685,8,0,0,0,40,0.019999676081300564,1.0,0.0,0.26320959118302184,99.04572210602105,71.29710574135548,0.006921964920543339,0.5275974025974026,32.101638189242415,199.50875230032767
2144,abundant,69.95256206687891,91.90623877425722,18.487445161989474,0.3774236073552491,5.62040545462763,5692.696515165106,2.3479400019016534,8,0,0,0,40,0.019999620992252377,1.0,0.0,0.2632101752648446,99.04574480764651,71.29726395498018,0.006921724578711778,0.5275974025974026,32.101638189242415,199.35529474997006
2145,abundant,69.94814369763665,91.90009044509097,18.48601106359579,0.37856813916506155,5.624384939183994,5696.369725708892,2.3479690930713613,8,0,0,0,40,0.01999966674547028,1.0,0.0,0.26321075934421234,99.04576747886253,71.2974221679399,0.006921484245225274,0.5275974025974026,32.101638189242415,199.1577421977347
2146,abundant,69.9437051249607,91.89395567547496,18.484611416716184,0.3786110521632805,5.628539439743641,5700.046866656603,2.3479889603935904,8,0,0,0,40,0.019999648687747926,1.0,0.0,0.26321134342112495,99.04579013882706,71.29758038023456,0.006921243920083538,0.5275974025974026,32.101638189242415,199.09381724512554
2147,abundant,69.93929024600155,91.88780995048262,18.483234138157552,0.3783627914422045,5.632784380857271,5703.6973040634475,2.348010836121394,8,0,0,0,40,0.01999967608226668,1.0,0.0,0.2632119274955825,99.04581279883853,71.2977385918642,0.006921003603286282,0.5275974025974026,32.101638189242415,199.24020209238176
2148,abundant,69.93479577429568,91.88163435960931,18.48187224360127,0.3819067865237826,5.637044760690336,5707.362788137672,2.348029317959398,8,0,0,0,40,0.019999604860140234,1.0,0.0,0.26321251156758485,99.04583545889696,71.2978968028288,0.006920763294833213,0.5275974025974026,32.101638189242415,199.1881095823544
2149,abundant,69.93024585336059,91.87545943453543,18.48050541448028,0.38351514441560114,5.641368349309461,5711.014673189318,2.348065161711315,8,0,0,0,40,0.019999714315078024,1.0,0.0,0.263213095637132,99.04585811900233,71.29805501312836,0.006920522994724045,0.5275974025974026,32.101638189242415,199.12630149436373
2150,abundant,69.92573227026045,91.86919378083132,18.47920099489525,0.38611204155777207,5.645772936166594,5714.659385796978,2.3480826134272474,8,0,0,0,40,0.019999685526023242,1.0,0.0,0.2632136797042241,99.0458807791547,71.29821322276288,0.006920282702958484,0.5275974025974026,32.101638189242415,199.23464942594177
2151,abundant,69.9212206057042,91.8629454399642,18.477915681200624,0.38536069637793596,5.649559999261208,5718.281416092199,2.3481018580166584,8,0,0,0,40,0.019999564170543143,1.0,0.0,0.26321426376886103,99.04590343935396,71.29837143173236,0.006920042419536241,0.5275974025974026,32.101638189242415,199.1644535070497
2152,abundant,69.91670812496962,91.85668744319466,18.47664154590408,0.3857736095332161,5.652586488237337,5721.969808330719,2.348107909840886,8,0,0,0,40,0.019999471087798513,1.0,0.0,0.2632148478310427,99.04592609960022,71.29852964003678,0.006919802144457031,0.5275974025974026,32.101638189242415,199.07028775937061
2153,abundant,69.91217925113851,91.85040686752748,18.47536731202956,0.38716221782083265,5.655803091740415,5725.638832554567,2.3481114664501472,8,0,0,0,40,0.019999621038905284,1.0,0.0,0.26321543189076935,99.04594875989345,71.29868784767618,0.006919561877720558,0.5275974025974026,32.101638189242415,198.94201887831136
2154,abundant,69.9076127375613,91.84421653272368,18.47409217352258,0.38462418597066567,5.65905877677263,5729.315325544765,2.3481041164561134,8,0,0,0,40,0.01999973899388554,1.0,0.0,0.2632160159480408,99.04597142023358,71.29884605465054,0.0069193216193265345,0.5275974025974026,32.101638189242415,198.95370446777503
2155,abundant,69.90305135750066,91.83805654748281,18.472798794608945,0.3832547065201909,5.662369241654635,5733.006833853802,2.348099449159739,8,0,0,0,40,0.01999970387308394,1.0,0.0,0.263216600002857,99.04599408062069,71.29900426095982,0.006919081369274675,0.5275974025974026,32.101638189242415,199.12299314892863
2156,abundant,69.89850840134417,91.8319155092435,18.47151585740945,0.38194481766472255,5.665738794605696,5736.713087466036,2.3481052676266385,8,0,0,0,40,0.019999703798791117,1.0,0.0,0.26321718405521816,99.04601674105471,71.29916246660409,0.006918841127564684,0.5275974025974026,32.101638189242415,199.2185992755637
2157,abundant,69.89396984243022,91.8257707022215,18.47025446479042,0.38196604822646124,5.669206648276104,5740.4172837753595,2.348128081939706,8,0,0,0,40,0.019999564437816406,1.0,0.0,0.26321776810512415,99.04603940153571,71.29932067158332,0.006918600894196274,0.5275974025974026,32.101638189242415,199.26863093393558
2158,abundant,69.88948038057802,91.81954872333215,18.46903573736709,0.3836376911260463,5.672748926774352,5744.15246774902,2.348123286443408,8,0,0,0,40,0.019999579997560673,1.0,0.0,0.2632183521525749,99.04606206206363,71.29947887589748,0.006918360669169157,0.5275974025974026,32.101638189242415,199.44748882207895
2159,abundant,69.88491150932812,91.81336592241459,18.467849318184662,0.3843898983795073,5.676365107109286,5747.878399017525,2.348141340441548,8,0,0,0,40,0.019999610525311278,1.0,0.0,0.26321893619757053,99.0460847226385,71.29963707954661,0.00691812045248304,0.5275974025974026,32.101638189242415,199.16167314823923
2160,abundant,69.88032209542219,91.80717101536197,18.46662178949419,0.3854973477954676,5.6794415838069074,5751.61306849589,2.3481454261477763,8,0,0,0,40,0.01999956469102629,1.0,0.0,0.2632195202401109,99.04610738326032,71.29979528253068,0.006917880244137636,0.5275974025974026,32.101638189242415,199.13374265473144
2161,abundant,69.875730819744,91.80102964667508,18.465362939654675,0.3833991204330106,5.681779382106478,5755.358270536963,2.348139885230695,8,0,0,0,40,0.019999669988837128,1.0,0.0,0.26322010428019615,99.04613004392905,71.2999534848497,0.006917640044132656,0.5275974025974026,32.101638189242415,199.08973895639787
2162,abundant,69.87116287962161,91.79477991060314,18.464156548366226,0.38706705056407137,5.684083008523981,5759.121051330227,2.3481324703032413,8,0,0,0,40,0.01999943777499172,1.0,0.0,0.26322068831782625,99.04615270464473,71.30011168650368,0.0069173998524678084,0.5275974025974026,32.101638189242415,199.08792996608
2163,abundant,69.86658319373791,91.78850027033131,18.4629772178615,0.388621050296639,5.686492399667786,5762.894072946936,2.3481191607949454,8,0,0,0,40,0.019999665010276696,1.0,0.0,0.26322127235300113,99.04617536540735,71.3002698874926,0.006917159669142806,0.5275974025974026,32.101638189242415,198.86603980441083
2164,abundant,69.86200228971184,91.78222464956619,18.4617736443766,0.38849452858548694,5.688883509293547,5766.66691310145,2.348105615240648,8,0,0,0,40,0.019999623273236844,1.0,0.0,0.2632218563857209,99.0461980262169,71.3004280878165,0.006916919494157354,0.5275974025974026,32.101638189242415,198.8407058305557
2165,abundant,69.85743969718783,91.77597267637005,18.460604126436895,0.38699627091099537,5.691475182011699,5770.454871701284,2.3480921256205174,8,0,0,0,40,0.019999597813608282,1.0,0.0,0.2632224404159853,99.0462206870734,71.30058628747531,0.00691667932751117,0.5275974025974026,32.101638189242415,198.9740601134429
2166,abundant,69.8528652450392,91.76978476934316,18.45942190528584,0.3847650264286926,5.694121730627245,5774.224831466347,2.348083239434679,8,0,0,0,40,0.01999968657648204,1.0,0.0,0.26322302444379414,99.04624332755225,71.30074448646894,0.006916439169203958,0.5275974025974026,32.101638189242415,198.95843230256543
2167,abundant,69.84829937894995,91.76359353284477,18.458193409761652,0.3846429306967626,5.696854427675656,5777.966663845069,2.3480789807555715,8,0,0,0,40,0.019999736237358588,1.0,0.0,0.26322360846914666,99.04626594711945,71.30090268479724,0.006916199019235432,0.5275974025974026,32.101638189242415,199.15243462664503
2168,abundant,69.84373271205473,91.75744167822731,18.456985378126127,0.3830815897653103,5.699684174495508,5781.747061587805,2.348068070085599,8,0,0,0,40,0.019999747437830374,1.0,0.0,0.26322419249204293,99.04628856673357,71.30106088246019,0.0069159588776053025,0.5275974025974026,32.101638189242415,199.32698722798415
2169,abundant,69.83913798618221,91.75124765313755,18.455812069015145,0.3856145186490535,5.702633918356765,5785.49271519009,2.348068390024001,8,0,0,0,40,0.01999968548293348,1.0,0.0,0.2632247765124829,99.04631118639458,71.30121907945778,0.00691571874431328,0.5275974025974026,32.101638189242415,199.25667096688574
2170,abundant,69.834527719034,91.74506142734799,18.454664762862002,0.38576678672971587,5.705570854156901,5789.235963534213,2.3480692147532194,8,0,0,0,40,0.01999965913276731,1.0,0.0,0.2632253605304666,99.04633380610248,71.30137727579002,0.006915478619359074,0.5275974025974026,32.101638189242415,198.9659408153501
2171,abundant,69.82986896350289,91.73891762768274,18.453507290496916,0.38552469085931973,5.708790975958857,5792.966595078102,2.3480917906327,8,0,0,0,40,0.019999710715292707,1.0,0.0,0.2632259445459941,99.04635642585724,71.30153547145694,0.006915238502742395,0.5275974025974026,32.101638189242415,198.87081737732234
2172,abundant,69.82517498509564,91.73284256847977,18.452284743861007,0.38386202148367937,5.712187529348327,5796.685258607991,2.3481205672282477,8,0,0,0,40,0.01999957614997365,1.0,0.0,0.26322652855906525,99.04637904565894,71.30169366645852,0.006914998394462952,0.5275974025974026,32.101638189242415,199.15701722377977
2173,abundant,69.8205317226111,91.7267350194426,18.451059204124398,0.3836110936333372,5.7158259336242505,5800.362402411956,2.348150712846588,8,0,0,0,40,0.01999974553413932,1.0,0.0,0.2632271125696802,99.0464016655075,71.30185186079476,0.00691475829452046,0.5275974025974026,32.101638189242415,199.22186041612667
2174,abundant,69.81587668300482,91.72061433337166,18.44987720766066,0.38449001891169693,5.719692320481785,5804.036514299387,2.348187715210352,8,0,0,0,40,0.019999707337882915,1.0,0.0,0.2632276965778388,99.04642428540294,71.30201005446563,0.006914518202914625,0.5275974025974026,32.101638189242415,199.23647218502893
2175,abundant,69.7997501580954,91.70241612662792,18.445096381310822,0.3703385159632596,5.735257586552606,5816.3417279155055,2.348538237879253,9,0,0,40,0,0.06556764518561088,0.9995978755902957,0.0,0.26322828058354114,99.04644690534526,71.30216824747116,0.006914278119645161,0.5275974025974026,32.101638189242415,190.73498783065395
2176,abundant,69.77225859139756,91.67375916759018,18.43714081220582,0.36451991726591504,5.764956453933367,5837.091934785523,2.3492392101735304,9,0,0,40,0,0.10877700535360883,0.9991482208844069,0.0,0.2632288645867872,99.04646952533447,71.30232643981134,0.006914038044711777,0.5275974025974026,32.101638189242415,190.95302660849535
2177,abundant,69.73369546752629,91.63611644726366,18.426461367382636,0.35945643417981143,5.80906932532245,5865.948747191835,2.35035672581774,7,0,0,40,0,0.14973702641464506,0.9986535101553509,0.0,0.2632294485875769,99.04649214537056,71.30248463148615,0.006913797978114181,0.5275974025974026,32.101638189242415,191.02265157682476
2178,abundant,69.68452408715467,91.58998883922202,18.414082572528574,0.3568638682649467,5.870557044841344,5902.6210448469865,2.3518839992811653,7,0,0,40,0,0.18868632693224355,0.9981159551957252,0.0,0.2632300325859104,99.04651476545355,71.30264282249563,0.006913557919852088,0.5275974025974026,32.101638189242415,191.18808091466968
2179,abundant,69.62515629853661,91.53664266392548,18.40100494151694,0.3534486281643242,5.950084766969605,5946.938078927389,2.3538440021946716,7,0,0,40,0,0.22563080260913004,0.9975377613128552,0.0,0.26323061658178754,99.04653738558339,71.30280101283975,0.006913317869925206,0.5275974025974026,32.101638189242415,191.18611667247518
2180,abundant,69.55598822626538,91.47667106252297,18.388720418534195,0.35069630470549845,6.063889793081492,5998.690544387096,2.356181684564693,7,0,0,40,0,0.26074583893522,0.9969209408900264,0.0,0.2632312005752084,99.04656000576011,71.30295920251852,0.006913077828333248,0.5275974025974026,32.101638189242415,191.27349238921374
2181,abundant,69.47740103190152,91.41044689628163,18.378241571001475,0.3489317963349468,6.194325850450115,6057.65702579004,2.3588671083796564,7,0,0,40,0,0.29413497553611945,0.996267392416937,0.0,0.26323178456617297,99.04658262598369,71.30311739153196,0.006912837795075919,0.5275974025974026,32.101638189242415,191.38638959999452
2182,abundant,69.38979834263284,91.33844301002674,18.37131618765381,0.3474462053493294,6.314428683532606,6123.5281496377065,2.3619707346526497,7,0,0,40,0,0.3258992379858552,0.9955789032551522,0.0,0.26323236855468124,99.04660524625417,71.30327557988004,0.006912597770152934,0.5275974025974026,32.101638189242415,191.41593218642188
2183,abundant,69.29345665287812,91.26114158478944,18.37016279526977,0.3464862716334593,6.407757509595905,6196.364715416101,2.365351360015852,7,0,0,40,0,0.3560027246589116,0.9948573002580275,0.0,0.26323295254073314,99.04662786657154,71.30343376756272,0.0069123577535640055,0.5275974025974026,32.101638189242415,191.53366577132635
2184,abundant,69.18902933700038,91.17900073816382,18.37654206595079,0.3448802172184231,6.471857505013787,6275.743749824938,2.36919644152407,7,0,0,40,0,0.38462518736913587,0.9941042125519214,0.0,0.2632335365243288,99.04665048693573,71.3035919545801,0.006912117745308841,0.5275974025974026,32.101638189242415,191.60227717847476
2185,abundant,69.07648380885205,91.09277818233787,18.39204499969254,0.3437376659804559,6.523639204601757,6361.435921972419,2.3606419726228456,7,0,0,40,0,0.4117979755261155,0.9933212347788428,0.0,0.2632341205054681,99.0466731073468,71.3037501409321,0.006911877745387152,0.5275974025974026,32.101638189242415,191.6363737883687
2186,abundant,68.95643794930146,91.00269300411563,18.41882064433272,0.34244842901437506,6.56129845547036,6453.526117329271,2.3455228002551736,8,0,0,40,0,0.43758995328100203,0.9925098858302336,0.0,0.26323470448415015,99.04669568754879,71.30390832661847,0.006911637753798648,0.5275974025974026,32.101638189242415,191.65364540866182
2187,abundant,68.82952412575555,90.90915370475446,18.460374772798655,0.3407650447560129,6.600287516450491,6551.974255864232,2.329764462431222,8,0,0,40,0,0.46204954156172917,0.9916716313345157,0.0,0.2632352884603747,99.04671826649637,71.30406651163919,0.0069113977705430405,0.5275974025974026,32.101638189242415,191.6775233360631
2188,abundant,68.69575299526585,90.81228370046657,18.522619543375868,0.33980375379551114,6.64940728236922,6661.753430510216,2.3134578845701568,9,0,0,40,0,0.4853600103473704,0.9908077353231338,0.0,0.26323587243414176,99.0467408454908,71.30422469599422,0.00691115779562004,0.5275974025974026,32.101638189242415,191.72639191260495
2189,abundant,68.55541718237109,90.71269456827675,18.613966185580686,0.3385755756767473,6.771161557107878,6801.538345935098,2.2966797335220184,9,0,0,40,0,0.5075085948615191,0.9899194758687859,0.0,0.2632364564054515,99.04676342453206,71.30438287968363,0.00691091782902936,0.5275974025974026,32.101638189242415,191.70100384630294
2190,abundant,68.40939277495274,90.6105005096886,18.735093939229653,0.3367011432024825,6.9046324825554395,6948.744218366493,2.279549702181131,9,0,0,40,0,0.528506052712184,0.9890081192108026,0.0,0.26323704037430384,99.04678600362017,71.30454106270739,0.006910677870770705,0.5275974025974026,32.101638189242415,191.829944723354
2191,abundant,68.25347202005305,90.5160244234141,18.873020213165248,0.3469476475991465,7.058109551423684,7070.4917507216105,2.273617813937172,9,1,0,39,0,0.5395780891608336,0.9880845833127256,0.0,0.2632376243406987,99.04680858275509,71.30469924506546,0.006910437920843792,0.5275974025974026,32.101638189242415,190.83857470730163
2192,abundant,68.08987708448461,90.42382915082098,19.0328918886129,0.34462714138848555,7.252297388776407,7184.564072064992,2.2720992217119877,9,1,0,39,0,0.5582928196606589,0.987140461211099,0.0,0.2632382083046362,99.04683116193686,71.3048574267579,0.006910197979248329,0.5275974025974026,32.101638189242415,189.55620767704107
2193,abundant,67.92103905181744,90.33303552565678,19.210708660574518,0.33530171839489287,7.499652784986639,7293.14774859739,2.2737911434954077,9,1,0,39,0,0.5768477928297504,0.9861759286389862,0.0,0.26323879226611624,99.04685374116545,71.3050156077847,0.006909958045984026,0.5275974025974026,32.101638189242415,179.8893191594325
2194,abundant,67.747770387278,90.24241978517998,19.4059305290536,0.3287122590411488,7.727839969657422,7399.606536274654,2.2773775291196316,9,1,0,39,0,0.594331371364058,0.9851921641304857,0.0,0.2632393762251389,99.04687632044089,71.30517378814581,0.006909718121050595,0.5275974025974026,32.101638189242415,179.60990033959283
2195,abundant,67.57033822479156,90.15066733647964,19.619541340973115,0.32607675304999134,7.864544132261616,7507.851266787169,2.281588453751572,9,1,0,39,0,0.6107023757054042,0.9841903915172097,0.0,0.2632399601817041,99.04689889976314,71.30533196784128,0.006909478204447744,0.5275974025974026,32.101638189242415,179.5936444007578
2196,abundant,67.38883480002936,90.05810345969827,19.85289377928193,0.3236982232056915,7.911437043935118,7618.168108982074,2.286195692233263,9,1,0,39,0,0.6260510491851274,0.9831717353631063,0.0,0.2632405441358118,99.04692147913218,71.30549014687108,0.006909238296175188,0.5275974025974026,32.101638189242415,179.5642442581575
2197,abundant,67.20311498826658,89.96390206276618,20.110172690292412,0.3239591649401669,7.948280731075984,7732.732067511639,2.2904447446323988,9,1,0,39,0,0.6404961867097589,0.9821371895577254,0.0,0.2632411280874622,99.04694405854808,71.30564832523525,0.006908998396232635,0.5275974025974026,32.101638189242415,179.7474120100612
2198,abundant,67.0145752174175,89.86890322047955,20.39070100403,0.3205608213169993,7.953303686062261,7848.897261860191,2.2948197237391113,9,1,0,39,0,0.6540938825973055,0.9810876862868684,0.0,0.26324171203665503,99.04696663801079,71.30580650293372,0.006908758504619798,0.5275974025974026,32.101638189242415,179.7747366004367
2199,abundant,66.82293039821568,89.77284423718001,20.68824027125484,0.31969007571267855,8.049288440248882,7968.177194722011,2.2986557636160736,9,1,0,39,0,0.6668299567067016,0.9800241733344912,0.0,0.2632422959833901,99.04698920885681,71.30596467996645,0.006908518621336385,0.5275974025974026,32.101638189242415,179.92485762398897
2200,abundant,66.62839500095515,89.67546599091413,20.99980054793268,0.319352786464024,8.211068090813251,8090.466499115446,2.3016661305909714,9,1,0,39,0,0.6788027927954368,0.978947490262416,0.0,0.26324287992766604,99.0470117469595,71.30612285633305,0.006908278746382108,0.5275974025974026,32.101638189242415,180.18998962382665
2201,abundant,66.43133982762906,89.57678251669755,21.324385824949314,0.3190090856345443,8.280499774367067,8215.246780671583,2.3037678949773026,10,1,0,39,0,0.6900797457320756,0.9778584025421108,0.0,0.2632434638694829,99.04703428510896,71.30628103203355,0.006908038879756677,0.5275974025974026,32.101638189242415,171.45552850310122
2202,abundant,66.23260145095212,89.47771443987182,21.661340813790453,0.3157008604810341,8.358148805839779,8339.839256571384,2.3055549931417545,10,1,0,39,0,0.7006075428886578,0.9767577342449332,0.0,0.2632440478088405,99.04705682330524,71.30643920706788,0.006907799021459807,0.5275974025974026,32.101638189242415,171.5347013901183
2203,abundant,66.0321116299933,89.37831490157578,22.010782314270017,0.31356629095420513,8.495121295237478,8465.097368382558,2.306718008420484,9,1,0,39,0,0.710578474024367,0.9756460979235063,0.0,0.263244631745739,99.04707936154827,71.30659738143612,0.006907559171491202,0.5275974025974026,32.101638189242415,171.6813273745193
2204,abundant,65.82930598330442,89.27876392296933,22.37253410556042,0.31300217197334707,8.572452540921967,8592.35097769778,2.306937587507857,9,1,0,39,0,0.7201257563845317,0.9745239595914832,0.0,0.26324521568017795,99.04710188400409,71.30675555513812,0.006907319329850578,0.5275974025974026,32.101638189242415,171.8920934436229
2205,abundant,65.624325576744,89.17927540417422,22.746509797629198,0.31255576231895515,8.58789811796638,8721.476090562917,2.3061647809041914,10,1,0,39,0,0.7291450905814565,0.9733918999918437,0.0,0.26324579961215705,99.04712438086035,71.30691372817381,0.0069070794965376435,0.5275974025974026,32.101638189242415,172.071364080626
2206,abundant,65.41707565824015,89.07955417776601,23.132388814879487,0.31270222370837075,8.620291149566157,8853.192946771931,2.3042743126278036,11,1,0,39,0,0.7378040852863555,0.9722503154980288,0.0,0.2632463835416762,99.04714687776338,71.30707190054316,0.0069068396715521105,0.5275974025974026,32.101638189242415,172.33671849721
2207,abundant,65.20847475412859,88.9804271618613,23.52925780972546,0.3098779566977256,8.60815925670317,8985.12712325824,2.3019152850118814,12,1,0,39,0,0.7460861297986098,0.9710996207552502,0.0,0.2632469674687353,99.04716937471314,71.30723007224616,0.006906599854893688,0.5275974025974026,32.101638189242415,172.46256084824657
2208,abundant,64.99856458144447,88.88172426452036,23.936891978477846,0.30773484756527514,8.60145263791021,9117.897576019968,2.298894276424374,12,1,0,39,0,0.7540196828516399,0.9699401991041136,0.0,0.2632475513933345,99.04719187170966,71.3073882432828,0.00690636004656209,0.5275974025974026,32.101638189242415,172.63091822050473
2209,abundant,64.78810010769067,88.78436670393447,24.355039030143224,0.30268092763883,8.720883712884447,9249.342038537929,2.2958224941728296,12,1,0,39,0,0.7615687093970804,0.9687724735237767,0.0,0.26324813531547386,99.04721436875289,71.30754641365313,0.006906120246557026,0.5275974025974026,32.101638189242415,172.6334812477283
2210,abundant,64.57636358121468,88.68760176513179,24.783786519493283,0.30062461261179957,8.884296174101017,9381.636006486777,2.292186571862554,11,1,0,39,0,0.7689334388446104,0.9675966467410477,0.0,0.26324871923515314,99.0472368658429,71.30770458335711,0.006905880454878205,0.5275974025974026,32.101638189242415,172.78675738920205
2211,abundant,64.44078807148038,88.53526643442343,25.088252394235617,0.30214681185977704,8.928003412067127,9461.652268302874,2.280244189978544,11,2,10,28,0,0.6139122163741428,0.9666676210936519,0.002724206807699807,0.2632271912186011,99.04688073336243,71.30187316488328,0.00690962070561129,0.5275974025974026,32.101638189242415,172.96637547823946
2212,abundant,64.33595230442732,88.37665058889351,25.356544395282008,0.23484547927960583,8.967307789053686,9521.354889024313,2.2662828358486884,10,2,11,27,0,0.5826536272150076,0.9657706773958481,0.0026419747190338403,0.26320633079852523,99.04652571983162,71.29622258213182,0.0069132406863630265,0.5275974025974026,32.101638189242415,167.70562464667017
2213,abundant,64.23917790004765,88.23925833297885,25.618010300585496,0.2326597993017792,9.01047425449941,9573.177475890116,2.251488762840053,10,2,13,25,0,0.5608491194574607,0.964911952283883,0.003150318551363181,0.2631813443590099,99.04613752718933,71.28945436060836,0.00691760322577971,0.5275974025974026,32.101638189242415,176.576579053862
2214,abundant,64.14699021565632,88.10535961068435,25.8837503057997,0.21390489320779058,9.078777808617001,9621.492895531945,2.2362542511837424,10,2,13,25,0,0.5593299075859869,0.9640548982529158,0.0031503166920489947,0.2631563580805465,99.0457357002516,71.28268618270998,0.006921965611005521,0.5275974025974026,32.101638189242415,176.31782489238307
2215,abundant,64.05235936383839,87.97300522296426,26.15872021308628,0.22979481951350159,9.16964530817824,9664.872759768401,2.2208997057492965,11,2,13,25,0,0.5620158780346654,0.96319215377641,0.0030526067618655544,0.26313216504136056,99.04532165418424,71.2761328741269,0.0069261850917041665,0.5275974025974026,32.101638189242415,174.9941925953069
2216,abundant,63.9572960088228,87.84269287230289,26.44266788000409,0.21713436008911813,9.26424906416489,9704.9557562917,2.206186613787086,11,2,13,25,0,0.5651381822603482,0.9623189139476012,0.0028004347027692647,0.263110018976997,99.04489814046356,71.27013404146436,0.006930036005484979,0.5275974025974026,32.101638189242415,174.95191638263776
2217,abundant,63.84822389602904,87.70914996796536,26.74765563515507,0.21615643006304944,9.251421514736073,9739.175900235276,2.1923185678225336,12,2,14,24,0,0.5545739940208916,0.9614670946582393,0.003150432287897906,0.2630850321595913,99.04437567458486,71.26336571757955,0.006934398127908721,0.5275974025974026,32.101638189242415,175.99137884128405
2218,abundant,63.736675708334964,87.5868866561302,27.051432909230254,0.2121275836781954,9.167860540054017,9766.111019225533,2.1799123134189142,13,2,15,23,0,0.5400576371422524,0.9606508417976745,0.0038503764389860736,0.26305436415142497,99.0438868372108,71.25505849666376,0.006939782709039887,0.5275974025974026,32.101638189242415,175.04567902456347
2219,abundant,63.61582942485758,87.45871317982275,27.34953137058149,0.20281340650078278,9.081252284709935,9742.78448641987,2.1786438335393608,13,3,15,22,0,0.526400707865023,0.9598496114984891,0.0038503742666533072,0.26302369633202366,99.04336831795027,71.24675132687986,0.006945167100035922,0.5275974025974026,32.101638189242415,173.68443468362693
2220,abundant,63.491898298725836,87.32295286700302,27.648881049515,0.2309079227443166,9.03778529556472,9697.859108942706,2.1820414023581898,13,3,15,22,0,0.5270042475251617,0.9590384811920154,0.0035205130644257107,0.26299570611156675,99.04282788547391,71.23916945382321,0.006950069380742731,0.5275974025974026,32.101638189242415,183.3120517008703
2221,abundant,63.37523345157534,87.2023663714316,27.940438451282915,0.236609242554193,8.99387372570794,9643.395223226156,2.1879784995824103,12,3,17,20,0,0.5026058704161289,0.958273227281305,0.004200448098131531,0.26296219712751073,99.04224616084284,71.23009268132115,0.006955964868316778,0.5275974025974026,32.101638189242415,180.59504144540293
2222,abundant,63.25824256556965,87.06781870847472,28.213442240842294,0.25268453540821056,9.006565816477737,9582.225487929096,2.195021589301233,12,3,18,19,0,0.48373742006337916,0.9575308466446284,0.004276090192602712,0.2629280743523754,99.04154825013681,71.22084964767609,0.00696197066339977,0.5275974025974026,32.101638189242415,181.30504089425102
2223,abundant,63.13528407830772,86.93160125070048,28.486222593450105,0.29493613213494374,9.057339454609249,9518.123906205718,2.2020217661329635,12,3,18,19,0,0.48315111500798846,0.9567869968281981,0.0042005860742340955,0.26289456461553107,99.04081598706192,71.2117726712619,0.006967865939323471,0.5275974025974026,32.101638189242415,181.61546725459112
2224,abundant,63.030544218240195,86.7962490429759,28.755664175407922,0.26623076755808056,9.099732418656407,9454.019277956933,2.2097991947395887,13,3,19,18,0,0.47056370725156144,0.9560667930703535,0.004550582861853158,0.26285821418376604,99.03993777866044,71.20192621936914,0.006974272351741384,0.5275974025974026,32.101638189242415,181.1147590427227
2225,abundant,62.912820580101005,86.6610097460493,29.004205534583594,0.261085069488483,9.144833288015018,9388.122518735985,2.2177099259509556,12,4,19,17,0,0.45371666837508207,0.9553675927615665,0.004638858086630419,0.2628211474235314,99.03901778372644,71.19188573143684,0.006980807510782807,0.5275974025974026,32.101638189242415,181.0773604190287
2226,abundant,62.78715673438137,86.5239043500346,29.245481517635596,0.306415502603908,9.188075043914017,9322.87534410691,2.225947764526699,12,4,19,17,0,0.45029252619628946,0.9546696865744018,0.004550556844692325,0.2627847975819969,99.03808837125949,71.18203943942325,0.0069872134358376385,0.5275974025974026,32.101638189242415,182.50354950649702
2227,abundant,62.65218761025407,86.39546827101111,29.486845410544436,0.320625150036719,9.237866875092598,9250.79442014396,2.2354087200979142,11,5,19,16,0,0.4475848737933251,0.953969004982633,0.004345063192994085,0.2627501158762014,99.03708886643402,71.17264500499448,0.0069933189146616165,0.5275974025974026,32.101638189242415,184.47010004869085
2228,abundant,62.529150228780324,86.27082552090513,29.735089079319653,0.19297342453948918,9.279460772520656,9177.183089660437,2.246098579016823,11,5,19,16,0,0.44539222549538326,0.9532600002318137,0.003961667758065385,0.2627185462908831,99.03612421571248,71.1640935686561,0.006998864045275079,0.5275974025974026,32.101638189242415,185.8025353102712
2229,abundant,62.40777560106725,86.15157877212555,29.98487867213874,0.15946525073236084,9.284344169003418,9101.776066240855,2.2569887011793144,12,5,19,16,0,0.44875796457790146,0.9525338588888775,0.0034818720749772688,0.2626908712758483,99.03522876375496,71.15659707711694,0.0070037080075061615,0.5275974025974026,32.101638189242415,183.8629510090587
2230,abundant,62.27676188731008,86.03244453023885,30.235272379752907,0.22858385484503066,9.198368024716942,9030.98955185548,2.2679433657838106,13,5,19,16,0,0.4490610183915026,0.9517988386981002,0.003176676051904393,0.2626656736280753,99.03434780503699,71.14977164439,0.007008105913749048,0.5275974025974026,32.101638189242415,172.80406367873744
2231,abundant,62.13623455773087,85.91737493005077,30.48926293206234,0.2777537980345141,9.06761020468593,8985.010031314017,2.278887587939104,14,5,19,16,0,0.4506456867993073,0.9510522040866306,0.002824130143201093,0.2626433376560011,99.03343892172953,71.14372137032647,0.007011988601865865,0.5275974025974026,32.101638189242415,173.9094755863599
2232,abundant,61.99901061452922,85.80562042490666,30.745365035731982,0.21919683354818237,8.898188052515502,8938.891095356259,2.2901585018802346,15,5,19,16,0,0.4499896937275582,0.9503154383990374,0.003150820553830722,0.26261835009869194,99.03249707814284,71.13695284601972,0.007016348446014705,0.5275974025974026,32.101638189242415,165.45493828232995
2233,abundant,61.87650400703434,85.6969897488228,30.99579033677968,0.2170688427543343,8.7157659146193,8892.464529360184,2.3010282050146427,17,5,20,15,0,0.43847501540579925,0.9496011340832435,0.0035006500411548075,0.2625905231567848,99.03161537557227,71.12941520116912,0.007021219235546671,0.5275974025974026,32.101638189242415,164.18730419656362
2234,abundant,61.75200508427095,85.59441957491174,31.244693289039827,0.2551176420679828,8.564320971214704,8845.015051118837,2.312266615178946,16,5,20,15,0,0.4356585597315992,0.9488809789726502,0.0031810466111295865,0.2625652905208765,99.030650995588,71.12258029100342,0.007025622919106957,0.5275974025974026,32.101638189242415,167.80670418432925
2235,abundant,61.628490627782334,85.48821268456935,31.492200126561112,0.22488050178258723,8.429686305391046,8851.076393215022,2.3166337683393228,17,5,20,15,0,0.4352977237485449,0.9481720204224064,0.0035667480671238956,0.2625369273333094,99.02958217991504,71.11489739018644,0.007030589955052259,0.5275974025974026,32.101638189242415,182.49704950893164
2236,abundant,61.501055659643214,85.38163501322775,31.744062294164927,0.26329401232515987,8.360171523364391,8900.034008956587,2.2947078131031926,18,5,20,15,0,0.43532262056601556,0.9474522952296042,0.0031832032078701585,0.2625116774533181,99.02855644496243,71.10805780901616,0.007034996464008446,0.5275974025974026,32.101638189242415,183.93140842245492
2237,abundant,61.37870594683875,85.27510390961893,31.998682105114757,0.20738739030155626,8.369781936765628,9018.166946218531,2.2730904473338844,18,5,20,15,0,0.43624602871169715,0.9467312452055671,0.0031721645552051565,0.2624865172807429,99.02738510750521,71.10124252741299,0.00703938669262187,0.5275974025974026,32.101638189242415,179.73426437645944
2238,abundant,61.25228486172763,85.16832131548188,32.26052477817873,0.24015737008444302,8.443656095751631,9136.748775109809,2.2515740330132927,19,5,20,15,0,0.4376239371549002,0.9460276735111396,0.003850522730109618,0.26245585110704406,99.02624809886412,71.09293580341003,0.007044767842109659,0.5275974025974026,32.101638189242415,180.6694489812931
2239,abundant,61.119889146143656,85.06203721110975,32.52118249733664,0.2724735135036224,8.568576168364611,9257.347054399794,2.230140271604672,19,5,20,15,0,0.43827595095611327,0.9453038073763661,0.0031513361170747343,0.26243086025467766,99.02510901243518,71.08616638655207,0.007049127301342026,0.5275974025974026,32.101638189242415,184.09326456511764
2240,abundant,60.993543264514145,84.96218814215658,32.78388729641895,0.2176777223006966,8.739020579842014,9380.282279298572,2.2094738112211068,19,5,20,15,0,0.43789740769226865,0.9445857239552957,0.003342990263971039,0.2624043138877408,99.02401808322234,71.07897561845718,0.0070537666136600225,0.5275974025974026,32.101638189242415,175.4001268472128
2241,abundant,60.8595021883962,84.86519123603449,33.04592058036191,0.26697585878020685,8.955426049834879,9505.592888858431,2.1885984524943733,19,5,20,15,0,0.43945103895852944,0.9438703464867025,0.003500666937896228,0.2623764878018365,99.02291215895352,71.07143820547701,0.007058636128658554,0.5275974025974026,32.101638189242415,168.06238872501612
2242,abundant,60.72775828010585,84.76643434541253,33.31434899651025,0.2429204263439335,9.163732547779423,9631.431587006431,2.1678143785530146,19,5,20,15,0,0.44046683842954976,0.9431556441394994,0.0035646848239104744,0.26234814223187924,99.02182579110959,71.06376007684402,0.007063599003957703,0.5275974025974026,32.101638189242415,176.98819751707993
2243,abundant,60.60449859000096,84.67524335843754,33.5680666517148,0.26710473093835857,9.395104501269868,9737.464725990598,2.14811539521872,19,6,20,14,0,0.4235381655320635,0.9424577736120835,0.0035007662381898496,0.26232031560185715,99.02057976593944,71.05622251647551,0.007068468322636282,0.5275974025974026,32.101638189242415,179.49760676558645
2244,abundant,60.493127889582965,84.5922615091761,33.818542282617805,0.19761685884875627,9.622101080261146,9843.339753188699,2.128207727054567,19,6,20,14,0,0.4194672228863137,0.9417585613758319,0.0032929181758428712,0.2622941761644998,99.01941433908632,71.04914197575164,0.007073033808671222,0.5275974025974026,32.101638189242415,170.58946620796374
2245,abundant,60.378298439878606,84.51381959344634,34.06174642382642,0.21934375343265725,9.803230332065723,9950.112378803027,2.108235155673161,20,6,20,14,0,0.42365309685591057,0.9410507691759239,0.003150935951195785,0.26226918928430365,99.01807482009579,71.04237363485842,0.007077391701825816,0.5275974025974026,32.101638189242415,166.54156810908844
2246,abundant,60.256201347914,84.43617595524394,34.30933542814284,0.28198215326712023,9.934576078956866,10054.537185720295,2.087736401081517,20,6,20,14,0,0.42505307133953546,0.9403316982918334,0.002803124799384405,0.26224702562813174,99.01681306547815,71.0363700370009,0.007081241295667756,0.5275974025974026,32.101638189242415,175.70235503363455
2247,abundant,60.14614320908025,84.35955932903069,34.55550468704147,0.18293298969568647,10.034193170871896,10174.26518543188,2.0684975240538654,21,6,20,14,0,0.42645796263347185,0.9396037567668312,0.0025415083533821175,0.26222698554837726,99.01543816600696,71.03094166458142,0.007084708537296815,0.5275974025974026,32.101638189242415,165.30340711958348
2248,abundant,60.03427441029741,84.2847593917991,34.81130849126637,0.19577992276189912,10.085390080353084,10302.516092836664,2.0497761265226364,22,6,20,14,0,0.4279554931577138,0.9388814531767743,0.0028016947291678697,0.26220483365475383,99.0142126554177,71.02494125291351,0.007088555787770621,0.5275974025974026,32.101638189242415,171.48953952802498
2249,abundant,59.917066028387254,84.21383999847244,35.06049863893821,0.2414789519475101,10.10859930560087,10442.318415764446,2.030761203379829,22,6,20,14,0,0.4273997102527057,0.9381499482687812,0.0024512419030339335,0.26218552639895587,99.01287881289849,71.01971138476162,0.00709189089720702,0.5275974025974026,32.101638189242415,172.03035354597938
2250,abundant,59.811389984170624,84.15467898101272,35.3008982931947,0.20898724835916457,10.092547342764764,10570.254505296016,2.0119918619342574,22,7,20,13,0,0.41058816243963286,0.9374441197248504,0.002707801241169692,0.26216413675616435,99.01157456631555,71.01391744838938,0.00709560072101669,0.5275974025974026,32.101638189242415,165.62654426204278
2251,abundant,59.70582666091199,84.09803510529149,35.53357763648967,0.20422505965973753,9.99867418096694,10697.686268082703,1.9936023420824733,22,7,20,13,0,0.4081952242650823,0.9367249065054682,0.002135768832478991,0.26214739026900163,99.01021476297296,71.00938123046255,0.00709847468339819,0.5478896103896104,32.101638189242415,173.47086647496096
2252,abundant,59.6016051327518,84.04492415120288,35.7728650033669,0.22959757053247343,9.855553289177706,10843.607491403887,1.9810412316240746,22,7,20,13,0,0.41021264448165484,0.936012299549082,0.0024509625908425356,0.2621280854399264,99.00888354852306,71.00415201965107,0.007101809040362645,0.5681818181818182,32.101638189242415,163.082344466483
2253,abundant,59.49406221800784,83.98502381279798,35.98957895287889,0.21159762047405223,9.735794452084594,10955.094565289088,1.977413718294319,22,8,20,12,0,0.39831997777799877,0.9353225693283648,0.002800776958521386,0.2621059412894879,99.00756085739886,70.9981537054245,0.007105654356227179,0.5681818181818182,32.101638189242415,153.8922994304177
2254,abundant,59.37849936162521,83.92230705343847,36.205688540525564,0.2593839462797272,9.619466634101375,11064.515586473986,1.9736810994403204,21,8,20,12,0,0.39589871479497896,0.9346196804274237,0.002235703047621389,0.26208838382018596,99.00620502415566,70.99339781207068,0.007108673972242424,0.5681818181818182,32.101638189242415,163.4730428323252
2255,abundant,59.262652947948176,83.85081860390873,36.411508559853985,0.2185034192835991,9.508961356394368,11174.593355387307,1.9697436344875427,21,8,20,12,0,0.3952755669974111,0.9339358026426512,0.002890190675879788,0.2620655140459424,99.00504985982104,70.98720294392324,0.0071126496821341915,0.5681818181818182,32.101638189242415,158.29427637641112
2256,abundant,59.14084993140891,83.77731922173682,36.62262871824153,0.27275274376477326,9.38651794812016,11278.251911579533,1.96562852204961,21,8,20,12,0,0.3954586675518896,0.933239419681523,0.0024507704706779572,0.2620462110703239,99.00400290754735,70.98197423516831,0.007115983266234435,0.5681818181818182,32.101638189242415,163.203384085648
2257,abundant,59.022578317729916,83.70136724270475,36.82125868101339,0.22920966272062449,9.294034427674726,11396.673656901079,1.9617986566780445,22,8,20,12,0,0.39721974533782306,0.9325317473692513,0.002116764557136594,0.2620296192398977,99.00288398889266,70.97747991000706,0.007118828755878339,0.5681818181818182,32.101638189242415,166.6373338289738
2258,abundant,58.90563820318185,83.62971029348144,37.02546796745612,0.20874493455331514,9.225426123271081,11517.35667070892,1.9582260403994403,22,8,20,12,0,0.3965747631964051,0.9318154830135162,0.0017845672778957398,0.26201572385449273,99.00173180477381,70.973715986519,0.007121188810406759,0.5681818181818182,32.101638189242415,174.21273315075481
2259,abundant,58.79280258770209,83.55763633968357,37.2299791915174,0.15847040239067436,9.198011635943937,11637.885705776007,1.9544986064388659,21,8,20,12,0,0.39972502325194215,0.9311079229412369,0.0022191947606367683,0.26199830070290914,99.0005489232955,70.96899647658313,0.007124183768627591,0.5681818181818182,32.101638189242415,167.30568409984843
2260,abundant,58.65689098955702,83.48650580526188,37.43009447963814,0.3754018713461267,9.204591123292028,11759.917949936302,1.9510736626584317,21,8,20,12,0,0.3977886526313548,0.9303893865410192,0.001751111345597045,0.2619846769896196,98.99951808313156,70.96530614249374,0.007126494758497939,0.5681818181818182,32.101638189242415,163.2364741130338
2261,abundant,58.52678578258521,83.3967872809076,37.62396725718506,0.2114222485190419,9.150934064694448,11891.354626499513,1.9475428775770147,21,8,21,11,0,0.38167341595622256,0.9297277658730841,0.0031507174863138975,0.2619596929674479,98.99859113623259,70.95853857577016,0.007130850476227158,0.5681818181818182,32.101638189242415,182.76740348855168
2262,abundant,58.39700489437664,83.30480140865576,37.81683046145444,0.236334858350082,9.122567238995995,12042.979540012871,1.9447669419262585,21,8,21,11,0,0.3797852085513759,0.92902905039746,0.001751723349372383,0.2619460644459588,98.99732381333123,70.95484693925593,0.007133162128748935,0.5681818181818182,32.101638189242415,164.1810407324646
2263,abundant,58.25643931902821,83.21316896002378,38.01035609502472,0.30699661415726365,9.127115065190456,12195.67733483137,1.941827544426244,21,8,21,11,0,0.3790735352754415,0.9283638377658981,0.0029202949014667974,0.26192295086513045,98.99632677000692,70.94858602980742,0.007137180970291549,0.5681818181818182,32.101638189242415,163.2547935424123
2264,abundant,58.1249506192024,83.12608207580493,38.19824947156373,0.24013131560494233,9.165572040595082,12351.617325642543,1.9388884407015028,22,8,21,11,0,0.3787890859700916,0.927698062966725,0.0028890426926452516,0.2619000910398093,98.99508783371965,70.94239385658217,0.0071411540131841875,0.5681818181818182,32.101638189242415,153.51316816645962
2265,abundant,57.994787191394366,83.03769954724656,38.3835521386898,0.21475281969338095,9.206480922738468,12505.344751793482,1.9321396741082797,22,8,21,11,0,0.3780944332656261,0.9270208032188055,0.002451576024023839,0.26188078216210553,98.9938769779424,70.93716354909525,0.007144487784471855,0.5681818181818182,32.101638189242415,159.71403389927755
2266,abundant,57.86336362214246,82.95562153460122,38.57724126732531,0.2893787921194418,9.251050819211494,12656.557124013849,1.9244458950089849,22,8,21,11,0,0.3734743824962088,0.9263290101050892,0.0017510252510530844,0.2618671596035961,98.99267778996862,70.93347352780783,0.007146797943570774,0.5681818181818182,32.101638189242415,155.4435189015294
2267,abundant,57.760654942791916,82.87680643501741,38.75512062154938,0.08799506803912134,9.270739219994226,12806.159058295601,1.9163846511087799,22,9,21,10,0,0.35946254898495705,0.9256918316475755,0.003151083798917971,0.2618421730497516,98.99155820795428,70.92670527531538,0.0071511534915189336,0.5681818181818182,32.101638189242415,160.9489523534074
2268,abundant,57.64781691127356,82.81029743866631,38.916340119384905,0.2507272024096482,9.304650114186288,12956.002166524113,1.907552173078081,23,9,21,10,0,0.34720140448882403,0.925048546159816,0.002451287756370769,0.26182286672119315,98.9904040278738,70.92147565833022,0.007154486494452871,0.5681818181818182,32.101638189242415,147.95455466836685
2269,abundant,57.56755426804735,82.7413562218943,39.062305717364964,0.1615794627165991,9.292309393177042,13080.343883069992,1.898356865898828,23,10,21,9,0,0.33396870664120387,0.9244296178169199,0.002801329800326067,0.261800719244634,98.98911190665271,70.91547644313808,0.007158330788966264,0.5681818181818182,32.101638189242415,147.42863689692467
2270,abundant,57.47712980481356,82.6560130654947,39.19650030766295,0.23951751962745066,9.24723933078866,13181.617689770319,1.8859166106807472,23,10,21,9,0,0.32252330057397327,0.92380529547468,0.002159046013978553,0.26178378516629425,98.98794258840394,70.91088941130312,0.0071612365809464494,0.5681818181818182,32.101638189242415,162.33720278016563
2271,abundant,57.43507965381001,82.58092741685525,39.310491570335884,0.11991904199051259,9.15192899990751,13263.108179518746,1.8693052998722208,23,10,21,9,0,0.32870754544073816,0.9231921406732877,0.002800839235443153,0.2617616418225185,98.98675346939999,70.90489131558195,0.007165079924376387,0.5681818181818182,32.101638189242415,167.30913519806504
2272,abundant,57.37640850935985,82.52080842276777,39.43266410252171,0.20868548750079302,9.066553144178343,13342.900005217885,1.852349424134712,23,10,21,9,0,0.3311471235388555,0.9225763073542173,0.002801018457944449,0.2617394971124907,98.98558362740009,70.89889284977619,0.007168923396201183,0.5681818181818182,32.101638189242415,145.95980796369184
2273,abundant,57.33088256383371,82.46346465515738,39.51915784424595,0.05905297783237191,8.967501108488543,13379.392037906164,1.8459142138846272,23,11,21,8,0,0.31679922933609783,0.9219531391248073,0.0019753901021288926,0.2617240539764385,98.98435796134038,70.89470967811005,0.007171560501263054,0.5681818181818182,32.101638189242415,158.10334071673543
2274,abundant,57.27617510834123,82.41545078394381,39.606056265902716,0.15653151795186035,8.852623796327334,13396.610782012287,1.8441023246808583,23,11,21,8,0,0.31301055981358594,0.9213670997391926,0.003152579649295685,0.2616990558479068,98.98323933401339,70.88793829031505,0.007175917374834906,0.5681818181818182,32.101638189242415,153.1721619644902
2275,abundant,57.241077596734634,82.36933363218274,39.68566615009534,0.12776110007112035,8.75269232330594,13424.336104310183,1.8462166112054916,23,11,21,8,0,0.31126086940713177,0.9207535533873703,0.002101450161627439,0.2616825896607747,98.98202195134857,70.88347799888024,0.007178738409317892,0.5681818181818182,32.101638189242415,154.9227628624955
2276,abundant,57.19573858050919,82.33106396026997,39.757614426737625,0.19064920751749775,8.691649322640208,13457.247484446416,1.8462715547722364,23,11,21,8,0,0.31127404965213423,0.9201497887869724,0.00245131622212463,0.261663283726268,98.98072844825262,70.87824848863416,0.007182070496046944,0.5681818181818182,32.101638189242415,143.35064030132725
2277,abundant,57.17158262566458,82.31598821866704,39.818046995978065,0.22858856420736043,8.688637162611977,13487.375757272914,1.837015465873779,23,12,21,7,0,0.2905445342392379,0.919570776949015,0.0025209696323537784,0.2616434125013268,98.97964308059845,70.87286585489548,0.0071855042298931675,0.5681818181818182,32.101638189242415,137.05821740785268
2278,abundant,57.14859934768837,82.29953073982465,39.859988520997135,0.17112141773992712,8.734722357673972,13513.059717259008,1.8269494655410992,23,12,21,7,0,0.2817980630892657,0.9189994313510488,0.002451152551136294,0.26162410805912817,98.97852389109045,70.86763674887952,0.007188835842580585,0.5681818181818182,32.101638189242415,147.00580150011126
2279,abundant,57.134615473580155,82.28253256161642,39.881300996909445,0.17688059828312208,8.787607498784055,13528.221079106897,1.8147214115055224,23,12,21,7,0,0.27651097446922657,0.9184379183866789,0.002594610983797335,0.2616036392616468,98.97736701329949,70.86209224720743,0.007192376930670828,0.5681818181818182,32.101638189242415,147.0773369845052
2280,abundant,57.13819428331736,82.29077141281346,39.89826395043684,0.2405013839680991,8.841278017607278,13532.819132273766,1.7990571274730816,23,12,21,7,0,0.2748575902193082,0.9178725875120893,0.002393302666130682,0.2615848045344522,98.97642263945563,70.85699037561389,0.007195623786725763,0.5681818181818182,32.101638189242415,143.0423653533056
2281,abundant,57.16395013436967,82.29957395214953,39.88921386317743,0.3076394957487381,8.896215431094424,13579.544170003508,1.788070829662967,23,12,21,7,0,0.27101807764890534,0.9173033092865683,0.002101487853321812,0.26156833850660727,98.97523297341256,70.8525301273261,0.007198444192037336,0.5681818181818182,32.101638189242415,141.15173009348018
2282,abundant,57.17799231885848,82.31489439460987,39.87916398886072,0.19580745462721352,8.99072716898454,13681.234747825343,1.772336598363637,23,12,21,7,0,0.26787531772724044,0.9167714266717798,0.0033135798111148624,0.26154203421160616,98.974221249345,70.84540493065788,0.007203035351505578,0.5681818181818182,32.101638189242415,155.44942017498252
2283,abundant,57.19975607396501,82.32483537845602,39.8404265547185,0.3114131557930829,9.06335644194202,13755.95502998912,1.7603725525169034,22,12,22,6,0,0.2505142096573762,0.9162273947601023,0.0021976328194906933,0.26152478798213397,98.97298291512085,70.84073334463856,0.0072059959661397,0.5681818181818182,32.101638189242415,131.5606372108645
2284,abundant,57.228130406697005,82.35294861078255,39.78296966120705,0.3162651004890054,9.05516300250505,13780.772912490851,1.74463258779702,22,12,22,6,0,0.2464332490527211,0.9157048949824645,0.0028063141542931944,0.26150260125948815,98.97210950952966,70.83472349863172,0.007209845754243308,0.5681818181818182,32.101638189242415,132.0916107370699
2285,abundant,57.28012331006236,82.3865633600847,39.722309384005065,0.41294235698668635,9.034626576212641,13814.513043080726,1.729861390065813,22,12,22,6,0,0.2532827835009522,0.9151653298306834,0.0024659253596423666,0.26148317752101874,98.97108519125086,70.82946207814427,0.007213198104652951,0.5681818181818182,32.101638189242415,117.47836760832533
2286,abundant,57.32589354136333,82.39955241777716,39.6577878603336,0.1792571639333831,9.028454657930153,13837.990602743677,1.7135498334415584,22,12,22,6,0,0.24933209643435145,0.9146199202885466,0.002101991569314505,0.2614667078381311,98.96981971754174,70.8250008397939,0.007216018635678883,0.5681818181818182,32.101638189242415,155.6144732167717
2287,abundant,57.3651882163256,82.41087858427278,39.5991659908624,0.16334219140570386,9.027879798290325,13860.33916602296,1.6980825116002882,22,12,22,6,0,0.25440461097773426,0.9140885447243614,0.0028024824246559747,0.26144455245296877,98.96880028133204,70.81899948235264,0.007219862477667269,0.5681818181818182,32.101638189242415,157.81693553656035
2288,abundant,57.419677319676566,82.43323880425541,39.53628366798288,0.3134717383601358,9.0091807245324,13888.39570611214,1.6834438463784105,22,12,22,6,0,0.25393309884829046,0.9135674526118986,0.0031512248668031013,0.26141956646935477,98.96765848608811,70.81223138432182,0.007224215694795,0.5681818181818182,32.101638189242415,127.27683756440081
2289,abundant,57.469298253131264,82.46731340302321,39.47050371872776,0.34434194364062415,8.970414732899254,13908.707439795391,1.6669161879972205,22,12,22,6,0,0.2591709804901381,0.9130014160244864,0.001751838968813485,0.26140593918370353,98.9666568903699,70.80854008256615,0.007226524274443835,0.5681818181818182,32.101638189242415,133.61768871907563
2290,abundant,57.517560487253036,82.4858601134652,39.39634805081862,0.1983975517361171,8.904159288697322,13923.14067945637,1.650173506634462,22,12,22,6,0,0.2589796771832456,0.9124649735646901,0.0028012566109018814,0.2613837939929297,98.9657638058069,70.80254148653792,0.007230365960759959,0.5681818181818182,32.101638189242415,136.21528701448037
2291,abundant,57.58026701840238,82.50993090096742,39.33453549799761,0.30481539263866303,8.838221277161177,13945.497763867199,1.6352633741532727,22,12,22,6,0,0.26282782960990736,0.9118949301154909,0.0017523986918526393,0.26137016228410564,98.96454675499162,70.7988489866518,0.0072326751446103715,0.5681818181818182,32.101638189242415,136.04373679301335
2292,abundant,57.63689331744651,82.52545760911346,39.26519429887155,0.21506831364234955,8.786705868431028,13954.935302698894,1.6200813491168742,22,12,22,6,0,0.26277216818285587,0.9113453753595987,0.0024819510396032465,0.2613506089712836,98.963436371674,70.79355246760932,0.0072360501156764345,0.5681818181818182,32.101638189242415,159.77883832777033
2293,abundant,57.69091987055647,82.54872313305813,39.19397331417398,0.24933509974976614,8.730034758007672,13971.79939114366,1.6035399181815853,22,12,22,6,0,0.2649781813698192,0.9107827533882109,0.002101929575671756,0.2613341402992222,98.96233238331173,70.78909150306733,0.007238869762671555,0.5681818181818182,32.101638189242415,148.5100801281813
2294,abundant,57.75244571932454,82.58175993994607,39.125363692101104,0.3266355189975557,8.676154737659571,13994.430207451393,1.5896857342750363,22,12,22,6,0,0.2623681165068876,0.9102229722323459,0.0021008490104524507,0.2613176804457213,98.96120794823261,70.78463292725986,0.007241687733070896,0.5681818181818182,32.101638189242415,125.39644319851104
2295,abundant,57.81232331967093,82.60604912868396,39.0496677498935,0.19353154433027767,8.607177335774386,14008.329033606951,1.5769292332220035,22,12,22,6,0,0.2642832638585509,0.9096611070168119,0.0021016562396574713,0.2613012141010314,98.96001891546268,70.78017259314645,0.007244506784978109,0.5681818181818182,32.101638189242415,154.92517589523885
2296,abundant,57.87903000041555,82.64458420997403,38.96402477878989,0.329619075470975,8.550593998373007,14001.136108709281,1.5645114762839134,21,12,22,6,0,0.25830794369093957,0.9091058556650811,0.0021031209403352506,0.26128473590918627,98.95870377670087,70.77570904992552,0.007247327878913729,0.5681818181818182,32.101638189242415,132.1109019528123
2297,abundant,57.93902770258601,82.68845810985233,38.86966122862469,0.2569978786542524,8.478664313621099,13985.498504802528,1.5522728110920396,21,12,22,6,0,0.25873310886581047,0.9085500862018062,0.0021013198741896633,0.26126827240504946,98.95754741356406,70.77124948524917,0.007250146243559955,0.5681818181818182,32.101638189242415,139.54702124917645
2298,abundant,58.006517341719075,82.74194730050914,38.77700429457017,0.3615872112127817,8.411166274765298,13959.879582080237,1.5443054448398925,21,12,22,6,0,0.25049964768035854,0.9079935710759143,0.0017512316627363445,0.26125465054678887,98.95627424797655,70.76755965364224,0.007252453035591112,0.588474025974026,32.101638189242415,127.74890746700457
2299,abundant,58.07015777204263,82.81582372952492,38.662404434244934,0.33315536671077356,8.305524298184775,13862.507416427285,1.544127311854873,20,12,22,6,0,0.25449672329336304,0.9074249579532513,0.0014761883199818002,0.2612432611974111,98.95495458029589,70.76447455464084,0.007254357912439825,0.588474025974026,32.101638189242415,141.30248360370496
2300,abundant,58.13813372737119,82.88416955552898,38.529127987646234,0.3185260573070442,8.252370130257077,13803.27965061009,1.5386111464535324,20,12,22,6,0,0.2523464985793047,0.9068860077322363,0.0024511045508035013,0.2612239586460319,98.95379383227439,70.75924596080209,0.007257687064287959,0.588474025974026,32.101638189242415,130.08791510475092
2301,abundant,58.204756502747145,82.966155752279,38.39898047426546,0.42568273807508444,8.247623743402572,13764.996866247006,1.531630034146088,20,12,22,6,0,0.24854502098266812,0.9063218898602841,0.0014029161117350651,0.2612131641442242,98.952712439274,70.75632199160572,0.007259484709568781,0.588474025974026,32.101638189242415,132.87980103184532
2302,abundant,58.29147537923747,83.04988088277028,38.261681038936686,0.3007018689361596,8.207835532158056,13673.785378182714,1.5299092279641224,20,12,22,6,0,0.25050249760212207,0.9057751816167905,0.0021015894238855396,0.2611966986329533,98.95138742557695,70.75186188324535,0.007262303045919094,0.6087662337662338,32.101638189242415,135.85743512928812
2303,abundant,58.3804009565921,83.14017176812249,38.125485464109985,0.386910234340878,8.156833033793323,13589.675813680093,1.5298365591520149,20,12,22,6,0,0.25364880967451875,0.9052250058537175,0.002101354556039653,0.2611802350847878,98.9501847803375,70.7474023066427,0.0072651209412730455,0.6087662337662338,32.101638189242415,136.70991636904782
2304,abundant,58.46356611109038,83.22832493716948,37.970217474141315,0.33566169021779635,8.099479972827215,13493.2655889991,1.5288987806865408,20,12,22,6,0,0.2536902344094408,0.9046552223323412,0.0014027048740726977,0.2611694423973443,98.94881123602934,70.74447882891366,0.007266918019821883,0.6087662337662338,32.101638189242415,131.82371271220296
2305,abundant,58.56362012084653,83.3166992488926,37.82141041493969,0.38289266512076225,8.045221707695482,13394.046518682922,1.5292733932043365,20,12,22,6,0,0.25716718224395335,0.904101214960891,0.0021027331792234454,0.26115296770210567,98.94747783595457,70.74001623283877,0.007269737769088715,0.6087662337662338,32.101638189242415,141.77217563557213
2306,abundant,58.652013334180104,83.40808684606276,37.68371635233019,0.3275631002843682,7.983347529535763,13299.969062084412,1.5303217648580674,20,12,22,6,0,0.25765739843198315,0.90354662075537,0.0021010333126509273,0.26113650687666773,98.94636646847674,70.73555739375709,0.007272554936964226,0.6087662337662338,32.101638189242415,128.73651029540116
2307,abundant,58.753718890349376,83.50271606344906,37.529418412463926,0.40392336110861377,7.916062627058563,13189.843644162636,1.5308708732263536,20,12,22,6,0,0.2571873205965898,0.9029925627817089,0.0021017171069650704,0.26112004054805477,98.94514151101549,70.73109706399853,0.007275373006038556,0.6087662337662338,32.101638189242415,131.97903612991087
2308,abundant,58.842507031785864,83.60153928832592,37.377648697883444,0.3544644236922438,7.860658584314396,13076.058944224742,1.5308476114624763,20,12,22,6,0,0.26170957626448565,0.9024141479739644,0.0014094902195175066,0.26110919296141266,98.94388649749453,70.72815871540575,0.007277179641928942,0.6087662337662338,32.101638189242415,140.94157459785083
2309,abundant,58.95000706457422,83.69397685061506,37.23137908092751,0.3814714042151149,7.802980560000421,12976.660314992481,1.5326510819532666,21,12,22,6,0,0.26069842131461085,0.901856206902151,0.0021009711297321387,0.26109273276796535,98.94276076698033,70.72370004751504,0.007279996460562066,0.6087662337662338,32.101638189242415,148.0205831056984
2310,abundant,59.0447064620138,83.79084215700779,37.08273348476352,0.340367783636026,7.759805994028843,12891.27178140531,1.5348973686124692,21,12,22,6,0,0.26734440230781037,0.901271658584555,0.0014118044622405542,0.2610818664900903,98.94164839881827,70.72075663591978,0.007281806317000007,0.6087662337662338,32.101638189242415,140.9637901483522
2311,abundant,59.15153339862364,83.88389420004437,36.91888688890525,0.3667548629523176,7.694943913438365,12786.632619691125,1.5360513233687463,21,12,22,6,0,0.26364868681756326,0.9007107400392652,0.002110536078911547,0.2610653287393955,98.94029778296054,70.71627695964843,0.007284636949265667,0.6087662337662338,32.101638189242415,148.1655825612632
2312,abundant,59.24897358921409,83.97130350915083,36.754235911334646,0.24770945611148668,7.641060818569594,12679.404520959728,1.5368823759067165,20,12,22,6,0,0.2656761300114786,0.9001277386295807,0.0014015119045806604,0.26105454607385076,98.9390458051568,70.71335619660914,0.007286431607272712,0.6087662337662338,32.101638189242415,146.56766184316302
2313,abundant,59.347033071021585,84.06812727514702,36.60553481349926,0.3436473201469233,7.594416326270763,12577.65086710253,1.5395599720664006,20,12,22,6,0,0.26485603747942477,0.8995456635696135,0.001402377902145742,0.26104375638806804,98.93791356934375,70.71043353195734,0.007288227468178576,0.6087662337662338,32.101638189242415,136.04386319826824
2314,abundant,59.448775028217895,84.17401277214765,36.4492035232266,0.38724817814545887,7.51705459581895,12474.860998210734,1.5422973371864384,20,12,22,6,0,0.27193258895621275,0.8989754258975173,0.0021031491341314706,0.2610272786769197,98.93656563702913,70.70597011894553,0.007291047085252076,0.6087662337662338,32.101638189242415,141.53312736910237
2315,abundant,59.55288962079294,84.26591472429668,36.28784602144026,0.29522323369443726,7.441238717066457,12360.899758729356,1.5437882877247318,19,12,22,6,0,0.26898648475880127,0.8983887695586763,0.001401028371202199,0.26101650003374455,98.93548873833103,70.70305044546876,0.007292840814252246,0.6087662337662338,32.101638189242415,148.34814356517535
2316,abundant,59.66142522755886,84.35222076159933,36.13787520447871,0.24887386725569477,7.3832058637121065,12258.288820554862,1.5461639667893774,18,12,22,6,0,0.27359213729598475,0.8978166692362628,0.0021018224504347986,0.26100003318025355,98.93421608853917,70.69858997353346,0.007295658332873633,0.6087662337662338,32.101638189242415,153.86760463121095
2317,abundant,59.768350256015914,84.47084965927807,35.97634783341334,0.48739793728246444,7.313709483126578,12152.668076485043,1.5490495003160485,17,12,22,6,0,0.2699425733581403,0.8972289662565055,0.0014012089620226654,0.2609892531498292,98.93303249692732,70.69566992428446,0.00729745216560488,0.6087662337662338,32.101638189242415,124.10729973083524
2318,abundant,59.87160705979088,84.56759228854617,35.82115947155353,0.25440468794082605,7.2362300382691895,12030.310601774872,1.5512071960527356,17,12,22,6,0,0.2739952757533661,0.8966564195713447,0.002101718505995797,0.26097278721630446,98.93168245165535,70.69120970154574,0.007300269372251079,0.6087662337662338,32.101638189242415,151.89162182809022
2319,abundant,59.96233789467861,84.6736567602404,35.662714816023424,0.32929579727075836,7.177799205634505,11925.063030163343,1.5552437010189029,16,12,22,6,0,0.2747870786607364,0.8960536330328338,0.0010528302862859845,0.26096483498317874,98.93039217473097,70.68905563412177,0.007301554067734249,0.6087662337662338,32.101638189242415,141.68704034971788
2320,abundant,60.07335191144559,84.7783266425995,35.49880470610291,0.3947658238782664,7.098699566874558,11803.594396076918,1.558229002065766,16,12,22,6,0,0.27229496265562714,0.8954731624651384,0.0017519246866306002,0.2609512083054036,98.92915874600423,70.68536449702502,0.007303860087302254,0.6087662337662338,32.101638189242415,148.80347295489082
2321,abundant,60.188731303945055,84.88175525978973,35.334236066817915,0.3663026498490944,7.026267247351552,11697.848888258264,1.563249622686402,16,12,22,6,0,0.2760383981226179,0.8948984885469986,0.0021060114212579093,0.2609347076106518,98.9279649277044,70.68089485831149,0.0073066833433537105,0.6087662337662338,32.101638189242415,142.58538717733194
2322,abundant,60.288014674660474,84.99455768608023,35.18129395122071,0.32987021927085625,6.990740363439324,11587.058679920017,1.5730651619050775,16,12,12,16,0,0.2857643009274902,0.8942737693824959,0.0007007702327681368,0.2609296131100624,98.9272829729564,70.67951488144367,0.007307453460538481,0.6290584415584416,32.101638189242415,143.95592583754063
2323,abundant,60.39523628953735,85.10572559548397,35.02353133094901,0.3142488064095673,6.967398463468328,11473.725845050827,1.5834272863373042,14,12,11,17,0,0.30096718256536353,0.893650380594314,0.0013455397371363448,0.26091928513469964,98.92664425127245,70.67671728296627,0.007309165551641384,0.6290584415584416,32.101638189242415,140.28310196244968
2324,abundant,60.495127502454785,85.22903779792883,34.87165035025485,0.36459525019155764,6.94198341979925,11369.598792331253,1.594651173225314,14,12,9,19,0,0.30988989011913287,0.8930089173797453,0.0010505594486571145,0.26091135152324824,98.92625848155005,70.67456825970301,0.007310446620567749,0.6290584415584416,32.101638189242415,128.59253727707335
2325,abundant,60.60916319182756,85.35308042040398,34.71920889595027,0.38689389573823435,6.938325107319945,11277.590808690675,1.6066608984959654,14,12,9,19,0,0.32581312787680633,0.8923499645006923,0.001051484343267644,0.2609034104421985,98.92582312383539,70.67241721310641,0.007311728996273468,0.6290584415584416,32.101638189242415,143.54791779951285
2326,abundant,60.71994666885574,85.48605875623508,34.57749632752489,0.3925073695668861,6.957682799536019,11181.82252112823,1.61948501282888,14,12,9,19,0,0.3381226266833308,0.8916872452291946,0.0014005577805000786,0.2608926360309409,98.92542482747612,70.66949868595367,0.0073135213196367154,0.6290584415584416,32.101638189242415,140.17170955316604
2327,abundant,60.818912864710285,85.62231234087378,34.44597609639468,0.3414771201865381,6.985347040186835,11087.187127752797,1.6324260343857329,15,12,9,19,0,0.3513810958881023,0.8910001614249147,0.0010512643284669946,0.260884696828744,98.92494449155453,70.66734814829282,0.007314803267144869,0.6290584415584416,32.101638189242415,142.68812847024
2328,abundant,60.9294287170365,85.75850812270939,34.311913056572465,0.3450001865006106,7.037998301199321,11002.968667987974,1.6460912777337526,15,12,8,20,0,0.3622262884060213,0.8903011364554324,0.001050855277293539,0.26087676098121904,98.92446402645483,70.66519851933138,0.007316084572522776,0.6290584415584416,32.101638189242415,132.87214169338463
2329,abundant,61.052228939475256,85.90659221493388,34.18298742922107,0.4532116642236818,7.096757908516085,10923.441612345618,1.6602147227397857,15,12,7,21,0,0.3761098701537687,0.8895868288857794,0.0010504745541500128,0.2608688282655032,98.92410171562025,70.66304973870122,0.007317365277179657,0.6290584415584416,32.101638189242415,120.70089486937302
2330,abundant,61.15880884496947,86.0572068044245,34.07049705489933,0.36370347538664244,7.162109727835757,10838.67712930747,1.6748567017703484,15,12,7,21,0,0.3858613785200646,0.8888617899576197,0.001050306721863275,0.260860896960123,98.92382067010985,70.66090134009683,0.007318645692167399,0.6290584415584416,32.101638189242415,129.86586995890448
2331,abundant,61.26691764793098,86.20301856204905,33.95724061582342,0.30194437318741246,7.21481552471748,10756.272860085795,1.6900254182184515,15,12,7,21,0,0.3986685557927968,0.8881226781137462,0.001050841696388283,0.2608529613563455,98.92349902690954,70.65875177716067,0.007319926844288546,0.6290584415584416,32.101638189242415,136.08370321469823
2332,abundant,61.37217299400447,86.35826198010339,33.850013685095725,0.34806843921195074,7.290216071379561,10684.456889368841,1.7059463092245184,15,12,5,23,0,0.41167449858694677,0.8873594409104861,0.0007001694709064794,0.2608478721454128,98.92330198719516,70.65737323313279,0.007320695623931509,0.6290584415584416,32.101638189242415,139.22467197927963
2333,abundant,61.482438028974045,86.51852496165054,33.74210168904999,0.3639533724233918,7.361136106524889,10614.765015958994,1.7222060938051011,15,12,4,24,0,0.4248348615913097,0.8865817276832162,0.0007001828743078492,0.2608427828488853,98.92306310412454,70.65599466591934,0.007321464396463409,0.6290584415584416,32.101638189242415,127.04392419509338
2334,abundant,61.58489142904366,86.68440013935493,33.648359894424374,0.3486909433856179,7.425858717871797,10574.098082034292,1.733358195193651,15,12,4,24,0,0.43702436677741796,0.8857906057135392,0.0007001726349273984,0.26083769366385623,98.9228560418746,70.65461612890812,0.007322233127342667,0.6290584415584416,32.101638189242415,133.46973294979682
2335,abundant,61.68968053648483,86.85067980898575,33.557010073069456,0.32688918939529493,7.517644124959216,10528.667692390343,1.7410150327603284,15,12,3,25,0,0.4506625063023031,0.8849764258951996,0.00041246209261667263,0.26083493979801237,98.92266882101856,70.65387017332426,0.00732258148981398,0.6290584415584416,32.101638189242415,144.88838039891135
2336,abundant,61.78476032418011,87.02972087224104,33.473124157441354,0.3776316942531979,7.65453415089691,10490.812127646765,1.7487094264909846,14,12,3,25,0,0.4623536834059722,0.8841487126990761,0.0003884234151078925,0.26083238105697654,98.92247409633897,70.65317707232678,0.007322894719964644,0.6290584415584416,32.101638189242415,125.8239766561614
2337,abundant,61.884254825580896,87.20537578672278,33.39178551235091,0.33588085652307026,7.793109991882568,10447.504687562629,1.7565184299554046,15,12,3,25,0,0.47425536796179085,0.8833068413094972,0.00035033982782311135,0.26083013144000305,98.9222762503736,70.65256770555365,0.0073231522995666175,0.6290584415584416,32.101638189242415,136.75287277995938
2338,abundant,61.97645589646273,87.38906550353389,33.31815646555714,0.3492140103650273,7.918505403418476,10413.799712488995,1.7708547686566896,15,12,3,25,0,0.48560612278866433,0.8824524820760565,0.00035026791524425546,0.2608278824086477,98.92212639943777,70.65195849741028,0.0073234097651615785,0.6290584415584416,32.101638189242415,133.42960969907955
2339,abundant,62.07193341778251,87.57547776327927,33.24536780066741,0.3552475800990033,8.023533610084485,10407.773240009428,1.787925627496016,14,12,3,25,0,0.49532829073647494,0.8815874273294291,0.00035022761367089133,0.2608256337108745,98.92197659111312,70.65134937962627,0.007323667162936791,0.6290584415584416,32.101638189242415,147.0432608565318
2340,abundant,62.162620704992264,87.76133282855794,33.18128082995478,0.29987481464705434,8.100475055295934,10399.337152345965,1.8052818240259234,16,12,3,25,0,0.5058163425714288,0.8807108407480762,0.0003504069812646272,0.2608233835640773,98.92182678098459,70.65073986933672,0.007323924813828682,0.6290584415584416,32.101638189242415,139.99985567953115
2341,abundant,62.25598671923878,87.95686527599915,33.119570429145384,0.3624110258620528,8.158775571454502,10399.905243767484,1.8229613755295542,16,12,3,25,0,0.5151052650628546,0.8798240326328532,0.0003502741552235925,0.2608211344974463,98.92167697209297,70.65013065163804,0.007324182261717232,0.6290584415584416,32.101638189242415,138.30487349088344
2342,abundant,62.34510994185764,88.15632883622304,33.06794564805127,0.35306115839175706,8.237993870477442,10411.72242538348,1.8409108658560074,15,12,3,25,0,0.5240320061685234,0.8789274034492933,0.0003502151151949905,0.2608188859162182,98.92152716371966,70.64952156542327,0.007324439614409989,0.6290584415584416,32.101638189242415,133.07806838228902
2343,abundant,62.43828366156703,88.35395176597493,33.01907406204465,0.3367425935814321,8.352140526523558,10436.829026205745,1.859181850403127,14,12,3,25,0,0.5331492777809259,0.878020750836955,0.0003504140435980228,0.26081663572294106,98.92137735335189,70.64891204254342,0.0073246972487991,0.6290584415584416,32.101638189242415,135.89681637772992
2344,abundant,62.52898103928804,88.56240146609738,32.97529662047205,0.39297894522352544,8.51127977887094,10473.425876631634,1.8776992554117913,13,12,2,26,0,0.5413703187948465,0.8771050456848031,0.0003500785186560187,0.2608143882639148,98.9213127734682,70.64830326030595,0.007324954384044734,0.6290584415584416,32.101638189242415,131.1517038540418
2345,abundant,62.61895389998997,88.77292257300401,32.93852544653735,0.3757208604907159,8.579366028239615,10511.731801109498,1.896485893027955,13,12,2,26,0,0.5509077588543997,0.8761788510946772,0.0003501408790709076,0.2608121403088112,98.92124648748053,70.64769434369315,0.00732521160147005,0.6290584415584416,32.101638189242415,139.78209476120824
2346,abundant,62.71109452558227,88.98113694541047,32.91257640050021,0.34166355877084786,8.597363732208345,10543.970319254222,1.9155221983338502,15,12,2,26,0,0.5587722490935436,0.8752440029202381,0.0003500464129963316,0.2608098931304055,98.92117687621203,70.64708563746898,0.007325468671950538,0.6290584415584416,32.101638189242415,145.40249165908557
2347,abundant,62.80438746962401,89.19059050074814,32.89672009029306,0.33778532476184536,8.65722548473357,10581.908827146974,1.9347307782765972,16,12,2,26,0,0.5679758627885709,0.8742990360272873,0.00035023414702340034,0.26080764443463117,98.92110922295126,70.6464765202264,0.007325726007782324,0.6290584415584416,32.101638189242415,145.36078436298698
2348,abundant,62.89402188719883,89.41069595242665,32.8869701167806,0.38903256221141636,8.611205542262669,10628.800383515372,1.9541923752865158,14,12,2,26,0,0.5738069921544502,0.8733476509043918,0.00035009173122651485,0.2608053969045986,98.92103628525697,70.64586771875503,0.0073259831266111915,0.6290584415584416,32.101638189242415,132.29001124629053
2349,abundant,62.9872278539645,89.62926736753221,32.891818506849916,0.3535566945001032,8.49302836972246,10668.455863751296,1.9738048503800802,14,12,2,26,0,0.5815041410087395,0.8723877976182021,0.00035004531856639933,0.2608031497608982,98.92096002185303,70.64525902193171,0.007326240168704127,0.6290584415584416,32.101638189242415,137.10000968752246
2350,abundant,63.082338930972256,89.84828327922959,32.910931502008125,0.34060095699931564,8.360440474109492,10704.493941490222,1.9935722621716205,14,12,2,26,0,0.589341465127803,0.8714193285233002,0.00035023274066875193,0.2608009011060027,98.92088043048105,70.6446499157622,0.007326497475693631,0.6290584415584416,32.101638189242415,145.03698572783696
2351,abundant,63.17946453437027,90.07262342380969,32.96071735876887,0.37428483064602797,8.367395148887306,10754.177974751612,2.0134948428207498,14,12,2,26,0,0.5949341268278363,0.8704447031429148,0.00035007711161081517,0.2607986537242505,98.92079751450164,70.6440411544564,0.007326754546376794,0.6290584415584416,32.101638189242415,138.40602205236664
2352,abundant,63.27884944997803,90.29979193420915,33.04096768295474,0.37507513623606675,8.360652017826983,10807.383167224936,2.0335611071284854,13,12,2,26,0,0.6020077269466577,0.8694622984040528,0.00035013431354757044,0.26079640588388603,98.92072538343548,70.64343226892365,0.007327011691705406,0.6290584415584416,32.101638189242415,137.82863735247457
2353,abundant,63.38056572994376,90.52749574312956,33.13889382386945,0.3719136178916217,8.387636058927134,10851.231748995284,2.0537543299177696,13,12,2,26,0,0.6065812571521662,0.8684748602594702,0.0003500442244574266,0.26079415878032824,98.92064877399447,70.64282358297397,0.007327268696486416,0.6290584415584416,32.101638189242415,135.79421987252582
2354,abundant,63.48122109399949,90.7564940465477,33.247490129564696,0.36107798093559995,8.412154939059954,10893.520420972236,2.074053839345741,14,12,2,26,0,0.6128876533820693,0.8674804902786747,0.0003502299258868404,0.2607919101792233,98.9205625309698,70.64221449137504,0.007327525963651406,0.6290584415584416,32.101638189242415,134.8569044803541
2355,abundant,63.583083512726446,90.9916429036366,33.36744045988546,0.39214137519806486,8.44047879640662,10949.032668948406,2.0944678205677953,14,12,2,26,0,0.6167160125656638,0.8664819051107685,0.0003500873541373088,0.2607896627443282,98.9204729632482,70.64160571567412,0.0073277830135880144,0.6290584415584416,32.101638189242415,126.89456580886049
2356,abundant,63.68775973548155,91.22517208571614,33.497378839078365,0.36019528782623433,8.457283438852436,10994.162334375767,2.1149921904944757,12,12,2,26,0,0.6224235040781034,0.8654770435219845,0.0003501523465050155,0.2607874147913466,98.9203800688265,70.6409967996361,0.007328040149552518,0.6290584415584416,32.101638189242415,141.23268208818507
2357,abundant,63.7893410218428,91.46558744463505,33.63423047304745,0.3915735044605452,8.45245974759303,11063.642799932597,2.1356220194811337,13,12,2,26,0,0.6269126109719286,0.8644672420651958,0.00035008626001258156,0.26078516738343754,98.92028384899979,70.64038803124504,0.007328297180037255,0.6290584415584416,32.101638189242415,135.00422016972672
2358,abundant,63.891684839616275,91.70700823500464,33.78027003890571,0.3776899257159135,8.393969824382184,11134.208154054351,2.156342382283692,14,12,2,26,0,0.6318165183532181,0.8634520450873293,0.00035004258293233945,0.2607829203354946,98.92020276099429,70.6397793603601,0.007328554137785777,0.6290584415584416,32.101638189242415,133.18750178319232
2359,abundant,63.992954166526715,91.9523297739122,33.93196199000339,0.3879465921877879,8.304392768009242,11199.943213345381,2.1768196235338753,16,12,2,26,0,0.6355578935882389,0.8624327377635206,0.0003502271120849804,0.26078067179888903,98.9201032141129,70.63917028623247,0.007328811356207232,0.6290584415584416,32.101638189242415,125.01154908838983
2360,abundant,64.0810717147475,92.19425225397814,34.074011755714494,0.41971274755690413,8.277632781727721,11273.510802505632,2.189231832479569,15,12,3,25,0,0.6237640999011675,0.8614361996076196,0.0007000840710790403,0.2607755835419562,98.91998400982379,70.63779200062004,0.007329579702597411,0.6290584415584416,32.101638189242415,119.20944822348588
2361,abundant,64.17149710099746,92.4297363913307,34.218295327409955,0.3964975594770894,8.261214409962408,11347.053164363497,2.1953370393095835,15,12,3,25,0,0.6215568139521459,0.8604420913254497,0.0007001504706170671,0.26077049477407016,98.9198587637381,70.63641357660276,0.007330348119318302,0.6290584415584416,32.101638189242415,125.26310392106575
2362,abundant,64.26118437352267,92.66563458379778,34.36653335496793,0.4154773369251355,8.208418713738272,11463.127333682394,2.2021296238259147,13,12,3,25,0,0.6213055676016974,0.8594482575244417,0.0007000829769314547,0.2607654065810442,98.91972747719633,70.63503530830117,0.0073311164107510395,0.6290584415584416,32.101638189242415,126.24202643447802
2363,abundant,64.33291211686284,92.86005957001187,34.47765764793398,0.3803996887556814,8.090499701135787,11546.22780890129,2.2194942993707585,15,13,5,22,0,0.5821470338506158,0.858509337393707,0.0011229145178937125,0.260756886363882,98.91950084596192,70.63272738775305,0.007332502427412666,0.6290584415584416,32.101638189242415,131.12013385823647
2364,abundant,64.39499415824987,93.0146748266183,34.55353410581201,0.3399487603100215,8.0753958545025,11613.089198090296,2.241500439002435,16,13,7,20,0,0.5481316889442359,0.857625400535424,0.0017502856984148393,0.26074327393427604,98.91922798196705,70.62904011014038,0.007334804977861009,0.6290584415584416,32.101638189242415,137.2362174325155
2365,abundant,64.44518332469995,93.16144715702109,34.596516992607675,0.3208885134279381,8.12351131907047,11765.33105443509,2.25731185309711,15,13,9,18,0,0.5090623685102771,0.8568040357194155,0.0024501353340255386,0.26072398101959454,98.91891674766839,70.6238141266497,0.007338129920442451,0.6290584415584416,32.101638189242415,128.08319250428423
2366,abundant,64.48728375283727,93.3102777735016,34.605899375666624,0.3044760668915782,8.105518738849415,11910.35812651409,2.253594947680244,15,14,10,16,0,0.4753723169990055,0.8560295312626561,0.0028001818549892826,0.26070184694395193,98.91853365611264,70.61781854144141,0.007341966161424069,0.6290584415584416,32.101638189242415,120.85625843739999
2367,abundant,64.52960147042329,93.45496236044832,34.58792475550322,0.29648533833704155,8.09894049542496,12014.834718313617,2.2472750342986623,14,15,10,15,0,0.46053268499299627,0.8552713481135497,0.002800100156634431,0.2606797136559241,98.91812628449706,70.61182316957888,0.007345802149844855,0.6290584415584416,32.101638189242415,140.94760244570375
2368,abundant,64.58178941745878,93.58016134478855,34.553543473310484,0.27327525432420696,8.094179260534819,12144.713929600483,2.2354025498992214,14,15,11,14,0,0.4474430596727693,0.854537368627927,0.0031502814291942587,0.26065473813227336,98.91771236075589,70.60505790489887,0.0073501496157919784,0.6290584415584416,32.101638189242415,130.06289819393993
2369,abundant,64.64829637363971,93.72050862771873,34.5064308093273,0.3078442560437357,8.12102320265014,12284.00494368712,2.2121405758586823,15,15,12,13,0,0.42464468986998866,0.8538265541464838,0.0030819527647771234,0.26063031734863096,98.91717427761066,70.59844290585643,0.007354397103413461,0.6290584415584416,32.101638189242415,133.53939883154493
2370,abundant,64.72275026590864,93.8420032967665,34.44162940922969,0.32336287171612843,8.177323539655124,12413.982933987423,2.189567899360702,15,15,13,12,0,0.4119020331635623,0.8531316713743957,0.003150338013991018,0.2606053416131022,98.91660008582237,70.59167758378379,0.007358744353599598,0.6290584415584416,32.101638189242415,138.26277692266268
2371,abundant,64.80540547010648,93.95516126784938,34.37515224268204,0.32321781021709356,8.241534709431262,12528.337430504318,2.1675828760381384,16,15,13,12,0,0.4087006504529006,0.8524209714981886,0.002459672831823486,0.26058597201593425,98.91591668397257,70.58643082886408,0.007362082399139186,0.6290584415584416,32.101638189242415,132.46977755302626
2372,abundant,64.89359587703015,94.06374189228583,34.31105042303651,0.32703984173296835,8.299671001915092,12632.892371276466,2.146101065557504,16,15,12,13,0,0.4096408508091519,0.8516991844327144,0.002100638229143365,0.2605695167315301,98.91526246738354,70.58197349071432,0.007364895783447244,0.6290584415584416,32.101638189242415,133.5716572152852
2373,abundant,64.98458673902151,94.17537458498295,34.24217060333095,0.34711988283058365,8.374144742340196,12742.51402051386,2.125124730417004,17,15,12,13,0,0.4084128115023882,0.8509788010400193,0.002102524998483954,0.2605530462177321,98.91459625847179,70.57751202729047,0.0073677118266178435,0.6290584415584416,32.101638189242415,146.08761182554366
2374,abundant,65.07659625233866,94.2838778622759,34.17830029432853,0.31597702635012104,8.439331180138328,12845.58375159097,2.104609141544434,18,15,12,13,0,0.40916404931226324,0.850247737297888,0.0017505968611467866,0.2605394323160972,98.91387322072944,70.57382435094077,0.007370013609143919,0.6290584415584416,32.101638189242415,154.29531899086197
2375,abundant,65.18647874573472,94.3924346367453,34.126534766917885,0.4191061746186137,8.48980011573452,12931.098386108282,2.0832526152518134,19,15,12,13,0,0.398614481438782,0.8495211059323868,0.001494448717193945,0.2605278975857039,98.913113605181,70.57069987174206,0.007371941082324566,0.6290584415584416,32.101638189242415,140.11541766233293
2376,abundant,65.30903328217477,94.50145134037322,34.06891359659013,0.4251639288390177,8.490158210658302,12981.22536249088,2.0576166393484003,19,15,12,13,0,0.40328215486474883,0.8487965155755586,0.0017507147686767796,0.26051428281782213,98.91229717451667,70.56701196074708,0.0073742428902655475,0.6290584415584416,32.101638189242415,135.5288918623719
2377,abundant,65.43405842946257,94.6144431383115,34.00794339338097,0.4337020806133545,8.465187706919625,13040.047252063407,2.032696369318271,18,15,12,13,0,0.4070464795380513,0.8480420575648943,0.0008318970295608716,0.2605081259938748,98.9114562418051,70.56534422620128,0.00737520223638038,0.6290584415584416,32.101638189242415,129.9716036907795
2378,abundant,65.57330711203124,94.73440721143965,33.94037834699492,0.42760059337912704,8.4702390631459,13080.779922633119,2.008474577437368,18,15,13,12,0,0.39559835125835574,0.8473259434036013,0.0017515723246887271,0.26049450433859545,98.91065733942365,70.56165444957702,0.00737750518396805,0.6290584415584416,32.101638189242415,128.35620769939945
2379,abundant,65.71366289397082,94.8558005561807,33.87090936069302,0.41433101408450246,8.501995180640622,13125.660725084454,1.9848909455773862,18,15,13,12,0,0.3944413173860166,0.8465914778642887,0.0010507110647109811,0.2604865715149689,98.90980215823053,70.55950563971646,0.0073787841015409816,0.6290584415584416,32.101638189242415,120.02136728202467
2380,abundant,65.84755640014846,94.96645882274399,33.81368360423596,0.41622312769719794,8.526859996662207,13154.848453966952,1.9618790536840651,19,15,14,11,0,0.38096980901451416,0.8458720137437398,0.0010572381916818436,0.26047858572398025,98.90885721652141,70.55734248227988,0.007380072510763512,0.6290584415584416,32.101638189242415,135.09272605393068
2381,abundant,65.97035200623905,95.07876688238001,33.75829664947122,0.4120903894595893,8.567586590253413,13208.12601655241,1.9394187628106956,19,15,14,11,0,0.374342686725202,0.8451596959490709,0.0010521128831761828,0.26047064156119204,98.90790191880599,70.55519060091497,0.007381353387234978,0.6493506493506493,32.101638189242415,141.92809947397242
2382,abundant,66.09406337506674,95.20428342335373,33.695429020402955,0.4066988853799417,8.599943738036341,13195.625860050834,1.9246205461883679,19,16,14,10,0,0.36208899136661843,0.8444706881042112,0.001403215915835156,0.26045984757289564,98.90694320986029,70.55226677081636,0.007383147176631064,0.6493506493506493,32.101638189242415,132.03105091757473
2383,abundant,66.21017513998484,95.33116411612102,33.5968515057913,0.4388279767891211,8.624430575748312,13156.14944081305,1.905614041856714,19,17,14,9,0,0.34190366420407425,0.8438022785998406,0.0013458759376436269,0.26044951904800573,98.90601652421769,70.54946902348536,0.00738485713071055,0.6493506493506493,32.101638189242415,128.24663794744203
2384,abundant,66.32163104016752,95.44218020412829,33.481928552822296,0.3997905029352649,8.581667115070234,13065.98175297668,1.8961129795560256,19,19,14,7,0,0.3210207590292641,0.8431446092526924,0.0009090531351377722,0.26044273617583413,98.90504821544768,70.54763170763272,0.007385928832443992,0.6493506493506493,32.101638189242415,132.39513497121175
2385,abundant,66.42386686310425,95.54579393815428,33.34921721876019,0.32039445320993504,8.53933329450863,12968.253278344157,1.8908237645981647,19,19,14,7,0,0.3215424971926398,0.8424805370417214,0.0007008762836102841,0.26043764304823946,98.90407646949193,70.54625210267592,0.007386696353036083,0.6696428571428571,32.101638189242415,139.57872349126177
2386,abundant,66.52694983903925,95.65216196501824,33.215331290675564,0.3466527288939575,8.480622943268603,12847.01014963839,1.8875123596519532,20,19,14,7,0,0.327194884074603,0.8418102435602567,0.0007007461077542817,0.26043255097007123,98.90308488709142,70.54487278198334,0.007387463656793225,0.6696428571428571,32.101638189242415,147.54878912626003
2387,abundant,66.63924090956223,95.75375989859415,33.07647278592672,0.35327708157767707,8.390387396058788,12717.364538192443,1.8850174377771658,21,19,14,7,0,0.3316379445579142,0.8411451862537607,0.0010623011613533294,0.26042452422020185,98.90214032558877,70.54269852977762,0.007388759161586647,0.6696428571428571,32.101638189242415,154.08410752810553
2388,abundant,66.75478336171622,95.86144495135069,32.94625392260285,0.3853429401658156,8.304118425619418,12602.224438441815,1.882749521059201,21,19,14,7,0,0.33192040189009814,0.8404794889222549,0.0010505396633300407,0.26041659296037895,98.9011728876341,70.5405501435136,0.007390037437987849,0.6696428571428571,32.101638189242415,149.3282843155298
2389,abundant,66.86564449698352,95.96766759052983,32.80791858183813,0.3350182223173829,8.212100134179785,12487.59565737006,1.8804323442094317,21,19,14,7,0,0.3375275099775655,0.8397978401570109,0.0007011248475483848,0.2604114978542427,98.90025015110474,70.5391700026178,0.00739080517907149,0.6696428571428571,32.101638189242415,154.39288048986015
2390,abundant,66.98713041409125,96.08008483853804,32.6835274432525,0.40971720028550257,8.117207590785316,12360.948396851054,1.877998149450655,20,19,14,7,0,0.3379581142689504,0.8391159422691092,0.000709144206937153,0.26040633764806564,98.89928677076183,70.53777222769706,0.007391584609687608,0.6696428571428571,32.101638189242415,139.6836551235083
2391,abundant,67.09756505013112,96.19219940540032,32.554505040076265,0.35219049110192274,8.047469784649952,12238.072025436206,1.8753774182035126,19,19,14,7,0,0.3367576199097038,0.8384351276839652,0.000700671312739075,0.2604012462104483,98.8984053554218,70.53639308051422,0.007392351634441924,0.6696428571428571,32.101638189242415,154.6626922887167
2392,abundant,67.21167319327962,96.30626621245918,32.4253289653292,0.38045555192378205,7.961690443264084,12122.079675001129,1.8724729163645901,19,19,14,7,0,0.33861560857394685,0.8377719881783013,0.0014049165631220182,0.26039043853473626,98.89738326021538,70.53346554282611,0.007394147526586729,0.6696428571428571,32.101638189242415,150.34244946657128
2393,abundant,67.3204554125659,96.41855298983495,32.30150023163695,0.33504002777926656,7.8690718178186305,12011.008040134264,1.8692995793605856,19,19,14,7,0,0.3381552839729065,0.837099436714071,0.0010506910049946428,0.2603825060919021,98.89651889863,70.53131683611298,0.0073954258370035626,0.6696428571428571,32.101638189242415,150.13712661029504
2394,abundant,67.43802154938867,96.54500910235375,32.19374388782915,0.45440530924535405,7.8072065161940785,11911.655840811349,1.8658518641323671,18,19,13,8,0,0.34026122283843624,0.8364245805807154,0.0010511147059528224,0.26037457022352,98.89560993983166,70.52916720150185,0.0073967047220575045,0.6696428571428571,32.101638189242415,128.73958050082643
2395,abundant,67.5658995263954,96.6683918755092,32.0743303798576,0.4533817880570008,7.738900835602626,11804.029394136662,1.8622355730186644,18,19,13,8,0,0.3444162902582841,0.8357353460603871,0.0007008356769945652,0.2603694775205516,98.8946952194402,70.52778771156603,0.0073974718091674675,0.6696428571428571,32.101638189242415,143.5395466396525
2396,abundant,67.68860365005844,96.7862372596046,31.953109595294553,0.3869367361527315,7.638493860680612,11705.2552953294,1.8583681525157862,18,19,13,8,0,0.34431156820779263,0.8350560160516005,0.001050454151501916,0.2603615470361124,98.89390006911823,70.52563953533469,0.0073987496581196625,0.6696428571428571,32.101638189242415,144.08313174675953
2397,abundant,67.82010895850786,96.89985987212974,31.825706505454832,0.4161543199358928,7.541813127190454,11601.660301930624,1.854186848562541,18,19,13,8,0,0.34715954522604864,0.834373561861077,0.0010507610437515131,0.2603536140732706,98.89297110931098,70.5234906877641,0.007400027911068837,0.6696428571428571,32.101638189242415,141.82803608014282
2398,abundant,67.96415917181008,97.01741367962943,31.71646824325045,0.44579797564086654,7.459013358657415,11532.101854354787,1.8545375484963098,19,19,14,7,0,0.3318939242249141,0.8337177850699486,0.0014038044828256267,0.26034281553435556,98.89198051444025,70.52056562501308,0.00740182191194466,0.6696428571428571,32.101638189242415,128.84229524856488
2399,abundant,68.10059629640797,97.13998405592403,31.616376234450534,0.42111392401643494,7.438759522257884,11456.678776875604,1.856015157213661,19,19,14,7,0,0.3317193870769759,0.833052316536525,0.0010508140128941451,0.2603348821891097,98.89103820862175,70.51841667385847,0.007403100135607501,0.6696428571428571,32.101638189242415,126.01526053783557
2400,abundant,68.23997986743838,97.24715164462299,31.50618512856717,0.3693816048458141,7.419834162152273,11397.04291446005,1.8575096685250787,19,19,14,7,0,0.332331319705714,0.8323786567757526,0.0007823103894214409,0.2603291282409183,98.88992048410348,70.51685806860101,0.0074039860342543645,0.6696428571428571,32.101638189242415,155.07759249498375
2401,abundant,68.37276333464987,97.37199539789718,31.407568531236404,0.44753294227014595,7.385813876429739,11329.05310887361,1.858964207023469,19,19,14,7,0,0.329558754941715,0.8317253511554619,0.0014003217908960988,0.2603183580124402,98.88909636677839,70.51394067446194,0.007405774809525815,0.6696428571428571,32.101638189242415,137.75640364968697
2402,abundant,68.48735676846812,97.49777252504263,31.316343852998592,0.36862040557346337,7.419810473971678,11284.867761717513,1.8656846268527425,18,19,15,6,0,0.3193275669596817,0.8310833257565893,0.0014012473136836433,0.26030758029034584,98.88813219262384,70.51102125048367,0.007407564874865996,0.6696428571428571,32.101638189242415,132.73582870891627
2403,abundant,68.5893687815648,97.62998588635116,31.227029059931578,0.39258628461167605,7.458625602932107,11250.388178458896,1.8739006142413142,18,19,15,6,0,0.3193089992556758,0.8304344116243506,0.0011544916765186771,0.2602988054584585,98.8870781735574,70.50864436097093,0.007408994370970277,0.6696428571428571,32.101638189242415,127.4906795400619
2404,abundant,68.70846280364472,97.76296795547464,31.129448959343517,0.468532373712244,7.516115280372448,11226.900751185342,1.8828284322706133,18,19,15,6,0,0.31855536239997634,0.829793212790016,0.001400430868054635,0.2602880343973349,98.88610412248589,70.50572674128836,0.007410783131704613,0.6696428571428571,32.101638189242415,131.52158692859206
2405,abundant,68.82335029337092,97.89307770067762,31.04177179464724,0.43547132233935376,7.566435524517243,11191.863550482776,1.8914891799850984,18,19,15,6,0,0.31974658263339756,0.8291508413006949,0.0014053482705581176,0.26027722344787374,98.88503259047317,70.50279831682089,0.007412579014597467,0.689935064935065,32.101638189242415,137.10339492647472
2406,abundant,68.91484937922405,98.02013617826582,30.952777675761418,0.3046794059535908,7.60282766736367,11158.10160676585,1.900661331185782,19,19,15,6,0,0.3210819566556372,0.8284970893435698,0.0010513641141478812,0.26026928574377356,98.88398248595104,70.50064818495815,0.007413857668447742,0.689935064935065,32.101638189242415,146.23355848938908
2407,abundant,69.02054021303042,98.15210834371004,30.85992376366861,0.4285336452651206,7.641240223606364,11130.615853849195,1.906783791689914,18,19,15,6,0,0.3205915089677771,0.8278634498574735,0.0017503990631485041,0.2602556740913538,98.8831405055023,70.4969611178664,0.007416157559734911,0.689935064935065,32.101638189242415,136.70280952440783
2408,abundant,69.11925488915965,98.29618336462359,30.779259252980033,0.45028965077246236,7.680072999633433,11102.502965953372,1.9103283939602567,18,19,15,6,0,0.3226114884466809,0.8272233366208557,0.0015985500240606756,0.2602432950162169,98.8821203405398,70.49360792611891,0.007418235521507073,0.689935064935065,32.101638189242415,133.74727528558938
2409,abundant,69.22437740599425,98.43770087235667,30.69928628656361,0.4384734668115265,7.712632090959678,11086.571386339674,1.9129870522694206,18,19,15,6,0,0.32387184991364326,0.8265838948665994,0.0016720457374514296,0.2602303194196239,98.8811751155243,70.49009315115121,0.007420420787501359,0.689935064935065,32.101638189242415,136.81409412975003
2410,abundant,69.32056140081555,98.56751489930187,30.61065637605696,0.3306950624426867,7.7341818856527,11060.533111909172,1.9164641220384642,19,19,15,6,0,0.322453518944872,0.8259384186959136,0.0014008107197696106,0.2602195454273533,98.8802617633949,70.4871747374919,0.007422209706450895,0.689935064935065,32.101638189242415,140.11905084682414
2411,abundant,69.43341442992671,98.70078265962158,30.51879743199795,0.4235361141953986,7.7578019446777375,11034.197012521428,1.921166506595904,18,19,15,6,0,0.3214536178721323,0.8252909788517921,0.001291397697782234,0.26020965954466097,98.87921899801493,70.48449689121549,0.007423838712148783,0.689935064935065,32.101638189242415,141.32576538951284
2412,abundant,69.53805893990192,98.83928911578434,30.44492548425284,0.40482400531167284,7.782957807588001,11017.18479694175,1.924731432205159,18,19,15,6,0,0.32410898305988073,0.8246437258535586,0.0014023886832935472,0.2601988727983794,98.87852838634328,70.48157502280338,0.007425629817808577,0.689935064935065,32.101638189242415,133.91313777826045
2413,abundant,69.64774987257692,98.97240511141476,30.35327460821718,0.420655349911464,7.781441563063771,10993.882176147574,1.928931229697861,18,19,15,6,0,0.3195157033523808,0.8240014780937466,0.0014006969241359374,0.2601880998178082,98.87774168989748,70.47865688318893,0.007427418389638062,0.689935064935065,32.101638189242415,117.56296070088452
2414,abundant,69.76661583552595,99.10236627502022,30.268231940026226,0.44248438490163194,7.767639328628027,10975.849648968542,1.9313511998265147,18,19,15,6,0,0.3236119715844408,0.8233351442161545,0.0007014032553794819,0.26018300291968965,98.87686364890689,70.47727625688852,0.007428185239545094,0.689935064935065,32.101638189242415,148.82077454448262
2415,abundant,69.88461418524957,99.22697242436617,30.185547095173092,0.4155067293040884,7.7181121638461345,10954.709977142997,1.9365343888929858,18,19,15,6,0,0.32488057292820355,0.8226869982907756,0.0014008108872195816,0.2601722290456203,98.87609327086591,70.47435787524704,0.007429973889144922,0.689935064935065,32.101638189242415,135.98263348541838
2416,abundant,69.99510453260058,99.35164392644091,30.104994172469723,0.3853466852160772,7.633544768184381,10933.052123340494,1.9387858661260884,18,19,15,6,0,0.32530233332115016,0.8220384206666914,0.0014019622346064385,0.26016144585644124,98.87525879533837,70.47143697036789,0.007431764158744924,0.7102272727272727,32.101638189242415,133.64893495812967
2417,abundant,70.0870759183832,99.47771891612723,30.028221374862408,0.32283566326088003,7.541758546297454,10907.217585469152,1.9430262903836424,18,19,15,6,0,0.32745221304609257,0.8213874436710263,0.001400729953060766,0.26015067270816217,98.87464143228605,70.46851878532543,0.0074335525658350285,0.7305194805194805,32.101638189242415,138.50539674841946
2418,abundant,70.2043238020235,99.60989778920171,29.966251207478773,0.47917012916880325,7.430186744673792,10888.589922706655,1.9439000217238458,17,19,15,6,0,0.3223082738852391,0.8207425716065911,0.0014166798870930667,0.2601397701225656,98.87372989172238,70.46556553884746,0.007435364213494656,0.7305194805194805,32.101638189242415,125.50719190211562
2419,abundant,70.32894797745654,99.72822908312692,29.915847799431106,0.4838042934104552,7.322504008606903,10872.525537657533,1.9491321022925316,17,19,16,5,0,0.3132780008438726,0.820107204085379,0.001401367132716541,0.26012899186007665,98.87290958604635,70.46264596848935,0.007437153426497011,0.7305194805194805,32.101638189242415,127.74339240042221
2420,abundant,70.4377081627164,99.83216747851029,29.875306414647138,0.34766178620629595,7.228503213912691,10838.298345296706,1.9543049494271112,17,20,16,4,0,0.30174063551395697,0.8195058291014871,0.002162132684762226,0.2601120386101351,98.87197824731592,70.45805374353164,0.007440054046893383,0.7305194805194805,32.101638189242415,137.01555842485274
2421,abundant,70.51769090454087,99.93688736938239,29.843139857377743,0.30587721676768614,7.171327145470019,10796.090723131689,1.959403051546223,17,20,16,4,0,0.2968647808984942,0.8188995156256821,0.0017942065422709784,0.26009807181728706,98.87098536385041,70.45427047749608,0.007442417030811316,0.7305194805194805,32.101638189242415,146.69045918172077
2422,abundant,70.6258942100471,100.03455602526773,29.813804847181622,0.37200801554827423,7.146201535906366,10759.250280589378,1.960178088696973,17,20,16,4,0,0.28762863337926764,0.8182839344536145,0.001100368737486364,0.26008973684541264,98.87021765076382,70.4520127354115,0.007443766243815327,0.7305194805194805,32.101638189242415,141.14526028809468
2423,abundant,70.7401218167957,100.13258408589778,29.785914470844897,0.38139994268310196,7.078929474931002,10708.500586937971,1.9653574295209268,17,20,16,4,0,0.2909110771090321,0.8176731820429086,0.0014017776469281117,0.26007895539580694,98.86917806681403,70.44909230174063,0.007445555764842014,0.7305194805194805,32.101638189242415,138.82467703542952
2424,abundant,70.86035177568354,100.23280736754569,29.764529188372556,0.42643853236132345,7.027747683746304,10662.437702181018,1.9664700510328925,17,20,16,4,0,0.29411381095838907,0.8170687068080724,0.0017517841863560035,0.2600653330231197,98.86823673073955,70.44540233078796,0.007447856579168647,0.7305194805194805,32.101638189242415,128.17786282300148
2425,abundant,70.9578151294769,100.32678010143712,29.75359244079865,0.277056534771765,6.944764170396364,10610.509407022251,1.9710346647662622,17,20,16,4,0,0.29462314961220204,0.8164538542254173,0.0014011743542293824,0.26005455653776827,98.86732045038562,70.4424832418134,0.007449645076768735,0.7305194805194805,32.101638189242415,136.70615125213416
2426,abundant,71.07138314137863,100.41206169503714,29.723187011590586,0.33026822422709184,6.8437884106304026,10560.441939856406,1.9741342116773044,16,20,16,4,0,0.2922299974720152,0.8158220280420597,0.0007009576379108205,0.2600494636223871,98.86628201758165,70.44110369434011,0.007450410503887314,0.7305194805194805,32.101638189242415,132.76760149534
2427,abundant,71.1862827327152,100.49097344663792,29.703092302812074,0.2896589291403732,6.741224823989306,10509.471308650365,1.9788726101272869,15,20,16,4,0,0.2958429611622073,0.8152061450188868,0.0014122940751989707,0.2600385968915782,98.86538525170727,70.43816016005604,0.0074522151585924715,0.7305194805194805,32.101638189242415,136.16386048975573
2428,abundant,71.2969928285719,100.565947745798,29.696052831370782,0.25193117090219896,6.639177429161437,10450.937229259882,1.9850289165710127,14,20,16,4,0,0.2934010142331531,0.8145926307332563,0.0014009582152136484,0.2600278221982483,98.86445354538203,70.43524155649672,0.007454003189079061,0.7305194805194805,32.101638189242415,144.06306041115045
2429,abundant,71.3960273701646,100.66491510498756,29.66297897245691,0.39792595693310145,6.502602088071424,10396.362726747702,1.9867398310164184,15,20,17,3,0,0.27847180679345823,0.8139859487528366,0.0010584645376095396,0.26001982749401004,98.86329921552068,70.43307598467662,0.00745529077825003,0.7305194805194805,32.101638189242415,130.6148077166557
2430,abundant,71.49392392684129,100.75947549943601,29.62910335708047,0.3426623114122457,6.3797396677844445,10331.576494550449,1.9915181198748064,15,20,17,3,0,0.2729717590371125,0.8133949498209792,0.0014025001101201505,0.2600090403116185,98.86217480539266,70.43015399813287,0.007457080954636438,0.7305194805194805,32.101638189242415,132.33084269808492
2431,abundant,71.58828200090119,100.85714299759923,29.595522369822355,0.3697888383734039,6.296334876331502,10271.730690413147,1.9946519357956252,15,20,17,3,0,0.2729082341081367,0.8128137708239549,0.0017507164462420906,0.2599954267530611,98.86125465234878,70.42646641471457,0.00745937980883408,0.7305194805194805,32.101638189242415,121.38807576476097
2432,abundant,71.67973880728992,100.93310308985198,29.555518554074126,0.23386021900409584,6.212850038213071,10208.018783506333,1.9989126881244206,14,20,17,3,0,0.2734490756700269,0.8122124013310437,0.0010508746544917909,0.2599874937493631,98.86039888873121,70.42431755607701,0.007460656122590189,0.7305194805194805,32.101638189242415,144.45303901486662
2433,abundant,71.7696996121641,101.01164743004145,29.52221879200507,0.24915589167413957,6.137213007331588,10150.906760623267,2.0058420558197816,14,20,17,3,0,0.274219880996908,0.8116199753141344,0.001400566149556649,0.25997672236914815,98.85934350571401,70.42139984996034,0.00746244328718953,0.7305194805194805,32.101638189242415,132.19449883135013
2434,abundant,71.87253153237548,101.09159582705072,29.50067958773959,0.3535454135244976,6.060702091280819,10104.48937961,2.0081984738671816,14,20,17,3,0,0.27544986303638314,0.8110262180603109,0.0014013426970146147,0.25996594471864043,98.85847596215355,70.41848044537313,0.00746423152426232,0.7508116883116883,32.101638189242415,133.79022602941828
2435,abundant,71.95316574619987,101.1670839486071,29.472538907661125,0.20964445491077263,5.9658826960774025,10041.122223169965,2.014564800561398,14,20,17,3,0,0.2725540164880058,0.8104552201328747,0.00210041038215954,0.2599494928988086,98.85765775406513,70.41402404569213,0.007467041028905571,0.7508116883116883,32.101638189242415,148.34777565324902
2436,abundant,72.04391159461785,101.24763282380852,29.46426781382825,0.3212247562211733,5.900829534592804,9989.766264464291,2.0167114652986484,14,20,17,3,0,0.27262797915196824,0.8098677378479688,0.0015145890057642847,0.25993779616926227,98.85664056531208,70.410855684845,0.007468994557861657,0.7508116883116883,32.101638189242415,150.8017413354847
2437,abundant,72.13199492827744,101.30863630464819,29.469180087098984,0.14942181015364212,5.841948889020388,9936.185911585282,2.0209381253456127,15,20,17,3,0,0.2659596307792502,0.8092648050319629,0.0007008134946867115,0.2599327047649492,98.85579584470754,70.40947654668346,0.007469759102543365,0.7508116883116883,32.101638189242415,169.2149452898666
2438,abundant,72.24079607883172,101.37810135885437,29.455981273322283,0.33539943827143065,5.815567177352211,9883.397086932175,2.027585304315087,15,20,17,3,0,0.2754476870986714,0.8086612362328104,0.0010508448805753342,0.25992477221504684,98.85494526337479,70.40732781096816,0.007471035012414249,0.7508116883116883,32.101638189242415,163.7716883566606
2439,abundant,72.35421066236253,101.46485466437363,29.433230884922363,0.38656138159771947,5.803298060062408,9823.757830311366,2.033964123778131,16,20,17,3,0,0.26933691345038824,0.8080839812693693,0.001750558619801431,0.2599111602361858,98.85413219295629,70.40364065545135,0.007473333151521832,0.7508116883116883,32.101638189242415,139.24582006722113
2440,abundant,72.4398648275423,101.56239118753568,29.418254154921204,0.29716139222276455,5.7859201872420805,9768.375845880964,2.0353029955457282,16,20,17,3,0,0.27197672541201845,0.8074842343595552,0.0010509817192482483,0.2599032266531554,98.85310342390447,70.40149163988669,0.007474609137215637,0.7508116883116883,32.101638189242415,140.94424617762064
2441,abundant,72.53175497042454,101.66261183162831,29.412268352084066,0.3469579933009611,5.793413912170157,9723.60208956679,2.039997126052494,16,20,17,3,0,0.2727363277553746,0.8069033167226994,0.0017532972741106743,0.2598895925020102,98.85230461944646,70.39779847843491,0.0074769111533655366,0.7508116883116883,32.101638189242415,130.1751140567148
2442,abundant,72.63099353229909,101.76369162049562,29.380861788323454,0.38772747435161137,5.78904099384071,9664.966639647217,2.0446097258568727,16,20,17,3,0,0.27410499405910566,0.8063110208866167,0.0014007020493737908,0.259878820376018,98.85133190295288,70.39488057030522,0.00747869795211192,0.7508116883116883,32.101638189242415,132.8153071098206
2443,abundant,72.72484785148846,101.8397414796764,29.3763091325917,0.2209020862078023,5.799864571000358,9606.556001885008,2.048745686126891,16,20,17,3,0,0.2620431208329947,0.8057417899781225,0.0017505901579315212,0.25986520830889653,98.85043701393673,70.3911933908808,0.007480995871226665,0.7508116883116883,32.101638189242415,152.00771796538191
2444,abundant,72.8201289888427,101.9087918205458,29.389005446902928,0.21686135556843275,5.799176231939224,9559.21707962852,2.055527134088601,16,20,17,3,0,0.27021414937598076,0.8051635816872189,0.0017509740503528826,0.25985159319411755,98.849614125776,70.38750538591975,0.007483294271416248,0.7508116883116883,32.101638189242415,156.57793589388962
2445,abundant,72.94133609031788,101.97647922280208,29.398078954114006,0.3861037980001998,5.801043488122011,9513.187571443821,2.0667107906327,16,20,17,3,0,0.26575265449625585,0.8045804648980515,0.0014003975278013615,0.2598408237116493,98.84873226557377,70.3845881938567,0.007485080403628002,0.7508116883116883,32.101638189242415,157.1305171747718
2446,abundant,73.07175377163448,102.07167150087723,29.396921643170174,0.5187290064569642,5.800768241494486,9464.335213245584,2.070332544444728,17,20,17,3,0,0.27384152142634993,0.803978668918068,0.0010510604851986113,0.25983288977802443,98.84784447574309,70.38243908332447,0.007486356096514318,0.7508116883116883,32.101638189242415,134.24109701825446
2447,abundant,73.17963455613044,102.15299601406085,29.398194396108057,0.2822152224900434,5.814553446589641,9444.494899607947,2.077317628493147,17,20,17,3,0,0.2703156904291602,0.8034003372474728,0.0017505567456096147,0.25981927818380374,98.84688592925393,70.37875203199742,0.007488653700910878,0.7508116883116883,32.101638189242415,152.4874926217874
2448,abundant,73.27275928295111,102.22779119605835,29.40517864469957,0.20294049590433094,5.8266319390149635,9465.863397127978,2.0866101752443194,17,20,17,3,0,0.2730981283453254,0.8028091624028895,0.0014011820212943165,0.2598085024599569,98.8459643414316,70.37583314929603,0.007490440793170322,0.7508116883116883,32.101638189242415,164.14409920192298
2449,abundant,73.37652850362443,102.32817025789166,29.417001696557698,0.4631981557739858,5.830316612571591,9496.812906123581,2.0891304557321373,17,20,17,3,0,0.2697811349572469,0.8022314523302964,0.00175175628070929,0.2597948812314602,98.8451047744164,70.37214348827688,0.0074927400082462625,0.7508116883116883,32.101638189242415,130.9199046645643
2450,abundant,73.49646622020194,102.40375389322973,29.40205531557848,0.39799307477992746,5.84187613551929,9530.46085338499,2.099077103084206,17,20,17,3,0,0.2714352231526031,0.8016225009136881,0.0007009760307101993,0.2597897890741291,98.84424300189815,70.37076414614098,0.007493503965910699,0.7508116883116883,32.101638189242415,145.7648809490483
2451,abundant,73.60128322011825,102.4658423074738,29.40572167794661,0.21087470185298016,5.838515707074407,9568.52048530829,2.107960759747682,17,20,17,3,0,0.27119731645500694,0.8010338729211519,0.0014174662701459165,0.2597788812910478,98.84356984102695,70.36780949179023,0.007495314680857014,0.7508116883116883,32.101638189242415,162.0909115162839
2452,abundant,73.7022203647555,102.54312361826403,29.406010067443184,0.3173350669539234,5.832924333873585,9615.9220620794,2.1133166742148273,16,20,17,3,0,0.2714514539236389,0.8004547163204478,0.001765714236147414,0.2597651468753088,98.84263225683256,70.36408917108749,0.007497634119112313,0.7711038961038961,32.101638189242415,141.51685140452167
2453,abundant,73.79774971594671,102.63634280859,29.424878700238516,0.36894456177784424,5.811270542754476,9648.848109093444,2.0975102982739497,16,20,17,3,0,0.2686808012309495,0.7998586104976938,0.0010515378071361266,0.2597572093715185,98.84176834440807,70.36193909348387,0.0074989100734750335,0.7711038961038961,32.101638189242415,111.93674713397691
2454,abundant,73.89693061592286,102.71739981178814,29.433868262319454,0.293601589223609,5.80497145073185,9692.004174109468,2.0831682865893457,16,20,17,3,0,0.269977362632459,0.7992806731889625,0.0017513496487280595,0.2597435916414359,98.84100567685763,70.35825038010039,0.007501208400399308,0.7711038961038961,32.101638189242415,152.44732728378335
2455,abundant,74.00009420968522,102.8038378192718,29.454206169304275,0.3202130881847872,5.785799700172428,9727.737170972461,2.068544370294024,16,20,17,3,0,0.2662932555007321,0.7986969758129426,0.0014009001796816167,0.25973281849996355,98.8400532265689,70.35533219690171,0.007502994644971976,0.7711038961038961,32.101638189242415,133.44889258871817
2456,abundant,74.09928968640847,102.90471444654811,29.489854945501264,0.36322408922656263,5.787808906054937,9783.707841919371,2.0559895086609443,16,20,17,3,0,0.2712069119306304,0.7981078649717427,0.0014005986401309715,0.25972204783832065,98.83897400644793,70.35241468542878,0.007504780386977602,0.7913961038961038,32.101638189242415,132.94857762255845
2457,abundant,74.21655766594553,103.00157879364576,29.51074378927396,0.415803305007697,5.769078584853616,9819.641299480514,2.0423176706752364,16,20,17,3,0,0.2725420968447505,0.7975172957406478,0.001400966979798594,0.2597112742332355,98.83803041148327,70.34949637664863,0.007506566605119295,0.8116883116883116,32.101638189242415,141.7935932087338
2458,abundant,74.32417637641349,103.07881173815886,29.514971818826417,0.22626338525330278,5.750746660280968,9865.205877815955,2.030834901924582,16,20,17,3,0,0.26757274495680594,0.7969419945049678,0.0017510279918768236,0.25969765928015176,98.83711416387901,70.34580841548691,0.007508864196259519,0.8116883116883116,32.101638189242415,160.9356617473867
2459,abundant,74.44466803562722,103.14951604024967,29.53224139321579,0.3551135528163866,5.73797587441859,9905.727342826453,2.0205058999446313,16,20,17,3,0,0.2659963062874918,0.7963488389523826,0.0010514422975352918,0.2596897227885441,98.83611561631383,70.34365861205907,0.007510139621157367,0.8116883116883116,32.101638189242415,140.01712940120314
2460,abundant,74.55831654367634,103.22253953126298,29.566067956977708,0.3132539530299815,5.757457954741044,9940.395866499719,2.012141888730367,16,20,17,3,0,0.26767885084995696,0.7957758849196432,0.001839025114129527,0.259675393631517,98.83518961859683,70.33977719034053,0.007512565650996696,0.8116883116883116,32.101638189242415,144.429601904594
2461,abundant,74.68608220426196,103.2875042799099,29.58636459671991,0.40137366440523925,5.793699990617588,9975.146308051255,2.007533956274293,16,20,17,3,0,0.26251804114797517,0.7951705519534011,0.0004798885364528997,0.2596720964173404,98.83433379565575,70.33888405484822,0.00751300591405549,0.8116883116883116,32.101638189242415,145.30978925081882
2462,abundant,74.81501478039554,103.35503925917644,29.581842053423948,0.3596588107148794,5.8258614192555225,10001.551524912888,2.004446337423066,16,20,17,3,0,0.257413743608224,0.7945966269336535,0.0014010749364793075,0.2596613220742356,98.83322895354361,70.33596554615642,0.007514792004317002,0.8319805194805194,32.101638189242415,139.74775751414077
2463,abundant,74.9327470555385,103.39069193615119,29.569616791555546,0.35781572809444373,5.866285369490576,10004.516406133116,2.018082027754476,16,20,17,3,0,0.25486425350897507,0.794025545637969,0.0014024779705483943,0.259650536361797,98.83215830751587,70.33304395778734,0.007516580082378831,0.8319805194805194,32.101638189242415,154.05141671312643
2464,abundant,75.02151987328155,103.44103585340517,29.55976485043475,0.22485734654640874,5.885884731753604,10006.23847478522,2.0348442375975058,15,20,17,3,0,0.25609324107233766,0.7934530734673023,0.0014010855183187111,0.2596397619729558,98.83121450797464,70.33012543670664,0.007518366063999373,0.8319805194805194,32.101638189242415,141.39877237537019
2465,abundant,75.13343257471105,103.4915870956648,29.546088865773662,0.37169009186121227,5.957020316827044,10024.454192132813,2.052209396128142,15,20,17,3,0,0.25826985818525927,0.7928585970317761,0.0007007288741997953,0.2596346722997745,98.83027844164636,70.32874676746678,0.007519128770792901,0.8319805194805194,32.101638189242415,153.8737420771812
2466,abundant,75.26465006768086,103.53832746726368,29.516362720715506,0.4493240450024775,5.987787568994998,10011.473019105855,2.069398037306103,15,20,17,3,0,0.25849283296033676,0.7922865898518426,0.001511962011533037,0.2596229979746204,98.82918128321325,70.32558447542709,0.007521076653170577,0.8319805194805194,32.101638189242415,149.76706982874438
2467,abundant,75.37625573948472,103.56859715594874,29.49419983326491,0.25009228788569676,6.029791674007518,10020.812067861778,2.0895039311804346,15,20,17,3,0,0.2592073150974462,0.7917008964212597,0.0010512362865770567,0.2596150633211456,98.82824872666525,70.32343516990494,0.007522351353052563,0.8319805194805194,32.101638189242415,171.48823313052313
2468,abundant,75.48404106628622,103.61374308542975,29.466631220176986,0.29257252439860937,6.043708306715699,10006.005260762802,2.108858267024894,15,20,17,3,0,0.2590799261174421,0.7911153543567714,0.0010516376514641131,0.2596071254159741,98.82727561252025,70.32128498357686,0.007523626595064278,0.8319805194805194,32.101638189242415,146.0762309872062
2469,abundant,75.61233071852732,103.643459931269,29.44340189600848,0.41381148524555605,6.064620958746621,10005.247203814462,2.131152288608362,15,20,17,3,0,0.26346107845206934,0.7905249732753857,0.0010509323182701586,0.25959919324557645,98.82611568067374,70.31913635066019,0.007524900762314029,0.8319805194805194,32.101638189242415,171.62059570523735
2470,abundant,75.72749946198665,103.69982439438445,29.443786531098425,0.38982496261081934,6.077730650734637,9988.475954743612,2.1527791117776536,15,20,17,3,0,0.263111091345154,0.7899251914066558,0.0007014404196337067,0.2595940978488683,98.82506236112349,70.3177561310555,0.007525664281771755,0.8319805194805194,32.101638189242415,156.59663573700033
2471,abundant,75.83927274738662,103.75415826939414,29.43720593302794,0.34227655236627397,6.116343429379172,9991.977959571203,2.17722453695956,15,20,16,4,0,0.2634665499801231,0.7893141453881405,0.0003131138022451935,0.2595921544184747,98.82397572749517,70.31722970281385,0.007525860434100903,0.8522727272727272,32.101638189242415,144.55376174872748
2472,abundant,75.928653675061,103.81751181441737,29.417082149060754,0.28599268788080545,6.163873112671707,9983.583347263091,2.200974107912153,15,20,16,4,0,0.2671404541833482,0.788719746113132,0.0010519723069001472,0.25958421376730084,98.82311317781809,70.31507877266023,0.007527136043199295,0.8522727272727272,32.101638189242415,148.8170028296782
2473,abundant,76.02519902313662,103.87969029325534,29.394629701084263,0.36484610194909145,6.161669993227135,9957.735798848938,2.224738894372974,15,20,16,4,0,0.25889765862259634,0.7881245962561308,0.0007013416958436033,0.2595791191332633,98.82217273859587,70.31369875964452,0.007527899340810153,0.8522727272727272,32.101638189242415,152.64724000262208
2474,abundant,76.09958918436683,103.93460471416472,29.396814210421667,0.21688324186585364,6.177851339513872,9955.64808611627,2.252281126390672,15,20,14,6,0,0.2681574739802487,0.7875094679668484,0.00035160471770969337,0.25957686324780566,98.82119539448291,70.31308769489081,0.0075281516503089415,0.8522727272727272,32.101638189242415,157.63387149239105
2475,abundant,76.18082410947737,103.99693411267124,29.389718110273304,0.32220660751316693,6.188999355836279,9956.571285769372,2.2802186205085073,15,20,12,8,0,0.2709739644827306,0.7869010186261969,0.0007007864385508343,0.25957177309838114,98.82048587175161,70.31170889664821,0.007528914101431906,0.8522727272727272,32.101638189242415,146.0232778554197
2476,abundant,76.27071720780164,104.06107248166009,29.36237990585421,0.35220165940500275,6.2050930419190005,9935.60012847749,2.3083877676506597,15,20,10,10,0,0.2781045677926018,0.7862749314888348,0.0003509959717754079,0.2595695221475629,98.81998588011989,70.31109916856883,0.007529165486325914,0.8522727272727272,32.101638189242415,160.51644644239965
2477,abundant,76.38373964084235,104.11977955453574,29.34246187158654,0.4320979459985915,6.176734192157285,9922.973287506036,2.3204171169986587,15,20,9,11,0,0.28782498857418604,0.785638166469861,0.0003515167306380274,0.2595672669515927,98.81934611643717,70.31048829058055,0.007529417623314005,0.8522727272727272,32.101638189242415,163.6356282690655
2478,abundant,76.48516725498826,104.17149412151271,29.322921799417657,0.32629695763295324,6.166728543176544,9955.717639059876,2.322568965472071,15,20,9,11,0,0.2940596574468829,0.7850043209823454,0.0007007191312882021,0.2595621773391436,98.81898671777272,70.3091096377916,0.007530179932145216,0.8522727272727272,32.101638189242415,180.58208498998755
2479,abundant,76.59186294822933,104.22855007990597,29.30310907291053,0.34867227944489765,6.173777686299884,9992.06406975285,2.325263190823243,15,20,8,12,0,0.2996778464551834,0.7843740876360895,0.0010504387444598092,0.25955424912625097,98.81851172781285,70.30696207686722,0.007531453150746964,0.8522727272727272,32.101638189242415,158.55967894109648
2480,abundant,76.68896798356276,104.28701248174184,29.297134279466878,0.25573315165140603,6.177898110369705,10019.081274719974,2.329161897473629,15,20,7,13,0,0.31341034618392416,0.783728734532161,0.0010499384597761733,0.25954632500549935,98.81817287238002,70.30481562440475,0.007532725594230467,0.8522727272727272,32.101638189242415,162.13750297262854
2481,abundant,76.81446363043038,104.35750939633215,29.272812270981536,0.44282606416136766,6.208379486408429,10038.54902952481,2.3279220741549937,15,20,6,14,0,0.31542383037048366,0.7830615957000073,0.0003509779019226613,0.2595440742568983,98.81772869255892,70.30420595110112,0.0075329768203834324,0.8522727272727272,32.101638189242415,151.79407455425132
2482,abundant,76.94813290424901,104.4215781383131,29.264166730953697,0.39614850245449684,6.300956378429413,10074.234113469458,2.327691087102304,15,20,6,14,0,0.3307244242521992,0.7823776119331034,0.00035046784905600555,0.2595418276465032,98.81742285509583,70.30359739873728,0.007533227292632185,0.8522727272727272,32.101638189242415,145.90094307807755
2483,abundant,77.09597854820663,104.48637033564482,29.252122569201624,0.452741477463794,6.373354235771101,10120.69656558927,2.3265202414526027,15,20,6,14,0,0.34159972177194164,0.7817012621923842,0.0010503554724969465,0.25953390015734906,98.81700950518372,70.30145003385616,0.007534500283765285,0.8522727272727272,32.101638189242415,146.46432512131884
2484,abundant,77.24512990734009,104.54775827048464,29.240824937166316,0.3992612375751507,6.417138640719616,10152.160705240254,2.325091866873269,14,20,6,14,0,0.3503281556649848,0.7809957339642144,0.000351169395058356,0.2595316478918924,98.81674844133815,70.30083994967306,0.007534751728067371,0.8522727272727272,32.101638189242415,147.298531528862
2485,abundant,77.4072415908022,104.6062878519031,29.210406813033252,0.46766172255360783,6.437035087544425,10181.53837267332,2.319928032240023,13,20,6,14,0,0.3545862840175896,0.7802900866449849,0.0005141997567830313,0.25952807233921604,98.81646987090681,70.29987141901995,0.00753524134907875,0.8522727272727272,32.101638189242415,130.78265080226092
2486,abundant,77.57631971773155,104.67074043994091,29.170810324462387,0.5024964393316194,6.4313996875708055,10196.078476775554,2.3151570263877095,13,20,6,14,0,0.3666587177571988,0.7795666009446902,0.00035138890136645836,0.2595258182915661,98.81598684134421,70.29926085208385,0.007535493088345984,0.8522727272727272,32.101638189242415,133.26945214051773
2487,abundant,77.74205633661677,104.70714730036552,29.16512317736308,0.4058195756613694,6.441051760189103,10227.853854396715,2.3156001592725617,13,20,6,14,0,0.36769658859958376,0.7788517463982041,0.0007004178919017369,0.2595207312229038,98.81556611891587,70.29788288834513,0.007536254746120011,0.8522727272727272,32.101638189242415,164.0030042924619
2488,abundant,77.90893875090305,104.7399535142387,29.152086993050602,0.41376791822346864,6.489058632161184,10255.803475712164,2.318137931648134,13,20,6,14,0,0.3783189132443055,0.7781154124723549,0.00035060281141521983,0.2595184835717968,98.81530266578498,70.29727405407763,0.007536505301732291,0.8522727272727272,32.101638189242415,166.75484306028258
2489,abundant,78.08224423485959,104.77481568730582,29.126768256232253,0.4868551876296942,6.549077980804256,10278.896278510743,2.3190109599285127,12,20,5,15,0,0.37913957860021363,0.777378202511626,0.00035155627612194426,0.25951622818092807,98.81513400148286,70.29666312329607,0.0075367572416455905,0.8522727272727272,32.101638189242415,160.53354458511336
2490,abundant,78.26313613436277,104.81156162156444,29.101536857833413,0.5357459934447025,6.568623204727712,10281.865964915276,2.320686201743395,13,20,5,15,0,0.38889287708222653,0.7766302412482353,0.0003507464785588966,0.25951397935501613,98.81472932593587,70.29605397080236,0.0075370079897064185,0.8522727272727272,32.101638189242415,142.29047642105357
2491,abundant,78.43721276096674,104.83614447165834,29.090037830780158,0.45557520473667523,6.584411720620949,10284.988200843087,2.3277634308243105,13,20,4,16,0,0.39474807628198516,0.7758758521800482,0.00035120770439465776,0.25951172678859014,98.81453438983628,70.29544380509395,0.007537259402906386,0.8522727272727272,32.101638189242415,155.89360118021017
2492,abundant,78.60833322121849,104.85840827937787,29.060767259957146,0.42702456505267666,6.5718143138705205,10283.449701654288,2.3319086333046175,13,20,4,16,0,0.3993615866016266,0.7751077015824629,4.0969559877211806e-05,0.25951199237176825,98.81421756565109,70.29551574514693,0.007537057553098809,0.8522727272727272,32.101638189242415,148.67968248984457
2493,abundant,78.77706509531839,104.87228338273592,29.03899242816244,0.39198520801196457,6.554538771670299,10287.648526926663,2.3377107250372573,13,20,4,16,0,0.4070694479282205,0.7743397411039467,0.0003505683644555094,0.2595097449780757,98.81404404742855,70.29490698060678,0.007537308030509728,0.8522727272727272,32.101638189242415,154.43892086453414
2494,abundant,78.9675513733697,104.8838746318236,29.019115209366714,0.5477439584907413,6.4766292388541284,10273.948723281697,2.344787677015604,13,20,4,16,0,0.4095285137632308,0.7735594409491211,6.471796928451158e-06,0.2595102905631189,98.81381274778275,70.29505476638595,0.0075370557781880435,0.8522727272727272,32.101638189242415,151.88978553992666
2495,abundant,79.15857361267418,104.89318404199282,28.992631868524825,0.522069633831835,6.440889259597048,10249.964245591684,2.354735500016128,12,20,4,16,0,0.41722534018601704,0.7727803139103415,0.0003507441223187811,0.2595080417380326,98.81354720281708,70.29444561411587,0.0075373065124407605,0.8522727272727272,32.101638189242415,172.75747986112077
2496,abundant,79.3431072452024,104.89376214788574,28.971204925237252,0.44979319654046895,6.487810341794382,10237.73069128103,2.365617745345686,14,20,4,16,0,0.41874728268417377,0.7719995187022305,0.0003509572443479338,0.259505791181934,98.81336881903393,70.29383599295649,0.007537557549356355,0.8522727272727272,32.101638189242415,178.59776399748608
2497,abundant,79.53539466309218,104.89350377670982,28.93614800726373,0.49947523320581433,6.564529836489642,10212.619589920192,2.374252321246301,13,20,4,16,0,0.42542378983151874,0.7712016080674923,1.983359871591918e-06,0.2595063731902322,98.81305237451734,70.29399364491358,0.007537298730817255,0.8522727272727272,32.101638189242415,177.82525506249016
2498,abundant,79.72531417581823,104.89368410221059,28.91197396537185,0.47837150161668673,6.604764282224326,10180.427844375408,2.389292944458395,14,20,4,16,0,0.4273145715505833,0.770411377840945,0.00035056436279882087,0.2595041258097304,98.81285426699465,70.2933848839465,0.007537549194007718,0.8522727272727272,32.101638189242415,181.45470648554505
2499,abundant,79.920094959414,104.8982469765064,28.888374901541567,0.5336476967732845,6.666670877142795,10155.858639993756,2.4059754641896016,14,20,4,16,0,0.4319830083906105,0.7696258194298323,0.0007008177898937673,0.2594990354885365,98.81261639527872,70.29200603917573,0.0075383113646366896,0.8522727272727272,32.101638189242415,199.25748779492022
