step,scenario,field_health_pct,field_biomass_pct,mean_grazing_pressure,degraded_area_pct,mean_ndvi_pct
0,scarce,100.0,46.00007820767078,0.0,0.0,24.325666783590812
1,scarce,100.0,46.00015641520858,0.0,0.0,24.325666783590812
2,scarce,100.0,46.00023462261344,0.0,0.0,24.325666783590812
3,scarce,100.0,46.00031282988533,0.0,0.0,24.325666783590812
4,scarce,100.0,46.00039103702425,0.0,0.0,24.325666783590812
5,scarce,100.0,46.00046924403022,0.0,0.0,24.325666783590812
6,scarce,100.0,46.000547450903234,0.0,0.0,24.325666783590812
7,scarce,100.0,46.00062565764328,0.0,0.0,24.325666783590812
8,scarce,100.0,46.00070386425036,0.0,0.0,24.325666783590812
9,scarce,100.0,46.00078207072449,0.0,0.0,24.325666783590812
10,scarce,100.0,46.000860277065655,0.0,0.0,24.325666783590812
11,scarce,100.0,46.00093848327386,0.0,0.0,24.325666783590812
12,scarce,100.0,46.0010166893491,0.0,0.0,24.325666783590812
13,scarce,100.0,46.00109489529138,0.0,0.0,24.325666783590812
14,scarce,100.0,46.001173101100726,0.0,0.0,24.325666783590812
15,scarce,100.0,46.00125130677708,0.0,0.0,24.325666783590812
16,scarce,100.0,46.001329512320495,0.0,0.0,24.325666783590812
17,scarce,100.0,46.001407717730935,0.0,0.0,24.325666783590812
18,scarce,100.0,46.00148592300843,0.0,0.0,24.325666783590812
19,scarce,100.0,46.00156412815298,0.0,0.0,24.325666783590812
20,scarce,100.0,46.00164233316455,0.0,0.0,24.325666783590812
21,scarce,100.0,46.00172053804317,0.0,0.0,24.325666783590812
22,scarce,100.0,46.001798742788836,0.0,0.0,24.325666783590812
23,scarce,100.0,46.001876947401534,0.0,0.0,24.325666783590812
24,scarce,100.0,46.00195515188129,0.0,0.0,24.325666783590812
25,scarce,100.0,46.00203335622808,0.0,0.0,24.325666783590812
26,scarce,100.0,46.002111560441925,0.0,0.0,24.325666783590812
27,scarce,100.0,46.00218976452281,0.0,0.0,24.325666783590812
28,scarce,100.0,46.00226796847075,0.0,0.0,24.325666783590812
29,scarce,100.0,46.002346172285705,0.0,0.0,24.325666783590812
30,scarce,100.0,46.00242437596773,0.0,0.0,24.325666783590812
31,scarce,100.0,46.00250257951679,0.0,0.0,24.325666783590812
32,scarce,100.0,46.0025807829329,0.0,0.0,24.325666783590812
33,scarce,100.0,46.002658986216055,0.0,0.0,24.325666783590812
34,scarce,100.0,46.002737189366265,0.0,0.0,24.325666783590812
35,scarce,100.0,46.00281539238351,0.0,0.0,24.325666783590812
36,scarce,100.0,46.0028935952678,0.0,0.0,24.325666783590812
37,scarce,100.0,46.002971798019146,0.0,0.0,24.325666783590812
38,scarce,100.0,46.00305000063754,0.0,0.0,24.325666783590812
39,scarce,100.0,46.003128203122984,0.0,0.0,24.325666783590812
40,scarce,100.0,46.003206405475474,0.0,0.0,24.325666783590812
41,scarce,100.0,46.00328460769501,0.0,0.0,24.325666783590812
42,scarce,100.0,46.003362809781585,0.0,0.0,24.325666783590812
43,scarce,100.0,46.00344101173521,0.0,0.0,24.325666783590812
44,scarce,100.0,46.0035192135559,0.0,0.0,24.325666783590812
45,scarce,100.0,46.00359741524363,0.0,0.0,24.325666783590812
46,scarce,100.0,46.003675616798404,0.0,0.0,24.325666783590812
47,scarce,100.0,46.00375381822024,0.0,0.0,24.325666783590812
48,scarce,100.0,46.00383201950912,0.0,0.0,24.325666783590812
49,scarce,100.0,46.00391022066505,0.0,0.0,24.325666783590812
50,scarce,100.0,46.00398842168803,0.0,0.0,24.325666783590812
51,scarce,100.0,46.00406662257806,0.0,0.0,24.325666783590812
52,scarce,100.0,46.00414482333515,0.0,0.0,24.325666783590812
53,scarce,100.0,46.004223023959284,0.0,0.0,24.325666783590812
54,scarce,100.0,46.004301224450465,0.0,0.0,24.325666783590812
55,scarce,100.0,46.00437942480871,0.0,0.0,24.325666783590812
56,scarce,100.0,46.00445762503401,0.0,0.0,24.325666783590812
57,scarce,100.0,46.00453582512634,0.0,0.0,24.325666783590812
58,scarce,100.0,46.004614025085736,0.0,0.0,24.325666783590812
59,scarce,100.0,46.00469222491219,0.0,0.0,24.325666783590812
60,scarce,100.0,46.004770424605695,0.0,0.0,24.325666783590812
61,scarce,100.0,46.00484862416625,0.0,0.0,24.325666783590812
62,scarce,100.0,46.004926823593856,0.0,0.0,24.325666783590812
63,scarce,100.0,46.005005022888525,0.0,0.0,24.325666783590812
64,scarce,100.0,46.00508322205024,0.0,0.0,24.325666783590812
65,scarce,100.0,46.00516142107901,0.0,0.0,24.325666783590812
66,scarce,100.0,46.005239619974844,0.0,0.0,24.325666783590812
67,scarce,100.0,46.00531781873772,0.0,0.0,24.325666783590812
68,scarce,100.0,46.005396017367666,0.0,0.0,24.325666783590812
69,scarce,100.0,46.00547421586467,0.0,0.0,24.325666783590812
70,scarce,100.0,46.00555241422872,0.0,0.0,24.325666783590812
71,scarce,100.0,46.005630612459825,0.0,0.0,24.325666783590812
72,scarce,100.0,46.00570881055799,0.0,0.0,24.325666783590812
73,scarce,100.0,46.00578700852321,0.0,0.0,24.325666783590812
74,scarce,100.0,46.00586520635549,0.0,0.0,24.325666783590812
75,scarce,100.0,46.005943404054825,0.0,0.0,24.325666783590812
76,scarce,100.0,46.006021601621214,0.0,0.0,24.325666783590812
77,scarce,100.0,46.006099799054674,0.0,0.0,24.325666783590812
78,scarce,100.0,46.00617799635519,0.0,0.0,24.325666783590812
79,scarce,100.0,46.00625619352275,0.0,0.0,24.325666783590812
80,scarce,100.0,46.006334390557384,0.0,0.0,24.325666783590812
81,scarce,100.0,46.00641258745905,0.0,0.0,24.325666783590812
82,scarce,100.0,46.00649078422781,0.0,0.0,24.325666783590812
83,scarce,100.0,46.00656898086361,0.0,0.0,24.325666783590812
84,scarce,100.0,46.006647177366474,0.0,0.0,24.325666783590812
85,scarce,100.0,46.00672537373641,0.0,0.0,24.325666783590812
86,scarce,100.0,46.00680356997339,0.0,0.0,24.325666783590812
87,scarce,100.0,46.00688176607744,0.0,0.0,24.325666783590812
88,scarce,100.0,46.00695996204854,0.0,0.0,24.325666783590812
89,scarce,100.0,46.00703815788672,0.0,0.0,24.325666783590812
90,scarce,100.0,46.00711635359194,0.0,0.0,24.325666783590812
91,scarce,100.0,46.00719454916424,0.0,0.0,24.325666783590812
92,scarce,100.0,46.0072727446036,0.0,0.0,24.325666783590812
93,scarce,100.0,46.007350939910005,0.0,0.0,24.325666783590812
94,scarce,100.0,46.00742913508349,0.0,0.0,24.325666783590812
95,scarce,100.0,46.00750733012402,0.0,0.0,24.325666783590812
96,scarce,100.0,46.00758552503164,0.0,0.0,24.325666783590812
97,scarce,100.0,46.0076637198063,0.0,0.0,24.325666783590812
98,scarce,100.0,46.00774191444803,0.0,0.0,24.325666783590812
99,scarce,100.0,46.007820108956835,0.0,0.0,24.325666783590812
100,scarce,100.0,46.00789830333268,0.0,0.0,24.325666783590812
101,scarce,100.0,46.00797649757561,0.0,0.0,24.325666783590812
102,scarce,100.0,46.0080546916856,0.0,0.0,24.325666783590812
103,scarce,100.0,46.00813288566266,0.0,0.0,24.325666783590812
104,scarce,100.0,46.00821107950678,0.0,0.0,24.325666783590812
105,scarce,100.0,46.00828927321797,0.0,0.0,24.325666783590812
106,scarce,100.0,46.00836746679621,0.0,0.0,24.325666783590812
107,scarce,100.0,46.00844566024153,0.0,0.0,24.325666783590812
108,scarce,100.0,46.0085238535539,0.0,0.0,24.325666783590812
109,scarce,100.0,46.00860204673336,0.0,0.0,24.325666783590812
110,scarce,100.0,46.00868023977988,0.0,0.0,24.325666783590812
111,scarce,100.0,46.00875843269347,0.0,0.0,24.325666783590812
112,scarce,100.0,46.00883662547412,0.0,0.0,24.325666783590812
113,scarce,100.0,46.00891481812183,0.0,0.0,24.325666783590812
114,scarce,100.0,46.008993010636615,0.0,0.0,24.325666783590812
115,scarce,100.0,46.00907120301847,0.0,0.0,24.325666783590812
116,scarce,100.0,46.0091493952674,0.0,0.0,24.325666783590812
117,scarce,100.0,46.009227587383386,0.0,0.0,24.325666783590812
118,scarce,100.0,46.00930577936645,0.0,0.0,24.325666783590812
119,scarce,100.0,46.009383971216586,0.0,0.0,24.325666783590812
120,scarce,100.0,46.00946216293379,0.0,0.0,24.325666783590812
121,scarce,100.0,46.00954035451805,0.0,0.0,24.325666783590812
122,scarce,100.0,46.0096185459694,0.0,0.0,24.325666783590812
123,scarce,100.0,46.00969673728781,0.0,0.0,24.325666783590812
124,scarce,100.0,46.009774928473284,0.0,0.0,24.325666783590812
125,scarce,100.0,46.00985311952584,0.0,0.0,24.325666783590812
126,scarce,100.0,46.00993131044546,0.0,0.0,24.325666783590812
127,scarce,100.0,46.01000950123216,0.0,0.0,24.325666783590812
128,scarce,100.0,46.01008769188593,0.0,0.0,24.325666783590812
129,scarce,100.0,46.01016588240676,0.0,0.0,24.325666783590812
130,scarce,100.0,46.01024407279468,0.0,0.0,24.325666783590812
131,scarce,100.0,46.01032226304966,0.0,0.0,24.325666783590812
132,scarce,100.0,46.01040045317171,0.0,0.0,24.325666783590812
133,scarce,100.0,46.01047864316085,0.0,0.0,24.325666783590812
134,scarce,100.0,46.010556833017056,0.0,0.0,24.325666783590812
135,scarce,100.0,46.010635022740324,0.0,0.0,24.325666783590812
136,scarce,100.0,46.01071321233068,0.0,0.0,24.325666783590812
137,scarce,100.0,46.01079140178809,0.0,0.0,24.325666783590812
138,scarce,100.0,46.010869591112595,0.0,0.0,24.325666783590812
139,scarce,100.0,46.01094778030417,0.0,0.0,24.325666783590812
140,scarce,100.0,46.01102596936282,0.0,0.0,24.325666783590812
141,scarce,100.0,46.01110415828854,0.0,0.0,24.325666783590812
142,scarce,100.0,46.01118234708135,0.0,0.0,24.325666783590812
143,scarce,100.0,46.01126053574122,0.0,0.0,24.325666783590812
144,scarce,100.0,46.01133872426817,0.0,0.0,24.325666783590812
145,scarce,100.0,46.0114169126622,0.0,0.0,24.325666783590812
146,scarce,100.0,46.011495100923305,0.0,0.0,24.325666783590812
147,scarce,100.0,46.01157328905149,0.0,0.0,24.325666783590812
148,scarce,100.0,46.01165147704674,0.0,0.0,24.325666783590812
149,scarce,100.0,46.01172966490908,0.0,0.0,24.325666783590812
150,scarce,100.0,46.01180785263849,0.0,0.0,24.325666783590812
151,scarce,100.0,46.011886040234984,0.0,0.0,24.325666783590812
152,scarce,100.0,46.011964227698556,0.0,0.0,24.325666783590812
153,scarce,100.0,46.0120424150292,0.0,0.0,24.325666783590812
154,scarce,100.0,46.01212060222692,0.0,0.0,24.325666783590812
155,scarce,100.0,46.01219878929174,0.0,0.0,24.325666783590812
156,scarce,100.0,46.012276976223625,0.0,0.0,24.325666783590812
157,scarce,100.0,46.01235516302259,0.0,0.0,24.325666783590812
158,scarce,100.0,46.01243334968863,0.0,0.0,24.325666783590812
159,scarce,100.0,46.01251153622176,0.0,0.0,24.325666783590812
160,scarce,100.0,46.01258972262196,0.0,0.0,24.325666783590812
161,scarce,100.0,46.01266790888924,0.0,0.0,24.325666783590812
162,scarce,100.0,46.01274609502362,0.0,0.0,24.325666783590812
163,scarce,100.0,46.01282428102507,0.0,0.0,24.325666783590812
164,scarce,100.0,46.01290246689359,0.0,0.0,24.325666783590812
165,scarce,100.0,46.012980652629196,0.0,0.0,24.325666783590812
166,scarce,100.0,46.0130588382319,0.0,0.0,24.325666783590812
167,scarce,100.0,46.013137023701674,0.0,0.0,24.325666783590812
168,scarce,100.0,46.013215209038535,0.0,0.0,24.325666783590812
169,scarce,100.0,46.013293394242474,0.0,0.0,24.325666783590812
170,scarce,100.0,46.01337157931349,0.0,0.0,24.325666783590812
171,scarce,100.0,46.0134497642516,0.0,0.0,24.325666783590812
172,scarce,100.0,46.013527949056794,0.0,0.0,24.325666783590812
173,scarce,100.0,46.01360613372906,0.0,0.0,24.325666783590812
174,scarce,100.0,46.013684318268425,0.0,0.0,24.325666783590812
175,scarce,100.0,46.01376250267487,0.0,0.0,24.325666783590812
176,scarce,100.0,46.01384068694839,0.0,0.0,24.325666783590812
177,scarce,100.0,46.013918871089004,0.0,0.0,24.325666783590812
178,scarce,100.0,46.01399705509671,0.0,0.0,24.325666783590812
179,scarce,100.0,46.01407523897149,0.0,0.0,24.325666783590812
180,scarce,100.0,46.01415342271336,0.0,0.0,24.325666783590812
181,scarce,100.0,46.01423160632231,0.0,0.0,24.325666783590812
182,scarce,100.0,46.01430978979836,0.0,0.0,24.325666783590812
183,scarce,100.0,46.01438797314149,0.0,0.0,24.325666783590812
184,scarce,100.0,46.0144661563517,0.0,0.0,24.325666783590812
185,scarce,100.0,46.01454433942901,0.0,0.0,24.325666783590812
186,scarce,100.0,46.0146225223734,0.0,0.0,24.325666783590812
187,scarce,100.0,46.01470070518487,0.0,0.0,24.325666783590812
188,scarce,100.0,46.014778887863436,0.0,0.0,24.325666783590812
189,scarce,100.0,46.01485707040908,0.0,0.0,24.325666783590812
190,scarce,100.0,46.014935252821836,0.0,0.0,24.325666783590812
191,scarce,100.0,46.01501343510167,0.0,0.0,24.325666783590812
192,scarce,100.0,46.015091617248586,0.0,0.0,24.325666783590812
193,scarce,100.0,46.01516979926259,0.0,0.0,24.325666783590812
194,scarce,100.0,46.015247981143695,0.0,0.0,24.325666783590812
195,scarce,100.0,46.01532616289188,0.0,0.0,24.325666783590812
196,scarce,100.0,46.01540434450717,0.0,0.0,24.325666783590812
197,scarce,100.0,46.01548252598953,0.0,0.0,24.325666783590812
198,scarce,100.0,46.01556070733899,0.0,0.0,24.325666783590812
199,scarce,100.0,46.01563888855555,0.0,0.0,24.325666783590812
200,scarce,100.0,46.01571706963918,0.0,0.0,24.325666783590812
201,scarce,100.0,46.01579525058991,0.0,0.0,24.325666783590812
202,scarce,100.0,46.01587343140774,0.0,0.0,24.325666783590812
203,scarce,100.0,46.01595161209266,0.0,0.0,24.325666783590812
204,scarce,100.0,46.01602979264466,0.0,0.0,24.325666783590812
205,scarce,100.0,46.016107973063775,0.0,0.0,24.325666783590812
206,scarce,100.0,46.01618615334996,0.0,0.0,24.325666783590812
207,scarce,100.0,46.01626433350326,0.0,0.0,24.325666783590812
208,scarce,100.0,46.016342513523625,0.0,0.0,24.325666783590812
209,scarce,100.0,46.016420693411106,0.0,0.0,24.325666783590812
210,scarce,100.0,46.01649887316567,0.0,0.0,24.325666783590812
211,scarce,100.0,46.01657705278734,0.0,0.0,24.325666783590812
212,scarce,100.0,46.016655232276094,0.0,0.0,24.325666783590812
213,scarce,100.0,46.01673341163195,0.0,0.0,24.325666783590812
214,scarce,100.0,46.01681159085489,0.0,0.0,24.325666783590812
215,scarce,100.0,46.01688976994494,0.0,0.0,24.325666783590812
216,scarce,100.0,46.01696794890207,0.0,0.0,24.325666783590812
217,scarce,100.0,46.0170461277263,0.0,0.0,24.325666783590812
218,scarce,100.0,46.01712430641763,0.0,0.0,24.325666783590812
219,scarce,100.0,46.01720248497605,0.0,0.0,24.325666783590812
220,scarce,100.0,46.017280663401586,0.0,0.0,24.325666783590812
221,scarce,100.0,46.017358841694204,0.0,0.0,24.325666783590812
222,scarce,100.0,46.017437019853915,0.0,0.0,24.325666783590812
223,scarce,100.0,46.017515197880726,0.0,0.0,24.325666783590812
224,scarce,100.0,46.017593375774645,0.0,0.0,24.325666783590812
225,scarce,100.0,46.01767155353565,0.0,0.0,24.325666783590812
226,scarce,100.0,46.01774973116376,0.0,0.0,24.325666783590812
227,scarce,100.0,46.01782790865896,0.0,0.0,24.325666783590812
228,scarce,100.0,46.01790608602126,0.0,0.0,24.325666783590812
229,scarce,100.0,46.01798426325066,0.0,0.0,24.325666783590812
230,scarce,100.0,46.018062440347165,0.0,0.0,24.325666783590812
231,scarce,100.0,46.01814061731078,0.0,0.0,24.325666783590812
232,scarce,100.0,46.01821879414148,0.0,0.0,24.325666783590812
233,scarce,100.0,46.01829697083928,0.0,0.0,24.325666783590812
234,scarce,100.0,46.01837514740417,0.0,0.0,24.325666783590812
235,scarce,100.0,46.018453323836184,0.0,0.0,24.325666783590812
236,scarce,100.0,46.01853150013528,0.0,0.0,24.325666783590812
237,scarce,100.0,46.018609676301494,0.0,0.0,24.325666783590812
238,scarce,100.0,46.01868785233479,0.0,0.0,24.325666783590812
239,scarce,100.0,46.018766028235206,0.0,0.0,24.325666783590812
240,scarce,100.0,46.018844204002725,0.0,0.0,24.325666783590812
241,scarce,100.0,46.01892237963733,0.0,0.0,24.325666783590812
242,scarce,100.0,46.019000555139044,0.0,0.0,24.325666783590812
243,scarce,100.0,46.019078730507864,0.0,0.0,24.325666783590812
244,scarce,100.0,46.019156905743785,0.0,0.0,24.325666783590812
245,scarce,100.0,46.01923508084681,0.0,0.0,24.325666783590812
246,scarce,100.0,46.01931325581694,0.0,0.0,24.325666783590812
247,scarce,100.0,46.019391430654174,0.0,0.0,24.325666783590812
248,scarce,100.0,46.0194696053585,0.0,0.0,24.325666783590812
249,scarce,100.0,46.019547779929944,0.0,0.0,24.325666783590812
250,scarce,100.0,46.01962595436848,0.0,0.0,24.325666783590812
251,scarce,100.0,46.019704128674135,0.0,0.0,24.325666783590812
252,scarce,100.0,46.01978230284689,0.0,0.0,24.325666783590812
253,scarce,100.0,46.019860476886755,0.0,0.0,24.325666783590812
254,scarce,100.0,46.01993865079372,0.0,0.0,24.325666783590812
255,scarce,100.0,46.02001682456778,0.0,0.0,24.325666783590812
256,scarce,100.0,46.02009499820897,0.0,0.0,24.325666783590812
257,scarce,100.0,46.020173171717246,0.0,0.0,24.325666783590812
258,scarce,100.0,46.02025134509264,0.0,0.0,24.325666783590812
259,scarce,100.0,46.02032951833515,0.0,0.0,24.325666783590812
260,scarce,100.0,46.020407691444746,0.0,0.0,24.325666783590812
261,scarce,100.0,46.02048586442147,0.0,0.0,24.325666783590812
262,scarce,100.0,46.02056403726528,0.0,0.0,24.325666783590812
263,scarce,100.0,46.02064220997622,0.0,0.0,24.325666783590812
264,scarce,100.0,46.02072038255425,0.0,0.0,24.325666783590812
265,scarce,100.0,46.0207985549994,0.0,0.0,24.325666783590812
266,scarce,100.0,46.02087672731165,0.0,0.0,24.325666783590812
267,scarce,100.0,46.020954899491024,0.0,0.0,24.325666783590812
268,scarce,100.0,46.0210330715375,0.0,0.0,24.325666783590812
269,scarce,100.0,46.02111124345109,0.0,0.0,24.325666783590812
270,scarce,100.0,46.02118941523178,0.0,0.0,24.325666783590812
271,scarce,100.0,46.021267586879574,0.0,0.0,24.325666783590812
272,scarce,100.0,46.0213457583945,0.0,0.0,24.325666783590812
273,scarce,100.0,46.02142392977653,0.0,0.0,24.325666783590812
274,scarce,100.0,46.02150210102566,0.0,0.0,24.325666783590812
275,scarce,100.0,46.02158027214192,0.0,0.0,24.325666783590812
276,scarce,100.0,46.021658443125276,0.0,0.0,24.325666783590812
277,scarce,100.0,46.02173661397575,0.0,0.0,24.325666783590812
278,scarce,100.0,46.02181478469333,0.0,0.0,24.325666783590812
279,scarce,100.0,46.02189295527803,0.0,0.0,24.325666783590812
280,scarce,100.0,46.02197112572984,0.0,0.0,24.325666783590812
281,scarce,100.0,46.022049296048756,0.0,0.0,24.325666783590812
282,scarce,100.0,46.0221274662348,0.0,0.0,24.325666783590812
283,scarce,100.0,46.02220563628796,0.0,0.0,24.325666783590812
284,scarce,100.0,46.02228380620821,0.0,0.0,24.325666783590812
285,scarce,100.0,46.02236197599559,0.0,0.0,24.325666783590812
286,scarce,100.0,46.02244014565009,0.0,0.0,24.325666783590812
287,scarce,100.0,46.02251831517169,0.0,0.0,24.325666783590812
288,scarce,100.0,46.02259648456041,0.0,0.0,24.325666783590812
289,scarce,100.0,46.02267465381625,0.0,0.0,24.325666783590812
290,scarce,100.0,46.022752822939204,0.0,0.0,24.325666783590812
291,scarce,100.0,46.02283099192926,0.0,0.0,24.325666783590812
292,scarce,100.0,46.022909160786455,0.0,0.0,24.325666783590812
293,scarce,100.0,46.02298732951075,0.0,0.0,24.325666783590812
294,scarce,100.0,46.02306549810217,0.0,0.0,24.325666783590812
295,scarce,100.0,46.023143666560706,0.0,0.0,24.325666783590812
296,scarce,100.0,46.023221834886364,0.0,0.0,24.325666783590812
297,scarce,100.0,46.02330000307913,0.0,0.0,24.325666783590812
298,scarce,100.0,46.023378171139015,0.0,0.0,24.325666783590812
299,scarce,100.0,46.02345633906602,0.0,0.0,24.325666783590812
300,scarce,100.0,46.02353450686014,0.0,0.0,24.325666783590812
301,scarce,100.0,46.02361267452138,0.0,0.0,24.325666783590812
302,scarce,100.0,46.02369084204974,0.0,0.0,24.325666783590812
303,scarce,100.0,46.02376900944522,0.0,0.0,24.325666783590812
304,scarce,100.0,46.02384717670782,0.0,0.0,24.325666783590812
305,scarce,100.0,46.02392534383753,0.0,0.0,24.325666783590812
306,scarce,100.0,46.02400351083437,0.0,0.0,24.325666783590812
307,scarce,100.0,46.024081677698334,0.0,0.0,24.325666783590812
308,scarce,100.0,46.024159844429406,0.0,0.0,24.325666783590812
309,scarce,100.0,46.024238011027606,0.0,0.0,24.325666783590812
310,scarce,100.0,46.02431617749293,0.0,0.0,24.325666783590812
311,scarce,100.0,46.02439434382536,0.0,0.0,24.325666783590812
312,scarce,100.0,46.02447251002492,0.0,0.0,24.325666783590812
313,scarce,100.0,46.02455067609161,0.0,0.0,24.325666783590812
314,scarce,100.0,46.024628842025415,0.0,0.0,24.325666783590812
315,scarce,100.0,46.024707007826336,0.0,0.0,24.325666783590812
316,scarce,100.0,46.024785173494394,0.0,0.0,24.325666783590812
317,scarce,100.0,46.024863339029565,0.0,0.0,24.325666783590812
318,scarce,100.0,46.02494150443185,0.0,0.0,24.325666783590812
319,scarce,100.0,46.02501966970128,0.0,0.0,24.325666783590812
320,scarce,100.0,46.025097834837815,0.0,0.0,24.325666783590812
321,scarce,100.0,46.02517599984149,0.0,0.0,24.325666783590812
322,scarce,100.0,46.02525416471227,0.0,0.0,24.325666783590812
323,scarce,100.0,46.02533232945018,0.0,0.0,24.325666783590812
324,scarce,100.0,46.02541049405522,0.0,0.0,24.325666783590812
325,scarce,100.0,46.025488658527394,0.0,0.0,24.325666783590812
326,scarce,100.0,46.02556682286668,0.0,0.0,24.325666783590812
327,scarce,100.0,46.025644987073086,0.0,0.0,24.325666783590812
328,scarce,100.0,46.02572315114663,0.0,0.0,24.325666783590812
329,scarce,100.0,46.02580131508729,0.0,0.0,24.325666783590812
330,scarce,100.0,46.025879478895085,0.0,0.0,24.325666783590812
331,scarce,100.0,46.025957642570006,0.0,0.0,24.325666783590812
332,scarce,100.0,46.026035806112056,0.0,0.0,24.325666783590812
333,scarce,100.0,46.02611396952124,0.0,0.0,24.325666783590812
334,scarce,100.0,46.02619213279753,0.0,0.0,24.325666783590812
335,scarce,100.0,46.026270295940954,0.0,0.0,24.325666783590812
336,scarce,100.0,46.02634845895151,0.0,0.0,24.325666783590812
337,scarce,100.0,46.026426621829195,0.0,0.0,24.325666783590812
338,scarce,100.0,46.02650478457401,0.0,0.0,24.325666783590812
339,scarce,100.0,46.02658294718595,0.0,0.0,24.325666783590812
340,scarce,100.0,46.02666110966502,0.0,0.0,24.325666783590812
341,scarce,100.0,46.02673927201122,0.0,0.0,24.325666783590812
342,scarce,100.0,46.02681743422455,0.0,0.0,24.325666783590812
343,scarce,100.0,46.026895596305,0.0,0.0,24.325666783590812
344,scarce,100.0,46.026973758252595,0.0,0.0,24.325666783590812
345,scarce,100.0,46.027051920067315,0.0,0.0,24.325666783590812
346,scarce,100.0,46.02713008174916,0.0,0.0,24.325666783590812
347,scarce,100.0,46.02720824329815,0.0,0.0,24.325666783590812
348,scarce,100.0,46.02728640471425,0.0,0.0,24.325666783590812
349,scarce,100.0,46.027364565997495,0.0,0.0,24.325666783590812
350,scarce,100.0,46.02744272714787,0.0,0.0,24.325666783590812
351,scarce,100.0,46.02752088816538,0.0,0.0,24.325666783590812
352,scarce,100.0,46.02759904905002,0.0,0.0,24.325666783590812
353,scarce,100.0,46.02767720980178,0.0,0.0,24.325666783590812
354,scarce,100.0,46.027755370420685,0.0,0.0,24.325666783590812
355,scarce,100.0,46.027833530906726,0.0,0.0,24.325666783590812
356,scarce,100.0,46.027911691259895,0.0,0.0,24.325666783590812
357,scarce,100.0,46.02798985148019,0.0,0.0,24.325666783590812
358,scarce,100.0,46.02806801156763,0.0,0.0,24.325666783590812
359,scarce,100.0,46.0281461715222,0.0,0.0,24.325666783590812
360,scarce,100.0,46.028224331343914,0.0,0.0,24.325666783590812
361,scarce,100.0,46.028302491032754,0.0,0.0,24.325666783590812
362,scarce,100.0,46.02838065058872,0.0,0.0,24.325666783590812
363,scarce,100.0,46.028458810011834,0.0,0.0,24.325666783590812
364,scarce,100.0,46.02853696930208,0.0,0.0,24.325666783590812
365,scarce,100.0,46.028615128459464,0.0,0.0,24.325666783590812
366,scarce,100.0,46.02869328748398,0.0,0.0,24.325666783590812
367,scarce,100.0,46.028771446375636,0.0,0.0,24.325666783590812
368,scarce,100.0,46.028849605134425,0.0,0.0,24.325666783590812
369,scarce,100.0,46.02892776376034,0.0,0.0,24.325666783590812
370,scarce,100.0,46.02900592225342,0.0,0.0,24.325666783590812
371,scarce,100.0,46.02908408061362,0.0,0.0,24.325666783590812
372,scarce,100.0,46.029162238840954,0.0,0.0,24.325666783590812
373,scarce,100.0,46.029240396935435,0.0,0.0,24.325666783590812
374,scarce,100.0,46.02931855489704,0.0,0.0,24.325666783590812
375,scarce,100.0,46.0293967127258,0.0,0.0,24.325666783590812
376,scarce,100.0,46.029474870421694,0.0,0.0,24.325666783590812
377,scarce,100.0,46.029553027984726,0.0,0.0,24.325666783590812
378,scarce,100.0,46.029631185414885,0.0,0.0,24.325666783590812
379,scarce,100.0,46.0297093427122,0.0,0.0,24.325666783590812
380,scarce,100.0,46.02978749987665,0.0,0.0,24.325666783590812
381,scarce,100.0,46.029865656908235,0.0,0.0,24.325666783590812
382,scarce,100.0,46.02994381380696,0.0,0.0,24.325666783590812
383,scarce,100.0,46.03002197057283,0.0,0.0,24.325666783590812
384,scarce,100.0,46.03010012720585,0.0,0.0,24.325666783590812
385,scarce,100.0,46.03017828370601,0.0,0.0,24.325666783590812
386,scarce,100.0,46.030256440073295,0.0,0.0,24.325666783590812
387,scarce,100.0,46.03033459630773,0.0,0.0,24.325666783590812
388,scarce,100.0,46.0304127524093,0.0,0.0,24.325666783590812
389,scarce,100.0,46.03049090837803,0.0,0.0,24.325666783590812
390,scarce,100.0,46.030569064213886,0.0,0.0,24.325666783590812
391,scarce,100.0,46.030647219916894,0.0,0.0,24.325666783590812
392,scarce,100.0,46.03072537548704,0.0,0.0,24.325666783590812
393,scarce,100.0,46.030803530924324,0.0,0.0,24.325666783590812
394,scarce,100.0,46.03088168622876,0.0,0.0,24.325666783590812
395,scarce,100.0,46.03095984140034,0.0,0.0,24.325666783590812
396,scarce,100.0,46.03103799643907,0.0,0.0,24.325666783590812
397,scarce,100.0,46.031116151344925,0.0,0.0,24.325666783590812
398,scarce,100.0,46.03119430611793,0.0,0.0,24.325666783590812
399,scarce,100.0,46.031272460758096,0.0,0.0,24.325666783590812
400,scarce,100.0,46.031350615265396,0.0,0.0,24.325666783590812
401,scarce,100.0,46.03142876963984,0.0,0.0,24.325666783590812
402,scarce,100.0,46.03150692388142,0.0,0.0,24.325666783590812
403,scarce,100.0,46.031585077990165,0.0,0.0,24.325666783590812
404,scarce,100.0,46.03166323196605,0.0,0.0,24.325666783590812
405,scarce,100.0,46.031741385809084,0.0,0.0,24.325666783590812
406,scarce,100.0,46.03181953951926,0.0,0.0,24.325666783590812
407,scarce,100.0,46.03189769309658,0.0,0.0,24.325666783590812
408,scarce,100.0,46.031975846541044,0.0,0.0,24.325666783590812
409,scarce,100.0,46.03205399985267,0.0,0.0,24.325666783590812
410,scarce,100.0,46.032132153031434,0.0,0.0,24.325666783590812
411,scarce,100.0,46.03221030607735,0.0,0.0,24.325666783590812
412,scarce,100.0,46.032288458990415,0.0,0.0,24.325666783590812
413,scarce,100.0,46.03236661177063,0.0,0.0,24.325666783590812
414,scarce,100.0,46.03244476441799,0.0,0.0,24.325666783590812
415,scarce,100.0,46.03252291693249,0.0,0.0,24.325666783590812
416,scarce,100.0,46.032601069314154,0.0,0.0,24.325666783590812
417,scarce,100.0,46.032679221562965,0.0,0.0,24.325666783590812
418,scarce,100.0,46.032757373678926,0.0,0.0,24.325666783590812
419,scarce,100.0,46.03283552566203,0.0,0.0,24.325666783590812
420,scarce,100.0,46.03291367751229,0.0,0.0,24.325666783590812
421,scarce,100.0,46.03299182922971,0.0,0.0,24.325666783590812
422,scarce,100.0,46.033069980814275,0.0,0.0,24.325666783590812
423,scarce,100.0,46.033148132265985,0.0,0.0,24.325666783590812
424,scarce,100.0,46.03322628358485,0.0,0.0,24.325666783590812
425,scarce,100.0,46.03330443477087,0.0,0.0,24.325666783590812
426,scarce,100.0,46.03338258582403,0.0,0.0,24.325666783590812
427,scarce,100.0,46.03346073674435,0.0,0.0,24.325666783590812
428,scarce,100.0,46.033538887531826,0.0,0.0,24.325666783590812
429,scarce,100.0,46.033617038186456,0.0,0.0,24.325666783590812
430,scarce,100.0,46.033695188708236,0.0,0.0,24.325666783590812
431,scarce,100.0,46.033773339097166,0.0,0.0,24.325666783590812
432,scarce,100.0,46.03385148935325,0.0,0.0,24.325666783590812
433,scarce,100.0,46.0339296394765,0.0,0.0,24.325666783590812
434,scarce,100.0,46.03400778946689,0.0,0.0,24.325666783590812
435,scarce,100.0,46.034085939324434,0.0,0.0,24.325666783590812
436,scarce,100.0,46.03416408904915,0.0,0.0,24.325666783590812
437,scarce,100.0,46.03424223864101,0.0,0.0,24.325666783590812
438,scarce,100.0,46.03432038810003,0.0,0.0,24.325666783590812
439,scarce,100.0,46.03439853742619,0.0,0.0,24.325666783590812
440,scarce,100.0,46.03447668661953,0.0,0.0,24.325666783590812
441,scarce,100.0,46.034554835680005,0.0,0.0,24.325666783590812
442,scarce,100.0,46.03463298460765,0.0,0.0,24.325666783590812
443,scarce,100.0,46.03471113340244,0.0,0.0,24.325666783590812
444,scarce,100.0,46.034789282064395,0.0,0.0,24.325666783590812
445,scarce,100.0,46.03486743059351,0.0,0.0,24.325666783590812
446,scarce,100.0,46.03494557898978,0.0,0.0,24.325666783590812
447,scarce,100.0,46.0350237272532,0.0,0.0,24.325666783590812
448,scarce,100.0,46.03510187538377,0.0,0.0,24.325666783590812
449,scarce,100.0,46.03518002338153,0.0,0.0,24.325666783590812
450,scarce,100.0,46.035258171246426,0.0,0.0,24.325666783590812
451,scarce,100.0,46.03533631897849,0.0,0.0,24.325666783590812
452,scarce,100.0,46.035414466577706,0.0,0.0,24.325666783590812
453,scarce,100.0,46.03549261404409,0.0,0.0,24.325666783590812
454,scarce,100.0,46.03557076137762,0.0,0.0,24.325666783590812
455,scarce,100.0,46.03564890857832,0.0,0.0,24.325666783590812
456,scarce,100.0,46.03572705564618,0.0,0.0,24.325666783590812
457,scarce,100.0,46.035805202581194,0.0,0.0,24.325666783590812
458,scarce,100.0,46.035883349383376,0.0,0.0,24.325666783590812
459,scarce,100.0,46.03596149605272,0.0,0.0,24.325666783590812
460,scarce,100.0,46.03603964258922,0.0,0.0,24.325666783590812
461,scarce,100.0,46.03611778899289,0.0,0.0,24.325666783590812
462,scarce,100.0,46.03619593526371,0.0,0.0,24.325666783590812
463,scarce,100.0,46.0362740814017,0.0,0.0,24.325666783590812
464,scarce,100.0,46.03635222740685,0.0,0.0,24.325666783590812
465,scarce,100.0,46.03643037327917,0.0,0.0,24.325666783590812
466,scarce,100.0,46.036508519018646,0.0,0.0,24.325666783590812
467,scarce,100.0,46.036586664625275,0.0,0.0,24.325666783590812
468,scarce,100.0,46.03666481009908,0.0,0.0,24.325666783590812
469,scarce,100.0,46.036742955440054,0.0,0.0,24.325666783590812
470,scarce,100.0,46.036821100648176,0.0,0.0,24.325666783590812
471,scarce,100.0,46.036899245723475,0.0,0.0,24.325666783590812
472,scarce,100.0,46.03697739066593,0.0,0.0,24.325666783590812
473,scarce,100.0,46.03705553547555,0.0,0.0,24.325666783590812
474,scarce,100.0,46.037133680152344,0.0,0.0,24.325666783590812
475,scarce,100.0,46.03721182469629,0.0,0.0,24.325666783590812
476,scarce,100.0,46.03728996910741,0.0,0.0,24.325666783590812
477,scarce,100.0,46.03736811338571,0.0,0.0,24.325666783590812
478,scarce,100.0,46.03744625753116,0.0,0.0,24.325666783590812
479,scarce,100.0,46.03752440154377,0.0,0.0,24.325666783590812
480,scarce,100.0,46.03760254542356,0.0,0.0,24.325666783590812
481,scarce,100.0,46.037680689170514,0.0,0.0,24.325666783590812
482,scarce,100.0,46.03775883278463,0.0,0.0,24.325666783590812
483,scarce,100.0,46.037836976265915,0.0,0.0,24.325666783590812
484,scarce,100.0,46.03791511961437,0.0,0.0,24.325666783590812
485,scarce,100.0,46.03799326282999,0.0,0.0,24.325666783590812
486,scarce,100.0,46.03807140591279,0.0,0.0,24.325666783590812
487,scarce,100.0,46.03814954886275,0.0,0.0,24.325666783590812
488,scarce,100.0,46.03822769167988,0.0,0.0,24.325666783590812
489,scarce,100.0,46.03830583436418,0.0,0.0,24.325666783590812
490,scarce,100.0,46.03838397691564,0.0,0.0,24.325666783590812
491,scarce,100.0,46.03846211933427,0.0,0.0,24.325666783590812
492,scarce,100.0,46.03854026162008,0.0,0.0,24.325666783590812
493,scarce,100.0,46.03861840377306,0.0,0.0,24.325666783590812
494,scarce,100.0,46.0386965457932,0.0,0.0,24.325666783590812
495,scarce,100.0,46.03877468768053,0.0,0.0,24.325666783590812
496,scarce,100.0,46.038852829435015,0.0,0.0,24.325666783590812
497,scarce,100.0,46.03893097105668,0.0,0.0,24.325666783590812
498,scarce,100.0,46.03900911254551,0.0,0.0,24.325666783590812
499,scarce,100.0,46.03908725390152,0.0,0.0,24.325666783590812
500,scarce,100.0,46.039165395124684,0.0,0.0,24.325666783590812
501,scarce,100.0,46.03924353621504,0.0,0.0,24.325666783590812
502,scarce,100.0,46.03932167717256,0.0,0.0,24.325666783590812
503,scarce,100.0,46.03939981799726,0.0,0.0,24.325666783590812
504,scarce,100.0,46.039477958689126,0.0,0.0,24.325666783590812
505,scarce,100.0,46.039556099248166,0.0,0.0,24.325666783590812
506,scarce,100.0,46.03963423967437,0.0,0.0,24.325666783590812
507,scarce,100.0,46.03971237996777,0.0,0.0,24.325666783590812
508,scarce,100.0,46.03979052012832,0.0,0.0,24.325666783590812
509,scarce,100.0,46.03986866015607,0.0,0.0,24.325666783590812
510,scarce,100.0,46.03994680005098,0.0,0.0,24.325666783590812
511,scarce,100.0,46.040024939813065,0.0,0.0,24.325666783590812
512,scarce,100.0,46.04010307944233,0.0,0.0,24.325666783590812
513,scarce,100.0,46.040181218938756,0.0,0.0,24.325666783590812
514,scarce,100.0,46.04025935830238,0.0,0.0,24.325666783590812
515,scarce,100.0,46.040337497533166,0.0,0.0,24.325666783590812
516,scarce,100.0,46.040415636631124,0.0,0.0,24.325666783590812
517,scarce,100.0,46.040493775596275,0.0,0.0,24.325666783590812
518,scarce,100.0,46.0405719144286,0.0,0.0,24.325666783590812
519,scarce,100.0,46.04065005312809,0.0,0.0,24.325666783590812
520,scarce,100.0,46.040728191694775,0.0,0.0,24.325666783590812
521,scarce,100.0,46.040806330128625,0.0,0.0,24.325666783590812
522,scarce,100.0,46.04088446842965,0.0,0.0,24.325666783590812
523,scarce,100.0,46.040962606597866,0.0,0.0,24.325666783590812
524,scarce,100.0,46.04104074463325,0.0,0.0,24.325666783590812
525,scarce,100.0,46.04111888253581,0.0,0.0,24.325666783590812
526,scarce,100.0,46.04119702030556,0.0,0.0,24.325666783590812
527,scarce,100.0,46.041275157942486,0.0,0.0,24.325666783590812
528,scarce,100.0,46.041353295446584,0.0,0.0,24.325666783590812
529,scarce,100.0,46.04143143281787,0.0,0.0,24.325666783590812
530,scarce,100.0,46.041509570056334,0.0,0.0,24.325666783590812
531,scarce,100.0,46.04158770716199,0.0,0.0,24.325666783590812
532,scarce,100.0,46.04166584413481,0.0,0.0,24.325666783590812
533,scarce,100.0,46.04174398097482,0.0,0.0,24.325666783590812
534,scarce,100.0,46.041822117681996,0.0,0.0,24.325666783590812
535,scarce,100.0,46.041900254256376,0.0,0.0,24.325666783590812
536,scarce,100.0,46.04197839069792,0.0,0.0,24.325666783590812
537,scarce,100.0,46.04205652700666,0.0,0.0,24.325666783590812
538,scarce,100.0,46.04213466318257,0.0,0.0,24.325666783590812
539,scarce,100.0,46.04221279922567,0.0,0.0,24.325666783590812
540,scarce,100.0,46.042290935135945,0.0,0.0,24.325666783590812
541,scarce,100.0,46.042369070913416,0.0,0.0,24.325666783590812
542,scarce,100.0,46.042447206558066,0.0,0.0,24.325666783590812
543,scarce,100.0,46.042525342069894,0.0,0.0,24.325666783590812
544,scarce,100.0,46.04260347744891,0.0,0.0,24.325666783590812
545,scarce,100.0,46.04268161269511,0.0,0.0,24.325666783590812
546,scarce,100.0,46.04275974780849,0.0,0.0,24.325666783590812
547,scarce,100.0,46.042837882789065,0.0,0.0,24.325666783590812
548,scarce,100.0,46.04291601763681,0.0,0.0,24.325666783590812
549,scarce,100.0,46.04299415235176,0.0,0.0,24.325666783590812
550,scarce,100.0,46.04307228693389,0.0,0.0,24.325666783590812
551,scarce,100.0,46.04315042138319,0.0,0.0,24.325666783590812
552,scarce,100.0,46.043228555699685,0.0,0.0,24.325666783590812
553,scarce,100.0,46.04330668988337,0.0,0.0,24.325666783590812
554,scarce,100.0,46.043384823934254,0.0,0.0,24.325666783590812
555,scarce,100.0,46.043462957852306,0.0,0.0,24.325666783590812
556,scarce,100.0,46.04354109163754,0.0,0.0,24.325666783590812
557,scarce,100.0,46.04361922528998,0.0,0.0,24.325666783590812
558,scarce,100.0,46.0436973588096,0.0,0.0,24.325666783590812
559,scarce,100.0,46.04377549219641,0.0,0.0,24.325666783590812
560,scarce,100.0,46.0438536254504,0.0,0.0,24.325666783590812
561,scarce,100.0,46.04393175857158,0.0,0.0,24.325666783590812
562,scarce,100.0,46.04400989155996,0.0,0.0,24.325666783590812
563,scarce,100.0,46.04408802441553,0.0,0.0,24.325666783590812
564,scarce,100.0,46.04416615713827,0.0,0.0,24.325666783590812
565,scarce,100.0,46.04424428972821,0.0,0.0,24.325666783590812
566,scarce,100.0,46.044322422185346,0.0,0.0,24.325666783590812
567,scarce,100.0,46.044400554509664,0.0,0.0,24.325666783590812
568,scarce,100.0,46.044478686701176,0.0,0.0,24.325666783590812
569,scarce,100.0,46.04455681875988,0.0,0.0,24.325666783590812
570,scarce,100.0,46.044634950685776,0.0,0.0,24.325666783590812
571,scarce,100.0,46.044713082478864,0.0,0.0,24.325666783590812
572,scarce,100.0,46.04479121413914,0.0,0.0,24.325666783590812
573,scarce,100.0,46.044869345666605,0.0,0.0,24.325666783590812
574,scarce,100.0,46.04494747706127,0.0,0.0,24.325666783590812
575,scarce,100.0,46.04502560832312,0.0,0.0,24.325666783590812
576,scarce,100.0,46.04510373945216,0.0,0.0,24.325666783590812
577,scarce,100.0,46.045181870448396,0.0,0.0,24.325666783590812
578,scarce,100.0,46.04526000131183,0.0,0.0,24.325666783590812
579,scarce,100.0,46.04533813204246,0.0,0.0,24.325666783590812
580,scarce,100.0,46.04541626264027,0.0,0.0,24.325666783590812
581,scarce,100.0,46.04549439310529,0.0,0.0,24.325666783590812
582,scarce,100.0,46.04557252343749,0.0,0.0,24.325666783590812
583,scarce,100.0,46.0456506536369,0.0,0.0,24.325666783590812
584,scarce,100.0,46.04572878370349,0.0,0.0,24.325666783590812
585,scarce,100.0,46.04580691363728,0.0,0.0,24.325666783590812
586,scarce,100.0,46.045885043438275,0.0,0.0,24.325666783590812
587,scarce,100.0,46.04596317310644,0.0,0.0,24.325666783590812
588,scarce,100.0,46.046041302641825,0.0,0.0,24.325666783590812
589,scarce,100.0,46.0461194320444,0.0,0.0,24.325666783590812
590,scarce,100.0,46.046197561314166,0.0,0.0,24.325666783590812
591,scarce,100.0,46.046275690451125,0.0,0.0,24.325666783590812
592,scarce,100.0,46.04635381945529,0.0,0.0,24.325666783590812
593,scarce,100.0,46.046431948326656,0.0,0.0,24.325666783590812
594,scarce,100.0,46.046510077065214,0.0,0.0,24.325666783590812
595,scarce,100.0,46.04658820567097,0.0,0.0,24.325666783590812
596,scarce,100.0,46.046666334143914,0.0,0.0,24.325666783590812
597,scarce,100.0,46.04674446248407,0.0,0.0,24.325666783590812
598,scarce,100.0,46.04682259069143,0.0,0.0,24.325666783590812
599,scarce,100.0,46.04690071876597,0.0,0.0,24.325666783590812
600,scarce,100.0,46.046978846707724,0.0,0.0,24.325666783590812
601,scarce,100.0,46.04705697451667,0.0,0.0,24.325666783590812
602,scarce,100.0,46.047135102192826,0.0,0.0,24.325666783590812
603,scarce,100.0,46.04721322973616,0.0,0.0,24.325666783590812
604,scarce,100.0,46.047291357146705,0.0,0.0,24.325666783590812
605,scarce,100.0,46.04736948442446,0.0,0.0,24.325666783590812
606,scarce,100.0,46.04744761156941,0.0,0.0,24.325666783590812
607,scarce,100.0,46.047525738581555,0.0,0.0,24.325666783590812
608,scarce,100.0,46.047603865460914,0.0,0.0,24.325666783590812
609,scarce,100.0,46.04768199220745,0.0,0.0,24.325666783590812
610,scarce,100.0,46.04776011882121,0.0,0.0,24.325666783590812
611,scarce,100.0,46.04783824530216,0.0,0.0,24.325666783590812
612,scarce,100.0,46.047916371650324,0.0,0.0,24.325666783590812
613,scarce,100.0,46.04799449786569,0.0,0.0,24.325666783590812
614,scarce,100.0,46.04807262394825,0.0,0.0,24.325666783590812
615,scarce,100.0,46.048150749898014,0.0,0.0,24.325666783590812
616,scarce,100.0,46.04822887571499,0.0,0.0,24.325666783590812
617,scarce,100.0,46.04830700139916,0.0,0.0,24.325666783590812
618,scarce,100.0,46.04838512695054,0.0,0.0,24.325666783590812
619,scarce,100.0,46.048463252369125,0.0,0.0,24.325666783590812
620,scarce,100.0,46.0485413776549,0.0,0.0,24.325666783590812
621,scarce,100.0,46.048619502807895,0.0,0.0,24.325666783590812
622,scarce,100.0,46.04869762782809,0.0,0.0,24.325666783590812
623,scarce,100.0,46.04877575271549,0.0,0.0,24.325666783590812
624,scarce,100.0,46.048853877470094,0.0,0.0,24.325666783590812
625,scarce,100.0,46.04893200209192,0.0,0.0,24.325666783590812
626,scarce,100.0,46.04901012658093,0.0,0.0,24.325666783590812
627,scarce,100.0,46.04908825093716,0.0,0.0,24.325666783590812
628,scarce,100.0,46.04916637516059,0.0,0.0,24.325666783590812
629,scarce,100.0,46.04924449925123,0.0,0.0,24.325666783590812
630,scarce,100.0,46.04932262320907,0.0,0.0,24.325666783590812
631,scarce,100.0,46.04940074703412,0.0,0.0,24.325666783590812
632,scarce,100.0,46.04947887072638,0.0,0.0,24.325666783590812
633,scarce,100.0,46.04955699428585,0.0,0.0,24.325666783590812
634,scarce,100.0,46.049635117712526,0.0,0.0,24.325666783590812
635,scarce,100.0,46.049713241006415,0.0,0.0,24.325666783590812
636,scarce,100.0,46.049791364167504,0.0,0.0,24.325666783590812
637,scarce,100.0,46.049869487195814,0.0,0.0,24.325666783590812
638,scarce,100.0,46.04994761009132,0.0,0.0,24.325666783590812
639,scarce,100.0,46.050025732854046,0.0,0.0,24.325666783590812
640,scarce,100.0,46.05010385548398,0.0,0.0,24.325666783590812
641,scarce,100.0,46.05018197798112,0.0,0.0,24.325666783590812
642,scarce,100.0,46.05026010034547,0.0,0.0,24.325666783590812
643,scarce,100.0,46.05033822257703,0.0,0.0,24.325666783590812
644,scarce,100.0,46.05041634467581,0.0,0.0,24.325666783590812
645,scarce,100.0,46.050494466641794,0.0,0.0,24.325666783590812
646,scarce,100.0,46.050572588475,0.0,0.0,24.325666783590812
647,scarce,100.0,46.050650710175404,0.0,0.0,24.325666783590812
648,scarce,100.0,46.05072883174302,0.0,0.0,24.325666783590812
649,scarce,100.0,46.050806953177855,0.0,0.0,24.325666783590812
650,scarce,100.0,46.05088507447989,0.0,0.0,24.325666783590812
651,scarce,100.0,46.05096319564916,0.0,0.0,24.325666783590812
652,scarce,100.0,46.051041316685634,0.0,0.0,24.325666783590812
653,scarce,100.0,46.051119437589314,0.0,0.0,24.325666783590812
654,scarce,100.0,46.051197558360215,0.0,0.0,24.325666783590812
655,scarce,100.0,46.051275678998316,0.0,0.0,24.325666783590812
656,scarce,100.0,46.051353799503644,0.0,0.0,24.325666783590812
657,scarce,100.0,46.05143191987619,0.0,0.0,24.325666783590812
658,scarce,100.0,46.05151004011594,0.0,0.0,24.325666783590812
659,scarce,100.0,46.05158816022292,0.0,0.0,24.325666783590812
660,scarce,100.0,46.051666280197104,0.0,0.0,24.325666783590812
661,scarce,100.0,46.051744400038494,0.0,0.0,24.325666783590812
662,scarce,100.0,46.05182251974713,0.0,0.0,24.325666783590812
663,scarce,100.0,46.051900639322945,0.0,0.0,24.325666783590812
664,scarce,100.0,46.05197875876599,0.0,0.0,24.325666783590812
665,scarce,100.0,46.052056878076264,0.0,0.0,24.325666783590812
666,scarce,100.0,46.052134997253745,0.0,0.0,24.325666783590812
667,scarce,100.0,46.052213116298454,0.0,0.0,24.325666783590812
668,scarce,100.0,46.05229123521037,0.0,0.0,24.325666783590812
669,scarce,100.0,46.052369353989505,0.0,0.0,24.325666783590812
670,scarce,100.0,46.05244747263585,0.0,0.0,24.325666783590812
671,scarce,100.0,46.05252559114943,0.0,0.0,24.325666783590812
672,scarce,100.0,46.05260370953021,0.0,0.0,24.325666783590812
673,scarce,100.0,46.05268182777822,0.0,0.0,24.325666783590812
674,scarce,100.0,46.05275994589345,0.0,0.0,24.325666783590812
675,scarce,100.0,46.052838063875896,0.0,0.0,24.325666783590812
676,scarce,100.0,46.05291618172556,0.0,0.0,24.325666783590812
677,scarce,100.0,46.05299429944245,0.0,0.0,24.325666783590812
678,scarce,100.0,46.05307241702655,0.0,0.0,24.325666783590812
679,scarce,100.0,46.05315053447787,0.0,0.0,24.325666783590812
680,scarce,100.0,46.05322865179643,0.0,0.0,24.325666783590812
681,scarce,100.0,46.053306768982196,0.0,0.0,24.325666783590812
682,scarce,100.0,46.05338488603519,0.0,0.0,24.325666783590812
683,scarce,100.0,46.05346300295539,0.0,0.0,24.325666783590812
684,scarce,100.0,46.053541119742825,0.0,0.0,24.325666783590812
685,scarce,100.0,46.05361923639749,0.0,0.0,24.325666783590812
686,scarce,100.0,46.05369735291936,0.0,0.0,24.325666783590812
687,scarce,100.0,46.053775469308455,0.0,0.0,24.325666783590812
688,scarce,100.0,46.05385358556478,0.0,0.0,24.325666783590812
689,scarce,100.0,46.05393170168832,0.0,0.0,24.325666783590812
690,scarce,100.0,46.05400981767909,0.0,0.0,24.325666783590812
691,scarce,100.0,46.054087933537076,0.0,0.0,24.325666783590812
692,scarce,100.0,46.0541660492623,0.0,0.0,24.325666783590812
693,scarce,100.0,46.05424416485474,0.0,0.0,24.325666783590812
694,scarce,100.0,46.054322280314395,0.0,0.0,24.325666783590812
695,scarce,100.0,46.05440039564129,0.0,0.0,24.325666783590812
696,scarce,100.0,46.05447851083541,0.0,0.0,24.325666783590812
697,scarce,100.0,46.05455662589675,0.0,0.0,24.325666783590812
698,scarce,100.0,46.05463474082531,0.0,0.0,24.325666783590812
699,scarce,100.0,46.0547128556211,0.0,0.0,24.325666783590812
700,scarce,100.0,46.05479097028412,0.0,0.0,24.325666783590812
701,scarce,100.0,46.05486908481435,0.0,0.0,24.325666783590812
702,scarce,100.0,46.05494719921183,0.0,0.0,24.325666783590812
703,scarce,100.0,46.05502531347652,0.0,0.0,24.325666783590812
704,scarce,100.0,46.055103427608444,0.0,0.0,24.325666783590812
705,scarce,100.0,46.055181541607595,0.0,0.0,24.325666783590812
706,scarce,100.0,46.05525965547396,0.0,0.0,24.325666783590812
707,scarce,100.0,46.05533776920757,0.0,0.0,24.325666783590812
708,scarce,100.0,46.05541588280842,0.0,0.0,24.325666783590812
709,scarce,100.0,46.055493996276475,0.0,0.0,24.325666783590812
710,scarce,100.0,46.05557210961177,0.0,0.0,24.325666783590812
711,scarce,100.0,46.055650222814286,0.0,0.0,24.325666783590812
712,scarce,100.0,46.05572833588404,0.0,0.0,24.325666783590812
713,scarce,100.0,46.05580644882101,0.0,0.0,24.325666783590812
714,scarce,100.0,46.05588456162523,0.0,0.0,24.325666783590812
715,scarce,100.0,46.055962674296666,0.0,0.0,24.325666783590812
716,scarce,100.0,46.056040786835325,0.0,0.0,24.325666783590812
717,scarce,100.0,46.056118899241234,0.0,0.0,24.325666783590812
718,scarce,100.0,46.056197011514364,0.0,0.0,24.325666783590812
719,scarce,100.0,46.05627512365473,0.0,0.0,24.325666783590812
720,scarce,100.0,46.056353235662314,0.0,0.0,24.325666783590812
721,scarce,100.0,46.05643134753714,0.0,0.0,24.325666783590812
722,scarce,100.0,46.0565094592792,0.0,0.0,24.325666783590812
723,scarce,100.0,46.05658757088848,0.0,0.0,24.325666783590812
724,scarce,100.0,46.05666568236501,0.0,0.0,24.325666783590812
725,scarce,100.0,46.05674379370876,0.0,0.0,24.325666783590812
726,scarce,100.0,46.05682190491975,0.0,0.0,24.325666783590812
727,scarce,100.0,46.05690001599798,0.0,0.0,24.325666783590812
728,scarce,100.0,46.05697812694342,0.0,0.0,24.325666783590812
729,scarce,100.0,46.057056237756115,0.0,0.0,24.325666783590812
730,scarce,100.0,46.05713434843604,0.0,0.0,24.325666783590812
731,scarce,100.0,46.057212458983194,0.0,0.0,24.325666783590812
732,scarce,100.0,46.05729056939759,0.0,0.0,24.325666783590812
733,scarce,100.0,46.05736867967921,0.0,0.0,24.325666783590812
734,scarce,100.0,46.05744678982807,0.0,0.0,24.325666783590812
735,scarce,100.0,46.05752489984417,0.0,0.0,24.325666783590812
736,scarce,100.0,46.0576030097275,0.0,0.0,24.325666783590812
737,scarce,100.0,46.05768111947807,0.0,0.0,24.325666783590812
738,scarce,100.0,46.05775922909587,0.0,0.0,24.325666783590812
739,scarce,100.0,46.05783733858092,0.0,0.0,24.325666783590812
740,scarce,100.0,46.0579154479332,0.0,0.0,24.325666783590812
741,scarce,100.0,46.057993557152706,0.0,0.0,24.325666783590812
742,scarce,100.0,46.05807166623946,0.0,0.0,24.325666783590812
743,scarce,100.0,46.05814977519345,0.0,0.0,24.325666783590812
744,scarce,100.0,46.058227884014684,0.0,0.0,24.325666783590812
745,scarce,100.0,46.05830599270314,0.0,0.0,24.325666783590812
746,scarce,100.0,46.058384101258845,0.0,0.0,24.325666783590812
747,scarce,100.0,46.05846220968179,0.0,0.0,24.325666783590812
748,scarce,100.0,46.05854031797197,0.0,0.0,24.325666783590812
749,scarce,100.0,46.0586184261294,0.0,0.0,24.325666783590812
750,scarce,100.0,46.058696534154045,0.0,0.0,24.325666783590812
751,scarce,100.0,46.05877464204596,0.0,0.0,24.325666783590812
752,scarce,100.0,46.0588527498051,0.0,0.0,24.325666783590812
753,scarce,100.0,46.05893085743148,0.0,0.0,24.325666783590812
754,scarce,100.0,46.059008964925106,0.0,0.0,24.325666783590812
755,scarce,100.0,46.05908707228596,0.0,0.0,24.325666783590812
756,scarce,100.0,46.05916517951407,0.0,0.0,24.325666783590812
757,scarce,100.0,46.059243286609416,0.0,0.0,24.325666783590812
758,scarce,100.0,46.059321393572,0.0,0.0,24.325666783590812
759,scarce,100.0,46.059399500401824,0.0,0.0,24.325666783590812
760,scarce,100.0,46.059477607098906,0.0,0.0,24.325666783590812
761,scarce,100.0,46.05955571366321,0.0,0.0,24.325666783590812
762,scarce,100.0,46.05963382009477,0.0,0.0,24.325666783590812
763,scarce,100.0,46.05971192639356,0.0,0.0,24.325666783590812
764,scarce,100.0,46.05979003255961,0.0,0.0,24.325666783590812
765,scarce,100.0,46.05986813859289,0.0,0.0,24.325666783590812
766,scarce,100.0,46.059946244493425,0.0,0.0,24.325666783590812
767,scarce,100.0,46.060024350261195,0.0,0.0,24.325666783590812
768,scarce,100.0,46.060102455896214,0.0,0.0,24.325666783590812
769,scarce,100.0,46.060180561398475,0.0,0.0,24.325666783590812
770,scarce,100.0,46.060258666767986,0.0,0.0,24.325666783590812
771,scarce,100.0,46.060336772004746,0.0,0.0,24.325666783590812
772,scarce,100.0,46.06041487710874,0.0,0.0,24.325666783590812
773,scarce,100.0,46.06049298207998,0.0,0.0,24.325666783590812
774,scarce,100.0,46.06057108691847,0.0,0.0,24.325666783590812
775,scarce,100.0,46.0606491916242,0.0,0.0,24.325666783590812
776,scarce,100.0,46.060727296197186,0.0,0.0,24.325666783590812
777,scarce,100.0,46.06080540063742,0.0,0.0,24.325666783590812
778,scarce,100.0,46.0608835049449,0.0,0.0,24.325666783590812
779,scarce,100.0,46.06096160911963,0.0,0.0,24.325666783590812
780,scarce,100.0,46.06103971316159,0.0,0.0,24.325666783590812
781,scarce,100.0,46.06111781707081,0.0,0.0,24.325666783590812
782,scarce,100.0,46.06119592084726,0.0,0.0,24.325666783590812
783,scarce,100.0,46.06127402449099,0.0,0.0,24.325666783590812
784,scarce,100.0,46.06135212800196,0.0,0.0,24.325666783590812
785,scarce,100.0,46.06143023138018,0.0,0.0,24.325666783590812
786,scarce,100.0,46.06150833462563,0.0,0.0,24.325666783590812
787,scarce,100.0,46.06158643773834,0.0,0.0,24.325666783590812
788,scarce,100.0,46.061664540718304,0.0,0.0,24.325666783590812
789,scarce,100.0,46.061742643565516,0.0,0.0,24.325666783590812
790,scarce,100.0,46.061820746279984,0.0,0.0,24.325666783590812
791,scarce,100.0,46.06189884886169,0.0,0.0,24.325666783590812
792,scarce,100.0,46.061976951310655,0.0,0.0,24.325666783590812
793,scarce,100.0,46.062055053626864,0.0,0.0,24.325666783590812
794,scarce,100.0,46.062133155810336,0.0,0.0,24.325666783590812
795,scarce,100.0,46.06221125786105,0.0,0.0,24.325666783590812
796,scarce,100.0,46.06228935977902,0.0,0.0,24.325666783590812
797,scarce,100.0,46.06236746156424,0.0,0.0,24.325666783590812
798,scarce,100.0,46.06244556321672,0.0,0.0,24.325666783590812
799,scarce,100.0,46.06252366473644,0.0,0.0,24.325666783590812
800,scarce,100.0,46.062601766123414,0.0,0.0,24.325666783590812
801,scarce,100.0,46.06267986737766,0.0,0.0,24.325666783590812
802,scarce,100.0,46.062757968499135,0.0,0.0,24.325666783590812
803,scarce,100.0,46.06283606948788,0.0,0.0,24.325666783590812
804,scarce,100.0,46.06291417034388,0.0,0.0,24.325666783590812
805,scarce,100.0,46.06299227106712,0.0,0.0,24.325666783590812
806,scarce,100.0,46.063070371657616,0.0,0.0,24.325666783590812
807,scarce,100.0,46.06314847211538,0.0,0.0,24.325666783590812
808,scarce,100.0,46.0632265724404,0.0,0.0,24.325666783590812
809,scarce,100.0,46.06330467263266,0.0,0.0,24.325666783590812
810,scarce,100.0,46.063382772692194,0.0,0.0,24.325666783590812
811,scarce,100.0,46.06346087261897,0.0,0.0,24.325666783590812
812,scarce,100.0,46.063538972413,0.0,0.0,24.325666783590812
813,scarce,100.0,46.063617072074294,0.0,0.0,24.325666783590812
814,scarce,100.0,46.063695171602845,0.0,0.0,24.325666783590812
815,scarce,100.0,46.06377327099865,0.0,0.0,24.325666783590812
816,scarce,100.0,46.063851370261716,0.0,0.0,24.325666783590812
817,scarce,100.0,46.06392946939203,0.0,0.0,24.325666783590812
818,scarce,100.0,46.06400756838961,0.0,0.0,24.325666783590812
819,scarce,100.0,46.06408566725445,0.0,0.0,24.325666783590812
820,scarce,100.0,46.06416376598655,0.0,0.0,24.325666783590812
821,scarce,100.0,46.0642418645859,0.0,0.0,24.325666783590812
822,scarce,100.0,46.06431996305251,0.0,0.0,24.325666783590812
823,scarce,100.0,46.06439806138638,0.0,0.0,24.325666783590812
824,scarce,100.0,46.064476159587514,0.0,0.0,24.325666783590812
825,scarce,100.0,46.06455425765591,0.0,0.0,24.325666783590812
826,scarce,100.0,46.06463235559156,0.0,0.0,24.325666783590812
827,scarce,100.0,46.06471045339447,0.0,0.0,24.325666783590812
828,scarce,100.0,46.064788551064645,0.0,0.0,24.325666783590812
829,scarce,100.0,46.064866648602084,0.0,0.0,24.325666783590812
830,scarce,100.0,46.06494474600677,0.0,0.0,24.325666783590812
831,scarce,100.0,46.06502284327873,0.0,0.0,24.325666783590812
832,scarce,100.0,46.06510094041795,0.0,0.0,24.325666783590812
833,scarce,100.0,46.065179037424414,0.0,0.0,24.325666783590812
834,scarce,100.0,46.06525713429816,0.0,0.0,24.325666783590812
835,scarce,100.0,46.06533523103916,0.0,0.0,24.325666783590812
836,scarce,100.0,46.065413327647434,0.0,0.0,24.325666783590812
837,scarce,100.0,46.06549142412296,0.0,0.0,24.325666783590812
838,scarce,100.0,46.06556952046575,0.0,0.0,24.325666783590812
839,scarce,100.0,46.06564761667581,0.0,0.0,24.325666783590812
840,scarce,100.0,46.06572571275313,0.0,0.0,24.325666783590812
841,scarce,100.0,46.06580380869771,0.0,0.0,24.325666783590812
842,scarce,100.0,46.06588190450955,0.0,0.0,24.325666783590812
843,scarce,100.0,46.065960000188674,0.0,0.0,24.325666783590812
844,scarce,100.0,46.06603809573505,0.0,0.0,24.325666783590812
845,scarce,100.0,46.06611619114869,0.0,0.0,24.325666783590812
846,scarce,100.0,46.06619428642959,0.0,0.0,24.325666783590812
847,scarce,100.0,46.06627238157777,0.0,0.0,24.325666783590812
848,scarce,100.0,46.06635047659321,0.0,0.0,24.325666783590812
849,scarce,100.0,46.06642857147591,0.0,0.0,24.325666783590812
850,scarce,100.0,46.06650666622588,0.0,0.0,24.325666783590812
851,scarce,100.0,46.06658476084312,0.0,0.0,24.325666783590812
852,scarce,100.0,46.06666285532763,0.0,0.0,24.325666783590812
853,scarce,100.0,46.0667409496794,0.0,0.0,24.325666783590812
854,scarce,100.0,46.06681904389844,0.0,0.0,24.325666783590812
855,scarce,100.0,46.06689713798475,0.0,0.0,24.325666783590812
856,scarce,100.0,46.06697523193832,0.0,0.0,24.325666783590812
857,scarce,100.0,46.06705332575917,0.0,0.0,24.325666783590812
858,scarce,100.0,46.067131419447286,0.0,0.0,24.325666783590812
859,scarce,100.0,46.067209513002666,0.0,0.0,24.325666783590812
860,scarce,100.0,46.06728760642532,0.0,0.0,24.325666783590812
861,scarce,100.0,46.06736569971523,0.0,0.0,24.325666783590812
862,scarce,100.0,46.067443792872425,0.0,0.0,24.325666783590812
863,scarce,100.0,46.06752188589688,0.0,0.0,24.325666783590812
864,scarce,100.0,46.067599978788614,0.0,0.0,24.325666783590812
865,scarce,100.0,46.06767807154761,0.0,0.0,24.325666783590812
866,scarce,100.0,46.067756164173886,0.0,0.0,24.325666783590812
867,scarce,100.0,46.067834256667425,0.0,0.0,24.325666783590812
868,scarce,100.0,46.06791234902824,0.0,0.0,24.325666783590812
869,scarce,100.0,46.06799044125632,0.0,0.0,24.325666783590812
870,scarce,100.0,46.068068533351685,0.0,0.0,24.325666783590812
871,scarce,100.0,46.06814662531431,0.0,0.0,24.325666783590812
872,scarce,100.0,46.06822471714421,0.0,0.0,24.325666783590812
873,scarce,100.0,46.06830280884139,0.0,0.0,24.325666783590812
874,scarce,100.0,46.068380900405835,0.0,0.0,24.325666783590812
875,scarce,100.0,46.06845899183756,0.0,0.0,24.325666783590812
876,scarce,100.0,46.06853708313655,0.0,0.0,24.325666783590812
877,scarce,100.0,46.06861517430281,0.0,0.0,24.325666783590812
878,scarce,100.0,46.06869326533635,0.0,0.0,24.325666783590812
879,scarce,100.0,46.06877135623718,0.0,0.0,24.325666783590812
880,scarce,100.0,46.06884944700526,0.0,0.0,24.325666783590812
881,scarce,100.0,46.068927537640626,0.0,0.0,24.325666783590812
882,scarce,100.0,46.06900562814327,0.0,0.0,24.325666783590812
883,scarce,100.0,46.06908371851319,0.0,0.0,24.325666783590812
884,scarce,100.0,46.06916180875037,0.0,0.0,24.325666783590812
885,scarce,100.0,46.069239898854846,0.0,0.0,24.325666783590812
886,scarce,100.0,46.06931798882658,0.0,0.0,24.325666783590812
887,scarce,100.0,46.06939607866561,0.0,0.0,24.325666783590812
888,scarce,100.0,46.0694741683719,0.0,0.0,24.325666783590812
889,scarce,100.0,46.06955225794546,0.0,0.0,24.325666783590812
890,scarce,100.0,46.06963034738632,0.0,0.0,24.325666783590812
891,scarce,100.0,46.06970843669445,0.0,0.0,24.325666783590812
892,scarce,100.0,46.06978652586985,0.0,0.0,24.325666783590812
893,scarce,100.0,46.06986461491254,0.0,0.0,24.325666783590812
894,scarce,100.0,46.069942703822505,0.0,0.0,24.325666783590812
895,scarce,100.0,46.070020792599735,0.0,0.0,24.325666783590812
896,scarce,100.0,46.070098881244256,0.0,0.0,24.325666783590812
897,scarce,100.0,46.07017696975606,0.0,0.0,24.325666783590812
898,scarce,100.0,46.07025505813513,0.0,0.0,24.325666783590812
899,scarce,100.0,46.0703331463815,0.0,0.0,24.325666783590812
900,scarce,100.0,46.07041123449513,0.0,0.0,24.325666783590812
901,scarce,100.0,46.07048932247605,0.0,0.0,24.325666783590812
902,scarce,100.0,46.07056741032425,0.0,0.0,24.325666783590812
903,scarce,100.0,46.070645498039724,0.0,0.0,24.325666783590812
904,scarce,100.0,46.07072358562249,0.0,0.0,24.325666783590812
905,scarce,100.0,46.07080167307252,0.0,0.0,24.325666783590812
906,scarce,100.0,46.07087976038985,0.0,0.0,24.325666783590812
907,scarce,100.0,46.07095784757445,0.0,0.0,24.325666783590812
908,scarce,100.0,46.071035934626344,0.0,0.0,24.325666783590812
909,scarce,100.0,46.0711140215455,0.0,0.0,24.325666783590812
910,scarce,100.0,46.071192108331964,0.0,0.0,24.325666783590812
911,scarce,100.0,46.0712701949857,0.0,0.0,24.325666783590812
912,scarce,100.0,46.071348281506715,0.0,0.0,24.325666783590812
913,scarce,100.0,46.07142636789501,0.0,0.0,24.325666783590812
914,scarce,100.0,46.0715044541506,0.0,0.0,24.325666783590812
915,scarce,100.0,46.07158254027346,0.0,0.0,24.325666783590812
916,scarce,100.0,46.07166062626361,0.0,0.0,24.325666783590812
917,scarce,100.0,46.07173871212106,0.0,0.0,24.325666783590812
918,scarce,100.0,46.07181679784578,0.0,0.0,24.325666783590812
919,scarce,100.0,46.07189488343778,0.0,0.0,24.325666783590812
920,scarce,100.0,46.07197296889707,0.0,0.0,24.325666783590812
921,scarce,100.0,46.07205105422365,0.0,0.0,24.325666783590812
922,scarce,100.0,46.07212913941751,0.0,0.0,24.325666783590812
923,scarce,100.0,46.07220722447866,0.0,0.0,24.325666783590812
924,scarce,100.0,46.0722853094071,0.0,0.0,24.325666783590812
925,scarce,100.0,46.07236339420282,0.0,0.0,24.325666783590812
926,scarce,100.0,46.072441478865834,0.0,0.0,24.325666783590812
927,scarce,100.0,46.07251956339613,0.0,0.0,24.325666783590812
928,scarce,100.0,46.072597647793714,0.0,0.0,24.325666783590812
929,scarce,100.0,46.072675732058585,0.0,0.0,24.325666783590812
930,scarce,100.0,46.07275381619074,0.0,0.0,24.325666783590812
931,scarce,100.0,46.072831900190195,0.0,0.0,24.325666783590812
932,scarce,100.0,46.072909984056935,0.0,0.0,24.325666783590812
933,scarce,100.0,46.07298806779095,0.0,0.0,24.325666783590812
934,scarce,100.0,46.073066151392275,0.0,0.0,24.325666783590812
935,scarce,100.0,46.07314423486088,0.0,0.0,24.325666783590812
936,scarce,100.0,46.07322231819677,0.0,0.0,24.325666783590812
937,scarce,100.0,46.073300401399955,0.0,0.0,24.325666783590812
938,scarce,100.0,46.07337848447043,0.0,0.0,24.325666783590812
939,scarce,100.0,46.073456567408186,0.0,0.0,24.325666783590812
940,scarce,100.0,46.07353465021325,0.0,0.0,24.325666783590812
941,scarce,100.0,46.07361273288559,0.0,0.0,24.325666783590812
942,scarce,100.0,46.07369081542522,0.0,0.0,24.325666783590812
943,scarce,100.0,46.073768897832146,0.0,0.0,24.325666783590812
944,scarce,100.0,46.07384698010637,0.0,0.0,24.325666783590812
945,scarce,100.0,46.07392506224789,0.0,0.0,24.325666783590812
946,scarce,100.0,46.07400314425669,0.0,0.0,24.325666783590812
947,scarce,100.0,46.07408122613279,0.0,0.0,24.325666783590812
948,scarce,100.0,46.07415930787619,0.0,0.0,24.325666783590812
949,scarce,100.0,46.07423738948687,0.0,0.0,24.325666783590812
950,scarce,100.0,46.074315470964834,0.0,0.0,24.325666783590812
951,scarce,100.0,46.0743935523101,0.0,0.0,24.325666783590812
952,scarce,100.0,46.07447163352268,0.0,0.0,24.325666783590812
953,scarce,100.0,46.074549714602526,0.0,0.0,24.325666783590812
954,scarce,100.0,46.07462779554968,0.0,0.0,24.325666783590812
955,scarce,100.0,46.07470587636412,0.0,0.0,24.325666783590812
956,scarce,100.0,46.07478395704587,0.0,0.0,24.325666783590812
957,scarce,100.0,46.07486203759491,0.0,0.0,24.325666783590812
958,scarce,100.0,46.074940118011234,0.0,0.0,24.325666783590812
959,scarce,100.0,46.07501819829487,0.0,0.0,24.325666783590812
960,scarce,100.0,46.07509627844579,0.0,0.0,24.325666783590812
961,scarce,100.0,46.07517435846402,0.0,0.0,24.325666783590812
962,scarce,100.0,46.07525243834954,0.0,0.0,24.325666783590812
963,scarce,100.0,46.07533051810235,0.0,0.0,24.325666783590812
964,scarce,100.0,46.075408597722465,0.0,0.0,24.325666783590812
965,scarce,100.0,46.075486677209874,0.0,0.0,24.325666783590812
966,scarce,100.0,46.07556475656458,0.0,0.0,24.325666783590812
967,scarce,100.0,46.07564283578658,0.0,0.0,24.325666783590812
968,scarce,100.0,46.07572091487589,0.0,0.0,24.325666783590812
969,scarce,100.0,46.07579899383249,0.0,0.0,24.325666783590812
970,scarce,100.0,46.07587707265638,0.0,0.0,24.325666783590812
971,scarce,100.0,46.07595515134759,0.0,0.0,24.325666783590812
972,scarce,100.0,46.07603322990608,0.0,0.0,24.325666783590812
973,scarce,100.0,46.07611130833188,0.0,0.0,24.325666783590812
974,scarce,100.0,46.07618938662498,0.0,0.0,24.325666783590812
975,scarce,100.0,46.07626746478539,0.0,0.0,24.325666783590812
976,scarce,100.0,46.07634554281308,0.0,0.0,24.325666783590812
977,scarce,100.0,46.07642362070808,0.0,0.0,24.325666783590812
978,scarce,100.0,46.07650169847039,0.0,0.0,24.325666783590812
979,scarce,100.0,46.07657977609998,0.0,0.0,24.325666783590812
980,scarce,100.0,46.076657853596885,0.0,0.0,24.325666783590812
981,scarce,100.0,46.07673593096109,0.0,0.0,24.325666783590812
982,scarce,100.0,46.076814008192606,0.0,0.0,24.325666783590812
983,scarce,100.0,46.076892085291405,0.0,0.0,24.325666783590812
984,scarce,100.0,46.07697016225752,0.0,0.0,24.325666783590812
985,scarce,100.0,46.07704823909094,0.0,0.0,24.325666783590812
986,scarce,100.0,46.07712631579165,0.0,0.0,24.325666783590812
987,scarce,100.0,46.07720439235967,0.0,0.0,24.325666783590812
988,scarce,100.0,46.07728246879499,0.0,0.0,24.325666783590812
989,scarce,100.0,46.077360545097626,0.0,0.0,24.325666783590812
990,scarce,100.0,46.07743862126756,0.0,0.0,24.325666783590812
991,scarce,100.0,46.0775166973048,0.0,0.0,24.325666783590812
992,scarce,100.0,46.07759477320934,0.0,0.0,24.325666783590812
993,scarce,100.0,46.07767284898118,0.0,0.0,24.325666783590812
994,scarce,100.0,46.07775092462034,0.0,0.0,24.325666783590812
995,scarce,100.0,46.07782900012679,0.0,0.0,24.325666783590812
996,scarce,100.0,46.07790707550056,0.0,0.0,24.325666783590812
997,scarce,100.0,46.07798515074163,0.0,0.0,24.325666783590812
998,scarce,100.0,46.07806322585,0.0,0.0,24.325666783590812
999,scarce,100.0,46.07814130082568,0.0,0.0,24.325666783590812
1000,scarce,100.0,46.078219375668674,0.0,0.0,24.325666783590812
1001,scarce,100.0,46.078297450378976,0.0,0.0,24.325666783590812
1002,scarce,100.0,46.07837552495656,0.0,0.0,24.325666783590812
1003,scarce,100.0,46.078453599401485,0.0,0.0,24.325666783590812
1004,scarce,100.0,46.078531673713705,0.0,0.0,24.325666783590812
1005,scarce,100.0,46.07860974789324,0.0,0.0,24.325666783590812
1006,scarce,100.0,46.078687821940065,0.0,0.0,24.325666783590812
1007,scarce,100.0,46.07876589585421,0.0,0.0,24.325666783590812
1008,scarce,100.0,46.078843969635656,0.0,0.0,24.325666783590812
1009,scarce,100.0,46.07892204328443,0.0,0.0,24.325666783590812
1010,scarce,100.0,46.07900011680049,0.0,0.0,24.325666783590812
1011,scarce,100.0,46.07907819018388,0.0,0.0,24.325666783590812
1012,scarce,100.0,46.07915626343457,0.0,0.0,24.325666783590812
1013,scarce,100.0,46.079234336552574,0.0,0.0,24.325666783590812
1014,scarce,100.0,46.079312409537884,0.0,0.0,24.325666783590812
1015,scarce,100.0,46.07939048239051,0.0,0.0,24.325666783590812
1016,scarce,100.0,46.079468555110445,0.0,0.0,24.325666783590812
1017,scarce,100.0,46.079546627697695,0.0,0.0,24.325666783590812
1018,scarce,100.0,46.07962470015225,0.0,0.0,24.325666783590812
1019,scarce,100.0,46.07970277247412,0.0,0.0,24.325666783590812
1020,scarce,100.0,46.07978084466329,0.0,0.0,24.325666783590812
1021,scarce,100.0,46.07985891671979,0.0,0.0,24.325666783590812
1022,scarce,100.0,46.0799369886436,0.0,0.0,24.325666783590812
1023,scarce,100.0,46.080015060434725,0.0,0.0,24.325666783590812
1024,scarce,100.0,46.08009313209316,0.0,0.0,24.325666783590812
1025,scarce,100.0,46.08017120361891,0.0,0.0,24.325666783590812
1026,scarce,100.0,46.080249275011965,0.0,0.0,24.325666783590812
1027,scarce,100.0,46.08032734627234,0.0,0.0,24.325666783590812
1028,scarce,100.0,46.08040541740003,0.0,0.0,24.325666783590812
1029,scarce,100.0,46.08048348839503,0.0,0.0,24.325666783590812
1030,scarce,100.0,46.08056155925736,0.0,0.0,24.325666783590812
1031,scarce,100.0,46.080639629987,0.0,0.0,24.325666783590812
1032,scarce,100.0,46.08071770058395,0.0,0.0,24.325666783590812
1033,scarce,100.0,46.08079577104821,0.0,0.0,24.325666783590812
1034,scarce,100.0,46.08087384137979,0.0,0.0,24.325666783590812
1035,scarce,100.0,46.080951911578694,0.0,0.0,24.325666783590812
1036,scarce,100.0,46.08102998164491,0.0,0.0,24.325666783590812
1037,scarce,100.0,46.081108051578425,0.0,0.0,24.325666783590812
1038,scarce,100.0,46.08118612137929,0.0,0.0,24.325666783590812
1039,scarce,100.0,46.08126419104745,0.0,0.0,24.325666783590812
1040,scarce,100.0,46.08134226058294,0.0,0.0,24.325666783590812
1041,scarce,100.0,46.08142032998574,0.0,0.0,24.325666783590812
1042,scarce,100.0,46.081498399255864,0.0,0.0,24.325666783590812
1043,scarce,100.0,46.0815764683933,0.0,0.0,24.325666783590812
1044,scarce,100.0,46.08165453739806,0.0,0.0,24.325666783590812
1045,scarce,100.0,46.08173260627012,0.0,0.0,24.325666783590812
1046,scarce,100.0,46.081810675009535,0.0,0.0,24.325666783590812
1047,scarce,100.0,46.08188874361625,0.0,0.0,24.325666783590812
1048,scarce,100.0,46.08196681209027,0.0,0.0,24.325666783590812
1049,scarce,100.0,46.08204488043163,0.0,0.0,24.325666783590812
1050,scarce,100.0,46.08212294864031,0.0,0.0,24.325666783590812
1051,scarce,100.0,46.0822010167163,0.0,0.0,24.325666783590812
1052,scarce,100.0,46.08227908465962,0.0,0.0,24.325666783590812
1053,scarce,100.0,46.08235715247025,0.0,0.0,24.325666783590812
1054,scarce,100.0,46.08243522014821,0.0,0.0,24.325666783590812
1055,scarce,100.0,46.082513287693494,0.0,0.0,24.325666783590812
1056,scarce,100.0,46.082591355106096,0.0,0.0,24.325666783590812
1057,scarce,100.0,46.08266942238602,0.0,0.0,24.325666783590812
1058,scarce,100.0,46.08274748953327,0.0,0.0,24.325666783590812
1059,scarce,100.0,46.08282555654783,0.0,0.0,24.325666783590812
1060,scarce,100.0,46.082903623429736,0.0,0.0,24.325666783590812
1061,scarce,100.0,46.08298169017894,0.0,0.0,24.325666783590812
1062,scarce,100.0,46.08305975679548,0.0,0.0,24.325666783590812
1063,scarce,100.0,46.08313782327935,0.0,0.0,24.325666783590812
1064,scarce,100.0,46.08321588963054,0.0,0.0,24.325666783590812
1065,scarce,100.0,46.083293955849044,0.0,0.0,24.325666783590812
1066,scarce,100.0,46.083372021934885,0.0,0.0,24.325666783590812
1067,scarce,100.0,46.083450087888046,0.0,0.0,24.325666783590812
1068,scarce,100.0,46.083528153708535,0.0,0.0,24.325666783590812
1069,scarce,100.0,46.083606219396344,0.0,0.0,24.325666783590812
1070,scarce,100.0,46.08368428495149,0.0,0.0,24.325666783590812
1071,scarce,100.0,46.083762350373945,0.0,0.0,24.325666783590812
1072,scarce,100.0,46.083840415663744,0.0,0.0,24.325666783590812
1073,scarce,100.0,46.08391848082085,0.0,0.0,24.325666783590812
1074,scarce,100.0,46.08399654584529,0.0,0.0,24.325666783590812
1075,scarce,100.0,46.08407461073706,0.0,0.0,24.325666783590812
1076,scarce,100.0,46.084152675496156,0.0,0.0,24.325666783590812
1077,scarce,100.0,46.08423074012259,0.0,0.0,24.325666783590812
1078,scarce,100.0,46.08430880461634,0.0,0.0,24.325666783590812
1079,scarce,100.0,46.084386868977425,0.0,0.0,24.325666783590812
1080,scarce,100.0,46.08446493320583,0.0,0.0,24.325666783590812
1081,scarce,100.0,46.08454299730157,0.0,0.0,24.325666783590812
1082,scarce,100.0,46.08462106126464,0.0,0.0,24.325666783590812
1083,scarce,100.0,46.08469912509504,0.0,0.0,24.325666783590812
1084,scarce,100.0,46.08477718879275,0.0,0.0,24.325666783590812
1085,scarce,100.0,46.08485525235781,0.0,0.0,24.325666783590812
1086,scarce,100.0,46.0849333157902,0.0,0.0,24.325666783590812
1087,scarce,100.0,46.08501137908992,0.0,0.0,24.325666783590812
1088,scarce,100.0,46.085089442256965,0.0,0.0,24.325666783590812
1089,scarce,100.0,46.08516750529134,0.0,0.0,24.325666783590812
1090,scarce,100.0,46.08524556819305,0.0,0.0,24.325666783590812
1091,scarce,100.0,46.08532363096208,0.0,0.0,24.325666783590812
1092,scarce,100.0,46.085401693598456,0.0,0.0,24.325666783590812
1093,scarce,100.0,46.08547975610216,0.0,0.0,24.325666783590812
1094,scarce,100.0,46.0855578184732,0.0,0.0,24.325666783590812
1095,scarce,100.0,46.085635880711564,0.0,0.0,24.325666783590812
1096,scarce,100.0,46.085713942817264,0.0,0.0,24.325666783590812
1097,scarce,100.0,46.0857920047903,0.0,0.0,24.325666783590812
1098,scarce,100.0,46.08587006663066,0.0,0.0,24.325666783590812
1099,scarce,100.0,46.085948128338366,0.0,0.0,24.325666783590812
1100,scarce,100.0,46.0860261899134,0.0,0.0,24.325666783590812
1101,scarce,100.0,46.08610425135577,0.0,0.0,24.325666783590812
1102,scarce,100.0,46.086182312665464,0.0,0.0,24.325666783590812
1103,scarce,100.0,46.0862603738425,0.0,0.0,24.325666783590812
1104,scarce,100.0,46.08633843488688,0.0,0.0,24.325666783590812
1105,scarce,100.0,46.08641649579858,0.0,0.0,24.325666783590812
1106,scarce,100.0,46.08649455657763,0.0,0.0,24.325666783590812
1107,scarce,100.0,46.086572617224,0.0,0.0,24.325666783590812
1108,scarce,100.0,46.08665067773772,0.0,0.0,24.325666783590812
1109,scarce,100.0,46.08672873811877,0.0,0.0,24.325666783590812
1110,scarce,100.0,46.08680679836715,0.0,0.0,24.325666783590812
1111,scarce,100.0,46.08688485848288,0.0,0.0,24.325666783590812
1112,scarce,100.0,46.08696291846594,0.0,0.0,24.325666783590812
1113,scarce,100.0,46.08704097831633,0.0,0.0,24.325666783590812
1114,scarce,100.0,46.08711903803406,0.0,0.0,24.325666783590812
1115,scarce,100.0,46.08719709761914,0.0,0.0,24.325666783590812
1116,scarce,100.0,46.08727515707155,0.0,0.0,24.325666783590812
1117,scarce,100.0,46.0873532163913,0.0,0.0,24.325666783590812
1118,scarce,100.0,46.087431275578396,0.0,0.0,24.325666783590812
1119,scarce,100.0,46.08750933463282,0.0,0.0,24.325666783590812
1120,scarce,100.0,46.087587393554585,0.0,0.0,24.325666783590812
1121,scarce,100.0,46.087665452343686,0.0,0.0,24.325666783590812
1122,scarce,100.0,46.08774351100014,0.0,0.0,24.325666783590812
1123,scarce,100.0,46.08782156952391,0.0,0.0,24.325666783590812
1124,scarce,100.0,46.08789962791505,0.0,0.0,24.325666783590812
1125,scarce,100.0,46.08797768617352,0.0,0.0,24.325666783590812
1126,scarce,100.0,46.08805574429932,0.0,0.0,24.325666783590812
1127,scarce,100.0,46.08813380229247,0.0,0.0,24.325666783590812
1128,scarce,100.0,46.08821186015295,0.0,0.0,24.325666783590812
1129,scarce,100.0,46.08828991788078,0.0,0.0,24.325666783590812
1130,scarce,100.0,46.088367975475954,0.0,0.0,24.325666783590812
1131,scarce,100.0,46.08844603293847,0.0,0.0,24.325666783590812
1132,scarce,100.0,46.08852409026833,0.0,0.0,24.325666783590812
1133,scarce,100.0,46.08860214746553,0.0,0.0,24.325666783590812
1134,scarce,100.0,46.08868020453008,0.0,0.0,24.325666783590812
1135,scarce,100.0,46.088758261461955,0.0,0.0,24.325666783590812
1136,scarce,100.0,46.08883631826119,0.0,0.0,24.325666783590812
1137,scarce,100.0,46.08891437492776,0.0,0.0,24.325666783590812
1138,scarce,100.0,46.088992431461676,0.0,0.0,24.325666783590812
1139,scarce,100.0,46.08907048786294,0.0,0.0,24.325666783590812
1140,scarce,100.0,46.08914854413155,0.0,0.0,24.325666783590812
1141,scarce,100.0,46.089226600267494,0.0,0.0,24.325666783590812
1142,scarce,100.0,46.089304656270784,0.0,0.0,24.325666783590812
1143,scarce,100.0,46.08938271214143,0.0,0.0,24.325666783590812
1144,scarce,100.0,46.089460767879416,0.0,0.0,24.325666783590812
1145,scarce,100.0,46.08953882348475,0.0,0.0,24.325666783590812
1146,scarce,100.0,46.08961687895742,0.0,0.0,24.325666783590812
1147,scarce,100.0,46.089694934297455,0.0,0.0,24.325666783590812
1148,scarce,100.0,46.08977298950483,0.0,0.0,24.325666783590812
1149,scarce,100.0,46.08985104457955,0.0,0.0,24.325666783590812
1150,scarce,100.0,46.08992909952161,0.0,0.0,24.325666783590812
1151,scarce,100.0,46.09000715433102,0.0,0.0,24.325666783590812
1152,scarce,100.0,46.09008520900779,0.0,0.0,24.325666783590812
1153,scarce,100.0,46.0901632635519,0.0,0.0,24.325666783590812
1154,scarce,100.0,46.09024131796336,0.0,0.0,24.325666783590812
1155,scarce,100.0,46.09031937224216,0.0,0.0,24.325666783590812
1156,scarce,100.0,46.090397426388314,0.0,0.0,24.325666783590812
1157,scarce,100.0,46.090475480401814,0.0,0.0,24.325666783590812
1158,scarce,100.0,46.09055353428267,0.0,0.0,24.325666783590812
1159,scarce,100.0,46.09063158803088,0.0,0.0,24.325666783590812
1160,scarce,100.0,46.090709641646434,0.0,0.0,24.325666783590812
1161,scarce,100.0,46.09078769512933,0.0,0.0,24.325666783590812
1162,scarce,100.0,46.09086574847959,0.0,0.0,24.325666783590812
1163,scarce,100.0,46.090943801697186,0.0,0.0,24.325666783590812
1164,scarce,100.0,46.091021854782156,0.0,0.0,24.325666783590812
1165,scarce,100.0,46.09109990773445,0.0,0.0,24.325666783590812
1166,scarce,100.0,46.09117796055411,0.0,0.0,24.325666783590812
1167,scarce,100.0,46.09125601324112,0.0,0.0,24.325666783590812
1168,scarce,100.0,46.091334065795486,0.0,0.0,24.325666783590812
1169,scarce,100.0,46.0914121182172,0.0,0.0,24.325666783590812
1170,scarce,100.0,46.09149017050627,0.0,0.0,24.325666783590812
1171,scarce,100.0,46.091568222662694,0.0,0.0,24.325666783590812
1172,scarce,100.0,46.09164627468646,0.0,0.0,24.325666783590812
1173,scarce,100.0,46.0917243265776,0.0,0.0,24.325666783590812
1174,scarce,100.0,46.09180237833607,0.0,0.0,24.325666783590812
1175,scarce,100.0,46.09188042996191,0.0,0.0,24.325666783590812
1176,scarce,100.0,46.091958481455094,0.0,0.0,24.325666783590812
1177,scarce,100.0,46.09203653281564,0.0,0.0,24.325666783590812
1178,scarce,100.0,46.09211458404354,0.0,0.0,24.325666783590812
1179,scarce,100.0,46.09219263513879,0.0,0.0,24.325666783590812
1180,scarce,100.0,46.09227068610139,0.0,0.0,24.325666783590812
1181,scarce,100.0,46.09234873693136,0.0,0.0,24.325666783590812
1182,scarce,100.0,46.09242678762869,0.0,0.0,24.325666783590812
1183,scarce,100.0,46.092504838193356,0.0,0.0,24.325666783590812
1184,scarce,100.0,46.09258288862539,0.0,0.0,24.325666783590812
1185,scarce,100.0,46.09266093892477,0.0,0.0,24.325666783590812
1186,scarce,100.0,46.09273898909152,0.0,0.0,24.325666783590812
1187,scarce,100.0,46.09281703912563,0.0,0.0,24.325666783590812
1188,scarce,100.0,46.09289508902709,0.0,0.0,24.325666783590812
1189,scarce,100.0,46.09297313879591,0.0,0.0,24.325666783590812
1190,scarce,100.0,46.093051188432085,0.0,0.0,24.325666783590812
1191,scarce,100.0,46.09312923793562,0.0,0.0,24.325666783590812
1192,scarce,100.0,46.09320728730651,0.0,0.0,24.325666783590812
1193,scarce,100.0,46.09328533654477,0.0,0.0,24.325666783590812
1194,scarce,100.0,46.09336338565038,0.0,0.0,24.325666783590812
1195,scarce,100.0,46.09344143462335,0.0,0.0,24.325666783590812
1196,scarce,100.0,46.09351948346367,0.0,0.0,24.325666783590812
1197,scarce,100.0,46.093597532171366,0.0,0.0,24.325666783590812
1198,scarce,100.0,46.09367558074642,0.0,0.0,24.325666783590812
1199,scarce,100.0,46.093753629188825,0.0,0.0,24.325666783590812
1200,scarce,100.0,46.0938316774986,0.0,0.0,24.325666783590812
1201,scarce,100.0,46.09390972567573,0.0,0.0,24.325666783590812
1202,scarce,100.0,46.09398777372022,0.0,0.0,24.325666783590812
1203,scarce,100.0,46.09406582163208,0.0,0.0,24.325666783590812
1204,scarce,100.0,46.09414386941129,0.0,0.0,24.325666783590812
1205,scarce,100.0,46.09422191705788,0.0,0.0,24.325666783590812
1206,scarce,100.0,46.094299964571825,0.0,0.0,24.325666783590812
1207,scarce,100.0,46.09437801195312,0.0,0.0,24.325666783590812
1208,scarce,100.0,46.09445605920179,0.0,0.0,24.325666783590812
1209,scarce,100.0,46.094534106317816,0.0,0.0,24.325666783590812
1210,scarce,100.0,46.09461215330121,0.0,0.0,24.325666783590812
1211,scarce,100.0,46.09469020015197,0.0,0.0,24.325666783590812
1212,scarce,100.0,46.09476824687009,0.0,0.0,24.325666783590812
1213,scarce,100.0,46.094846293455575,0.0,0.0,24.325666783590812
1214,scarce,100.0,46.09492433990843,0.0,0.0,24.325666783590812
1215,scarce,100.0,46.095002386228636,0.0,0.0,24.325666783590812
1216,scarce,100.0,46.09508043241621,0.0,0.0,24.325666783590812
1217,scarce,100.0,46.09515847847116,0.0,0.0,24.325666783590812
1218,scarce,100.0,46.09523652439347,0.0,0.0,24.325666783590812
1219,scarce,100.0,46.09531457018315,0.0,0.0,24.325666783590812
1220,scarce,100.0,46.09539261584019,0.0,0.0,24.325666783590812
1221,scarce,100.0,46.095470661364594,0.0,0.0,24.325666783590812
1222,scarce,100.0,46.095548706756375,0.0,0.0,24.325666783590812
1223,scarce,100.0,46.09562675201552,0.0,0.0,24.325666783590812
1224,scarce,100.0,46.09570479714203,0.0,0.0,24.325666783590812
1225,scarce,100.0,46.095782842135904,0.0,0.0,24.325666783590812
1226,scarce,100.0,46.095860886997144,0.0,0.0,24.325666783590812
1227,scarce,100.0,46.095938931725755,0.0,0.0,24.325666783590812
1228,scarce,100.0,46.096016976321735,0.0,0.0,24.325666783590812
1229,scarce,100.0,46.096095020785086,0.0,0.0,24.325666783590812
1230,scarce,100.0,46.096173065115806,0.0,0.0,24.325666783590812
1231,scarce,100.0,46.0962511093139,0.0,0.0,24.325666783590812
1232,scarce,100.0,46.09632915337935,0.0,0.0,24.325666783590812
1233,scarce,100.0,46.096407197312175,0.0,0.0,24.325666783590812
1234,scarce,100.0,46.09648524111237,0.0,0.0,24.325666783590812
1235,scarce,100.0,46.09656328477993,0.0,0.0,24.325666783590812
1236,scarce,100.0,46.09664132831487,0.0,0.0,24.325666783590812
1237,scarce,100.0,46.096719371717164,0.0,0.0,24.325666783590812
1238,scarce,100.0,46.09679741498685,0.0,0.0,24.325666783590812
1239,scarce,100.0,46.0968754581239,0.0,0.0,24.325666783590812
1240,scarce,100.0,46.096953501128326,0.0,0.0,24.325666783590812
1241,scarce,100.0,46.09703154400012,0.0,0.0,24.325666783590812
1242,scarce,100.0,46.09710958673928,0.0,0.0,24.325666783590812
1243,scarce,100.0,46.09718762934582,0.0,0.0,24.325666783590812
1244,scarce,100.0,46.09726567181972,0.0,0.0,24.325666783590812
1245,scarce,100.0,46.09734371416101,0.0,0.0,24.325666783590812
1246,scarce,100.0,46.09742175636966,0.0,0.0,24.325666783590812
1247,scarce,100.0,46.09749979844569,0.0,0.0,24.325666783590812
1248,scarce,100.0,46.09757784038909,0.0,0.0,24.325666783590812
1249,scarce,100.0,46.09765588219987,0.0,0.0,24.325666783590812
1250,scarce,100.0,46.09773392387801,0.0,0.0,24.325666783590812
1251,scarce,100.0,46.09781196542354,0.0,0.0,24.325666783590812
1252,scarce,100.0,46.09789000683644,0.0,0.0,24.325666783590812
1253,scarce,100.0,46.09796804811671,0.0,0.0,24.325666783590812
1254,scarce,100.0,46.09804608926436,0.0,0.0,24.325666783590812
1255,scarce,100.0,46.09812413027939,0.0,0.0,24.325666783590812
1256,scarce,100.0,46.09820217116178,0.0,0.0,24.325666783590812
1257,scarce,100.0,46.098280211911565,0.0,0.0,24.325666783590812
1258,scarce,100.0,46.09835825252871,0.0,0.0,24.325666783590812
1259,scarce,100.0,46.09843629301324,0.0,0.0,24.325666783590812
1260,scarce,100.0,46.098514333365145,0.0,0.0,24.325666783590812
1261,scarce,100.0,46.09859237358443,0.0,0.0,24.325666783590812
1262,scarce,100.0,46.098670413671094,0.0,0.0,24.325666783590812
1263,scarce,100.0,46.098748453625134,0.0,0.0,24.325666783590812
1264,scarce,100.0,46.09882649344655,0.0,0.0,24.325666783590812
1265,scarce,100.0,46.09890453313534,0.0,0.0,24.325666783590812
1266,scarce,100.0,46.09898257269152,0.0,0.0,24.325666783590812
1267,scarce,100.0,46.09906061211507,0.0,0.0,24.325666783590812
1268,scarce,100.0,46.099138651405994,0.0,0.0,24.325666783590812
1269,scarce,100.0,46.09921669056431,0.0,0.0,24.325666783590812
1270,scarce,100.0,46.09929472958999,0.0,0.0,24.325666783590812
1271,scarce,100.0,46.099372768483065,0.0,0.0,24.325666783590812
1272,scarce,100.0,46.099450807243514,0.0,0.0,24.325666783590812
1273,scarce,100.0,46.09952884587135,0.0,0.0,24.325666783590812
1274,scarce,100.0,46.09960688436656,0.0,0.0,24.325666783590812
1275,scarce,100.0,46.099684922729146,0.0,0.0,24.325666783590812
1276,scarce,100.0,46.09976296095912,0.0,0.0,24.325666783590812
1277,scarce,100.0,46.09984099905646,0.0,0.0,24.325666783590812
1278,scarce,100.0,46.09991903702121,0.0,0.0,24.325666783590812
1279,scarce,100.0,46.09999707485332,0.0,0.0,24.325666783590812
1280,scarce,100.0,46.10007511255282,0.0,0.0,24.325666783590812
1281,scarce,100.0,46.1001531501197,0.0,0.0,24.325666783590812
1282,scarce,100.0,46.100231187553966,0.0,0.0,24.325666783590812
1283,scarce,100.0,46.10030922485562,0.0,0.0,24.325666783590812
1284,scarce,100.0,46.100387262024654,0.0,0.0,24.325666783590812
1285,scarce,100.0,46.100465299061064,0.0,0.0,24.325666783590812
1286,scarce,100.0,46.10054333596486,0.0,0.0,24.325666783590812
1287,scarce,100.0,46.10062137273605,0.0,0.0,24.325666783590812
1288,scarce,100.0,46.10069940937462,0.0,0.0,24.325666783590812
1289,scarce,100.0,46.10077744588057,0.0,0.0,24.325666783590812
1290,scarce,100.0,46.100855482253905,0.0,0.0,24.325666783590812
1291,scarce,100.0,46.10093351849463,0.0,0.0,24.325666783590812
1292,scarce,100.0,46.101011554602735,0.0,0.0,24.325666783590812
1293,scarce,100.0,46.101089590578226,0.0,0.0,24.325666783590812
1294,scarce,100.0,46.1011676264211,0.0,0.0,24.325666783590812
1295,scarce,100.0,46.101245662131376,0.0,0.0,24.325666783590812
1296,scarce,100.0,46.10132369770902,0.0,0.0,24.325666783590812
1297,scarce,100.0,46.101401733154056,0.0,0.0,24.325666783590812
1298,scarce,100.0,46.10147976846648,0.0,0.0,24.325666783590812
1299,scarce,100.0,46.1015578036463,0.0,0.0,24.325666783590812
1300,scarce,100.0,46.1016358386935,0.0,0.0,24.325666783590812
1301,scarce,100.0,46.10171387360809,0.0,0.0,24.325666783590812
1302,scarce,100.0,46.10179190839007,0.0,0.0,24.325666783590812
1303,scarce,100.0,46.101869943039425,0.0,0.0,24.325666783590812
1304,scarce,100.0,46.10194797755619,0.0,0.0,24.325666783590812
1305,scarce,100.0,46.102026011940325,0.0,0.0,24.325666783590812
1306,scarce,100.0,46.10210404619187,0.0,0.0,24.325666783590812
1307,scarce,100.0,46.10218208031079,0.0,0.0,24.325666783590812
1308,scarce,100.0,46.1022601142971,0.0,0.0,24.325666783590812
1309,scarce,100.0,46.10233814815079,0.0,0.0,24.325666783590812
1310,scarce,100.0,46.10241618187189,0.0,0.0,24.325666783590812
1311,scarce,100.0,46.10249421546037,0.0,0.0,24.325666783590812
1312,scarce,100.0,46.102572248916246,0.0,0.0,24.325666783590812
1313,scarce,100.0,46.10265028223951,0.0,0.0,24.325666783590812
1314,scarce,100.0,46.10272831543016,0.0,0.0,24.325666783590812
1315,scarce,100.0,46.102806348488215,0.0,0.0,24.325666783590812
1316,scarce,100.0,46.10288438141365,0.0,0.0,24.325666783590812
1317,scarce,100.0,46.10296241420648,0.0,0.0,24.325666783590812
1318,scarce,100.0,46.10304044686671,0.0,0.0,24.325666783590812
1319,scarce,100.0,46.103118479394325,0.0,0.0,24.325666783590812
1320,scarce,100.0,46.103196511789335,0.0,0.0,24.325666783590812
1321,scarce,100.0,46.10327454405174,0.0,0.0,24.325666783590812
1322,scarce,100.0,46.103352576181535,0.0,0.0,24.325666783590812
1323,scarce,100.0,46.10343060817872,0.0,0.0,24.325666783590812
1324,scarce,100.0,46.10350864004331,0.0,0.0,24.325666783590812
1325,scarce,100.0,46.10358667177529,0.0,0.0,24.325666783590812
1326,scarce,100.0,46.10366470337466,0.0,0.0,24.325666783590812
1327,scarce,100.0,46.10374273484143,0.0,0.0,24.325666783590812
1328,scarce,100.0,46.10382076617559,0.0,0.0,24.325666783590812
1329,scarce,100.0,46.10389879737715,0.0,0.0,24.325666783590812
1330,scarce,100.0,46.1039768284461,0.0,0.0,24.325666783590812
1331,scarce,100.0,46.10405485938245,0.0,0.0,24.325666783590812
1332,scarce,100.0,46.10413289018621,0.0,0.0,24.325666783590812
1333,scarce,100.0,46.104210920857334,0.0,0.0,24.325666783590812
1334,scarce,100.0,46.10428895139588,0.0,0.0,24.325666783590812
1335,scarce,100.0,46.10436698180182,0.0,0.0,24.325666783590812
1336,scarce,100.0,46.10444501207515,0.0,0.0,24.325666783590812
1337,scarce,100.0,46.10452304221588,0.0,0.0,24.325666783590812
1338,scarce,100.0,46.10460107222402,0.0,0.0,24.325666783590812
1339,scarce,100.0,46.104679102099546,0.0,0.0,24.325666783590812
1340,scarce,100.0,46.10475713184247,0.0,0.0,24.325666783590812
1341,scarce,100.0,46.1048351614528,0.0,0.0,24.325666783590812
1342,scarce,100.0,46.104913190930525,0.0,0.0,24.325666783590812
1343,scarce,100.0,46.10499122027564,0.0,0.0,24.325666783590812
1344,scarce,100.0,46.10506924948817,0.0,0.0,24.325666783590812
1345,scarce,100.0,46.10514727856809,0.0,0.0,24.325666783590812
1346,scarce,100.0,46.10522530751541,0.0,0.0,24.325666783590812
1347,scarce,100.0,46.10530333633013,0.0,0.0,24.325666783590812
1348,scarce,100.0,46.10538136501226,0.0,0.0,24.325666783590812
1349,scarce,100.0,46.10545939356178,0.0,0.0,24.325666783590812
1350,scarce,100.0,46.1055374219787,0.0,0.0,24.325666783590812
1351,scarce,100.0,46.10561545026303,0.0,0.0,24.325666783590812
1352,scarce,100.0,46.10569347841476,0.0,0.0,24.325666783590812
1353,scarce,100.0,46.10577150643388,0.0,0.0,24.325666783590812
1354,scarce,100.0,46.10584953432041,0.0,0.0,24.325666783590812
1355,scarce,100.0,46.105927562074356,0.0,0.0,24.325666783590812
1356,scarce,100.0,46.10600558969569,0.0,0.0,24.325666783590812
1357,scarce,100.0,46.10608361718443,0.0,0.0,24.325666783590812
1358,scarce,100.0,46.10616164454057,0.0,0.0,24.325666783590812
1359,scarce,100.0,46.10623967176412,0.0,0.0,24.325666783590812
1360,scarce,100.0,46.10631769885507,0.0,0.0,24.325666783590812
1361,scarce,100.0,46.10639572581342,0.0,0.0,24.325666783590812
1362,scarce,100.0,46.10647375263919,0.0,0.0,24.325666783590812
1363,scarce,100.0,46.10655177933234,0.0,0.0,24.325666783590812
1364,scarce,100.0,46.106629805892915,0.0,0.0,24.325666783590812
1365,scarce,100.0,46.10670783232089,0.0,0.0,24.325666783590812
1366,scarce,100.0,46.10678585861627,0.0,0.0,24.325666783590812
1367,scarce,100.0,46.10686388477905,0.0,0.0,24.325666783590812
1368,scarce,100.0,46.10694191080924,0.0,0.0,24.325666783590812
1369,scarce,100.0,46.10701993670684,0.0,0.0,24.325666783590812
1370,scarce,100.0,46.10709796247184,0.0,0.0,24.325666783590812
1371,scarce,100.0,46.107175988104245,0.0,0.0,24.325666783590812
1372,scarce,100.0,46.10725401360407,0.0,0.0,24.325666783590812
1373,scarce,100.0,46.1073320389713,0.0,0.0,24.325666783590812
1374,scarce,100.0,46.107410064205915,0.0,0.0,24.325666783590812
1375,scarce,100.0,46.107488089307964,0.0,0.0,24.325666783590812
1376,scarce,100.0,46.10756611427741,0.0,0.0,24.325666783590812
1377,scarce,100.0,46.10764413911427,0.0,0.0,24.325666783590812
1378,scarce,100.0,46.10772216381853,0.0,0.0,24.325666783590812
1379,scarce,100.0,46.10780018839019,0.0,0.0,24.325666783590812
1380,scarce,100.0,46.107878212829284,0.0,0.0,24.325666783590812
1381,scarce,100.0,46.10795623713578,0.0,0.0,24.325666783590812
1382,scarce,100.0,46.108034261309676,0.0,0.0,24.325666783590812
1383,scarce,100.0,46.10811228535099,0.0,0.0,24.325666783590812
1384,scarce,100.0,46.10819030925971,0.0,0.0,24.325666783590812
1385,scarce,100.0,46.108268333035845,0.0,0.0,24.325666783590812
1386,scarce,100.0,46.108346356679384,0.0,0.0,24.325666783590812
1387,scarce,100.0,46.108424380190336,0.0,0.0,24.325666783590812
1388,scarce,100.0,46.10850240356869,0.0,0.0,24.325666783590812
1389,scarce,100.0,46.108580426814484,0.0,0.0,24.325666783590812
1390,scarce,100.0,46.10865844992767,0.0,0.0,24.325666783590812
1391,scarce,100.0,46.10873647290827,0.0,0.0,24.325666783590812
1392,scarce,100.0,46.108814495756285,0.0,0.0,24.325666783590812
1393,scarce,100.0,46.10889251847171,0.0,0.0,24.325666783590812
1394,scarce,100.0,46.108970541054546,0.0,0.0,24.325666783590812
1395,scarce,100.0,46.10904856350479,0.0,0.0,24.325666783590812
1396,scarce,100.0,46.10912658582246,0.0,0.0,24.325666783590812
1397,scarce,100.0,46.109204608007545,0.0,0.0,24.325666783590812
1398,scarce,100.0,46.10928263006003,0.0,0.0,24.325666783590812
1399,scarce,100.0,46.10936065197994,0.0,0.0,24.325666783590812
1400,scarce,100.0,46.10943867376726,0.0,0.0,24.325666783590812
1401,scarce,100.0,46.109516695421995,0.0,0.0,24.325666783590812
1402,scarce,100.0,46.109594716944144,0.0,0.0,24.325666783590812
1403,scarce,100.0,46.109672738333714,0.0,0.0,24.325666783590812
1404,scarce,100.0,46.1097507595907,0.0,0.0,24.325666783590812
1405,scarce,100.0,46.1098287807151,0.0,0.0,24.325666783590812
1406,scarce,100.0,46.10990680170692,0.0,0.0,24.325666783590812
1407,scarce,100.0,46.10998482256614,0.0,0.0,24.325666783590812
1408,scarce,100.0,46.11006284329279,0.0,0.0,24.325666783590812
1409,scarce,100.0,46.11014086388685,0.0,0.0,24.325666783590812
1410,scarce,100.0,46.110218884348335,0.0,0.0,24.325666783590812
1411,scarce,100.0,46.110296904677234,0.0,0.0,24.325666783590812
1412,scarce,100.0,46.110374924873554,0.0,0.0,24.325666783590812
1413,scarce,100.0,46.110452944937286,0.0,0.0,24.325666783590812
1414,scarce,100.0,46.11053096486844,0.0,0.0,24.325666783590812
1415,scarce,100.0,46.110608984667,0.0,0.0,24.325666783590812
1416,scarce,100.0,46.110687004332995,0.0,0.0,24.325666783590812
1417,scarce,100.0,46.11076502386641,0.0,0.0,24.325666783590812
1418,scarce,100.0,46.110843043267245,0.0,0.0,24.325666783590812
1419,scarce,100.0,46.110921062535496,0.0,0.0,24.325666783590812
1420,scarce,100.0,46.11099908167115,0.0,0.0,24.325666783590812
1421,scarce,100.0,46.111077100674244,0.0,0.0,24.325666783590812
1422,scarce,100.0,46.11115511954476,0.0,0.0,24.325666783590812
1423,scarce,100.0,46.111233138282685,0.0,0.0,24.325666783590812
1424,scarce,100.0,46.11131115688803,0.0,0.0,24.325666783590812
1425,scarce,100.0,46.11138917536081,0.0,0.0,24.325666783590812
1426,scarce,100.0,46.111467193701,0.0,0.0,24.325666783590812
1427,scarce,100.0,46.11154521190862,0.0,0.0,24.325666783590812
1428,scarce,100.0,46.11162322998366,0.0,0.0,24.325666783590812
1429,scarce,100.0,46.11170124792611,0.0,0.0,24.325666783590812
1430,scarce,100.0,46.111779265736,0.0,0.0,24.325666783590812
1431,scarce,100.0,46.11185728341331,0.0,0.0,24.325666783590812
1432,scarce,100.0,46.11193530095803,0.0,0.0,24.325666783590812
1433,scarce,100.0,46.11201331837019,0.0,0.0,24.325666783590812
1434,scarce,100.0,46.11209133564976,0.0,0.0,24.325666783590812
1435,scarce,100.0,46.11216935279676,0.0,0.0,24.325666783590812
1436,scarce,100.0,46.112247369811186,0.0,0.0,24.325666783590812
1437,scarce,100.0,46.11232538669302,0.0,0.0,24.325666783590812
1438,scarce,100.0,46.1124034034423,0.0,0.0,24.325666783590812
1439,scarce,100.0,46.112481420059,0.0,0.0,24.325666783590812
1440,scarce,100.0,46.11255943654312,0.0,0.0,24.325666783590812
1441,scarce,100.0,46.112637452894674,0.0,0.0,24.325666783590812
1442,scarce,100.0,46.112715469113645,0.0,0.0,24.325666783590812
1443,scarce,100.0,46.11279348520005,0.0,0.0,24.325666783590812
1444,scarce,100.0,46.112871501153876,0.0,0.0,24.325666783590812
1445,scarce,100.0,46.112949516975135,0.0,0.0,24.325666783590812
1446,scarce,100.0,46.1130275326638,0.0,0.0,24.325666783590812
1447,scarce,100.0,46.11310554821992,0.0,0.0,24.325666783590812
1448,scarce,100.0,46.11318356364345,0.0,0.0,24.325666783590812
1449,scarce,100.0,46.11326157893442,0.0,0.0,24.325666783590812
1450,scarce,100.0,46.11333959409281,0.0,0.0,24.325666783590812
1451,scarce,100.0,46.11341760911863,0.0,0.0,24.325666783590812
1452,scarce,100.0,46.113495624011875,0.0,0.0,24.325666783590812
1453,scarce,100.0,46.11357363877255,0.0,0.0,24.325666783590812
1454,scarce,100.0,46.11365165340065,0.0,0.0,24.325666783590812
1455,scarce,100.0,46.11372966789619,0.0,0.0,24.325666783590812
1456,scarce,100.0,46.11380768225916,0.0,0.0,24.325666783590812
1457,scarce,100.0,46.11388569648955,0.0,0.0,24.325666783590812
1458,scarce,100.0,46.11396371058738,0.0,0.0,24.325666783590812
1459,scarce,100.0,46.11404172455263,0.0,0.0,24.325666783590812
1460,scarce,100.0,46.11411973838532,0.0,0.0,24.325666783590812
1461,scarce,100.0,46.11419775208543,0.0,0.0,24.325666783590812
1462,scarce,100.0,46.11427576565298,0.0,0.0,24.325666783590812
1463,scarce,100.0,46.114353779087956,0.0,0.0,24.325666783590812
1464,scarce,100.0,46.11443179239037,0.0,0.0,24.325666783590812
1465,scarce,100.0,46.11450980556021,0.0,0.0,24.325666783590812
1466,scarce,100.0,46.114587818597485,0.0,0.0,24.325666783590812
1467,scarce,100.0,46.114665831502194,0.0,0.0,24.325666783590812
1468,scarce,100.0,46.11474384427432,0.0,0.0,24.325666783590812
1469,scarce,100.0,46.114821856913906,0.0,0.0,24.325666783590812
1470,scarce,100.0,46.11489986942091,0.0,0.0,24.325666783590812
1471,scarce,100.0,46.11497788179534,0.0,0.0,24.325666783590812
1472,scarce,100.0,46.115055894037226,0.0,0.0,24.325666783590812
1473,scarce,100.0,46.11513390614653,0.0,0.0,24.325666783590812
1474,scarce,100.0,46.115211918123286,0.0,0.0,24.325666783590812
1475,scarce,100.0,46.11528992996746,0.0,0.0,24.325666783590812
1476,scarce,100.0,46.115367941679075,0.0,0.0,24.325666783590812
1477,scarce,100.0,46.11544595325812,0.0,0.0,24.325666783590812
1478,scarce,100.0,46.1155239647046,0.0,0.0,24.325666783590812
1479,scarce,100.0,46.115601976018525,0.0,0.0,24.325666783590812
1480,scarce,100.0,46.11567998719988,0.0,0.0,24.325666783590812
1481,scarce,100.0,46.11575799824867,0.0,0.0,24.325666783590812
1482,scarce,100.0,46.115836009164894,0.0,0.0,24.325666783590812
1483,scarce,100.0,46.11591401994856,0.0,0.0,24.325666783590812
1484,scarce,100.0,46.115992030599664,0.0,0.0,24.325666783590812
1485,scarce,100.0,46.1160700411182,0.0,0.0,24.325666783590812
1486,scarce,100.0,46.11614805150418,0.0,0.0,24.325666783590812
1487,scarce,100.0,46.116226061757594,0.0,0.0,24.325666783590812
1488,scarce,100.0,46.116304071878446,0.0,0.0,24.325666783590812
1489,scarce,100.0,46.11638208186674,0.0,0.0,24.325666783590812
1490,scarce,100.0,46.11646009172247,0.0,0.0,24.325666783590812
1491,scarce,100.0,46.116538101445634,0.0,0.0,24.325666783590812
1492,scarce,100.0,46.11661611103625,0.0,0.0,24.325666783590812
1493,scarce,100.0,46.11669412049431,0.0,0.0,24.325666783590812
1494,scarce,100.0,46.116772129819786,0.0,0.0,24.325666783590812
1495,scarce,100.0,46.11685013901272,0.0,0.0,24.325666783590812
1496,scarce,100.0,46.116928148073086,0.0,0.0,24.325666783590812
1497,scarce,100.0,46.11700615700089,0.0,0.0,24.325666783590812
1498,scarce,100.0,46.11708416579614,0.0,0.0,24.325666783590812
1499,scarce,100.0,46.117162174458834,0.0,0.0,24.325666783590812
1500,scarce,100.0,46.11724018298897,0.0,0.0,24.325666783590812
1501,scarce,100.0,46.117318191386545,0.0,0.0,24.325666783590812
1502,scarce,100.0,46.11739619965156,0.0,0.0,24.325666783590812
1503,scarce,100.0,46.117474207784014,0.0,0.0,24.325666783590812
1504,scarce,100.0,46.11755221578392,0.0,0.0,24.325666783590812
1505,scarce,100.0,46.11763022365126,0.0,0.0,24.325666783590812
1506,scarce,100.0,46.117708231386054,0.0,0.0,24.325666783590812
1507,scarce,100.0,46.11778623898829,0.0,0.0,24.325666783590812
1508,scarce,100.0,46.117864246457955,0.0,0.0,24.325666783590812
1509,scarce,100.0,46.11794225379507,0.0,0.0,24.325666783590812
1510,scarce,100.0,46.11802026099963,0.0,0.0,24.325666783590812
1511,scarce,100.0,46.11809826807165,0.0,0.0,24.325666783590812
1512,scarce,100.0,46.118176275011095,0.0,0.0,24.325666783590812
1513,scarce,100.0,46.11825428181799,0.0,0.0,24.325666783590812
1514,scarce,100.0,46.118332288492326,0.0,0.0,24.325666783590812
1515,scarce,100.0,46.11841029503412,0.0,0.0,24.325666783590812
1516,scarce,100.0,46.11848830144335,0.0,0.0,24.325666783590812
1517,scarce,100.0,46.11856630772003,0.0,0.0,24.325666783590812
1518,scarce,100.0,46.11864431386415,0.0,0.0,24.325666783590812
1519,scarce,100.0,46.11872231987573,0.0,0.0,24.325666783590812
1520,scarce,100.0,46.11880032575474,0.0,0.0,24.325666783590812
1521,scarce,100.0,46.11887833150121,0.0,0.0,24.325666783590812
1522,scarce,100.0,46.11895633711512,0.0,0.0,24.325666783590812
1523,scarce,100.0,46.11903434259648,0.0,0.0,24.325666783590812
1524,scarce,100.0,46.11911234794528,0.0,0.0,24.325666783590812
1525,scarce,100.0,46.119190353161535,0.0,0.0,24.325666783590812
1526,scarce,100.0,46.11926835824525,0.0,0.0,24.325666783590812
1527,scarce,100.0,46.1193463631964,0.0,0.0,24.325666783590812
1528,scarce,100.0,46.119424368015,0.0,0.0,24.325666783590812
1529,scarce,100.0,46.11950237270106,0.0,0.0,24.325666783590812
1530,scarce,100.0,46.11958037725456,0.0,0.0,24.325666783590812
1531,scarce,100.0,46.11965838167551,0.0,0.0,24.325666783590812
1532,scarce,100.0,46.11973638596391,0.0,0.0,24.325666783590812
1533,scarce,100.0,46.119814390119764,0.0,0.0,24.325666783590812
1534,scarce,100.0,46.119892394143065,0.0,0.0,24.325666783590812
1535,scarce,100.0,46.11997039803381,0.0,0.0,24.325666783590812
1536,scarce,100.0,46.120048401792005,0.0,0.0,24.325666783590812
1537,scarce,100.0,46.120126405417665,0.0,0.0,24.325666783590812
1538,scarce,100.0,46.12020440891077,0.0,0.0,24.325666783590812
1539,scarce,100.0,46.12028241227134,0.0,0.0,24.325666783590812
1540,scarce,100.0,46.12036041549934,0.0,0.0,24.325666783590812
1541,scarce,100.0,46.12043841859481,0.0,0.0,24.325666783590812
1542,scarce,100.0,46.120516421557724,0.0,0.0,24.325666783590812
1543,scarce,100.0,46.12059442438808,0.0,0.0,24.325666783590812
1544,scarce,100.0,46.120672427085914,0.0,0.0,24.325666783590812
1545,scarce,100.0,46.12075042965119,0.0,0.0,24.325666783590812
1546,scarce,100.0,46.12082843208392,0.0,0.0,24.325666783590812
1547,scarce,100.0,46.1209064343841,0.0,0.0,24.325666783590812
1548,scarce,100.0,46.12098443655174,0.0,0.0,24.325666783590812
1549,scarce,100.0,46.12106243858683,0.0,0.0,24.325666783590812
1550,scarce,100.0,46.121140440489384,0.0,0.0,24.325666783590812
1551,scarce,100.0,46.121218442259384,0.0,0.0,24.325666783590812
1552,scarce,100.0,46.121296443896846,0.0,0.0,24.325666783590812
1553,scarce,100.0,46.121374445401756,0.0,0.0,24.325666783590812
1554,scarce,100.0,46.12145244677413,0.0,0.0,24.325666783590812
1555,scarce,100.0,46.12153044801395,0.0,0.0,24.325666783590812
1556,scarce,100.0,46.121608449121226,0.0,0.0,24.325666783590812
1557,scarce,100.0,46.121686450095964,0.0,0.0,24.325666783590812
1558,scarce,100.0,46.121764450938166,0.0,0.0,24.325666783590812
1559,scarce,100.0,46.121842451647815,0.0,0.0,24.325666783590812
1560,scarce,100.0,46.12192045222493,0.0,0.0,24.325666783590812
1561,scarce,100.0,46.121998452669494,0.0,0.0,24.325666783590812
1562,scarce,100.0,46.122076452981524,0.0,0.0,24.325666783590812
1563,scarce,100.0,46.122154453161016,0.0,0.0,24.325666783590812
1564,scarce,100.0,46.12223245320796,0.0,0.0,24.325666783590812
1565,scarce,100.0,46.12231045312235,0.0,0.0,24.325666783590812
1566,scarce,100.0,46.122388452904225,0.0,0.0,24.325666783590812
1567,scarce,100.0,46.12246645255353,0.0,0.0,24.325666783590812
1568,scarce,100.0,46.12254445207032,0.0,0.0,24.325666783590812
1569,scarce,100.0,46.12262245145456,0.0,0.0,24.325666783590812
1570,scarce,100.0,46.12270045070626,0.0,0.0,24.325666783590812
1571,scarce,100.0,46.12277844982543,0.0,0.0,24.325666783590812
1572,scarce,100.0,46.12285644881204,0.0,0.0,24.325666783590812
1573,scarce,100.0,46.12293444766613,0.0,0.0,24.325666783590812
1574,scarce,100.0,46.123012446387676,0.0,0.0,24.325666783590812
1575,scarce,100.0,46.12309044497668,0.0,0.0,24.325666783590812
1576,scarce,100.0,46.123168443433144,0.0,0.0,24.325666783590812
1577,scarce,100.0,46.123246441757075,0.0,0.0,24.325666783590812
1578,scarce,100.0,46.123324439948476,0.0,0.0,24.325666783590812
1579,scarce,100.0,46.123402438007325,0.0,0.0,24.325666783590812
1580,scarce,100.0,46.123480435933644,0.0,0.0,24.325666783590812
1581,scarce,100.0,46.12355843372743,0.0,0.0,24.325666783590812
1582,scarce,100.0,46.12363643138867,0.0,0.0,24.325666783590812
1583,scarce,100.0,46.12371442891738,0.0,0.0,24.325666783590812
1584,scarce,100.0,46.12379242631356,0.0,0.0,24.325666783590812
1585,scarce,100.0,46.123870423577195,0.0,0.0,24.325666783590812
1586,scarce,100.0,46.1239484207083,0.0,0.0,24.325666783590812
1587,scarce,100.0,46.124026417706865,0.0,0.0,24.325666783590812
1588,scarce,100.0,46.1241044145729,0.0,0.0,24.325666783590812
1589,scarce,100.0,46.12418241130639,0.0,0.0,24.325666783590812
1590,scarce,100.0,46.12426040790736,0.0,0.0,24.325666783590812
1591,scarce,100.0,46.124338404375784,0.0,0.0,24.325666783590812
1592,scarce,100.0,46.12441640071168,0.0,0.0,24.325666783590812
1593,scarce,100.0,46.12449439691504,0.0,0.0,24.325666783590812
1594,scarce,100.0,46.12457239298586,0.0,0.0,24.325666783590812
1595,scarce,100.0,46.12465038892417,0.0,0.0,24.325666783590812
1596,scarce,100.0,46.12472838472993,0.0,0.0,24.325666783590812
1597,scarce,100.0,46.12480638040316,0.0,0.0,24.325666783590812
1598,scarce,100.0,46.12488437594385,0.0,0.0,24.325666783590812
1599,scarce,100.0,46.12496237135203,0.0,0.0,24.325666783590812
1600,scarce,100.0,46.12504036662765,0.0,0.0,24.325666783590812
1601,scarce,100.0,46.12511836177075,0.0,0.0,24.325666783590812
1602,scarce,100.0,46.12519635678133,0.0,0.0,24.325666783590812
1603,scarce,100.0,46.12527435165937,0.0,0.0,24.325666783590812
1604,scarce,100.0,46.12535234640489,0.0,0.0,24.325666783590812
1605,scarce,100.0,46.12543034101786,0.0,0.0,24.325666783590812
1606,scarce,100.0,46.1255083354983,0.0,0.0,24.325666783590812
1607,scarce,100.0,46.12558632984623,0.0,0.0,24.325666783590812
1608,scarce,100.0,46.125664324061624,0.0,0.0,24.325666783590812
1609,scarce,100.0,46.12574231814448,0.0,0.0,24.325666783590812
1610,scarce,100.0,46.12582031209482,0.0,0.0,24.325666783590812
1611,scarce,100.0,46.125898305912614,0.0,0.0,24.325666783590812
1612,scarce,100.0,46.12597629959789,0.0,0.0,24.325666783590812
1613,scarce,100.0,46.12605429315063,0.0,0.0,24.325666783590812
1614,scarce,100.0,46.12613228657086,0.0,0.0,24.325666783590812
1615,scarce,100.0,46.12621027985854,0.0,0.0,24.325666783590812
1616,scarce,100.0,46.126288273013714,0.0,0.0,24.325666783590812
1617,scarce,100.0,46.12636626603634,0.0,0.0,24.325666783590812
1618,scarce,100.0,46.126444258926455,0.0,0.0,24.325666783590812
1619,scarce,100.0,46.126522251684044,0.0,0.0,24.325666783590812
1620,scarce,100.0,46.1266002443091,0.0,0.0,24.325666783590812
1621,scarce,100.0,46.126678236801624,0.0,0.0,24.325666783590812
1622,scarce,100.0,46.126756229161636,0.0,0.0,24.325666783590812
1623,scarce,100.0,46.12683422138912,0.0,0.0,24.325666783590812
1624,scarce,100.0,46.12691221348407,0.0,0.0,24.325666783590812
1625,scarce,100.0,46.126990205446496,0.0,0.0,24.325666783590812
1626,scarce,100.0,46.1270681972764,0.0,0.0,24.325666783590812
1627,scarce,100.0,46.12714618897378,0.0,0.0,24.325666783590812
1628,scarce,100.0,46.12722418053864,0.0,0.0,24.325666783590812
1629,scarce,100.0,46.12730217197097,0.0,0.0,24.325666783590812
1630,scarce,100.0,46.12738016327078,0.0,0.0,24.325666783590812
1631,scarce,100.0,46.12745815443806,0.0,0.0,24.325666783590812
1632,scarce,100.0,46.127536145472824,0.0,0.0,24.325666783590812
1633,scarce,100.0,46.12761413637506,0.0,0.0,24.325666783590812
1634,scarce,100.0,46.12769212714479,0.0,0.0,24.325666783590812
1635,scarce,100.0,46.12777011778198,0.0,0.0,24.325666783590812
1636,scarce,100.0,46.12784810828665,0.0,0.0,24.325666783590812
1637,scarce,100.0,46.127926098658804,0.0,0.0,24.325666783590812
1638,scarce,100.0,46.12800408889843,0.0,0.0,24.325666783590812
1639,scarce,100.0,46.12808207900554,0.0,0.0,24.325666783590812
1640,scarce,100.0,46.12816006898013,0.0,0.0,24.325666783590812
1641,scarce,100.0,46.1282380588222,0.0,0.0,24.325666783590812
1642,scarce,100.0,46.12831604853174,0.0,0.0,24.325666783590812
1643,scarce,100.0,46.128394038108766,0.0,0.0,24.325666783590812
1644,scarce,100.0,46.12847202755327,0.0,0.0,24.325666783590812
1645,scarce,100.0,46.12855001686526,0.0,0.0,24.325666783590812
1646,scarce,100.0,46.12862800604473,0.0,0.0,24.325666783590812
1647,scarce,100.0,46.12870599509167,0.0,0.0,24.325666783590812
1648,scarce,100.0,46.12878398400611,0.0,0.0,24.325666783590812
1649,scarce,100.0,46.128861972788016,0.0,0.0,24.325666783590812
1650,scarce,100.0,46.12893996143742,0.0,0.0,24.325666783590812
1651,scarce,100.0,46.12901794995429,0.0,0.0,24.325666783590812
1652,scarce,100.0,46.129095938338644,0.0,0.0,24.325666783590812
1653,scarce,100.0,46.12917392659048,0.0,0.0,24.325666783590812
1654,scarce,100.0,46.129251914709805,0.0,0.0,24.325666783590812
1655,scarce,100.0,46.12932990269661,0.0,0.0,24.325666783590812
1656,scarce,100.0,46.12940789055091,0.0,0.0,24.325666783590812
1657,scarce,100.0,46.129485878272675,0.0,0.0,24.325666783590812
1658,scarce,100.0,46.12956386586194,0.0,0.0,24.325666783590812
1659,scarce,100.0,46.129641853318674,0.0,0.0,24.325666783590812
1660,scarce,100.0,46.1297198406429,0.0,0.0,24.325666783590812
1661,scarce,100.0,46.129797827834615,0.0,0.0,24.325666783590812
1662,scarce,100.0,46.1298758148938,0.0,0.0,24.325666783590812
1663,scarce,100.0,46.129953801820484,0.0,0.0,24.325666783590812
1664,scarce,100.0,46.130031788614644,0.0,0.0,24.325666783590812
1665,scarce,100.0,46.13010977527631,0.0,0.0,24.325666783590812
1666,scarce,100.0,46.130187761805445,0.0,0.0,24.325666783590812
1667,scarce,100.0,46.13026574820206,0.0,0.0,24.325666783590812
1668,scarce,100.0,46.13034373446618,0.0,0.0,24.325666783590812
1669,scarce,100.0,46.13042172059777,0.0,0.0,24.325666783590812
1670,scarce,100.0,46.13049970659686,0.0,0.0,24.325666783590812
1671,scarce,100.0,46.13057769246343,0.0,0.0,24.325666783590812
1672,scarce,100.0,46.13065567819749,0.0,0.0,24.325666783590812
1673,scarce,100.0,46.13073366379904,0.0,0.0,24.325666783590812
1674,scarce,100.0,46.130811649268075,0.0,0.0,24.325666783590812
1675,scarce,100.0,46.1308896346046,0.0,0.0,24.325666783590812
1676,scarce,100.0,46.130967619808615,0.0,0.0,24.325666783590812
1677,scarce,100.0,46.131045604880114,0.0,0.0,24.325666783590812
1678,scarce,100.0,46.13112358981911,0.0,0.0,24.325666783590812
1679,scarce,100.0,46.13120157462559,0.0,0.0,24.325666783590812
1680,scarce,100.0,46.131279559299564,0.0,0.0,24.325666783590812
1681,scarce,100.0,46.13135754384102,0.0,0.0,24.325666783590812
1682,scarce,100.0,46.13143552824998,0.0,0.0,24.325666783590812
1683,scarce,100.0,46.13151351252642,0.0,0.0,24.325666783590812
1684,scarce,100.0,46.13159149667035,0.0,0.0,24.325666783590812
1685,scarce,100.0,46.13166948068177,0.0,0.0,24.325666783590812
1686,scarce,100.0,46.131747464560696,0.0,0.0,24.325666783590812
1687,scarce,100.0,46.1318254483071,0.0,0.0,24.325666783590812
1688,scarce,100.0,46.131903431920996,0.0,0.0,24.325666783590812
1689,scarce,100.0,46.13198141540239,0.0,0.0,24.325666783590812
1690,scarce,100.0,46.13205939875128,0.0,0.0,24.325666783590812
1691,scarce,100.0,46.13213738196765,0.0,0.0,24.325666783590812
1692,scarce,100.0,46.13221536505153,0.0,0.0,24.325666783590812
1693,scarce,100.0,46.13229334800288,0.0,0.0,24.325666783590812
1694,scarce,100.0,46.13237133082175,0.0,0.0,24.325666783590812
1695,scarce,100.0,46.1324493135081,0.0,0.0,24.325666783590812
1696,scarce,100.0,46.13252729606195,0.0,0.0,24.325666783590812
1697,scarce,100.0,46.13260527848328,0.0,0.0,24.325666783590812
1698,scarce,100.0,46.13268326077212,0.0,0.0,24.325666783590812
1699,scarce,100.0,46.13276124292845,0.0,0.0,24.325666783590812
1700,scarce,100.0,46.13283922495227,0.0,0.0,24.325666783590812
1701,scarce,100.0,46.132917206843594,0.0,0.0,24.325666783590812
1702,scarce,100.0,46.13299518860241,0.0,0.0,24.325666783590812
1703,scarce,100.0,46.13307317022872,0.0,0.0,24.325666783590812
1704,scarce,100.0,46.13315115172252,0.0,0.0,24.325666783590812
1705,scarce,100.0,46.13322913308382,0.0,0.0,24.325666783590812
1706,scarce,100.0,46.133307114312636,0.0,0.0,24.325666783590812
1707,scarce,100.0,46.13338509540893,0.0,0.0,24.325666783590812
1708,scarce,100.0,46.13346307637272,0.0,0.0,24.325666783590812
1709,scarce,100.0,46.13354105720401,0.0,0.0,24.325666783590812
1710,scarce,100.0,46.133619037902804,0.0,0.0,24.325666783590812
1711,scarce,100.0,46.13369701846911,0.0,0.0,24.325666783590812
1712,scarce,100.0,46.13377499890289,0.0,0.0,24.325666783590812
1713,scarce,100.0,46.13385297920417,0.0,0.0,24.325666783590812
1714,scarce,100.0,46.13393095937296,0.0,0.0,24.325666783590812
1715,scarce,100.0,46.13400893940924,0.0,0.0,24.325666783590812
1716,scarce,100.0,46.13408691931302,0.0,0.0,24.325666783590812
1717,scarce,100.0,46.13416489908431,0.0,0.0,24.325666783590812
1718,scarce,100.0,46.13424287872309,0.0,0.0,24.325666783590812
1719,scarce,100.0,46.13432085822938,0.0,0.0,24.325666783590812
1720,scarce,100.0,46.13439883760317,0.0,0.0,24.325666783590812
1721,scarce,100.0,46.134476816844455,0.0,0.0,24.325666783590812
1722,scarce,100.0,46.134554795953235,0.0,0.0,24.325666783590812
1723,scarce,100.0,46.134632774929536,0.0,0.0,24.325666783590812
1724,scarce,100.0,46.13471075377332,0.0,0.0,24.325666783590812
1725,scarce,100.0,46.13478873248461,0.0,0.0,24.325666783590812
1726,scarce,100.0,46.1348667110634,0.0,0.0,24.325666783590812
1727,scarce,100.0,46.1349446895097,0.0,0.0,24.325666783590812
1728,scarce,100.0,46.13502266782349,0.0,0.0,24.325666783590812
1729,scarce,100.0,46.1351006460048,0.0,0.0,24.325666783590812
1730,scarce,100.0,46.135178624053616,0.0,0.0,24.325666783590812
1731,scarce,100.0,46.135256601969914,0.0,0.0,24.325666783590812
1732,scarce,100.0,46.13533457975373,0.0,0.0,24.325666783590812
1733,scarce,100.0,46.13541255740505,0.0,0.0,24.325666783590812
1734,scarce,100.0,46.13549053492387,0.0,0.0,24.325666783590812
1735,scarce,100.0,46.1355685123102,0.0,0.0,24.325666783590812
1736,scarce,100.0,46.135646489564024,0.0,0.0,24.325666783590812
1737,scarce,100.0,46.13572446668537,0.0,0.0,24.325666783590812
1738,scarce,100.0,46.13580244367421,0.0,0.0,24.325666783590812
1739,scarce,100.0,46.135880420530555,0.0,0.0,24.325666783590812
1740,scarce,100.0,46.135958397254406,0.0,0.0,24.325666783590812
1741,scarce,100.0,46.13603637384576,0.0,0.0,24.325666783590812
1742,scarce,100.0,46.13611435030464,0.0,0.0,24.325666783590812
1743,scarce,100.0,46.136192326631004,0.0,0.0,24.325666783590812
1744,scarce,100.0,46.13627030282489,0.0,0.0,24.325666783590812
1745,scarce,100.0,46.136348278886274,0.0,0.0,24.325666783590812
1746,scarce,100.0,46.13642625481517,0.0,0.0,24.325666783590812
1747,scarce,100.0,46.13650423061158,0.0,0.0,24.325666783590812
1748,scarce,100.0,46.13658220627547,0.0,0.0,24.325666783590812
1749,scarce,100.0,46.1366601818069,0.0,0.0,24.325666783590812
1750,scarce,100.0,46.13673815720583,0.0,0.0,24.325666783590812
1751,scarce,100.0,46.13681613247227,0.0,0.0,24.325666783590812
1752,scarce,100.0,46.13689410760621,0.0,0.0,24.325666783590812
1753,scarce,100.0,46.13697208260768,0.0,0.0,24.325666783590812
1754,scarce,100.0,46.137050057476635,0.0,0.0,24.325666783590812
1755,scarce,100.0,46.13712803221311,0.0,0.0,24.325666783590812
1756,scarce,100.0,46.137206006817095,0.0,0.0,24.325666783590812
1757,scarce,100.0,46.13728398128858,0.0,0.0,24.325666783590812
1758,scarce,100.0,46.137361955627604,0.0,0.0,24.325666783590812
1759,scarce,100.0,46.13743992983412,0.0,0.0,24.325666783590812
1760,scarce,100.0,46.13751790390814,0.0,0.0,24.325666783590812
1761,scarce,100.0,46.13759587784969,0.0,0.0,24.325666783590812
1762,scarce,100.0,46.13767385165874,0.0,0.0,24.325666783590812
1763,scarce,100.0,46.13775182533531,0.0,0.0,24.325666783590812
1764,scarce,100.0,46.13782979887939,0.0,0.0,24.325666783590812
1765,scarce,100.0,46.13790777229097,0.0,0.0,24.325666783590812
1766,scarce,100.0,46.137985745570084,0.0,0.0,24.325666783590812
1767,scarce,100.0,46.138063718716694,0.0,0.0,24.325666783590812
1768,scarce,100.0,46.13814169173083,0.0,0.0,24.325666783590812
1769,scarce,100.0,46.138219664612464,0.0,0.0,24.325666783590812
1770,scarce,100.0,46.138297637361624,0.0,0.0,24.325666783590812
1771,scarce,100.0,46.1383756099783,0.0,0.0,24.325666783590812
1772,scarce,100.0,46.13845358246248,0.0,0.0,24.325666783590812
1773,scarce,100.0,46.13853155481418,0.0,0.0,24.325666783590812
1774,scarce,100.0,46.138609527033395,0.0,0.0,24.325666783590812
1775,scarce,100.0,46.13868749912013,0.0,0.0,24.325666783590812
1776,scarce,100.0,46.13876547107438,0.0,0.0,24.325666783590812
1777,scarce,100.0,46.13884344289614,0.0,0.0,24.325666783590812
1778,scarce,100.0,46.13892141458542,0.0,0.0,24.325666783590812
1779,scarce,100.0,46.13899938614222,0.0,0.0,24.325666783590812
1780,scarce,100.0,46.13907735756653,0.0,0.0,24.325666783590812
1781,scarce,100.0,46.13915532885836,0.0,0.0,24.325666783590812
1782,scarce,100.0,46.13923330001769,0.0,0.0,24.325666783590812
1783,scarce,100.0,46.13931127104456,0.0,0.0,24.325666783590812
1784,scarce,100.0,46.13938924193895,0.0,0.0,24.325666783590812
1785,scarce,100.0,46.13946721270085,0.0,0.0,24.325666783590812
1786,scarce,100.0,46.13954518333027,0.0,0.0,24.325666783590812
1787,scarce,100.0,46.13962315382721,0.0,0.0,24.325666783590812
1788,scarce,100.0,46.13970112419166,0.0,0.0,24.325666783590812
1789,scarce,100.0,46.13977909442363,0.0,0.0,24.325666783590812
1790,scarce,100.0,46.139857064523135,0.0,0.0,24.325666783590812
1791,scarce,100.0,46.13993503449014,0.0,0.0,24.325666783590812
1792,scarce,100.0,46.14001300432468,0.0,0.0,24.325666783590812
1793,scarce,100.0,46.140090974026734,0.0,0.0,24.325666783590812
1794,scarce,100.0,46.14016894359631,0.0,0.0,24.325666783590812
1795,scarce,100.0,46.14024691303341,0.0,0.0,24.325666783590812
1796,scarce,100.0,46.14032488233802,0.0,0.0,24.325666783590812
1797,scarce,100.0,46.14040285151016,0.0,0.0,24.325666783590812
1798,scarce,100.0,46.14048082054982,0.0,0.0,24.325666783590812
1799,scarce,100.0,46.140558789457,0.0,0.0,24.325666783590812
1800,scarce,100.0,46.14063675823171,0.0,0.0,24.325666783590812
1801,scarce,100.0,46.140714726873924,0.0,0.0,24.325666783590812
1802,scarce,100.0,46.14079269538369,0.0,0.0,24.325666783590812
1803,scarce,100.0,46.14087066376095,0.0,0.0,24.325666783590812
1804,scarce,100.0,46.14094863200575,0.0,0.0,24.325666783590812
1805,scarce,100.0,46.14102660011806,0.0,0.0,24.325666783590812
1806,scarce,100.0,46.14110456809791,0.0,0.0,24.325666783590812
1807,scarce,100.0,46.141182535945276,0.0,0.0,24.325666783590812
1808,scarce,100.0,46.14126050366016,0.0,0.0,24.325666783590812
1809,scarce,100.0,46.141338471242584,0.0,0.0,24.325666783590812
1810,scarce,100.0,46.141416438692524,0.0,0.0,24.325666783590812
1811,scarce,100.0,46.14149440600998,0.0,0.0,24.325666783590812
1812,scarce,100.0,46.141572373194975,0.0,0.0,24.325666783590812
1813,scarce,100.0,46.14165034024749,0.0,0.0,24.325666783590812
1814,scarce,100.0,46.141728307167526,0.0,0.0,24.325666783590812
1815,scarce,100.0,46.14180627395509,0.0,0.0,24.325666783590812
1816,scarce,100.0,46.14188424061019,0.0,0.0,24.325666783590812
1817,scarce,100.0,46.14196220713281,0.0,0.0,24.325666783590812
1818,scarce,100.0,46.14204017352295,0.0,0.0,24.325666783590812
1819,scarce,100.0,46.14211813978063,0.0,0.0,24.325666783590812
1820,scarce,100.0,46.14219610590583,0.0,0.0,24.325666783590812
1821,scarce,100.0,46.14227407189856,0.0,0.0,24.325666783590812
1822,scarce,100.0,46.14235203775882,0.0,0.0,24.325666783590812
1823,scarce,100.0,46.14243000348661,0.0,0.0,24.325666783590812
1824,scarce,100.0,46.14250796908192,0.0,0.0,24.325666783590812
1825,scarce,100.0,46.14258593454476,0.0,0.0,24.325666783590812
1826,scarce,100.0,46.14266389987514,0.0,0.0,24.325666783590812
1827,scarce,100.0,46.14274186507304,0.0,0.0,24.325666783590812
1828,scarce,100.0,46.142819830138464,0.0,0.0,24.325666783590812
1829,scarce,100.0,46.14289779507143,0.0,0.0,24.325666783590812
1830,scarce,100.0,46.142975759871916,0.0,0.0,24.325666783590812
1831,scarce,100.0,46.14305372453994,0.0,0.0,24.325666783590812
1832,scarce,100.0,46.143131689075496,0.0,0.0,24.325666783590812
1833,scarce,100.0,46.14320965347857,0.0,0.0,24.325666783590812
1834,scarce,100.0,46.1432876177492,0.0,0.0,24.325666783590812
1835,scarce,100.0,46.14336558188734,0.0,0.0,24.325666783590812
1836,scarce,100.0,46.14344354589301,0.0,0.0,24.325666783590812
1837,scarce,100.0,46.143521509766224,0.0,0.0,24.325666783590812
1838,scarce,100.0,46.14359947350697,0.0,0.0,24.325666783590812
1839,scarce,100.0,46.143677437115244,0.0,0.0,24.325666783590812
1840,scarce,100.0,46.143755400591054,0.0,0.0,24.325666783590812
1841,scarce,100.0,46.14383336393439,0.0,0.0,24.325666783590812
1842,scarce,100.0,46.14391132714527,0.0,0.0,24.325666783590812
1843,scarce,100.0,46.14398929022367,0.0,0.0,24.325666783590812
1844,scarce,100.0,46.14406725316962,0.0,0.0,24.325666783590812
1845,scarce,100.0,46.144145215983094,0.0,0.0,24.325666783590812
1846,scarce,100.0,46.144223178664106,0.0,0.0,24.325666783590812
1847,scarce,100.0,46.14430114121265,0.0,0.0,24.325666783590812
1848,scarce,100.0,46.14437910362873,0.0,0.0,24.325666783590812
1849,scarce,100.0,46.14445706591234,0.0,0.0,24.325666783590812
1850,scarce,100.0,46.144535028063494,0.0,0.0,24.325666783590812
1851,scarce,100.0,46.14461299008219,0.0,0.0,24.325666783590812
1852,scarce,100.0,46.1446909519684,0.0,0.0,24.325666783590812
1853,scarce,100.0,46.14476891372217,0.0,0.0,24.325666783590812
1854,scarce,100.0,46.14484687534347,0.0,0.0,24.325666783590812
1855,scarce,100.0,46.144924836832296,0.0,0.0,24.325666783590812
1856,scarce,100.0,46.14500279818866,0.0,0.0,24.325666783590812
1857,scarce,100.0,46.14508075941257,0.0,0.0,24.325666783590812
1858,scarce,100.0,46.145158720504014,0.0,0.0,24.325666783590812
1859,scarce,100.0,46.145236681463,0.0,0.0,24.325666783590812
1860,scarce,100.0,46.14531464228951,0.0,0.0,24.325666783590812
1861,scarce,100.0,46.145392602983584,0.0,0.0,24.325666783590812
1862,scarce,100.0,46.145470563545175,0.0,0.0,24.325666783590812
1863,scarce,100.0,46.14554852397432,0.0,0.0,24.325666783590812
1864,scarce,100.0,46.14562648427099,0.0,0.0,24.325666783590812
1865,scarce,100.0,46.14570444443521,0.0,0.0,24.325666783590812
1866,scarce,100.0,46.14578240446697,0.0,0.0,24.325666783590812
1867,scarce,100.0,46.14586036436627,0.0,0.0,24.325666783590812
1868,scarce,100.0,46.1459383241331,0.0,0.0,24.325666783590812
1869,scarce,100.0,46.14601628376748,0.0,0.0,24.325666783590812
1870,scarce,100.0,46.146094243269395,0.0,0.0,24.325666783590812
1871,scarce,100.0,46.14617220263886,0.0,0.0,24.325666783590812
1872,scarce,100.0,46.146250161875855,0.0,0.0,24.325666783590812
1873,scarce,100.0,46.1463281209804,0.0,0.0,24.325666783590812
1874,scarce,100.0,46.146406079952484,0.0,0.0,24.325666783590812
1875,scarce,100.0,46.14648403879211,0.0,0.0,24.325666783590812
1876,scarce,100.0,46.14656199749928,0.0,0.0,24.325666783590812
1877,scarce,100.0,46.14663995607399,0.0,0.0,24.325666783590812
1878,scarce,100.0,46.14671791451624,0.0,0.0,24.325666783590812
1879,scarce,100.0,46.14679587282605,0.0,0.0,24.325666783590812
1880,scarce,100.0,46.14687383100339,0.0,0.0,24.325666783590812
1881,scarce,100.0,46.14695178904828,0.0,0.0,24.325666783590812
1882,scarce,100.0,46.1470297469607,0.0,0.0,24.325666783590812
1883,scarce,100.0,46.147107704740684,0.0,0.0,24.325666783590812
1884,scarce,100.0,46.147185662388196,0.0,0.0,24.325666783590812
1885,scarce,100.0,46.14726361990326,0.0,0.0,24.325666783590812
1886,scarce,100.0,46.14734157728587,0.0,0.0,24.325666783590812
1887,scarce,100.0,46.14741953453602,0.0,0.0,24.325666783590812
1888,scarce,100.0,46.14749749165372,0.0,0.0,24.325666783590812
1889,scarce,100.0,46.147575448638975,0.0,0.0,24.325666783590812
1890,scarce,100.0,46.14765340549176,0.0,0.0,24.325666783590812
1891,scarce,100.0,46.1477313622121,0.0,0.0,24.325666783590812
1892,scarce,100.0,46.14780931879999,0.0,0.0,24.325666783590812
1893,scarce,100.0,46.14788727525543,0.0,0.0,24.325666783590812
1894,scarce,100.0,46.14796523157841,0.0,0.0,24.325666783590812
1895,scarce,100.0,46.14804318776894,0.0,0.0,24.325666783590812
1896,scarce,100.0,46.14812114382701,0.0,0.0,24.325666783590812
1897,scarce,100.0,46.14819909975263,0.0,0.0,24.325666783590812
1898,scarce,100.0,46.148277055545805,0.0,0.0,24.325666783590812
1899,scarce,100.0,46.14835501120652,0.0,0.0,24.325666783590812
1900,scarce,100.0,46.148432966734795,0.0,0.0,24.325666783590812
1901,scarce,100.0,46.14851092213061,0.0,0.0,24.325666783590812
1902,scarce,100.0,46.14858887739398,0.0,0.0,24.325666783590812
1903,scarce,100.0,46.1486668325249,0.0,0.0,24.325666783590812
1904,scarce,100.0,46.14874478752338,0.0,0.0,24.325666783590812
1905,scarce,100.0,46.14882274238939,0.0,0.0,24.325666783590812
1906,scarce,100.0,46.14890069712296,0.0,0.0,24.325666783590812
1907,scarce,100.0,46.148978651724086,0.0,0.0,24.325666783590812
1908,scarce,100.0,46.149056606192765,0.0,0.0,24.325666783590812
1909,scarce,100.0,46.149134560528985,0.0,0.0,24.325666783590812
1910,scarce,100.0,46.14921251473276,0.0,0.0,24.325666783590812
1911,scarce,100.0,46.14929046880408,0.0,0.0,24.325666783590812
1912,scarce,100.0,46.14936842274296,0.0,0.0,24.325666783590812
1913,scarce,100.0,46.1494463765494,0.0,0.0,24.325666783590812
1914,scarce,100.0,46.14952433022337,0.0,0.0,24.325666783590812
1915,scarce,100.0,46.14960228376492,0.0,0.0,24.325666783590812
1916,scarce,100.0,46.14968023717401,0.0,0.0,24.325666783590812
1917,scarce,100.0,46.14975819045065,0.0,0.0,24.325666783590812
1918,scarce,100.0,46.14983614359485,0.0,0.0,24.325666783590812
1919,scarce,100.0,46.1499140966066,0.0,0.0,24.325666783590812
1920,scarce,100.0,46.1499920494859,0.0,0.0,24.325666783590812
1921,scarce,100.0,46.150070002232766,0.0,0.0,24.325666783590812
1922,scarce,100.0,46.150147954847185,0.0,0.0,24.325666783590812
1923,scarce,100.0,46.15022590732915,0.0,0.0,24.325666783590812
1924,scarce,100.0,46.15030385967868,0.0,0.0,24.325666783590812
1925,scarce,100.0,46.150381811895755,0.0,0.0,24.325666783590812
1926,scarce,100.0,46.15045976398041,0.0,0.0,24.325666783590812
1927,scarce,100.0,46.15053771593259,0.0,0.0,24.325666783590812
1928,scarce,100.0,46.15061566775234,0.0,0.0,24.325666783590812
1929,scarce,100.0,46.15069361943966,0.0,0.0,24.325666783590812
1930,scarce,100.0,46.15077157099453,0.0,0.0,24.325666783590812
1931,scarce,100.0,46.15084952241695,0.0,0.0,24.325666783590812
1932,scarce,100.0,46.15092747370692,0.0,0.0,24.325666783590812
1933,scarce,100.0,46.15100542486446,0.0,0.0,24.325666783590812
1934,scarce,100.0,46.15108337588955,0.0,0.0,24.325666783590812
1935,scarce,100.0,46.15116132678221,0.0,0.0,24.325666783590812
1936,scarce,100.0,46.151239277542416,0.0,0.0,24.325666783590812
1937,scarce,100.0,46.15131722817019,0.0,0.0,24.325666783590812
1938,scarce,100.0,46.15139517866552,0.0,0.0,24.325666783590812
1939,scarce,100.0,46.15147312902841,0.0,0.0,24.325666783590812
1940,scarce,100.0,46.151551079258866,0.0,0.0,24.325666783590812
1941,scarce,100.0,46.15162902935687,0.0,0.0,24.325666783590812
1942,scarce,100.0,46.15170697932244,0.0,0.0,24.325666783590812
1943,scarce,100.0,46.15178492915557,0.0,0.0,24.325666783590812
1944,scarce,100.0,46.15186287885626,0.0,0.0,24.325666783590812
1945,scarce,100.0,46.15194082842452,0.0,0.0,24.325666783590812
1946,scarce,100.0,46.15201877786033,0.0,0.0,24.325666783590812
1947,scarce,100.0,46.1520967271637,0.0,0.0,24.325666783590812
1948,scarce,100.0,46.15217467633464,0.0,0.0,24.325666783590812
1949,scarce,100.0,46.152252625373144,0.0,0.0,24.325666783590812
1950,scarce,100.0,46.15233057427919,0.0,0.0,24.325666783590812
1951,scarce,100.0,46.15240852305283,0.0,0.0,24.325666783590812
1952,scarce,100.0,46.15248647169402,0.0,0.0,24.325666783590812
1953,scarce,100.0,46.152564420202765,0.0,0.0,24.325666783590812
1954,scarce,100.0,46.15264236857908,0.0,0.0,24.325666783590812
1955,scarce,100.0,46.15272031682296,0.0,0.0,24.325666783590812
1956,scarce,100.0,46.152798264934404,0.0,0.0,24.325666783590812
1957,scarce,100.0,46.152876212913405,0.0,0.0,24.325666783590812
1958,scarce,100.0,46.152954160759975,0.0,0.0,24.325666783590812
1959,scarce,100.0,46.153032108474115,0.0,0.0,24.325666783590812
1960,scarce,100.0,46.15311005605581,0.0,0.0,24.325666783590812
1961,scarce,100.0,46.15318800350507,0.0,0.0,24.325666783590812
1962,scarce,100.0,46.15326595082191,0.0,0.0,24.325666783590812
1963,scarce,100.0,46.15334389800631,0.0,0.0,24.325666783590812
1964,scarce,100.0,46.15342184505827,0.0,0.0,24.325666783590812
1965,scarce,100.0,46.1534997919778,0.0,0.0,24.325666783590812
1966,scarce,100.0,46.153577738764895,0.0,0.0,24.325666783590812
1967,scarce,100.0,46.15365568541955,0.0,0.0,24.325666783590812
1968,scarce,100.0,46.15373363194178,0.0,0.0,24.325666783590812
1969,scarce,100.0,46.15381157833159,0.0,0.0,24.325666783590812
1970,scarce,100.0,46.15388952458896,0.0,0.0,24.325666783590812
1971,scarce,100.0,46.153967470713894,0.0,0.0,24.325666783590812
1972,scarce,100.0,46.15404541670639,0.0,0.0,24.325666783590812
1973,scarce,100.0,46.154123362566466,0.0,0.0,24.325666783590812
1974,scarce,100.0,46.1542013082941,0.0,0.0,24.325666783590812
1975,scarce,100.0,46.154279253889314,0.0,0.0,24.325666783590812
1976,scarce,100.0,46.15435719935209,0.0,0.0,24.325666783590812
1977,scarce,100.0,46.154435144682445,0.0,0.0,24.325666783590812
1978,scarce,100.0,46.15451308988035,0.0,0.0,24.325666783590812
1979,scarce,100.0,46.15459103494585,0.0,0.0,24.325666783590812
1980,scarce,100.0,46.15466897987891,0.0,0.0,24.325666783590812
1981,scarce,100.0,46.154746924679536,0.0,0.0,24.325666783590812
1982,scarce,100.0,46.154824869347735,0.0,0.0,24.325666783590812
1983,scarce,100.0,46.15490281388351,0.0,0.0,24.325666783590812
1984,scarce,100.0,46.154980758286854,0.0,0.0,24.325666783590812
1985,scarce,100.0,46.15505870255777,0.0,0.0,24.325666783590812
1986,scarce,100.0,46.15513664669626,0.0,0.0,24.325666783590812
1987,scarce,100.0,46.15521459070231,0.0,0.0,24.325666783590812
1988,scarce,100.0,46.155292534575956,0.0,0.0,24.325666783590812
1989,scarce,100.0,46.15537047831716,0.0,0.0,24.325666783590812
1990,scarce,100.0,46.155448421925925,0.0,0.0,24.325666783590812
1991,scarce,100.0,46.15552636540228,0.0,0.0,24.325666783590812
1992,scarce,100.0,46.15560430874621,0.0,0.0,24.325666783590812
1993,scarce,100.0,46.155682251957714,0.0,0.0,24.325666783590812
1994,scarce,100.0,46.15576019503679,0.0,0.0,24.325666783590812
1995,scarce,100.0,46.15583813798343,0.0,0.0,24.325666783590812
1996,scarce,100.0,46.15591608079765,0.0,0.0,24.325666783590812
1997,scarce,100.0,46.155994023479444,0.0,0.0,24.325666783590812
1998,scarce,100.0,46.156071966028826,0.0,0.0,24.325666783590812
1999,scarce,100.0,46.15614990844578,0.0,0.0,24.325666783590812
2000,scarce,100.0,46.156227850730296,0.0,0.0,24.325666783590812
2001,scarce,100.0,46.1563057928824,0.0,0.0,24.325666783590812
2002,scarce,100.0,46.15638373490207,0.0,0.0,24.325666783590812
2003,scarce,100.0,46.15646167678933,0.0,0.0,24.325666783590812
2004,scarce,100.0,46.156539618544166,0.0,0.0,24.325666783590812
2005,scarce,100.0,46.15661756016657,0.0,0.0,24.325666783590812
2006,scarce,100.0,46.156695501656564,0.0,0.0,24.325666783590812
2007,scarce,100.0,46.15677344301412,0.0,0.0,24.325666783590812
2008,scarce,100.0,46.15685138423926,0.0,0.0,24.325666783590812
2009,scarce,100.0,46.15692932533198,0.0,0.0,24.325666783590812
2010,scarce,100.0,46.15700726629228,0.0,0.0,24.325666783590812
2011,scarce,100.0,46.157085207120154,0.0,0.0,24.325666783590812
2012,scarce,100.0,46.1571631478156,0.0,0.0,24.325666783590812
2013,scarce,100.0,46.15724108837863,0.0,0.0,24.325666783590812
2014,scarce,100.0,46.157319028809255,0.0,0.0,24.325666783590812
2015,scarce,100.0,46.15739696910745,0.0,0.0,24.325666783590812
2016,scarce,100.0,46.15747490927323,0.0,0.0,24.325666783590812
2017,scarce,100.0,46.15755284930659,0.0,0.0,24.325666783590812
2018,scarce,100.0,46.15763078920752,0.0,0.0,24.325666783590812
2019,scarce,100.0,46.15770872897604,0.0,0.0,24.325666783590812
2020,scarce,100.0,46.15778666861213,0.0,0.0,24.325666783590812
2021,scarce,100.0,46.157864608115815,0.0,0.0,24.325666783590812
2022,scarce,100.0,46.157942547487075,0.0,0.0,24.325666783590812
2023,scarce,100.0,46.15802048672592,0.0,0.0,24.325666783590812
2024,scarce,100.0,46.15809842583234,0.0,0.0,24.325666783590812
2025,scarce,100.0,46.15817636480636,0.0,0.0,24.325666783590812
2026,scarce,100.0,46.15825430364795,0.0,0.0,24.325666783590812
2027,scarce,100.0,46.15833224235712,0.0,0.0,24.325666783590812
2028,scarce,100.0,46.15841018093387,0.0,0.0,24.325666783590812
2029,scarce,100.0,46.15848811937822,0.0,0.0,24.325666783590812
2030,scarce,100.0,46.158566057690145,0.0,0.0,24.325666783590812
2031,scarce,100.0,46.15864399586965,0.0,0.0,24.325666783590812
2032,scarce,100.0,46.158721933916745,0.0,0.0,24.325666783590812
2033,scarce,100.0,46.15879987183143,0.0,0.0,24.325666783590812
2034,scarce,100.0,46.158877809613685,0.0,0.0,24.325666783590812
2035,scarce,100.0,46.158955747263526,0.0,0.0,24.325666783590812
2036,scarce,100.0,46.15903368478097,0.0,0.0,24.325666783590812
2037,scarce,100.0,46.159111622165995,0.0,0.0,24.325666783590812
2038,scarce,100.0,46.15918955941859,0.0,0.0,24.325666783590812
2039,scarce,100.0,46.15926749653879,0.0,0.0,24.325666783590812
2040,scarce,100.0,46.15934543352657,0.0,0.0,24.325666783590812
2041,scarce,100.0,46.15942337038193,0.0,0.0,24.325666783590812
2042,scarce,100.0,46.15950130710488,0.0,0.0,24.325666783590812
2043,scarce,100.0,46.159579243695426,0.0,0.0,24.325666783590812
2044,scarce,100.0,46.15965718015355,0.0,0.0,24.325666783590812
2045,scarce,100.0,46.159735116479276,0.0,0.0,24.325666783590812
2046,scarce,100.0,46.15981305267257,0.0,0.0,24.325666783590812
2047,scarce,100.0,46.15989098873346,0.0,0.0,24.325666783590812
2048,scarce,100.0,46.159968924661946,0.0,0.0,24.325666783590812
2049,scarce,100.0,46.16004686045802,0.0,0.0,24.325666783590812
2050,scarce,100.0,46.16012479612167,0.0,0.0,24.325666783590812
2051,scarce,100.0,46.16020273165292,0.0,0.0,24.325666783590812
2052,scarce,100.0,46.16028066705176,0.0,0.0,24.325666783590812
2053,scarce,100.0,46.16035860231819,0.0,0.0,24.325666783590812
2054,scarce,100.0,46.16043653745221,0.0,0.0,24.325666783590812
2055,scarce,100.0,46.16051447245382,0.0,0.0,24.325666783590812
2056,scarce,100.0,46.16059240732302,0.0,0.0,24.325666783590812
2057,scarce,100.0,46.16067034205982,0.0,0.0,24.325666783590812
2058,scarce,100.0,46.160748276664194,0.0,0.0,24.325666783590812
2059,scarce,100.0,46.160826211136175,0.0,0.0,24.325666783590812
2060,scarce,100.0,46.16090414547573,0.0,0.0,24.325666783590812
2061,scarce,100.0,46.160982079682896,0.0,0.0,24.325666783590812
2062,scarce,100.0,46.16106001375764,0.0,0.0,24.325666783590812
2063,scarce,100.0,46.16113794769999,0.0,0.0,24.325666783590812
2064,scarce,100.0,46.16121588150993,0.0,0.0,24.325666783590812
2065,scarce,100.0,46.16129381518746,0.0,0.0,24.325666783590812
2066,scarce,100.0,46.16137174873259,0.0,0.0,24.325666783590812
2067,scarce,100.0,46.1614496821453,0.0,0.0,24.325666783590812
2068,scarce,100.0,46.16152761542561,0.0,0.0,24.325666783590812
2069,scarce,100.0,46.161605548573526,0.0,0.0,24.325666783590812
2070,scarce,100.0,46.16168348158902,0.0,0.0,24.325666783590812
2071,scarce,100.0,46.16176141447212,0.0,0.0,24.325666783590812
2072,scarce,100.0,46.16183934722281,0.0,0.0,24.325666783590812
2073,scarce,100.0,46.161917279841106,0.0,0.0,24.325666783590812
2074,scarce,100.0,46.16199521232699,0.0,0.0,24.325666783590812
2075,scarce,100.0,46.16207314468046,0.0,0.0,24.325666783590812
2076,scarce,100.0,46.16215107690152,0.0,0.0,24.325666783590812
2077,scarce,100.0,46.1622290089902,0.0,0.0,24.325666783590812
2078,scarce,100.0,46.162306940946465,0.0,0.0,24.325666783590812
2079,scarce,100.0,46.162384872770346,0.0,0.0,24.325666783590812
2080,scarce,100.0,46.1624628044618,0.0,0.0,24.325666783590812
2081,scarce,100.0,46.16254073602086,0.0,0.0,24.325666783590812
2082,scarce,100.0,46.16261866744752,0.0,0.0,24.325666783590812
2083,scarce,100.0,46.16269659874177,0.0,0.0,24.325666783590812
2084,scarce,100.0,46.162774529903636,0.0,0.0,24.325666783590812
2085,scarce,100.0,46.16285246093309,0.0,0.0,24.325666783590812
2086,scarce,100.0,46.16293039183013,0.0,0.0,24.325666783590812
2087,scarce,100.0,46.163008322594784,0.0,0.0,24.325666783590812
2088,scarce,100.0,46.16308625322703,0.0,0.0,24.325666783590812
2089,scarce,100.0,46.16316418372689,0.0,0.0,24.325666783590812
2090,scarce,100.0,46.16324211409433,0.0,0.0,24.325666783590812
2091,scarce,100.0,46.163320044329396,0.0,0.0,24.325666783590812
2092,scarce,100.0,46.163397974432044,0.0,0.0,24.325666783590812
2093,scarce,100.0,46.16347590440229,0.0,0.0,24.325666783590812
2094,scarce,100.0,46.16355383424015,0.0,0.0,24.325666783590812
2095,scarce,100.0,46.16363176394561,0.0,0.0,24.325666783590812
2096,scarce,100.0,46.163709693518655,0.0,0.0,24.325666783590812
2097,scarce,100.0,46.16378762295931,0.0,0.0,24.325666783590812
2098,scarce,100.0,46.163865552267566,0.0,0.0,24.325666783590812
2099,scarce,100.0,46.16394348144344,0.0,0.0,24.325666783590812
2100,scarce,100.0,46.1640214104869,0.0,0.0,24.325666783590812
2101,scarce,100.0,46.16409933939797,0.0,0.0,24.325666783590812
2102,scarce,100.0,46.164177268176644,0.0,0.0,24.325666783590812
2103,scarce,100.0,46.164255196822914,0.0,0.0,24.325666783590812
2104,scarce,100.0,46.16433312533681,0.0,0.0,24.325666783590812
2105,scarce,100.0,46.16441105371828,0.0,0.0,24.325666783590812
2106,scarce,100.0,46.16448898196737,0.0,0.0,24.325666783590812
2107,scarce,100.0,46.16456691008406,0.0,0.0,24.325666783590812
2108,scarce,100.0,46.164644838068355,0.0,0.0,24.325666783590812
2109,scarce,100.0,46.16472276592026,0.0,0.0,24.325666783590812
2110,scarce,100.0,46.16480069363976,0.0,0.0,24.325666783590812
2111,scarce,100.0,46.16487862122688,0.0,0.0,24.325666783590812
2112,scarce,100.0,46.1649565486816,0.0,0.0,24.325666783590812
2113,scarce,100.0,46.165034476003925,0.0,0.0,24.325666783590812
2114,scarce,100.0,46.16511240319385,0.0,0.0,24.325666783590812
2115,scarce,100.0,46.165190330251406,0.0,0.0,24.325666783590812
2116,scarce,100.0,46.16526825717654,0.0,0.0,24.325666783590812
2117,scarce,100.0,46.16534618396929,0.0,0.0,24.325666783590812
2118,scarce,100.0,46.16542411062965,0.0,0.0,24.325666783590812
2119,scarce,100.0,46.165502037157616,0.0,0.0,24.325666783590812
2120,scarce,100.0,46.16557996355319,0.0,0.0,24.325666783590812
2121,scarce,100.0,46.16565788981639,0.0,0.0,24.325666783590812
2122,scarce,100.0,46.16573581594718,0.0,0.0,24.325666783590812
2123,scarce,100.0,46.16581374194558,0.0,0.0,24.325666783590812
2124,scarce,100.0,46.16589166781158,0.0,0.0,24.325666783590812
2125,scarce,100.0,46.165969593545206,0.0,0.0,24.325666783590812
2126,scarce,100.0,46.16604751914644,0.0,0.0,24.325666783590812
2127,scarce,100.0,46.16612544461528,0.0,0.0,24.325666783590812
2128,scarce,100.0,46.16620336995173,0.0,0.0,24.325666783590812
2129,scarce,100.0,46.16628129515579,0.0,0.0,24.325666783590812
2130,scarce,100.0,46.16635922022746,0.0,0.0,24.325666783590812
2131,scarce,100.0,46.166437145166746,0.0,0.0,24.325666783590812
2132,scarce,100.0,46.16651506997364,0.0,0.0,24.325666783590812
2133,scarce,100.0,46.16659299464815,0.0,0.0,24.325666783590812
2134,scarce,100.0,46.16667091919027,0.0,0.0,24.325666783590812
2135,scarce,100.0,46.1667488436,0.0,0.0,24.325666783590812
2136,scarce,100.0,46.16682676787733,0.0,0.0,24.325666783590812
2137,scarce,100.0,46.166904692022285,0.0,0.0,24.325666783590812
2138,scarce,100.0,46.16698261603486,0.0,0.0,24.325666783590812
2139,scarce,100.0,46.16706053991504,0.0,0.0,24.325666783590812
2140,scarce,100.0,46.16713846366282,0.0,0.0,24.325666783590812
2141,scarce,100.0,46.167216387278245,0.0,0.0,24.325666783590812
2142,scarce,100.0,46.16729431076125,0.0,0.0,24.325666783590812
2143,scarce,100.0,46.1673722341119,0.0,0.0,24.325666783590812
2144,scarce,100.0,46.16745015733015,0.0,0.0,24.325666783590812
2145,scarce,100.0,46.167528080416005,0.0,0.0,24.325666783590812
2146,scarce,100.0,46.167606003369485,0.0,0.0,24.325666783590812
2147,scarce,100.0,46.167683926190584,0.0,0.0,24.325666783590812
2148,scarce,100.0,46.167761848879294,0.0,0.0,24.325666783590812
2149,scarce,100.0,46.167839771435624,0.0,0.0,24.325666783590812
2150,scarce,100.0,46.16791769385957,0.0,0.0,24.325666783590812
2151,scarce,100.0,46.16799561615113,0.0,0.0,24.325666783590812
2152,scarce,100.0,46.1680735383103,0.0,0.0,24.325666783590812
2153,scarce,100.0,46.1681514603371,0.0,0.0,24.325666783590812
2154,scarce,100.0,46.168229382231516,0.0,0.0,24.325666783590812
2155,scarce,100.0,46.16830730399354,0.0,0.0,24.325666783590812
2156,scarce,100.0,46.16838522562318,0.0,0.0,24.325666783590812
2157,scarce,100.0,46.16846314712045,0.0,0.0,24.325666783590812
2158,scarce,100.0,46.16854106848533,0.0,0.0,24.325666783590812
2159,scarce,100.0,46.16861898971783,0.0,0.0,24.325666783590812
2160,scarce,100.0,46.16869691081795,0.0,0.0,24.325666783590812
2161,scarce,100.0,46.16877483178569,0.0,0.0,24.325666783590812
2162,scarce,100.0,46.16885275262105,0.0,0.0,24.325666783590812
2163,scarce,100.0,46.16893067332403,0.0,0.0,24.325666783590812
2164,scarce,100.0,46.16900859389462,0.0,0.0,24.325666783590812
2165,scarce,100.0,46.16908651433283,0.0,0.0,24.325666783590812
2166,scarce,100.0,46.169164434638674,0.0,0.0,24.325666783590812
2167,scarce,100.0,46.16924235481214,0.0,0.0,24.325666783590812
2168,scarce,100.0,46.169320274853206,0.0,0.0,24.325666783590812
2169,scarce,100.0,46.16939819476192,0.0,0.0,24.325666783590812
2170,scarce,100.0,46.16947611453824,0.0,0.0,24.325666783590812
2171,scarce,100.0,46.16955403418217,0.0,0.0,24.325666783590812
2172,scarce,100.0,46.169631953693745,0.0,0.0,24.325666783590812
2173,scarce,100.0,46.16970987307293,0.0,0.0,24.325666783590812
2174,scarce,100.0,46.16978779231975,0.0,0.0,24.325666783590812
2175,scarce,100.0,46.16986571143418,0.0,0.0,24.325666783590812
2176,scarce,100.0,46.169943630416235,0.0,0.0,24.325666783590812
2177,scarce,100.0,46.17002154926592,0.0,0.0,24.325666783590812
2178,scarce,100.0,46.17009946798323,0.0,0.0,24.325666783590812
2179,scarce,100.0,46.17017738656815,0.0,0.0,24.325666783590812
2180,scarce,100.0,46.17025530502071,0.0,0.0,24.325666783590812
2181,scarce,100.0,46.170333223340876,0.0,0.0,24.325666783590812
2182,scarce,100.0,46.170411141528675,0.0,0.0,24.325666783590812
2183,scarce,100.0,46.1704890595841,0.0,0.0,24.325666783590812
2184,scarce,100.0,46.17056697750716,0.0,0.0,24.325666783590812
2185,scarce,100.0,46.17064489529784,0.0,0.0,24.325666783590812
2186,scarce,100.0,46.170722812956136,0.0,0.0,24.325666783590812
2187,scarce,100.0,46.17080073048207,0.0,0.0,24.325666783590812
2188,scarce,100.0,46.170878647875625,0.0,0.0,24.325666783590812
2189,scarce,100.0,46.170956565136805,0.0,0.0,24.325666783590812
2190,scarce,100.0,46.17103448226562,0.0,0.0,24.325666783590812
2191,scarce,100.0,46.17111239926204,0.0,0.0,24.325666783590812
2192,scarce,100.0,46.171190316126115,0.0,0.0,24.325666783590812
2193,scarce,100.0,46.171268232857805,0.0,0.0,24.325666783590812
2194,scarce,100.0,46.17134614945712,0.0,0.0,24.325666783590812
2195,scarce,100.0,46.17142406592408,0.0,0.0,24.325666783590812
2196,scarce,100.0,46.17150198225865,0.0,0.0,24.325666783590812
2197,scarce,100.0,46.17157989846085,0.0,0.0,24.325666783590812
2198,scarce,100.0,46.17165781453069,0.0,0.0,24.325666783590812
2199,scarce,100.0,46.17173573046815,0.0,0.0,24.325666783590812
2200,scarce,100.0,46.17181364627324,0.0,0.0,24.325666783590812
2201,scarce,100.0,46.17189156194597,0.0,0.0,24.325666783590812
2202,scarce,100.0,46.171969477486314,0.0,0.0,24.325666783590812
2203,scarce,100.0,46.1720473928943,0.0,0.0,24.325666783590812
2204,scarce,100.0,46.17212530816992,0.0,0.0,24.325666783590812
2205,scarce,100.0,46.172203223313154,0.0,0.0,24.325666783590812
2206,scarce,100.0,46.17228113832403,0.0,0.0,24.325666783590812
2207,scarce,100.0,46.17235905320254,0.0,0.0,24.325666783590812
2208,scarce,100.0,46.172436967948684,0.0,0.0,24.325666783590812
2209,scarce,100.0,46.172514882562446,0.0,0.0,24.325666783590812
2210,scarce,100.0,46.17259279704384,0.0,0.0,24.325666783590812
2211,scarce,100.0,46.17267071139289,0.0,0.0,24.325666783590812
2212,scarce,100.0,46.17274862560956,0.0,0.0,24.325666783590812
2213,scarce,100.0,46.172826539693865,0.0,0.0,24.325666783590812
2214,scarce,100.0,46.17290445364579,0.0,0.0,24.325666783590812
2215,scarce,100.0,46.17298236746536,0.0,0.0,24.325666783590812
2216,scarce,100.0,46.17306028115256,0.0,0.0,24.325666783590812
2217,scarce,100.0,46.1731381947074,0.0,0.0,24.325666783590812
2218,scarce,100.0,46.173216108129864,0.0,0.0,24.325666783590812
2219,scarce,100.0,46.17329402141997,0.0,0.0,24.325666783590812
2220,scarce,100.0,46.17337193457771,0.0,0.0,24.325666783590812
2221,scarce,100.0,46.17344984760308,0.0,0.0,24.325666783590812
2222,scarce,100.0,46.1735277604961,0.0,0.0,24.325666783590812
2223,scarce,100.0,46.17360567325674,0.0,0.0,24.325666783590812
2224,scarce,100.0,46.17368358588503,0.0,0.0,24.325666783590812
2225,scarce,100.0,46.17376149838095,0.0,0.0,24.325666783590812
2226,scarce,100.0,46.1738394107445,0.0,0.0,24.325666783590812
2227,scarce,100.0,46.1739173229757,0.0,0.0,24.325666783590812
2228,scarce,100.0,46.173995235074514,0.0,0.0,24.325666783590812
2229,scarce,100.0,46.174073147040986,0.0,0.0,24.325666783590812
2230,scarce,100.0,46.1741510588751,0.0,0.0,24.325666783590812
2231,scarce,100.0,46.17422897057683,0.0,0.0,24.325666783590812
2232,scarce,100.0,46.17430688214621,0.0,0.0,24.325666783590812
2233,scarce,100.0,46.17438479358323,0.0,0.0,24.325666783590812
2234,scarce,100.0,46.174462704887894,0.0,0.0,24.325666783590812
2235,scarce,100.0,46.174540616060185,0.0,0.0,24.325666783590812
2236,scarce,100.0,46.17461852710012,0.0,0.0,24.325666783590812
2237,scarce,100.0,46.1746964380077,0.0,0.0,24.325666783590812
2238,scarce,100.0,46.17477434878292,0.0,0.0,24.325666783590812
2239,scarce,100.0,46.17485225942576,0.0,0.0,24.325666783590812
2240,scarce,100.0,46.17493016993626,0.0,0.0,24.325666783590812
2241,scarce,100.0,46.1750080803144,0.0,0.0,24.325666783590812
2242,scarce,100.0,46.17508599056016,0.0,0.0,24.325666783590812
2243,scarce,100.0,46.17516390067359,0.0,0.0,24.325666783590812
2244,scarce,100.0,46.175241810654654,0.0,0.0,24.325666783590812
2245,scarce,100.0,46.175319720503346,0.0,0.0,24.325666783590812
2246,scarce,100.0,46.17539763021969,0.0,0.0,24.325666783590812
2247,scarce,100.0,46.17547553980368,0.0,0.0,24.325666783590812
2248,scarce,100.0,46.17555344925531,0.0,0.0,24.325666783590812
2249,scarce,100.0,46.17563135857458,0.0,0.0,24.325666783590812
2250,scarce,100.0,46.17570926776148,0.0,0.0,24.325666783590812
2251,scarce,100.0,46.175787176816044,0.0,0.0,24.325666783590812
2252,scarce,100.0,46.175865085738245,0.0,0.0,24.325666783590812
2253,scarce,100.0,46.17594299452809,0.0,0.0,24.325666783590812
2254,scarce,100.0,46.176020903185574,0.0,0.0,24.325666783590812
2255,scarce,100.0,46.1760988117107,0.0,0.0,24.325666783590812
2256,scarce,100.0,46.17617672010348,0.0,0.0,24.325666783590812
2257,scarce,100.0,46.17625462836391,0.0,0.0,24.325666783590812
2258,scarce,100.0,46.17633253649197,0.0,0.0,24.325666783590812
2259,scarce,100.0,46.17641044448768,0.0,0.0,24.325666783590812
2260,scarce,100.0,46.17648835235104,0.0,0.0,24.325666783590812
2261,scarce,100.0,46.17656626008204,0.0,0.0,24.325666783590812
2262,scarce,100.0,46.17664416768069,0.0,0.0,24.325666783590812
2263,scarce,100.0,46.176722075146984,0.0,0.0,24.325666783590812
2264,scarce,100.0,46.17679998248093,0.0,0.0,24.325666783590812
2265,scarce,100.0,46.17687788968252,0.0,0.0,24.325666783590812
2266,scarce,100.0,46.17695579675175,0.0,0.0,24.325666783590812
2267,scarce,100.0,46.17703370368864,0.0,0.0,24.325666783590812
2268,scarce,100.0,46.17711161049318,0.0,0.0,24.325666783590812
2269,scarce,100.0,46.17718951716536,0.0,0.0,24.325666783590812
2270,scarce,100.0,46.17726742370519,0.0,0.0,24.325666783590812
2271,scarce,100.0,46.17734533011266,0.0,0.0,24.325666783590812
2272,scarce,100.0,46.177423236387796,0.0,0.0,24.325666783590812
2273,scarce,100.0,46.17750114253056,0.0,0.0,24.325666783590812
2274,scarce,100.0,46.17757904854098,0.0,0.0,24.325666783590812
2275,scarce,100.0,46.177656954419064,0.0,0.0,24.325666783590812
2276,scarce,100.0,46.17773486016478,0.0,0.0,24.325666783590812
2277,scarce,100.0,46.17781276577816,0.0,0.0,24.325666783590812
2278,scarce,100.0,46.17789067125919,0.0,0.0,24.325666783590812
2279,scarce,100.0,46.17796857660787,0.0,0.0,24.325666783590812
2280,scarce,100.0,46.17804648182419,0.0,0.0,24.325666783590812
2281,scarce,100.0,46.17812438690817,0.0,0.0,24.325666783590812
2282,scarce,100.0,46.178202291859805,0.0,0.0,24.325666783590812
2283,scarce,100.0,46.17828019667908,0.0,0.0,24.325666783590812
2284,scarce,100.0,46.178358101366015,0.0,0.0,24.325666783590812
2285,scarce,100.0,46.178436005920595,0.0,0.0,24.325666783590812
2286,scarce,100.0,46.178513910342836,0.0,0.0,24.325666783590812
2287,scarce,100.0,46.17859181463274,0.0,0.0,24.325666783590812
2288,scarce,100.0,46.17866971879028,0.0,0.0,24.325666783590812
2289,scarce,100.0,46.178747622815486,0.0,0.0,24.325666783590812
2290,scarce,100.0,46.17882552670834,0.0,0.0,24.325666783590812
2291,scarce,100.0,46.17890343046883,0.0,0.0,24.325666783590812
2292,scarce,100.0,46.178981334097,0.0,0.0,24.325666783590812
2293,scarce,100.0,46.17905923759281,0.0,0.0,24.325666783590812
2294,scarce,100.0,46.179137140956286,0.0,0.0,24.325666783590812
2295,scarce,100.0,46.1792150441874,0.0,0.0,24.325666783590812
2296,scarce,100.0,46.179292947286186,0.0,0.0,24.325666783590812
2297,scarce,100.0,46.17937085025263,0.0,0.0,24.325666783590812
2298,scarce,100.0,46.179448753086724,0.0,0.0,24.325666783590812
2299,scarce,100.0,46.179526655788464,0.0,0.0,24.325666783590812
2300,scarce,100.0,46.17960455835787,0.0,0.0,24.325666783590812
2301,scarce,100.0,46.17968246079493,0.0,0.0,24.325666783590812
2302,scarce,100.0,46.179760363099646,0.0,0.0,24.325666783590812
2303,scarce,100.0,46.179838265272025,0.0,0.0,24.325666783590812
2304,scarce,100.0,46.17991616731205,0.0,0.0,24.325666783590812
2305,scarce,100.0,46.179994069219745,0.0,0.0,24.325666783590812
2306,scarce,100.0,46.1800719709951,0.0,0.0,24.325666783590812
2307,scarce,100.0,46.18014987263811,0.0,0.0,24.325666783590812
2308,scarce,100.0,46.180227774148776,0.0,0.0,24.325666783590812
2309,scarce,100.0,46.180305675527094,0.0,0.0,24.325666783590812
2310,scarce,100.0,46.18038357677307,0.0,0.0,24.325666783590812
2311,scarce,100.0,46.18046147788672,0.0,0.0,24.325666783590812
2312,scarce,100.0,46.18053937886802,0.0,0.0,24.325666783590812
2313,scarce,100.0,46.180617279716984,0.0,0.0,24.325666783590812
2314,scarce,100.0,46.18069518043361,0.0,0.0,24.325666783590812
2315,scarce,100.0,46.18077308101789,0.0,0.0,24.325666783590812
2316,scarce,100.0,46.18085098146983,0.0,0.0,24.325666783590812
2317,scarce,100.0,46.18092888178944,0.0,0.0,24.325666783590812
2318,scarce,100.0,46.181006781976706,0.0,0.0,24.325666783590812
2319,scarce,100.0,46.18108468203163,0.0,0.0,24.325666783590812
2320,scarce,100.0,46.18116258195422,0.0,0.0,24.325666783590812
2321,scarce,100.0,46.181240481744474,0.0,0.0,24.325666783590812
2322,scarce,100.0,46.18131838140238,0.0,0.0,24.325666783590812
2323,scarce,100.0,46.181396280927956,0.0,0.0,24.325666783590812
2324,scarce,100.0,46.181474180321196,0.0,0.0,24.325666783590812
2325,scarce,100.0,46.181552079582104,0.0,0.0,24.325666783590812
2326,scarce,100.0,46.18162997871067,0.0,0.0,24.325666783590812
2327,scarce,100.0,46.18170787770689,0.0,0.0,24.325666783590812
2328,scarce,100.0,46.18178577657079,0.0,0.0,24.325666783590812
2329,scarce,100.0,46.181863675302345,0.0,0.0,24.325666783590812
2330,scarce,100.0,46.18194157390157,0.0,0.0,24.325666783590812
2331,scarce,100.0,46.18201947236846,0.0,0.0,24.325666783590812
2332,scarce,100.0,46.182097370703005,0.0,0.0,24.325666783590812
2333,scarce,100.0,46.182175268905226,0.0,0.0,24.325666783590812
2334,scarce,100.0,46.1822531669751,0.0,0.0,24.325666783590812
2335,scarce,100.0,46.18233106491265,0.0,0.0,24.325666783590812
2336,scarce,100.0,46.182408962717865,0.0,0.0,24.325666783590812
2337,scarce,100.0,46.182486860390746,0.0,0.0,24.325666783590812
2338,scarce,100.0,46.18256475793129,0.0,0.0,24.325666783590812
2339,scarce,100.0,46.18264265533951,0.0,0.0,24.325666783590812
2340,scarce,100.0,46.182720552615386,0.0,0.0,24.325666783590812
2341,scarce,100.0,46.18279844975894,0.0,0.0,24.325666783590812
2342,scarce,100.0,46.18287634677016,0.0,0.0,24.325666783590812
2343,scarce,100.0,46.182954243649036,0.0,0.0,24.325666783590812
2344,scarce,100.0,46.18303214039559,0.0,0.0,24.325666783590812
2345,scarce,100.0,46.18311003700981,0.0,0.0,24.325666783590812
2346,scarce,100.0,46.1831879334917,0.0,0.0,24.325666783590812
2347,scarce,100.0,46.18326582984126,0.0,0.0,24.325666783590812
2348,scarce,100.0,46.18334372605848,0.0,0.0,24.325666783590812
2349,scarce,100.0,46.183421622143385,0.0,0.0,24.325666783590812
2350,scarce,100.0,46.18349951809595,0.0,0.0,24.325666783590812
2351,scarce,100.0,46.18357741391619,0.0,0.0,24.325666783590812
2352,scarce,100.0,46.18365530960409,0.0,0.0,24.325666783590812
2353,scarce,100.0,46.18373320515967,0.0,0.0,24.325666783590812
2354,scarce,100.0,46.18381110058292,0.0,0.0,24.325666783590812
2355,scarce,100.0,46.18388899587384,0.0,0.0,24.325666783590812
2356,scarce,100.0,46.183966891032426,0.0,0.0,24.325666783590812
2357,scarce,100.0,46.184044786058706,0.0,0.0,24.325666783590812
2358,scarce,100.0,46.18412268095263,0.0,0.0,24.325666783590812
2359,scarce,100.0,46.18420057571424,0.0,0.0,24.325666783590812
2360,scarce,100.0,46.184278470343514,0.0,0.0,24.325666783590812
2361,scarce,100.0,46.184356364840475,0.0,0.0,24.325666783590812
2362,scarce,100.0,46.184434259205105,0.0,0.0,24.325666783590812
2363,scarce,100.0,46.18451215343741,0.0,0.0,24.325666783590812
2364,scarce,100.0,46.18459004753738,0.0,0.0,24.325666783590812
2365,scarce,100.0,46.184667941505026,0.0,0.0,24.325666783590812
2366,scarce,100.0,46.184745835340344,0.0,0.0,24.325666783590812
2367,scarce,100.0,46.18482372904334,0.0,0.0,24.325666783590812
2368,scarce,100.0,46.18490162261401,0.0,0.0,24.325666783590812
2369,scarce,100.0,46.18497951605235,0.0,0.0,24.325666783590812
2370,scarce,100.0,46.18505740935838,0.0,0.0,24.325666783590812
2371,scarce,100.0,46.18513530253207,0.0,0.0,24.325666783590812
2372,scarce,100.0,46.18521319557344,0.0,0.0,24.325666783590812
2373,scarce,100.0,46.18529108848249,0.0,0.0,24.325666783590812
2374,scarce,100.0,46.18536898125922,0.0,0.0,24.325666783590812
2375,scarce,100.0,46.185446873903615,0.0,0.0,24.325666783590812
2376,scarce,100.0,46.18552476641569,0.0,0.0,24.325666783590812
2377,scarce,100.0,46.185602658795446,0.0,0.0,24.325666783590812
2378,scarce,100.0,46.18568055104287,0.0,0.0,24.325666783590812
2379,scarce,100.0,46.18575844315798,0.0,0.0,24.325666783590812
2380,scarce,100.0,46.18583633514077,0.0,0.0,24.325666783590812
2381,scarce,100.0,46.18591422699124,0.0,0.0,24.325666783590812
2382,scarce,100.0,46.185992118709386,0.0,0.0,24.325666783590812
2383,scarce,100.0,46.186070010295204,0.0,0.0,24.325666783590812
2384,scarce,100.0,46.18614790174871,0.0,0.0,24.325666783590812
2385,scarce,100.0,46.18622579306989,0.0,0.0,24.325666783590812
2386,scarce,100.0,46.18630368425875,0.0,0.0,24.325666783590812
2387,scarce,100.0,46.18638157531529,0.0,0.0,24.325666783590812
2388,scarce,100.0,46.186459466239505,0.0,0.0,24.325666783590812
2389,scarce,100.0,46.186537357031405,0.0,0.0,24.325666783590812
2390,scarce,100.0,46.18661524769098,0.0,0.0,24.325666783590812
2391,scarce,100.0,46.18669313821825,0.0,0.0,24.325666783590812
2392,scarce,100.0,46.18677102861319,0.0,0.0,24.325666783590812
2393,scarce,100.0,46.186848918875825,0.0,0.0,24.325666783590812
2394,scarce,100.0,46.186926809006124,0.0,0.0,24.325666783590812
2395,scarce,100.0,46.18700469900411,0.0,0.0,24.325666783590812
2396,scarce,100.0,46.18708258886978,0.0,0.0,24.325666783590812
2397,scarce,100.0,46.18716047860313,0.0,0.0,24.325666783590812
2398,scarce,100.0,46.18723836820416,0.0,0.0,24.325666783590812
2399,scarce,100.0,46.18731625767289,0.0,0.0,24.325666783590812
2400,scarce,100.0,46.187394147009286,0.0,0.0,24.325666783590812
2401,scarce,100.0,46.187472036213364,0.0,0.0,24.325666783590812
2402,scarce,100.0,46.18754992528513,0.0,0.0,24.325666783590812
2403,scarce,100.0,46.18762781422459,0.0,0.0,24.325666783590812
2404,scarce,100.0,46.18770570303173,0.0,0.0,24.325666783590812
2405,scarce,100.0,46.18778359170655,0.0,0.0,24.325666783590812
2406,scarce,100.0,46.18786148024906,0.0,0.0,24.325666783590812
2407,scarce,100.0,46.18793936865925,0.0,0.0,24.325666783590812
2408,scarce,100.0,46.18801725693712,0.0,0.0,24.325666783590812
2409,scarce,100.0,46.18809514508268,0.0,0.0,24.325666783590812
2410,scarce,100.0,46.18817303309593,0.0,0.0,24.325666783590812
2411,scarce,100.0,46.18825092097687,0.0,0.0,24.325666783590812
2412,scarce,100.0,46.18832880872549,0.0,0.0,24.325666783590812
2413,scarce,100.0,46.1884066963418,0.0,0.0,24.325666783590812
2414,scarce,100.0,46.1884845838258,0.0,0.0,24.325666783590812
2415,scarce,100.0,46.18856247117748,0.0,0.0,24.325666783590812
2416,scarce,100.0,46.188640358396846,0.0,0.0,24.325666783590812
2417,scarce,100.0,46.188718245483905,0.0,0.0,24.325666783590812
2418,scarce,100.0,46.18879613243865,0.0,0.0,24.325666783590812
2419,scarce,100.0,46.188874019261085,0.0,0.0,24.325666783590812
2420,scarce,100.0,46.1889519059512,0.0,0.0,24.325666783590812
2421,scarce,100.0,46.18902979250902,0.0,0.0,24.325666783590812
2422,scarce,100.0,46.18910767893452,0.0,0.0,24.325666783590812
2423,scarce,100.0,46.18918556522771,0.0,0.0,24.325666783590812
2424,scarce,100.0,46.18926345138859,0.0,0.0,24.325666783590812
2425,scarce,100.0,46.189341337417154,0.0,0.0,24.325666783590812
2426,scarce,100.0,46.189419223313415,0.0,0.0,24.325666783590812
2427,scarce,100.0,46.18949710907737,0.0,0.0,24.325666783590812
2428,scarce,100.0,46.18957499470901,0.0,0.0,24.325666783590812
2429,scarce,100.0,46.18965288020834,0.0,0.0,24.325666783590812
2430,scarce,100.0,46.18973076557536,0.0,0.0,24.325666783590812
2431,scarce,100.0,46.18980865081008,0.0,0.0,24.325666783590812
2432,scarce,100.0,46.189886535912485,0.0,0.0,24.325666783590812
2433,scarce,100.0,46.18996442088258,0.0,0.0,24.325666783590812
2434,scarce,100.0,46.19004230572038,0.0,0.0,24.325666783590812
2435,scarce,100.0,46.19012019042586,0.0,0.0,24.325666783590812
2436,scarce,100.0,46.19019807499904,0.0,0.0,24.325666783590812
2437,scarce,100.0,46.190275959439916,0.0,0.0,24.325666783590812
2438,scarce,100.0,46.19035384374847,0.0,0.0,24.325666783590812
2439,scarce,100.0,46.19043172792473,0.0,0.0,24.325666783590812
2440,scarce,100.0,46.19050961196868,0.0,0.0,24.325666783590812
2441,scarce,100.0,46.19058749588032,0.0,0.0,24.325666783590812
2442,scarce,100.0,46.19066537965967,0.0,0.0,24.325666783590812
2443,scarce,100.0,46.1907432633067,0.0,0.0,24.325666783590812
2444,scarce,100.0,46.190821146821435,0.0,0.0,24.325666783590812
2445,scarce,100.0,46.19089903020385,0.0,0.0,24.325666783590812
2446,scarce,100.0,46.19097691345398,0.0,0.0,24.325666783590812
2447,scarce,100.0,46.1910547965718,0.0,0.0,24.325666783590812
2448,scarce,100.0,46.19113267955731,0.0,0.0,24.325666783590812
2449,scarce,100.0,46.19121056241051,0.0,0.0,24.325666783590812
2450,scarce,100.0,46.19128844513142,0.0,0.0,24.325666783590812
2451,scarce,100.0,46.19136632772003,0.0,0.0,24.325666783590812
2452,scarce,100.0,46.19144421017633,0.0,0.0,24.325666783590812
2453,scarce,100.0,46.19152209250033,0.0,0.0,24.325666783590812
2454,scarce,100.0,46.19159997469202,0.0,0.0,24.325666783590812
2455,scarce,100.0,46.19167785675141,0.0,0.0,24.325666783590812
2456,scarce,100.0,46.1917557386785,0.0,0.0,24.325666783590812
2457,scarce,100.0,46.1918336204733,0.0,0.0,24.325666783590812
2458,scarce,100.0,46.191911502135774,0.0,0.0,24.325666783590812
2459,scarce,100.0,46.19198938366598,0.0,0.0,24.325666783590812
2460,scarce,100.0,46.192067265063855,0.0,0.0,24.325666783590812
2461,scarce,100.0,46.19214514632945,0.0,0.0,24.325666783590812
2462,scarce,100.0,46.19222302746274,0.0,0.0,24.325666783590812
2463,scarce,100.0,46.19230090846372,0.0,0.0,24.325666783590812
2464,scarce,100.0,46.19237878933241,0.0,0.0,24.325666783590812
2465,scarce,100.0,46.19245667006879,0.0,0.0,24.325666783590812
2466,scarce,100.0,46.19253455067289,0.0,0.0,24.325666783590812
2467,scarce,100.0,46.192612431144674,0.0,0.0,24.325666783590812
2468,scarce,100.0,46.19269031148417,0.0,0.0,24.325666783590812
2469,scarce,100.0,46.192768191691364,0.0,0.0,24.325666783590812
2470,scarce,100.0,46.19284607176626,0.0,0.0,24.325666783590812
2471,scarce,100.0,46.192923951708856,0.0,0.0,24.325666783590812
2472,scarce,100.0,46.19300183151916,0.0,0.0,24.325666783590812
2473,scarce,100.0,46.19307971119716,0.0,0.0,24.325666783590812
2474,scarce,100.0,46.193157590742864,0.0,0.0,24.325666783590812
2475,scarce,100.0,46.19323547015628,0.0,0.0,24.325666783590812
2476,scarce,100.0,46.193313349437396,0.0,0.0,24.325666783590812
2477,scarce,100.0,46.19339122858621,0.0,0.0,24.325666783590812
2478,scarce,100.0,46.19346910760274,0.0,0.0,24.325666783590812
2479,scarce,100.0,46.19354698648696,0.0,0.0,24.325666783590812
2480,scarce,100.0,46.19362486523889,0.0,0.0,24.325666783590812
2481,scarce,100.0,46.19370274385853,0.0,0.0,24.325666783590812
2482,scarce,100.0,46.19378062234587,0.0,0.0,24.325666783590812
2483,scarce,100.0,46.19385850070091,0.0,0.0,24.325666783590812
2484,scarce,100.0,46.193936378923674,0.0,0.0,24.325666783590812
2485,scarce,100.0,46.194014257014125,0.0,0.0,24.325666783590812
2486,scarce,100.0,46.19409213497229,0.0,0.0,24.325666783590812
2487,scarce,100.0,46.19417001279816,0.0,0.0,24.325666783590812
2488,scarce,100.0,46.19424789049174,0.0,0.0,24.325666783590812
2489,scarce,100.0,46.19432576805303,0.0,0.0,24.325666783590812
2490,scarce,100.0,46.194403645482026,0.0,0.0,24.325666783590812
2491,scarce,100.0,46.194481522778716,0.0,0.0,24.325666783590812
2492,scarce,100.0,46.194559399943124,0.0,0.0,24.325666783590812
2493,scarce,100.0,46.19463727697525,0.0,0.0,24.325666783590812
2494,scarce,100.0,46.194715153875066,0.0,0.0,24.325666783590812
2495,scarce,100.0,46.19479303064261,0.0,0.0,24.325666783590812
2496,scarce,100.0,46.194870907277846,0.0,0.0,24.325666783590812
2497,scarce,100.0,46.194948783780795,0.0,0.0,24.325666783590812
2498,scarce,100.0,46.19502666015146,0.0,0.0,24.325666783590812
2499,scarce,100.0,46.19510453638983,0.0,0.0,24.325666783590812
