step,scenario,centroid_x,centroid_y,spread,polarization,mean_nearest_neighbour_distance,convex_hull_area,elongation_ratio,number_of_clusters,grazing_count,walking_count,travelling_count,regrouping_count,resting_count,mean_speed,mean_energy,mean_food_intake,field_mean_food,field_health_pct,field_biomass_pct,mean_grazing_pressure,degraded_area_pct,mean_ndvi_pct,mean_azimuth_deg
0,scarce,109.42263787490894,67.14246282664918,18.321687531055385,0.13291818225056554,5.212281520227215,2571.304372543942,0.7232755307073618,6,0,0,40,0,0,0.24706575039694822,0.8493982276745633,0.0,0.05111880704094851,100.0,46.00007820767078,0.0,0.0,24.325666783590812,216.8062134463199
1,scarce,109.3943056185424,67.08784033617663,18.334472087521153,0.19281336844217867,5.169120969068364,2555.380169253349,0.7209690080732217,6,0,0,40,0,0,0.3118128072393788,0.8487252335866,0.0,0.05111889395114932,100.0,46.00015641520858,0.0,0.0,24.325666783590812,216.27824802620154
2,scarce,109.34197786766603,67.00927234191823,18.3603499476428,0.24738048276724273,5.11553339102456,2537.4607315242392,0.7185565464860606,5,0,0,40,0,0,0.3703925362964805,0.8479878017966739,0.0,0.05111898086120238,100.0,46.00023462261344,0.0,0.0,24.325666783590812,215.98301627358987
3,scarce,109.26409496736372,66.90719135994036,18.400360038894785,0.2944450346657369,5.024998131233829,2517.8806263846927,0.7161361493944772,5,0,0,40,0,0,0.42359123322853803,0.8471918514401227,0.0,0.05111906777110769,100.0,46.00031282988533,0.0,0.0,24.325666783590812,215.6575736221017
4,scarce,109.15899865151528,66.7796303241736,18.45429824798469,0.34211591954770526,4.976218488029047,2497.2242649479485,0.7137705772810584,5,0,0,40,0,0,0.47106563215026453,0.8463436792447572,0.0,0.051119154680865225,100.0,46.00039103702425,0.0,0.0,24.325666783590812,215.47041911797464
5,scarce,109.02691466924652,66.6286861250038,18.524813843901676,0.3817353477803318,4.9296591484837675,2475.7560388687743,0.7114902663345577,5,0,0,40,0,0,0.5143662107206535,0.8454478764129645,0.0,0.05111924159047502,100.0,46.00046924403022,0.0,0.0,24.325666783590812,215.2880921881487
6,scarce,108.86958948954404,66.45645765087345,18.610266301056143,0.41399181968375653,4.887676946883487,2453.390291583706,0.7092930820771611,5,0,0,40,0,0,0.5542512297190878,0.8445082000602735,0.0,0.051119328499937056,100.0,46.000547450903234,0.0,0.0,24.325666783590812,223.90870112989347
7,scarce,108.71039596572064,66.28405479028206,18.679415522792567,0.420422919943142,4.799015062839147,2419.960533123238,0.7058466783615361,6,0,0,34,6,0,0.5495173764608762,0.8435737309461665,0.0,0.051119415409251336,100.0,46.00062565764328,0.0,0.0,24.325666783590812,223.34549855888008
8,scarce,108.54285209821505,66.10225031424535,18.74747558680526,0.38659690098503335,4.745380025336759,2380.9205613052472,0.7012657165553338,6,0,0,34,6,0,0.5725043999254957,0.8426139761062486,0.0,0.05111950231841785,100.0,46.00070386425036,0.0,0.0,24.325666783590812,215.4850992708206
9,scarce,108.3707637155615,65.91610127957972,18.810505233404456,0.39167745346430594,4.6438726708206515,2328.4477735846376,0.695888116338387,5,0,0,33,7,0,0.5903850958494588,0.8416345525008142,0.0,0.05111958922743662,100.0,46.00078207072449,0.0,0.0,24.325666783590812,215.8205529247219
10,scarce,108.18620516930059,65.72041996509695,18.878559049322885,0.3838930570277831,4.544234043080268,2270.7689262844506,0.6896063935083157,3,0,0,33,7,0,0.6134418638463052,0.8406297664505832,0.0,0.05111967613630763,100.0,46.000860277065655,0.0,0.0,24.325666783590812,216.78326644595413
11,scarce,107.98884040773609,65.51336086439754,18.95643374488055,0.3906050633409463,4.501591637329599,2226.9619355663126,0.6827842227697598,3,0,0,33,7,0,0.6365831851775237,0.8395995249468878,0.0,0.05111976304503088,100.0,46.00093848327386,0.0,0.0,24.325666783590812,207.99636069366306
12,scarce,107.77630914350914,65.2941840480141,19.044662658177618,0.40552557233177,4.538997599508603,2184.8263158920345,0.6754394817480563,3,0,0,33,7,0,0.6564312259898383,0.838547450598299,0.0,0.051119849953606376,100.0,46.0010166893491,0.0,0.0,24.325666783590812,208.10661012596074
13,scarce,107.54966167967572,65.0640618150728,19.144514431136997,0.4185440172163799,4.647006401854165,2156.0413006930103,0.6676361731564985,4,0,0,33,7,0,0.6740076266505148,0.8374760422089835,0.0,0.051119936862034115,100.0,46.00109489529138,0.0,0.0,24.325666783590812,207.9138163133817
14,scarce,107.30806916600469,64.8229614043433,19.257209823795428,0.43207708147290363,4.7178887019888585,2126.199646348774,0.659387894931528,5,0,0,33,7,0,0.6891155631701732,0.8363880150894962,0.0,0.05112002377031412,100.0,46.001173101100726,0.0,0.0,24.325666783590812,208.04358269729687
15,scarce,107.05299804707829,64.57037843019346,19.38272214514014,0.44603461101678543,4.701021220179809,2094.939725962773,0.6507559597874977,4,0,0,33,7,0,0.7029318284522226,0.8352847900781988,0.0,0.051120110678446344,100.0,46.00125130677708,0.0,0.0,24.325666783590812,207.99832625889493
16,scarce,106.78511927492443,64.30731365004708,19.521658879747996,0.45770834142780176,4.666342973089802,2061.904871600025,0.6416720269309238,4,0,0,33,7,0,0.715017518865127,0.8341682708074473,0.0,0.051120197586430834,100.0,46.001329512320495,0.0,0.0,24.325666783590812,207.7509192436528
17,scarce,106.50409178091274,64.03570591736866,19.67524561630124,0.46871949798492757,4.557755064265789,2027.6263966366132,0.6417504808199284,4,0,0,33,7,0,0.7259631603727179,0.8330397113310373,0.0,0.05112028449426755,100.0,46.001407717730935,0.0,0.0,24.325666783590812,207.57622629517127
18,scarce,106.22153938334687,63.75290854627586,19.8331888460714,0.48498596779483105,4.441031604819542,1991.2144683652295,0.6446768778322911,4,0,0,32,8,0,0.7264852342463402,0.8319105775733663,0.0,0.051120371401956535,100.0,46.00148592300843,0.0,0.0,24.325666783590812,207.87415534090525
19,scarce,105.94271128466895,63.476577905907014,19.985959904871624,0.49647033986574657,4.41040629776501,1998.2273530579005,0.6675646690442191,5,0,0,31,9,0,0.7168391774008269,0.8307920544782255,0.0,0.05112045830949777,100.0,46.00156412815298,0.0,0.0,24.325666783590812,216.7844103957619
20,scarce,105.66489966584308,63.2082215222022,20.143361667534304,0.45024529218777165,4.401621412146708,2023.9207392366843,0.6978621367162376,4,0,0,31,9,0,0.7160954710605179,0.8296743494600587,0.0,0.05112054521689123,100.0,46.00164233316455,0.0,0.0,24.325666783590812,212.84408972184337
21,scarce,105.38711009057297,62.960157834720235,20.301551881886247,0.4317132415714072,4.381835329787196,2050.294150376074,0.7290181091282145,4,0,0,30,10,0,0.7111508791863621,0.8285620834929539,0.0,0.05112063212413695,100.0,46.00172053804317,0.0,0.0,24.325666783590812,212.30553502130698
22,scarce,105.11372679835503,62.72336214630137,20.468596619963346,0.39471782125479277,4.382806675769821,2088.6172683901023,0.759602103609678,5,0,0,30,10,0,0.7114818007731014,0.8274494535121034,0.0,0.05112071903123492,100.0,46.001798742788836,0.0,0.0,24.325666783590812,206.94794524790314
23,scarce,104.84637102026291,62.49381029887603,20.640087472745286,0.39311590856063505,4.369074486400042,2125.14165709979,0.7923502693196807,5,0,0,36,4,0,0.7262589705704324,0.826320568644476,0.0,0.051120805938185125,100.0,46.001876947401534,0.0,0.0,24.325666783590812,206.9191215769582
24,scarce,104.58419227005577,62.271210229857545,20.819319687608704,0.3862582681501516,4.333922808269436,2160.969431968151,0.8268343373787186,6,0,0,36,4,0,0.7376915399282457,0.8251791079505548,0.0,0.051120892844987595,100.0,46.00195515188129,0.0,0.0,24.325666783590812,206.4416923250613
25,scarce,104.33108768791624,62.05867968429078,21.006988989728534,0.3757384946387837,4.3281873446417425,2206.6559768314764,0.8630814143666302,5,0,0,37,3,0,0.7464667731583539,0.8240279945000808,0.0,0.05112097975164231,100.0,46.00203335622808,0.0,0.0,24.325666783590812,205.93184894897345
26,scarce,104.08729848583405,61.85659242580583,21.205797579928145,0.3644124084900209,4.376815594234349,2262.6537620052695,0.9011977305821848,5,0,0,37,3,0,0.7534047740655833,0.8228692492486085,0.0,0.051121066658149264,100.0,46.002111560441925,0.0,0.0,24.325666783590812,205.3610989740203
27,scarce,103.85564235828372,61.66732167059415,21.41590370722733,0.3466989918300286,4.425449290783873,2322.815175052565,0.9414990458037346,6,0,0,37,3,0,0.7578662788865937,0.8217055963418332,0.0,0.051121153564508484,100.0,46.00218976452281,0.0,0.0,24.325666783590812,204.87349661113748
28,scarce,103.63636887604494,61.49032895590314,21.637351316091912,0.3282732154715684,4.462400041922741,2385.0829133075567,0.9839490366546584,7,0,0,37,3,0,0.7615235084906772,0.8205379204824934,0.0,0.051121240470719954,100.0,46.00226796847075,0.0,0.0,24.325666783590812,204.31161164298132
29,scarce,103.41693363104942,61.323155515445855,21.85674254599069,0.3099570433553721,4.4901737439919405,2441.196839507742,1.0252162216830558,7,0,0,36,4,0,0.7514744876613857,0.819381298546066,0.0,0.051121327376783654,100.0,46.002346172285705,0.0,0.0,24.325666783590812,211.97643347545463
30,scarce,103.20339329980524,61.16932707424262,22.082732341134328,0.3073190676156047,4.638008084354963,2494.692967390263,1.0499637122277312,6,0,0,36,4,0,0.7502808679938722,0.8182259895912726,0.0,0.05112141428269962,100.0,46.00242437596773,0.0,0.0,24.325666783590812,210.07995829766702
31,scarce,102.99774404917957,61.02734588127804,22.289897840472637,0.2844963771722151,4.775037499975673,2532.360577499516,1.0670294736974966,6,0,0,34,6,0,0.727052946602415,0.81709623135001,0.0,0.05112150118846783,100.0,46.00250257951679,0.0,0.0,24.325666783590812,200.25966995427888
32,scarce,102.80647559858267,60.9003239014332,22.495060610372644,0.2409534842357026,4.976422664659971,2579.4469827621033,1.0730281069728171,6,0,0,34,6,0,0.722179066869782,0.8159718343764533,0.0,0.0511215880940883,100.0,46.0025807829329,0.0,0.0,24.325666783590812,198.7437059042831
33,scarce,102.62907532062998,60.79188684696197,22.705907281060547,0.22336590418653565,5.136009817830052,2622.382393491913,1.0572024195860148,6,0,0,34,6,0,0.7246521674884961,0.814844716992216,0.0,0.05112167499956101,100.0,46.002658986216055,0.0,0.0,24.325666783590812,198.01074924713322
34,scarce,102.45634619601483,60.70473129968296,22.91229483650201,0.2074665883751358,5.294342046862466,2673.5087136892907,1.0332819440673566,5,0,0,34,6,0,0.7147484598578844,0.8137284936863722,0.0,0.05112176190488599,100.0,46.002737189366265,0.0,0.0,24.325666783590812,205.59693829898964
35,scarce,102.30312247209258,60.65169611163391,23.11158124680329,0.22160122469971227,5.475192893636051,2714.6032390770415,1.0125196937456105,5,0,0,33,7,0,0.697480304498128,0.8126312653514244,0.0,0.0511218488100632,100.0,46.00281539238351,0.0,0.0,24.325666783590812,201.28492253634977
36,scarce,102.17047450563817,60.62619989622908,23.313363450120892,0.19149488147139468,5.645539711158177,2765.4826178243457,0.9935807535285303,6,0,0,33,7,0,0.6968790647761421,0.8115346983801708,0.0,0.05112193571509267,100.0,46.0028935952678,0.0,0.0,24.325666783590812,197.9452564537162
37,scarce,102.04766775364544,60.63139667393567,23.513176653821006,0.15815115850807782,5.735673897939347,2815.295303424944,0.9753656326563905,8,0,0,33,7,0,0.6921359536937558,0.8104433488311074,0.0,0.0511220226199744,100.0,46.002971798019146,0.0,0.0,24.325666783590812,195.99791164333163
38,scarce,101.9387709673342,60.66226970737783,23.719597104857264,0.15396857606367878,5.635946141201532,2871.420342718644,0.9665391063569052,9,0,0,33,7,0,0.6947619970195914,0.809349110634386,0.0,0.05112210952470838,100.0,46.00305000063754,0.0,0.0,24.325666783590812,187.17654527425557
39,scarce,101.86611856637111,60.70818874374081,23.91447312592668,0.15953244699715535,5.4111424888808335,2912.9143844702776,0.9609287546531436,8,0,0,31,9,0,0.6774569285328188,0.8082739080129999,0.0,0.051122196429294615,100.0,46.003128203122984,0.0,0.0,24.325666783590812,186.15002419189472
40,scarce,101.80102564845805,60.763777358322685,24.083366063104044,0.1503741291035317,5.204982879425434,2926.6694517821525,0.9533015240730643,8,0,0,29,11,0,0.6488187430642445,0.807230207395629,0.0,0.0511222833337331,100.0,46.003206405475474,0.0,0.0,24.325666783590812,192.6255635547915
41,scarce,101.75235632808733,60.81840952315821,24.234541793713564,0.12607430774665412,5.0849958229391685,2919.646964960244,0.9454635520141995,9,0,0,28,12,0,0.6368294657384979,0.8061996949833168,0.0,0.05112237023802384,100.0,46.00328460769501,0.0,0.0,24.325666783590812,188.46700031991492
42,scarce,101.71858514118158,60.87344639598395,24.38288577458759,0.11208625142880181,5.093968915797694,2906.1496901699284,0.9488434995101307,10,0,0,28,12,0,0.6454530545999958,0.8051596966232568,0.0,0.05112245714216683,100.0,46.003362809781585,0.0,0.0,24.325666783590812,187.23965297333126
43,scarce,101.6914439534288,60.921623052795816,24.523048732562305,0.0888245330173513,5.144698056747837,2894.465185277819,0.9518985093157816,10,0,0,27,13,0,0.6434657109779643,0.804121884341181,0.0,0.05112254404616207,100.0,46.00344101173521,0.0,0.0,24.325666783590812,185.62822523818363
44,scarce,101.67239114883134,60.97202815461088,24.663833390574105,0.06537700074584094,5.076181217594977,2886.1558161519933,0.9549636792296741,9,0,0,27,13,0,0.646626124968439,0.8030805956037156,0.0,0.05112263095000958,100.0,46.0035192135559,0.0,0.0,24.325666783590812,201.37844429773094
45,scarce,101.659049309565,61.02630372580048,24.809760957952513,0.061699454750116574,4.9845671891992405,2889.1554080817878,0.9584986206748475,9,0,0,28,12,0,0.6538200057567831,0.8020313935973832,0.0,0.05112271785370934,100.0,46.00359741524363,0.0,0.0,24.325666783590812,200.25730306354063
46,scarce,101.64717669063674,61.095101172413685,24.958902780388335,0.07633040563871732,4.82575422283061,2888.912231305687,0.9665045728209306,7,0,0,27,13,0,0.6486735760733268,0.8009878526637026,0.0,0.051122804757261345,100.0,46.003675616798404,0.0,0.0,24.325666783590812,200.33521094240842
47,scarce,101.66293492069535,61.16020261666114,25.079376246545394,0.10337118088022429,4.747735105469031,2872.069496247699,0.9710860813716938,8,0,0,26,14,0,0.6179648257720268,0.7999780913553535,0.0,0.051122891660665616,100.0,46.00375381822024,0.0,0.0,24.325666783590812,191.19221285294225
48,scarce,101.68583125384824,61.236411876280975,25.176414109517793,0.13684918752094707,4.65167033970466,2841.5816829945907,0.9740499948047584,10,0,0,25,15,0,0.6017218279077234,0.7989861973446548,0.0,0.05112297856392214,100.0,46.00383201950912,0.0,0.0,24.325666783590812,189.7309955862441
49,scarce,101.71377864515011,61.32099897868308,25.26577647982658,0.14443575669051847,4.496513290531938,2812.8045149079553,0.9760019698549879,10,0,0,25,15,0,0.608069275762318,0.7979873211413163,0.0,0.05112306546703092,100.0,46.00391022066505,0.0,0.0,24.325666783590812,189.50991770393503
50,scarce,101.75950531289388,61.41612949299762,25.339347769382716,0.15417943943160428,4.378019602601678,2779.7177531939087,0.9859775144780001,10,0,0,25,15,0,0.6073553034837064,0.7969892303074844,0.0,0.05112315236999196,100.0,46.00398842168803,0.0,0.0,24.325666783590812,189.28933435866992
51,scarce,101.81905707414818,61.52037563477826,25.40354824573938,0.1805274585276558,4.211416719885362,2741.1740559661266,1.0003462034947885,10,0,0,27,13,0,0.6159663710819793,0.7959816672992941,0.0,0.05112323927280525,100.0,46.00406662257806,0.0,0.0,24.325666783590812,197.4040581062795
52,scarce,101.88821320084998,61.63405100771918,25.4615003960129,0.19919183721643569,3.973199349733831,2727.022467442752,1.0051540234085805,10,0,0,27,13,0,0.6266776358769313,0.7949623218998294,0.0,0.05112332617547081,100.0,46.00414482333515,0.0,0.0,24.325666783590812,196.63112056314213
53,scarce,101.96659906615804,61.75372017359507,25.515803407703313,0.2131611285724454,4.026570183144029,2724.610755510883,1.0047032468493355,9,0,0,28,12,0,0.6367758008373293,0.7939318685189084,0.0,0.051123413077988615,100.0,46.004223023959284,0.0,0.0,24.325666783590812,178.21539341224099
54,scarce,102.04588083638218,61.86405204098344,25.551889616555357,0.22582529720736927,4.223011640253319,2725.1260880484188,0.9893676113264309,9,0,0,26,14,0,0.6278850879880831,0.7929111949221215,0.0,0.05112349998035868,100.0,46.004301224450465,0.0,0.0,24.325666783590812,169.08778858232688
55,scarce,102.1322951509916,61.97337501226484,25.575414151628244,0.22669458898707717,4.459384690026107,2735.6538074755663,0.9613259310886231,8,0,0,28,12,0,0.6327171955597711,0.7918852060070057,0.0,0.05112358688258101,100.0,46.00437942480871,0.0,0.0,24.325666783590812,160.43021021964094
56,scarce,102.23061325677034,62.08641963863587,25.591887284113046,0.23259323460058173,4.533087762626804,2753.4943181160925,0.9341884895295194,8,0,0,30,10,0,0.6446943479236878,0.7908460422242897,0.0,0.05112367378465559,100.0,46.00445762503401,0.0,0.0,24.325666783590812,160.7607224061783
57,scarce,102.32311452834759,62.18320965591498,25.576470135653288,0.22934771144779165,4.556140598975997,2763.276778496711,0.9125508955785339,7,0,0,28,12,0,0.6275853828446829,0.7898256983031604,0.0,0.05112376068658243,100.0,46.00453582512634,0.0,0.0,24.325666783590812,179.56039650623347
58,scarce,102.41731829922136,62.27333898140937,25.543887868588136,0.19511143002247372,4.658330740866643,2774.8558152872138,0.8933354142336647,6,0,0,28,12,0,0.629744711497308,0.7888029791205134,0.0,0.051123847588361526,100.0,46.004614025085736,0.0,0.0,24.325666783590812,181.9769064120428
59,scarce,102.52186438871354,62.35200316536448,25.49320346375203,0.20505524045423726,4.761898203769592,2774.088308802544,0.8757263912504557,6,0,0,28,12,0,0.6325450476455118,0.7877771795681033,0.0,0.05112393448999289,100.0,46.00469222491219,0.0,0.0,24.325666783590812,182.83296874172342
60,scarce,102.63355434231116,62.427404018750835,25.407901006391945,0.22263762826275688,4.689432713497396,2755.676237851876,0.8661134564120759,7,0,0,26,14,0,0.6120565901308523,0.7867739173189595,0.0,0.05112402139147651,100.0,46.004770424605695,0.0,0.0,24.325666783590812,182.59596607772556
61,scarce,102.75170662906444,62.50556249964436,25.307007681665343,0.220102653245174,4.650560039231078,2738.8240944650097,0.8577137599296011,7,0,0,26,14,0,0.6098034440158863,0.785773133530542,0.0,0.05112410829281239,100.0,46.00484862416625,0.0,0.0,24.325666783590812,177.39670558059703
62,scarce,102.87338015208238,62.59707322222113,25.193765106108007,0.23167304488432064,4.723198370158292,2729.5737399455174,0.8596577976433809,7,0,0,26,14,0,0.6189964327424518,0.7847622374545253,0.0,0.05112419519400052,100.0,46.004926823593856,0.0,0.0,24.325666783590812,194.9171495649212
63,scarce,102.99126177585364,62.69911325519401,25.065193545299728,0.2355556026941399,4.881990491847512,2734.8890969155327,0.8796326246019779,8,0,0,28,12,0,0.6238840854329144,0.783745964960549,0.0,0.05112428209504093,100.0,46.005005022888525,0.0,0.0,24.325666783590812,187.11250302432092
64,scarce,103.11054324250374,62.81141921853879,24.928830515556477,0.23886445772028106,5.04326389004199,2734.9540577257285,0.9087644789275108,9,0,0,29,11,0,0.634386142847549,0.7827181402034168,0.0,0.05112436899593358,100.0,46.00508322205024,0.0,0.0,24.325666783590812,188.2616734372839
65,scarce,103.2360231739051,62.93357495474169,24.794521902568313,0.243049306603824,5.139712487065785,2730.204470428871,0.9391186730517284,8,0,0,29,11,0,0.6451527792947225,0.7816784721461927,0.0,0.0511244558966785,100.0,46.00516142107901,0.0,0.0,24.325666783590812,189.03535062151983
66,scarce,103.37043837334015,63.064214397724484,24.66392508022912,0.24944994546979388,5.239898865059677,2722.128646904086,0.9702789773120344,7,0,0,31,9,0,0.6571719079769036,0.780625583047418,0.0,0.05112454279727569,100.0,46.005239619974844,0.0,0.0,24.325666783590812,190.20910842389372
67,scarce,103.50589203449195,63.19593291557105,24.527766611520185,0.2597421879600556,5.288804755404433,2713.5496504464245,0.9954043537536033,7,0,0,30,10,0,0.6561392092735682,0.7795738299172171,0.0,0.051124629697725125,100.0,46.00531781873772,0.0,0.0,24.325666783590812,182.49305918721203
68,scarce,103.63966240984696,63.32629062906987,24.38367657228857,0.2522758146072225,5.280763904180491,2701.9581947626793,1.0177998729383364,6,0,0,29,11,0,0.6519810772602112,0.7785266507322308,0.0,0.05112471659802684,100.0,46.005396017367666,0.0,0.0,24.325666783590812,192.3927304647415
69,scarce,103.78510241716587,63.45349092450535,24.233409603888077,0.2531871074285675,5.226211024230685,2701.517430173204,1.0391759005000538,6,0,0,28,12,0,0.6475378050810774,0.7774843591466417,0.0,0.05112480349818081,100.0,46.00547421586467,0.0,0.0,24.325666783590812,192.22973618048428
70,scarce,103.94262930803438,63.58376536994789,24.08302405567204,0.26652702122900024,5.234087861740897,2697.0985868227,1.0692825213489587,5,0,0,30,10,0,0.6548952013126935,0.7764339744251977,0.0,0.05112489039818704,100.0,46.00555241422872,0.0,0.0,24.325666783590812,164.13995751950657
71,scarce,104.12486843378592,63.713651563869334,23.924355889949123,0.2751893614070866,5.319665225423708,2706.249179842336,1.1014547054253043,6,0,0,29,11,0,0.6483866471733611,0.775390749113307,0.0,0.051124977298045535,100.0,46.005630612459825,0.0,0.0,24.325666783590812,163.18679798497087
72,scarce,104.32689489413035,63.84735327853944,23.766390387080794,0.32375105862232,5.447746447014084,2710.051949628454,1.1285327019257008,6,0,0,29,11,0,0.6508794967275472,0.7743447816669067,0.0,0.05112506419775629,100.0,46.00570881055799,0.0,0.0,24.325666783590812,168.29305223940418
73,scarce,104.53096874155055,63.99068552467704,23.602763854796194,0.33102570882446875,5.505228182746942,2699.482515877986,1.1527782734431824,5,0,0,30,10,0,0.6547488122109385,0.7732945579734747,0.0,0.051125151097319306,100.0,46.00578700852321,0.0,0.0,24.325666783590812,168.24910662286118
74,scarce,104.75556930874302,64.14247197368832,23.431555834640683,0.3548126121106346,5.559461077110757,2685.5648033394464,1.175776481851254,4,0,0,29,11,0,0.6519295509813837,0.7722474354673953,0.0,0.051125237996734595,100.0,46.00586520635549,0.0,0.0,24.325666783590812,168.51653601121106
75,scarce,104.99436528303595,64.30111891457872,23.262679785521538,0.38055474745685536,5.578356925071666,2668.3954228094954,1.2076051696214085,3,0,0,30,10,0,0.6592562514657544,0.7711922535907829,0.0,0.05112532489600215,100.0,46.005943404054825,0.0,0.0,24.325666783590812,168.43451263574448
76,scarce,105.26318545614745,64.4724050043116,23.08360827114651,0.4071621938146683,5.546285803783727,2647.8839155729656,1.2451006412241985,4,0,0,31,9,0,0.655989935310146,0.7701406646619416,0.0,0.05112541179512195,100.0,46.006021601621214,0.0,0.0,24.325666783590812,167.7880392283405
77,scarce,105.54264328327251,64.64496461102411,22.894257798536437,0.44628196613229704,5.428768567000526,2619.940125523375,1.271091031992988,4,0,0,30,10,0,0.6502052753208778,0.7690954388590887,0.0,0.05112549869409403,100.0,46.006099799054674,0.0,0.0,24.325666783590812,166.58688340009013
78,scarce,105.83239737219758,64.82231914133283,22.705760885983544,0.46237601234623693,5.298770318717875,2592.1436171728856,1.2926549987344567,4,0,0,31,9,0,0.6596105379961855,0.7680398672672929,0.0,0.05112558559291838,100.0,46.00617799635519,0.0,0.0,24.325666783590812,166.11426789430845
79,scarce,106.1191407189286,65.01658754493978,22.509558205212148,0.4572371451706902,5.193641903824004,2557.093360021492,1.3067680239895803,5,0,0,31,9,0,0.6577009048914533,0.7669863962719123,0.0,0.051125672491594984,100.0,46.00625619352275,0.0,0.0,24.325666783590812,166.5963210392054
80,scarce,106.40900001053345,65.21972510347467,22.317313502197983,0.4423689434123051,5.062556783135811,2513.8104074944276,1.2957891235734091,5,0,0,31,9,0,0.664492884478239,0.7659254540989863,0.0,0.051125759390123864,100.0,46.006334390557384,0.0,0.0,24.325666783590812,157.05810451281803
81,scarce,106.7041688774113,65.43274898521764,22.13545321769997,0.4464950915144344,4.980072582890211,2473.162041975913,1.2845832342045802,5,0,0,31,9,0,0.674840436011592,0.7648531296193735,0.0,0.051125846288504986,100.0,46.00641258745905,0.0,0.0,24.325666783590812,147.70813218771536
82,scarce,107.00485999548883,65.65549577448094,21.96696712076889,0.45724865308270923,4.978922079822391,2429.665239459646,1.2737771267615694,5,0,0,31,9,0,0.6828805661779068,0.7637719609965778,0.0,0.0511259331867384,100.0,46.00649078422781,0.0,0.0,24.325666783590812,138.7937600151495
83,scarce,107.31011867073781,65.88775362737994,21.81138659447324,0.4713548354303286,4.970687254529942,2392.860889844953,1.2639806606001633,5,0,0,32,8,0,0.691515082880291,0.7626812944054094,0.0,0.051126020084824066,100.0,46.00656898086361,0.0,0.0,24.325666783590812,139.12393569390628
84,scarce,107.61913595600413,66.12624691713498,21.669770426481808,0.48194840701065333,4.9066522318030295,2379.4101685483693,1.2604891359732076,6,0,0,33,7,0,0.6997164291149899,0.761581606333383,0.0,0.05112610698276201,100.0,46.006647177366474,0.0,0.0,24.325666783590812,130.5205876217444
85,scarce,107.92623059881096,66.36229710474846,21.530507751064466,0.491023388137588,4.8176184777507185,2368.0083218460422,1.2613621796470107,6,0,0,33,7,0,0.6965286108130062,0.7604854248614887,0.0,0.051126193880552215,100.0,46.00672537373641,0.0,0.0,24.325666783590812,122.22732398097637
86,scarce,108.23319085433415,66.59786620125865,21.401465510906746,0.48627305737443527,4.7994168856437325,2374.6106378325203,1.2649840173624212,7,0,0,33,7,0,0.6995083954711039,0.7593859656264705,0.0,0.051126280778194685,100.0,46.00680356997339,0.0,0.0,24.325666783590812,96.3489630379056
87,scarce,108.54325927577304,66.8343551444548,21.28352381994502,0.483024986932916,4.826283217766177,2379.642535920517,1.2837818192120607,7,0,0,34,6,0,0.7078623159642523,0.7582773170789098,0.0,0.05112636767568943,100.0,46.00688176607744,0.0,0.0,24.325666783590812,97.1374320176574
88,scarce,108.85886967867225,67.06730229327725,21.18387784078579,0.4863975702100068,4.81540189773415,2385.0926827786534,1.271961544239882,6,0,0,33,7,0,0.7109348606445208,0.7571652887322008,0.0,0.05112645457303643,100.0,46.00695996204854,0.0,0.0,24.325666783590812,97.22031531674105
89,scarce,109.17708179933406,67.30127297933674,21.10150560360693,0.4894018420954183,4.829738464591964,2388.5719545579122,1.2548856313468786,5,0,0,34,6,0,0.7171783049930504,0.7560463925967085,0.0,0.051126541470235716,100.0,46.00703815788672,0.0,0.0,24.325666783590812,97.55139381445034
90,scarce,109.49881487714512,67.54062451860324,21.035537814673454,0.4954516293388923,4.989918971080139,2399.9240879958234,1.2396499926345195,5,0,0,35,5,0,0.724392270593275,0.754919561099056,0.0,0.05112662836728725,100.0,46.00711635359194,0.0,0.0,24.325666783590812,98.20500799640675
91,scarce,109.82113612723103,67.79346073083047,20.979879624441235,0.5040220946648698,5.097676486865681,2404.55882630658,1.2361223361682556,6,0,0,34,6,0,0.7209981965251702,0.7537964630828782,0.0,0.051126715264191075,100.0,46.00719454916424,0.0,0.0,24.325666783590812,108.51814758012647
92,scarce,110.14493999531362,68.0562818587936,20.941961493968062,0.5245688030841635,5.138388704727973,2403.2188346890835,1.2371528457232583,7,0,0,35,5,0,0.7251988185546081,0.7526687443824681,0.0,0.05112680216094716,100.0,46.0072727446036,0.0,0.0,24.325666783590812,110.39410414392356
93,scarce,110.46814285696541,68.32257442868033,20.92435913135341,0.5231649360924235,5.095421794402079,2407.3735750713313,1.2404957263056113,7,0,0,36,4,0,0.7342951056718657,0.751531019766229,0.0,0.051126889057555504,100.0,46.007350939910005,0.0,0.0,24.325666783590812,111.70334234035863
94,scarce,110.77682904790295,68.58183464736788,20.923221856435152,0.5148603969271996,5.013597478923434,2397.8871629046334,1.2262380590700799,6,0,0,35,5,0,0.7285065841653644,0.7503996625236471,0.0,0.051126975954016135,100.0,46.00742913508349,0.0,0.0,24.325666783590812,112.8972875878922
95,scarce,111.07312433502462,68.83889806099376,20.945999299394238,0.494979184379624,4.885337897677663,2380.2813788227577,1.1977944653783836,8,0,0,36,4,0,0.7320845494371218,0.7492643695192663,0.0,0.051127062850329016,100.0,46.00750733012402,0.0,0.0,24.325666783590812,123.52290885508444
96,scarce,111.36164513349316,69.09356717080898,20.994113602074368,0.4777807467090148,4.782154248151056,2362.1843437480275,1.167326671061313,9,0,0,36,4,0,0.7383886088067321,0.7481221420495789,0.0,0.05112714974649419,100.0,46.00758552503164,0.0,0.0,24.325666783590812,133.6754559084879
97,scarce,111.63911445712384,69.34425134408386,21.07384956791963,0.4659085421111611,4.810357295297814,2359.6065755699165,1.1508552431779924,8,0,0,35,5,0,0.7389664824164628,0.7469792789189208,0.0,0.05112723664251162,100.0,46.0076637198063,0.0,0.0,24.325666783590812,134.34199107120247
98,scarce,111.90580269451941,69.58945717668854,21.18196069149524,0.44922412069973233,4.984608675297805,2361.5301592372125,1.1415430809377018,7,0,0,35,5,0,0.7410106145319721,0.7458341672429357,0.0,0.05112732353838133,100.0,46.00774191444803,0.0,0.0,24.325666783590812,135.10425084508424
99,scarce,112.15787666106726,69.83701940688503,21.320921180013254,0.4396564421279431,5.103816422667454,2372.563637031162,1.1319727017796244,8,0,0,34,6,0,0.7359763523628221,0.7446945932553366,0.0,0.0511274104341033,100.0,46.007820108956835,0.0,0.0,24.325666783590812,145.2707527276794
100,scarce,112.39803587039205,70.08452102815292,21.485480751248566,0.43053046755012586,5.199153576290317,2390.404837983486,1.122040220838111,8,0,0,34,6,0,0.7355165830732419,0.7435555250139559,0.0,0.05112749732967754,100.0,46.00789830333268,0.0,0.0,24.325666783590812,155.10200129985256
101,scarce,112.62525607200216,70.33298146872644,21.673295939701852,0.42560361088383647,5.268829700681669,2417.675659846187,1.1121215297730382,8,0,0,35,5,0,0.7377532560046172,0.7424139964323508,0.0,0.051127584225104064,100.0,46.00797649757561,0.0,0.0,24.325666783590812,147.29335226429606
102,scarce,112.82183601915096,70.57636444514148,21.87122388167719,0.42227957532744453,5.33900362525974,2438.8843081719897,1.0907570684219952,7,0,0,33,7,0,0.7190787722637274,0.7412930097828608,0.0,0.051127671120382856,100.0,46.0080546916856,0.0,0.0,24.325666783590812,148.23924204368927
103,scarce,112.99521624309901,70.81400222119859,22.0835786805657,0.4106075464884258,5.332874010480158,2468.824036539976,1.0639757302525623,7,0,0,33,7,0,0.7139568122248191,0.7401776572894134,0.0,0.051127758015513926,100.0,46.00813288566266,0.0,0.0,24.325666783590812,142.21287180280382
104,scarce,113.14490384544024,71.04951760833828,22.313311756550718,0.38216241271536494,5.294050123683705,2521.748645233103,1.0385759339349045,7,0,0,33,7,0,0.7140880559522943,0.739062160427866,0.0,0.05112784491049726,100.0,46.00821107950678,0.0,0.0,24.325666783590812,135.332902990342
105,scarce,113.27655367419645,71.27984505496772,22.557573081989503,0.36372912525342,5.185504213962929,2594.63580237735,1.0332935846373805,7,0,0,33,7,0,0.7159080982199609,0.7379446615198241,0.0,0.05112793180533287,100.0,46.00828927321797,0.0,0.0,24.325666783590812,145.90013581187114
106,scarce,113.4180193008197,71.504945322573,22.790906086315722,0.35255224841372307,4.934751959885062,2656.0705560133247,1.0213706489240373,5,0,0,31,9,0,0.6966287162448268,0.7368483699319548,0.0,0.05112801870002075,100.0,46.00836746679621,0.0,0.0,24.325666783590812,146.67323227237426
107,scarce,113.56241549423699,71.72615224331257,23.02384103978528,0.35319466698766344,4.710373190978557,2705.674012002826,1.0063238575114308,8,0,0,32,8,0,0.6945389302597992,0.735754377108669,0.0,0.0511281055945609,100.0,46.00844566024153,0.0,0.0,24.325666783590812,147.36590137109448
108,scarce,113.70187589945161,71.94225605819928,23.26175817628681,0.3541613421401983,4.682653263521059,2750.5726589134065,0.993135070656422,8,0,0,32,8,0,0.698433223492531,0.7346561005628272,0.0,0.05112819248895333,100.0,46.0085238535539,0.0,0.0,24.325666783590812,147.96068527019003
109,scarce,113.84636414487947,72.14390294791116,23.493207919604373,0.3405024523748454,4.759009348832558,2796.106870374264,0.994972863050061,8,0,0,31,9,0,0.6893498450032789,0.7335678157333236,0.0,0.05112827938319804,100.0,46.00860204673336,0.0,0.0,24.325666783590812,149.09132713605186
110,scarce,113.98894638770176,72.3285195446759,23.717757499288854,0.30644969804277516,4.800669144367666,2830.998625817254,0.9959746502855265,7,0,0,31,9,0,0.6830582461848027,0.7324864516625202,0.0,0.05112836627729502,100.0,46.00868023977988,0.0,0.0,24.325666783590812,143.5802039403731
111,scarce,114.12459017077965,72.49679943853378,23.917857196342993,0.2928557142614327,4.791050706930416,2828.712406030816,1.0065067835632437,6,0,0,29,11,0,0.6600579255961595,0.7314303879443645,0.0,0.05112845317124428,100.0,46.00875843269347,0.0,0.0,24.325666783590812,144.81763929533105
112,scarce,114.25755167474021,72.65463282912117,24.10900095949262,0.25916291934443797,4.805509826605274,2806.798107448336,1.0216923136140263,8,0,0,29,11,0,0.6559003638278946,0.7303788975441539,0.0,0.0511285400650458,100.0,46.00883662547412,0.0,0.0,24.325666783590812,150.62302144633657
113,scarce,114.37757424056863,72.79434294301946,24.28863053191866,0.23817793086830288,4.726749407395799,2793.788195714267,1.0321236670780298,7,0,0,29,11,0,0.6538565359048336,0.7293296553546584,0.0,0.05112862695869961,100.0,46.00891481812183,0.0,0.0,24.325666783590812,150.20558690001192
114,scarce,114.49168982923797,72.91965861736439,24.467375735962445,0.21938644796317416,4.71416296438395,2776.789415515399,1.0410421963823657,7,0,0,29,11,0,0.6571161157973944,0.7282768276272813,0.0,0.05112871385220569,100.0,46.008993010636615,0.0,0.0,24.325666783590812,159.6485268074146
115,scarce,114.61522624016587,73.03261249636087,24.63528458036823,0.19906314022791807,4.651910567117895,2771.3647537659126,1.049718494530589,7,0,0,29,11,0,0.6504699440682931,0.7272313106888062,0.0,0.05112880074556404,100.0,46.00907120301847,0.0,0.0,24.325666783590812,160.02355682131082
116,scarce,114.73747706666038,73.13791470205437,24.80344965596354,0.201621894020979,4.58466509118975,2775.991564136879,1.0419091816765071,7,0,0,29,11,0,0.6561187687404957,0.7261795800431916,0.0,0.051128887638774684,100.0,46.0091493952674,0.0,0.0,24.325666783590812,168.4745433145826
117,scarce,114.85888308834822,73.23171717406862,24.973045175918962,0.1925356349272161,4.563445645986105,2777.897054616471,1.032355781099037,6,0,0,29,11,0,0.6608488058656944,0.7251226463567395,0.0,0.05112897453183758,100.0,46.009227587383386,0.0,0.0,24.325666783590812,167.617246077578
118,scarce,114.9773816106524,73.31317507464617,25.14145809122097,0.17669697493576936,4.521028907022313,2792.531172425981,1.0312479001997408,6,0,0,31,9,0,0.6681908054397008,0.7240576364707557,0.0,0.05112906142475277,100.0,46.00930577936645,0.0,0.0,24.325666783590812,167.41579233007937
119,scarce,115.07606710554747,73.3796248161323,25.30873429999,0.15548680110250884,4.451789236869004,2806.4305761507203,1.04046542047306,7,0,0,29,11,0,0.6601668683596762,0.72300145291556,0.0,0.05112914831752024,100.0,46.009383971216586,0.0,0.0,24.325666783590812,176.32222032247338
120,scarce,115.17559879223684,73.43748635843754,25.459741554023356,0.14040667581777497,4.376295130216789,2850.726606611315,1.0496948718726313,8,0,0,29,11,0,0.6508210083829941,0.7219555498063388,0.0,0.051129235210139984,100.0,46.00946216293379,0.0,0.0,24.325666783590812,175.82821890357093
121,scarce,115.28227733547843,73.4813393282606,25.590205891219718,0.12670008441483482,4.2885330261448065,2894.713430209704,1.0589339030677907,8,0,0,28,12,0,0.6424368945955274,0.7209188692222838,0.0,0.051129322102612,100.0,46.00954035451805,0.0,0.0,24.325666783590812,175.8758049837861
122,scarce,115.36147532398847,73.53487134861838,25.673824524761848,0.11029372323993779,4.199658050303642,2899.7974823019613,1.0647582932463469,7,0,0,27,13,0,0.6120524843887362,0.7199156114894562,0.0,0.0511294089949363,100.0,46.0096185459694,0.0,0.0,24.325666783590812,176.9236674593085
123,scarce,115.42328215665944,73.58844160798525,25.73364575253778,0.06391560840989431,4.163075829012125,2883.981654691641,1.0690823467519281,8,0,0,27,13,0,0.6092183006841649,0.7189154713587036,0.0,0.05112949588711287,100.0,46.00969673728781,0.0,0.0,24.325666783590812,166.5238832599096
124,scarce,115.48538447178257,73.64102712298742,25.76751432422598,0.04986949658123155,4.20562629806313,2861.491654714846,1.0726274163072016,9,0,0,26,14,0,0.6091492913587404,0.717915407138209,0.0,0.05112958277914172,100.0,46.009774928473284,0.0,0.0,24.325666783590812,174.78490581314878
125,scarce,115.53997386223652,73.69120355344923,25.788139709914038,0.04503189985358807,4.316760504262566,2830.3381081425396,1.0753921092739354,7,0,0,27,13,0,0.6169574978114153,0.7169067538906164,0.0,0.05112966967102286,100.0,46.00985311952584,0.0,0.0,24.325666783590812,174.9474554889536
126,scarce,115.58538663563249,73.73381527051795,25.803541174320095,0.04004930995294401,4.487118378954365,2805.4981586181675,1.077755798062148,7,0,0,28,12,0,0.6276054111730505,0.7158863879383259,0.0,0.05112975656275627,100.0,46.00993131044546,0.0,0.0,24.325666783590812,175.6050600885763
127,scarce,115.6216073190548,73.76733808714394,25.812694410677114,0.02970337831167864,4.611444475354775,2797.3933061347416,1.0805715306492156,7,0,0,30,10,0,0.6389428510416864,0.7148535508021802,0.0,0.05112984345434197,100.0,46.01000950123216,0.0,0.0,24.325666783590812,175.62908436980396
128,scarce,115.64834803598794,73.7986192576905,25.79311088692524,0.010648391179075765,4.711251498742446,2793.722702127139,1.0722744943944167,7,0,0,28,12,0,0.6251535838892451,0.713835881859902,0.0,0.051129930345779936,100.0,46.01008769188593,0.0,0.0,24.325666783590812,175.44405047174786
129,scarce,115.65898558033078,73.83541685151843,25.74706128206204,0.009980765705607658,4.750636653784538,2785.6830359280066,1.0759463530504525,6,0,0,28,12,0,0.6183089862529936,0.7128257419750238,0.0,0.05113001723707019,100.0,46.01016588240676,0.0,0.0,24.325666783590812,175.75332711822466
130,scarce,115.65478529674336,73.8849362133082,25.66804677612646,0.015429758317675398,4.756815754249667,2773.3774529376387,1.095754305788071,6,0,0,26,14,0,0.6018874050884813,0.7118336658294264,0.0,0.05113010412821273,100.0,46.01024407279468,0.0,0.0,24.325666783590812,167.29437442816047
131,scarce,115.65051249369064,73.93802714806682,25.558651124860262,0.06449479434203548,4.67682590664561,2747.5363894591283,1.1106603033583744,6,0,0,26,14,0,0.5924259791511469,0.7108519972523601,0.0,0.05113019101920754,100.0,46.01032226304966,0.0,0.0,24.325666783590812,161.61651611327952
132,scarce,115.64290066285676,73.99242004750998,25.43408909105281,0.06111470438948633,4.642145654942223,2713.0950489440147,1.1235282361500047,6,0,0,26,14,0,0.6017986618604955,0.7098600187243136,0.0,0.05113027791005463,100.0,46.01040045317171,0.0,0.0,24.325666783590812,163.90240788135705
133,scarce,115.626986191029,74.03693536330931,25.307429381382427,0.06271345301408379,4.753821123289592,2671.4824803955853,1.1360602540468154,7,0,0,25,15,0,0.6061561804285003,0.7088632469258422,0.0,0.051130364800754016,100.0,46.01047864316085,0.0,0.0,24.325666783590812,165.34576500275344
134,scarce,115.59825805303467,74.08091703393858,25.180617212175964,0.07479955632814216,4.902810906009988,2634.1460122627395,1.148788601481945,7,0,0,24,16,0,0.6056609220285093,0.7078670199116108,0.0,0.05113045169130567,100.0,46.010556833017056,0.0,0.0,24.325666783590812,165.81811340824265
135,scarce,115.55670617948681,74.12310267991914,25.052992614149353,0.08722663677765215,4.944771550852923,2601.2397409124387,1.1411424778698709,7,0,0,26,14,0,0.6100776805366674,0.7068659344630206,0.0,0.051130538581709614,100.0,46.010635022740324,0.0,0.0,24.325666783590812,157.8554032430005
136,scarce,115.50385680591371,74.17320915857565,24.91308501823191,0.09601129294908435,4.883257196792588,2576.390031780713,1.1215670716639132,7,0,0,26,14,0,0.6061562980217735,0.7058691625351965,0.0,0.05113062547196583,100.0,46.01071321233068,0.0,0.0,24.325666783590812,158.05607027415095
137,scarce,115.44140857088,74.22099810941211,24.766878812533356,0.10512064858679514,4.895703423843921,2548.9323116580636,1.095389333419901,7,0,0,27,13,0,0.6111538191846134,0.7048668933340936,0.0,0.05113071236207433,100.0,46.01079140178809,0.0,0.0,24.325666783590812,158.3345018786584
138,scarce,115.36620979110053,74.26393238154175,24.616260025956144,0.11023366577057976,4.893670984166347,2516.5728624942567,1.0846712044599809,7,0,0,30,10,0,0.6214459326695858,0.7038533028081569,0.0,0.051130799252035126,100.0,46.010869591112595,0.0,0.0,24.325666783590812,168.17107050727967
139,scarce,115.28083505797005,74.29775060151579,24.46589602776979,0.10571356022835046,4.842334163953302,2494.484421237983,1.095863092405986,6,0,0,30,10,0,0.6306979314485439,0.7028295350835635,0.0,0.0511308861418482,100.0,46.01094778030417,0.0,0.0,24.325666783590812,168.58049086762367
140,scarce,115.19870634310982,74.31587432460077,24.302789780188263,0.09824458708273785,4.800325217418501,2478.0144568930846,1.0996880528856792,5,0,0,30,10,0,0.6278408067058185,0.7018089101961872,0.0,0.05113097303151355,100.0,46.01102596936282,0.0,0.0,24.325666783590812,168.83208703347807
141,scarce,115.11395586689244,74.32019787505642,24.13473829140758,0.07417301971409565,4.777512758094597,2465.845683864951,1.099405462145417,7,0,0,30,10,0,0.6328566888074503,0.700782767838499,0.0,0.05113105992103119,100.0,46.01110415828854,0.0,0.0,24.325666783590812,170.41212103553877
142,scarce,115.02469576887351,74.31537800889848,23.966568156202676,0.06567913560417353,4.7174953560274515,2451.868816126749,1.0965410842285224,6,0,0,30,10,0,0.6419584290026157,0.6997466135665962,0.0,0.051131146810401124,100.0,46.01118234708135,0.0,0.0,24.325666783590812,171.45920432512207
143,scarce,114.91855512703842,74.29880373058823,23.791981944302798,0.0820697443576045,4.638578661095323,2440.2789245301537,1.0889553466638682,7,0,0,28,12,0,0.633249885593917,0.6987200386924428,0.0,0.05113123369962332,100.0,46.01126053574122,0.0,0.0,24.325666783590812,180.6932813738191
144,scarce,114.80183400520082,74.27262053162126,23.617125945378575,0.10290254416459123,4.5983452113760634,2419.601519273321,1.079364372751912,6,0,0,30,10,0,0.637428288904273,0.6976888675746481,0.0,0.051131320588697814,100.0,46.01133872426817,0.0,0.0,24.325666783590812,180.43048495306934
145,scarce,114.68500653904002,74.22979188927857,23.442068017377984,0.11923984742471554,4.517327774708857,2386.698261028425,1.0779742564744648,6,0,0,30,10,0,0.6387724674911303,0.6966562178604079,0.0,0.051131407477624596,100.0,46.0114169126622,0.0,0.0,24.325666783590812,180.52549659929497
146,scarce,114.56946210648218,74.1797582627896,23.26888504325394,0.12992377666296467,4.394628590832783,2347.1013123337543,1.0925867399026532,6,0,0,33,7,0,0.6497216362029252,0.6956115240605847,0.0,0.05113149436640366,100.0,46.011495100923305,0.0,0.0,24.325666783590812,181.22780427481825
147,scarce,114.46834496853171,74.12391975685911,23.088809856959806,0.12356313256001816,4.26568182400816,2296.5379338818457,1.1088490722801088,5,0,0,33,7,0,0.6524837260025986,0.6945637919619818,0.0,0.05113158125503501,100.0,46.01157328905149,0.0,0.0,24.325666783590812,180.7883923601256
148,scarce,114.3904148774506,74.06521166814122,22.897834064505,0.09900758950840177,4.228563380423975,2243.977778447581,1.1171966426921724,5,0,0,32,8,0,0.6484940724111852,0.6935204484823295,0.0,0.05113166814351863,100.0,46.01165147704674,0.0,0.0,24.325666783590812,179.27530717060063
149,scarce,114.32516228440781,74.00046337504942,22.708041854408467,0.06279092057997078,4.166417812985989,2198.5284531034704,1.120884235815887,5,0,0,32,8,0,0.6559931068355217,0.6924688560648103,0.0,0.05113175503185457,100.0,46.01172966490908,0.0,0.0,24.325666783590812,176.95105333105093
150,scarce,114.26889120636683,73.93024389021878,22.525319606214275,0.0679819106408593,3.997091715095994,2150.7121358327495,1.1274014691626721,4,0,0,33,7,0,0.6681482800056217,0.6914038929568042,0.0,0.05113184192004277,100.0,46.01180785263849,0.0,0.0,24.325666783590812,176.04756026284642
151,scarce,114.23782098429467,73.84807650248442,22.344468491793343,0.07447661329570256,3.7928555993638837,2094.8764213231334,1.1294206206657613,3,0,0,32,8,0,0.6629038664455136,0.6903446987037142,0.0,0.05113192880808326,100.0,46.011886040234984,0.0,0.0,24.325666783590812,175.43307408820826
152,scarce,114.21305104450812,73.76448883575321,22.176519858162145,0.08996186701293214,3.7274189006623737,2046.6171962843582,1.1225254186407672,3,0,0,32,8,0,0.6586131775120319,0.6892902242084509,0.0,0.051132015695976044,100.0,46.011964227698556,0.0,0.0,24.325666783590812,172.65660292916894
153,scarce,114.19659005815092,73.67561871112551,22.020967447850975,0.12338474892912915,3.6332115266479716,2000.0569137815473,1.1323136921617827,3,0,0,32,8,0,0.6666599095863377,0.688226898307906,0.0,0.05113210258372111,100.0,46.0120424150292,0.0,0.0,24.325666783590812,170.5763639158339
154,scarce,114.20115577685097,73.58353055211322,21.86502944760077,0.1267705226069737,3.5521107436353234,1957.8247330795057,1.1297127668762434,3,0,0,31,9,0,0.6632158152545167,0.6871673609111261,0.0,0.051132189471318465,100.0,46.01212060222692,0.0,0.0,24.325666783590812,178.33102390297495
155,scarce,114.21853948111315,73.48799365519966,21.718194448867393,0.13125248384798807,3.573200340850459,1922.2630151171907,1.1079020882463375,4,0,0,31,9,0,0.6687852785247809,0.6861016971047487,0.0,0.05113227635876812,100.0,46.01219878929174,0.0,0.0,24.325666783590812,176.05493889727708
156,scarce,114.24766603803201,73.38492370462733,21.58501618129455,0.15240525813763195,3.619929124073221,1888.019876112463,1.0855928142187659,4,0,0,32,8,0,0.6783451853751542,0.6850255174008361,0.0,0.05113236324607005,100.0,46.012276976223625,0.0,0.0,24.325666783590812,174.9610657419083
157,scarce,114.28616787972535,73.27433549326017,21.46810172078683,0.16841935628603635,3.6369926054834254,1850.9345736846954,1.0630638463471558,4,0,0,32,8,0,0.6856650763963055,0.6839412858168001,0.0,0.051132450133224275,100.0,46.01235516302259,0.0,0.0,24.325666783590812,183.2436789443994
158,scarce,114.33413311560699,73.15412418573679,21.368884467634484,0.18720289190483236,3.671585133096008,1812.0497353244064,1.0417774677141405,4,0,0,32,8,0,0.6916390343903741,0.6828504828789707,0.0,0.05113253702023078,100.0,46.01243334968863,0.0,0.0,24.325666783590812,183.1328349115101
159,scarce,114.38781361673901,73.02243886720284,21.285655616226233,0.20516870210269256,3.6456699429935577,1770.0734799018464,1.0206633827938536,3,0,0,34,6,0,0.6988332007751867,0.681751766358118,0.0,0.051132623907089586,100.0,46.01251153622176,0.0,0.0,24.325666783590812,182.78513238023544
160,scarce,114.43566543299819,72.88080463042797,21.213527126019407,0.2185349292718889,3.5329948501443154,1725.2517669027511,1.001102521219175,3,0,0,33,7,0,0.6968231227974648,0.6806552609230409,0.0,0.05113271079380067,100.0,46.01258972262196,0.0,0.0,24.325666783590812,181.9881458798738
161,scarce,114.47785848500675,72.74145072894878,21.142749750660652,0.2234871188394199,3.4100756236791314,1691.1999318557064,0.9893550513086244,3,0,0,33,7,0,0.6892742410557836,0.6795670592578794,0.0,0.051132797680364044,100.0,46.01266790888924,0.0,0.0,24.325666783590812,172.90474965543592
162,scarce,114.51851814275388,72.60158769614432,21.081282867131897,0.20850540942652399,3.310094612442343,1676.3006512316206,0.9825291533298465,3,0,0,33,7,0,0.691801784520057,0.6784760772949074,0.0,0.051132884566779724,100.0,46.01274609502362,0.0,0.0,24.325666783590812,164.81854891878837
163,scarce,114.56083566947022,72.46271846032614,21.03057233165021,0.19201572151619817,3.3769932044638424,1677.7444437727972,0.9788492842994548,2,0,0,34,6,0,0.69991529190462,0.6773761704738124,0.0,0.05113297145304768,100.0,46.01282428102507,0.0,0.0,24.325666783590812,165.70467018705173
164,scarce,114.60669456752376,72.32643127272377,20.994312174900017,0.1821213917485284,3.3997272117271726,1675.598173720602,0.9767997559671072,3,0,0,35,5,0,0.707558649167782,0.6762678559597278,0.0,0.051133058339167925,100.0,46.01290246689359,0.0,0.0,24.325666783590812,166.6950662698144
165,scarce,114.65416902552354,72.19393357896574,20.97902677073823,0.1738948503276772,3.348878012700778,1677.2101882594725,0.9750537889218798,3,0,0,35,5,0,0.7135418476923411,0.6751529599272661,0.0,0.05113314522514047,100.0,46.012980652629196,0.0,0.0,24.325666783590812,176.0324593360142
166,scarce,114.70077093269765,72.07368106451112,20.979764289135932,0.1719150057755913,3.38912694409563,1704.9166731213263,0.9671178247898932,2,0,0,34,6,0,0.7081067882597433,0.6740440424601803,0.0,0.0511332321109653,100.0,46.0130588382319,0.0,0.0,24.325666783590812,176.56884774294267
167,scarce,114.74941437375989,71.9596329541974,21.005665428270596,0.1529536630662275,3.6149277261469037,1741.4395044850316,0.9501185291549149,4,0,0,35,5,0,0.7107155318262071,0.6729322553751717,0.0,0.051133318996642425,100.0,46.013137023701674,0.0,0.0,24.325666783590812,177.8251312008696
168,scarce,114.79785735507528,71.84875760150453,21.05584696714999,0.13816363754092945,3.9147578028736163,1783.9869666371815,0.9526970774592463,3,0,0,36,4,0,0.7203317905526145,0.6718098904055637,0.0,0.05113340588217185,100.0,46.013215209038535,0.0,0.0,24.325666783590812,178.33617312816435
169,scarce,114.8388914420718,71.7498788353091,21.117446030899792,0.13014086063863442,4.130146432831504,1819.139558086732,0.9630456719870191,3,0,0,35,5,0,0.7153349172895572,0.6706930219965452,0.0,0.05113349276755355,100.0,46.013293394242474,0.0,0.0,24.325666783590812,178.79945089520734
170,scarce,114.87701573738966,71.66155335859474,21.195365074356904,0.10736775465415196,4.052585253532998,1857.407528684409,0.9964169681821281,3,0,0,36,4,0,0.718648183820818,0.6695725089943423,0.0,0.05113357965278755,100.0,46.01337157931349,0.0,0.0,24.325666783590812,179.72943920500416
171,scarce,114.9161026282973,71.5820060396112,21.292872050482327,0.08904126011084407,3.949362374657048,1903.6885423721615,1.032577704996096,3,0,0,36,4,0,0.7238365550898705,0.6684462887837436,0.0,0.051133666537873844,100.0,46.0134497642516,0.0,0.0,24.325666783590812,180.2231262320228
172,scarce,114.9683816912058,71.50395007532487,21.396603092099518,0.07845595506731642,3.8188576643740477,1936.8407550351585,1.0614715266831152,3,0,0,35,5,0,0.7151627471147712,0.6673296097619172,0.0,0.051133753422812435,100.0,46.013527949056794,0.0,0.0,24.325666783590812,180.6919231685168
173,scarce,115.0225906009703,71.43022975704172,21.51702002543707,0.09687694410073995,3.6516308749827915,1967.1924710586463,1.086218217547744,4,0,0,35,5,0,0.7156930284270377,0.6662123474306474,0.0,0.05113384030760331,100.0,46.01360613372906,0.0,0.0,24.325666783590812,182.529753890121
174,scarce,115.07759409160035,71.36488264586114,21.658311260339737,0.09020120917604607,3.5486640682806865,1996.5577261040635,1.1075819340908133,4,0,0,35,5,0,0.7209211938201868,0.6650893341174452,0.0,0.05113392719224649,100.0,46.013684318268425,0.0,0.0,24.325666783590812,182.93034409718135
175,scarce,115.13090674381958,71.30747582762982,21.821010282966324,0.07652025598390616,3.5291855693671708,2021.7618798495532,1.1389077046555391,3,0,0,35,5,0,0.7257480096906638,0.6639610113067855,0.0,0.05113401407674196,100.0,46.01376250267487,0.0,0.0,24.325666783590812,200.99402167058258
176,scarce,115.18419558154787,71.25937499194906,22.00648565151576,0.06767613161688525,3.5719823198750715,2045.3182890494063,1.1795325783500303,3,0,0,36,4,0,0.7307721977240613,0.662827161889289,0.0,0.051134100961089717,100.0,46.01384068694839,0.0,0.0,24.325666783590812,209.5959916566254
177,scarce,115.22507477743541,71.22828167464093,22.201790027039983,0.05853067703494653,3.4984862923651434,2055.027847448102,1.2091877256885433,3,0,0,36,4,0,0.7212918115504886,0.6617037408965836,0.0,0.05113418784528977,100.0,46.013918871089004,0.0,0.0,24.325666783590812,199.74065239246767
178,scarce,115.25886085011325,71.20912086041004,22.413855004225873,0.029068973904964525,3.3555212083224903,2057.44424240425,1.235033182816843,3,0,0,36,4,0,0.7220317523022434,0.6605795059690511,0.0,0.051134274729342136,100.0,46.01399705509671,0.0,0.0,24.325666783590812,197.06174905613042
179,scarce,115.29823749264283,71.20733838046615,22.618365162373372,0.03150114833457154,3.206015656094227,2047.6938056071012,1.2637732202310223,5,0,0,33,7,0,0.7002997520795236,0.6594791762417636,0.0,0.051134361613246776,100.0,46.01407523897149,0.0,0.0,24.325666783590812,195.02591173140533
180,scarce,115.35584325100055,71.21579231163408,22.81301458571579,0.07667218707423287,3.0055485148946,2048.775137799734,1.2892844742483722,5,0,0,32,8,0,0.6824120352924717,0.6583985230029419,0.0,0.05113444849700372,100.0,46.01415342271336,0.0,0.0,24.325666783590812,192.56024106413474
181,scarce,115.42235520067439,71.23141816202664,23.01336418043575,0.10639202514505885,2.905758901858197,2060.887884874821,1.3128615470946086,4,0,0,32,8,0,0.6826035879377107,0.6573176590562104,0.0,0.05113453538061296,100.0,46.01423160632231,0.0,0.0,24.325666783590812,194.3329482502582
182,scarce,115.50060061724506,71.25802122211363,23.206626410216188,0.12991722127938463,2.967140888197823,2072.536357026205,1.332885948807109,6,0,0,31,9,0,0.6714931861678466,0.6562490165514256,0.0,0.051134622264074496,100.0,46.01430978979836,0.0,0.0,24.325666783590812,185.13802846131838
183,scarce,115.57814697169889,71.30305737632327,23.395269199153013,0.12380164775050177,3.00385474172563,2098.5163240061665,1.350604762645816,7,0,0,30,10,0,0.6622519219712381,0.6551905394372574,0.0,0.05113470914738833,100.0,46.01438797314149,0.0,0.0,24.325666783590812,184.359381212034
184,scarce,115.6597126197048,71.36352094263016,23.59086205623246,0.12811370743289813,3.066869550883343,2139.1895162641013,1.366238476488008,7,0,0,30,10,0,0.6636428336825643,0.6541305323202066,0.0,0.05113479603055446,100.0,46.0144661563517,0.0,0.0,24.325666783590812,182.99098075243302
185,scarce,115.7366197393017,71.43023137407876,23.78865697707225,0.13392472382621196,3.1158640546266447,2189.1435480863584,1.380970915236285,7,0,0,29,11,0,0.655333950664023,0.6530796649744761,0.0,0.051134882913572884,100.0,46.01454433942901,0.0,0.0,24.325666783590812,173.3909054633964
186,scarce,115.83831695067363,71.50972370119021,23.965821000821357,0.14455615559187673,3.143669014735822,2227.650176770927,1.3985051996989233,7,0,0,27,13,0,0.6325281389786911,0.6520538840215996,0.0,0.05113496979644361,100.0,46.0146225223734,0.0,0.0,24.325666783590812,172.10643213142168
187,scarce,115.95744447343425,71.60114835131859,24.140284796947164,0.20921827591198275,3.0234487943172974,2257.753720615241,1.3835729987292245,7,0,0,27,13,0,0.6319109818256036,0.6510287819415914,0.0,0.051135056679166624,100.0,46.01470070518487,0.0,0.0,24.325666783590812,168.4484268276421
188,scarce,116.09848804051974,71.69171000575992,24.3048800951022,0.22115760859526565,2.9525062260650174,2284.5338565392376,1.3664277376060028,6,0,0,27,13,0,0.6279619885475658,0.6500080237541891,0.0,0.051135143561741946,100.0,46.014778887863436,0.0,0.0,24.325666783590812,149.45320615776575
189,scarce,116.27104799137346,71.77035051381681,24.453934987185306,0.23135995369392376,2.951018829074421,2311.5701185855214,1.3500428516670846,5,0,0,26,14,0,0.6159665153359639,0.6490004605873196,0.0,0.05113523044416955,100.0,46.01485707040908,0.0,0.0,24.325666783590812,150.02493849566957
190,scarce,116.4642686623439,71.84984589591497,24.5975032799208,0.2890907636547566,3.051583082330297,2333.6981211498496,1.3287025109201984,5,0,0,26,14,0,0.6213223853683176,0.6479870059634143,0.0,0.05113531732644948,100.0,46.014935252821836,0.0,0.0,24.325666783590812,148.1267864105012
191,scarce,116.6718300325582,71.93194655989318,24.740226853555164,0.3146866339720936,3.1841925893509946,2366.2077401907445,1.3053467639512906,5,0,0,26,14,0,0.6301790784703656,0.6469638089770969,0.0,0.051135404208581696,100.0,46.01501343510167,0.0,0.0,24.325666783590812,146.82394742847845
192,scarce,116.89414592812832,72.01202289243828,24.87738742531297,0.32790085703919974,3.331027761234991,2412.4694475856013,1.2812036519378367,6,0,0,25,15,0,0.6317996674728354,0.6459388293428768,0.0,0.051135491090566206,100.0,46.015091617248586,0.0,0.0,24.325666783590812,146.30694574985733
193,scarce,117.12881947034369,72.09843428710413,24.98270522146917,0.3422505503614308,3.406694595798526,2445.862934647492,1.2573158269759686,5,0,0,24,16,0,0.608230490746373,0.6449397758030558,0.0,0.051135577972403014,100.0,46.01516979926259,0.0,0.0,24.325666783590812,147.07471147276695
194,scarce,117.37766727005771,72.18473586722823,25.067359004227253,0.3758533060494453,3.426764375499957,2477.3555116546777,1.234549821599096,5,0,0,24,16,0,0.6034546812964943,0.6439459756536298,0.0,0.051135664854092135,100.0,46.015247981143695,0.0,0.0,24.325666783590812,140.09504373848148
195,scarce,117.63029379981961,72.28250782273905,25.12824031242832,0.3826860490958874,3.386941359455345,2495.6450666766177,1.2025573222478019,5,0,0,26,14,0,0.604479147802917,0.6429510485910465,0.0,0.05113575173563354,100.0,46.01532616289188,0.0,0.0,24.325666783590812,140.35447661332267
196,scarce,117.88849278159145,72.38999102464558,25.176560031636978,0.38291816896208897,3.3412442582010784,2524.2506586346353,1.164993634359134,5,0,0,27,13,0,0.6115198998170024,0.6419483767012478,0.0,0.05113583861702726,100.0,46.01540434450717,0.0,0.0,24.325666783590812,157.77050237955694
197,scarce,118.15068493135638,72.50141309663293,25.218766519702648,0.38198240088951724,3.2982179963186695,2554.6991749542212,1.1358737855597383,5,0,0,27,13,0,0.6197360278538484,0.6409366670706086,0.0,0.05113592549827327,100.0,46.01548252598953,0.0,0.0,24.325666783590812,166.11018962939758
198,scarce,118.42705037457532,72.62048987101585,25.24203631417126,0.38728085919791977,3.348213619182478,2571.6671505576087,1.1152121350073028,5,0,0,28,12,0,0.6176125276752826,0.6399272932901657,0.0,0.051136012379371584,100.0,46.01556070733899,0.0,0.0,24.325666783590812,156.39497467926887
199,scarce,118.70265087251175,72.75227963855785,25.24555077255838,0.4088304548970004,3.439210440897475,2569.114264195421,1.1012526798590887,5,0,0,28,12,0,0.6138889479636125,0.6389220154474058,0.0,0.051136099260322206,100.0,46.01563888855555,0.0,0.0,24.325666783590812,146.98516956396867
200,scarce,118.9824494217127,72.89685451696293,25.231823087161796,0.4315518810034877,3.4303272970757606,2552.2849395673256,1.1002923736085024,5,0,0,27,13,0,0.612446488979711,0.6379183243095281,0.0,0.05113618614112512,100.0,46.01571706963918,0.0,0.0,24.325666783590812,138.59727018556828
201,scarce,119.25992539636891,73.04513697128154,25.206076953278036,0.44169627274957396,3.322024368849573,2526.629149678105,1.0997978099493986,4,0,0,29,11,0,0.6206313383255782,0.63690562983737,0.0,0.05113627302178033,100.0,46.01579525058991,0.0,0.0,24.325666783590812,157.9518389973059
202,scarce,119.5237924149723,73.2038445546639,25.16622340957371,0.444739470014872,3.2576369158962835,2494.7858547129727,1.0998506018813832,4,0,0,30,10,0,0.6225698995581025,0.635890802947856,0.0,0.051136359902287855,100.0,46.01587343140774,0.0,0.0,24.325666783590812,159.74183704937312
203,scarce,119.77500693209349,73.36503308374694,25.118728728350156,0.4349951629988424,3.2354846168321587,2460.01490678938,1.1000938179522395,5,0,0,30,10,0,0.6300980023209031,0.6348676951453031,0.0,0.05113644678264768,100.0,46.01595161209266,0.0,0.0,24.325666783590812,143.21822030538618
204,scarce,120.01285249171978,73.52600052704531,25.069883417164014,0.41617469999573814,3.285038418556888,2422.4972547401994,1.1008516004602495,5,0,0,31,9,0,0.6409006195629875,0.6338327044637837,0.0,0.0511365336628598,100.0,46.01602979264466,0.0,0.0,24.325666783590812,135.4606706622679
205,scarce,120.23988217203403,73.68096359384144,25.018658120111446,0.3937778351942418,3.3336846971490224,2396.5137393824843,1.1035062508723736,5,0,0,32,8,0,0.6527155996531432,0.6327847173041652,0.0,0.05113662054292424,100.0,46.016107973063775,0.0,0.0,24.325666783590812,144.4617205030641
206,scarce,120.45218332107474,73.82964434645518,24.968187099717806,0.36715598806283156,3.3806835094794097,2380.5554821316255,1.1179143211582516,5,0,0,32,8,0,0.6615081643672875,0.6317270583233613,0.0,0.05113670742284097,100.0,46.01618615334996,0.0,0.0,24.325666783590812,162.41435579365293
207,scarce,120.65193556874571,73.96127401273064,24.915874592386235,0.35063152322277064,3.458664717251069,2375.247454727716,1.1326035402579326,5,0,0,30,10,0,0.6581352069004526,0.6306731095957707,0.0,0.05113679430261001,100.0,46.01626433350326,0.0,0.0,24.325666783590812,162.49745672946855
208,scarce,120.84125494331593,74.0583965059907,24.851202889604433,0.32993006063676156,3.5546446047170193,2366.6441065288673,1.1421356101365987,5,0,0,29,11,0,0.6440300313716076,0.629634676561262,0.0,0.05113688118223134,100.0,46.016342513523625,0.0,0.0,24.325666783590812,162.08780104264966
209,scarce,121.01452437523203,74.12983819674335,24.78139338449057,0.2905994074654043,3.6311205469503385,2350.544209631342,1.1501447130762055,5,0,0,31,9,0,0.6434506831917635,0.6285968808097511,0.0,0.051136968061704986,100.0,46.016420693411106,0.0,0.0,24.325666783590812,162.21309154514475
210,scarce,121.17420385902722,74.19050297932985,24.7046054964435,0.26852767459105875,3.598745688677229,2334.8086040682247,1.1582405053665563,5,0,0,30,10,0,0.636923459852113,0.6275662650039137,0.0,0.051137054941030935,100.0,46.01649887316567,0.0,0.0,24.325666783590812,153.47215580480187
211,scarce,121.31742029572726,74.23681823258293,24.623688608465372,0.2511350066791722,3.5024550418547142,2317.8132134445914,1.166124918026506,5,0,0,31,9,0,0.6423267013364499,0.6265297056324437,0.0,0.051137141820209196,100.0,46.01657705278734,0.0,0.0,24.325666783590812,144.4705008384999
212,scarce,121.4442682053076,74.27046948914628,24.543635843251387,0.2258525335387667,3.442050742403765,2297.393969088662,1.1734216813925171,4,0,0,31,9,0,0.6503118377520074,0.6254843626109163,0.0,0.05113722869923975,100.0,46.016655232276094,0.0,0.0,24.325666783590812,161.87184207293512
213,scarce,121.55176179245112,74.29139876128238,24.467016080395663,0.19284421390552078,3.4486492628686256,2274.7457886015836,1.1808508439393204,3,0,0,31,9,0,0.6573537656930286,0.6244312734686541,0.0,0.051137315578122615,100.0,46.01673341163195,0.0,0.0,24.325666783590812,179.42601479915086
214,scarce,121.63987112927313,74.29460857585195,24.39445862838495,0.1692070139402396,3.575341281551208,2252.5954835820157,1.1881662196996519,4,0,0,30,10,0,0.6541652865799158,0.6233816916534163,0.0,0.05113740245685779,100.0,46.01681159085489,0.0,0.0,24.325666783590812,179.41688184195465
215,scarce,121.69745397122264,74.30342300612358,24.308779331190387,0.12945876755897426,3.6150842162201258,2210.3262294178203,1.1923160579812448,5,0,0,29,11,0,0.6367871344779519,0.6223512258054905,0.0,0.05113748933544526,100.0,46.01688976994494,0.0,0.0,24.325666783590812,168.50734696681585
216,scarce,121.73918488174749,74.32162554575505,24.210448756245963,0.08718306788586445,3.5393699250122195,2160.9611911341854,1.1960477085724304,5,0,0,29,11,0,0.629840883520185,0.6213284008336182,0.0,0.051137576213885046,100.0,46.01696794890207,0.0,0.0,24.325666783590812,157.5046341720825
217,scarce,121.77157416530827,74.34338943069424,24.1042873221123,0.10136826422289708,3.3609687315596632,2106.7206428314385,1.2005390718339628,5,0,0,28,12,0,0.6224811117716225,0.6203136716106694,0.0,0.051137663092177134,100.0,46.0170461277263,0.0,0.0,24.325666783590812,156.76806196318827
218,scarce,121.79541210501307,74.369220475071,23.99430740354838,0.10668515893439823,3.25219248924311,2050.222465461993,1.2062861910355116,6,0,0,29,11,0,0.6273427141351557,0.6192935946251208,0.0,0.05113774997032153,100.0,46.01712430641763,0.0,0.0,24.325666783590812,174.00209105912836
219,scarce,121.8106983584837,74.41221273899144,23.86000088507553,0.09241078199996978,3.185168547127539,2003.113886180843,1.2134281007042163,6,0,0,27,13,0,0.6118090461579635,0.618290604674347,0.0,0.051137836848318234,100.0,46.01720248497605,0.0,0.0,24.325666783590812,163.15253436085368
220,scarce,121.82483341642572,74.47535510785129,23.707558469873856,0.13000959741338258,3.1555632266711404,1955.2572021258165,1.2265130208636543,6,0,0,26,14,0,0.6055007297182138,0.617294553871657,0.0,0.05113792372616725,100.0,46.017280663401586,0.0,0.0,24.325666783590812,160.31676485224892
221,scarce,121.84152007048642,74.55713285898027,23.533157899761587,0.15616751436424015,3.2697017960012937,1909.3800819297467,1.2369783342639085,6,0,0,25,15,0,0.6011733701361375,0.6163032631645073,0.0,0.05113801060386857,100.0,46.017358841694204,0.0,0.0,24.325666783590812,151.89529150976628
222,scarce,121.85696976908062,74.64645190572165,23.349822952182517,0.1737976458182388,3.3189875387025816,1884.120323760566,1.219569026284558,5,0,0,25,15,0,0.6040125831553744,0.6153088493230363,0.0,0.051138097481422194,100.0,46.017437019853915,0.0,0.0,24.325666783590812,153.27817619498978
223,scarce,121.87049316120638,74.74159028375539,23.164966320135115,0.1844250731230712,3.1891652159994583,1869.859403173141,1.2012173351306306,5,0,0,27,13,0,0.6108224964433164,0.6143069445769487,0.0,0.05113818435882812,100.0,46.017515197880726,0.0,0.0,24.325666783590812,155.09545334413906
224,scarce,121.87758285737527,74.84462689776385,22.984468035339656,0.19673115052612114,3.0802525705597064,1853.9866767092244,1.1833129898172887,5,0,0,29,11,0,0.6201271135624412,0.6132948047520299,0.0,0.05113827123608638,100.0,46.017593375774645,0.0,0.0,24.325666783590812,147.80663863871717
225,scarce,121.877740566179,74.95347722393294,22.816534544987512,0.2042879886463417,3.1184550473543466,1834.7994034907751,1.1649422325295957,5,0,0,29,11,0,0.6271788693066442,0.6122749079957928,0.0,0.051138358113196926,100.0,46.01767155353565,0.0,0.0,24.325666783590812,131.3645797364726
226,scarce,121.87589356125848,75.05719270178737,22.659313152167908,0.21483887584993025,3.284446651215498,1816.807713653856,1.147588841497203,5,0,0,29,11,0,0.6238240653622852,0.6112587015238942,0.0,0.05113844499015979,100.0,46.01774973116376,0.0,0.0,24.325666783590812,132.28536750189002
227,scarce,121.869020901983,75.16143727884157,22.51303409892994,0.21610591937457366,3.314756437372614,1800.8445990488472,1.1227871102406588,5,0,0,29,11,0,0.6274796410754842,0.6102384739187112,0.0,0.05113853186697496,100.0,46.01782790865896,0.0,0.0,24.325666783590812,133.23571907608974
228,scarce,121.85816110818857,75.26926351122754,22.37182767115219,0.22179069787702851,3.346560299663268,1787.4314836583144,1.0876100213558337,5,0,0,29,11,0,0.6314905859875435,0.6092138342741249,0.0,0.05113861874364244,100.0,46.01790608602126,0.0,0.0,24.325666783590812,134.16158128572357
229,scarce,121.83901773049436,75.38938799244269,22.220249118661407,0.2281647212802451,3.3087641688945633,1783.651853470481,1.0647528870928813,5,0,0,28,12,0,0.6243901027679082,0.6081970051610801,0.0,0.05113870562016223,100.0,46.01798426325066,0.0,0.0,24.325666783590812,144.49499086549412
230,scarce,121.81327535296077,75.51714949053516,22.06099953978356,0.25015474380327146,3.272284785920674,1784.2522658121088,1.0559126016415357,5,0,0,30,10,0,0.6278541673531046,0.6071763655769917,0.0,0.05113879249653434,100.0,46.018062440347165,0.0,0.0,24.325666783590812,137.94871862695163
231,scarce,121.77792871322518,75.64892360333951,21.897751783447397,0.2574289595137272,3.304177260271106,1780.5334081875335,1.058452364632191,5,0,0,32,8,0,0.6369904088105317,0.6061456761273002,0.0,0.05113887937275875,100.0,46.01814061731078,0.0,0.0,24.325666783590812,139.48150921689427
232,scarce,121.73440874802968,75.78262590527933,21.730639703860934,0.25728046978475727,3.181479135341106,1782.2597419046433,1.0614201498688363,5,0,0,33,7,0,0.6467824207765889,0.6051042154644459,0.0,0.05113896624883548,100.0,46.01821879414148,0.0,0.0,24.325666783590812,140.85271803834925
233,scarce,121.68280099837258,75.92793222836477,21.550431042612395,0.26051443851385475,3.1108607381284816,1778.473492644087,1.0583086501378454,5,0,0,33,7,0,0.6472008700198202,0.6040622945074241,0.0,0.051139053124764515,100.0,46.01829697083928,0.0,0.0,24.325666783590812,133.58620250391567
234,scarce,121.62490130746978,76.07689907092043,21.366045713903425,0.27936756593809475,3.1370406406792037,1774.3366556886103,1.0544084399551648,5,0,0,33,7,0,0.6542941794460241,0.6030125709100335,0.0,0.051139140000545855,100.0,46.01837514740417,0.0,0.0,24.325666783590812,126.8933004262108
235,scarce,121.55613169403367,76.22868184828475,21.181065633229174,0.2895608881675592,3.2374166319563704,1764.8264292482054,1.0482818151497535,5,0,0,35,5,0,0.6649667185416416,0.6019511075196377,0.0,0.05113922687617952,100.0,46.018453323836184,0.0,0.0,24.325666783590812,129.52540721060126
236,scarce,121.47935138425733,76.37702076279477,20.99790793902397,0.2772476129241154,3.287756360587833,1751.078356196107,1.0430033865120147,5,0,0,36,4,0,0.6765600305747872,0.6008768914860054,0.0,0.05113931375166549,100.0,46.01853150013528,0.0,0.0,24.325666783590812,130.76983373062492
237,scarce,121.39393562630346,76.52055606297365,20.82035892601233,0.27000498692002844,3.306654553123367,1750.2665024356102,1.0462510994922143,5,0,0,37,3,0,0.6868985162386197,0.599791303118143,0.0,0.05113940062700378,100.0,46.018609676301494,0.0,0.0,24.325666783590812,132.39505042324245
238,scarce,121.3022745239786,76.65668183223215,20.651069023242183,0.2581346398054547,3.338169493258308,1752.1289761094085,1.0603839826586035,4,0,0,37,3,0,0.6958133949041785,0.5986959083837483,0.0,0.051139487502194374,100.0,46.01868785233479,0.0,0.0,24.325666783590812,151.3128166342663
239,scarce,121.20228569628239,76.78445141981635,20.49386395172894,0.24757665945292745,3.3194869278481063,1749.0763627096458,1.0758164328539688,4,0,0,37,3,0,0.7034535002116162,0.5975921095335155,0.0,0.05113957437723729,100.0,46.018766028235206,0.0,0.0,24.325666783590812,152.41448673957626
240,scarce,121.09476856520322,76.89977948293554,20.35337776088392,0.23518568339538187,3.39795132375571,1745.9153061679972,1.0922791800289304,4,0,0,37,3,0,0.7091141460400584,0.5964820839728715,0.0,0.05113966125213252,100.0,46.018844204002725,0.0,0.0,24.325666783590812,153.26861339386338
241,scarce,120.98040833075183,77.00621193048372,20.23130382862105,0.2281503841594755,3.473914418610228,1743.371047002278,1.1012068729434912,4,0,0,37,3,0,0.7157296883486609,0.5953647813156879,0.0,0.05113974812688006,100.0,46.01892237963733,0.0,0.0,24.325666783590812,154.11610157851993
242,scarce,120.8705873086299,77.09689416183039,20.11627737876828,0.22210545831108983,3.3931438784890333,1735.766839622971,1.0815322508895275,4,0,0,37,3,0,0.7092440528969685,0.5942546128575013,0.0,0.05113983500147991,100.0,46.019000555139044,0.0,0.0,24.325666783590812,164.22198144143834
243,scarce,120.75888370692545,77.18505315891636,20.003882124006665,0.17299949026635936,3.2780500942731363,1717.7142055072036,1.0643261896115743,4,0,0,36,4,0,0.6996198368672552,0.5931550310369472,0.0,0.051139921875932075,100.0,46.019078730507864,0.0,0.0,24.325666783590812,159.61571430313262
244,scarce,120.64201251948732,77.26859751989035,19.906203733880574,0.18032584658463946,3.2372050319938834,1696.188401365158,1.050413586388044,3,0,0,36,4,0,0.7061676549209172,0.5920482466165342,0.0,0.05114000875023656,100.0,46.019156905743785,0.0,0.0,24.325666783590812,153.68905505398175
245,scarce,120.52227497430093,77.34629274610927,19.828078572023262,0.18574487376932397,3.237619265315731,1685.8535964466646,1.0357587145822498,3,0,0,37,3,0,0.7143960991623033,0.5909324109074557,0.0,0.05114009562439336,100.0,46.01923508084681,0.0,0.0,24.325666783590812,155.0691550647685
246,scarce,120.39991264344626,77.41686856753856,19.77310429882798,0.18502139898979592,3.349381889474214,1700.3687123270938,1.0169690959828543,3,0,0,37,3,0,0.720937431155429,0.5898093797331848,0.0,0.05114018249840247,100.0,46.01931325581694,0.0,0.0,24.325666783590812,156.17660541955144
247,scarce,120.26729842211762,77.4828691008704,19.74060844419396,0.1885722741412452,3.3990257024689314,1717.398406622975,1.0041058775045943,3,0,0,36,4,0,0.7208988120331584,0.5886863910399482,0.0,0.0511402693722639,100.0,46.019391430654174,0.0,0.0,24.325666783590812,157.54576199521915
248,scarce,120.1297061825478,77.54014980331061,19.732396331852165,0.1891533783151342,3.4136199471119064,1738.7143930612947,1.0070923713506201,3,0,0,36,4,0,0.7223151050361077,0.5875618444244086,0.0,0.05114035624597764,100.0,46.0194696053585,0.0,0.0,24.325666783590812,158.8419785914382
249,scarce,120.00207280955242,77.58300648428535,19.735446224259043,0.1825046897334486,3.445971473424398,1751.1869262027467,1.0016968130391024,3,0,0,36,4,0,0.7128482530602334,0.5864477113460423,0.0,0.051140443119543695,100.0,46.019547779929944,0.0,0.0,24.325666783590812,160.26165518627843
250,scarce,119.88169989751293,77.61684486968954,19.756391752699454,0.15701328415602708,3.4365924681861797,1759.24219313297,0.9929265134902945,4,0,0,36,4,0,0.7140570142636156,0.5853322486303524,0.0,0.051140529992962064,100.0,46.01962595436848,0.0,0.0,24.325666783590812,171.85213232638128
251,scarce,119.76551971937383,77.64417711194518,19.795016451279153,0.14054005602531888,3.465226800356926,1762.383664929679,0.9841437155518045,4,0,0,36,4,0,0.7190181624403167,0.584211328651668,0.0,0.05114061686623277,100.0,46.019704128674135,0.0,0.0,24.325666783590812,173.4220958202233
252,scarce,119.66725964352852,77.66330004250032,19.837809815808548,0.12761415185761021,3.3506503822741536,1784.1181798185135,1.0030596644818177,5,0,0,35,5,0,0.711657278324602,0.5830985056455109,0.0,0.05114070373935578,100.0,46.01978230284689,0.0,0.0,24.325666783590812,173.9691528248046
253,scarce,119.58158510817793,77.67480572834219,19.890696345220995,0.08182633539862313,3.380372265667046,1836.4278542915417,1.0330213711112546,6,0,0,35,5,0,0.7113401288959824,0.5819860315037253,0.0,0.05114079061233111,100.0,46.019860476886755,0.0,0.0,24.325666783590812,180.71938231348258
254,scarce,119.51556558118914,77.6760109878055,19.944934932270264,0.056879032300884536,3.4879822591785556,1882.284189612692,1.0621266601453772,5,0,0,34,6,0,0.7059580462099435,0.5808794776528944,0.0,0.051140877485158755,100.0,46.01993865079372,0.0,0.0,24.325666783590812,180.94287008600622
255,scarce,119.45701424985312,77.67986729694374,19.99279824710329,0.041231302028276864,3.684151406995215,1915.3130707754972,1.0909472149743855,5,0,0,34,6,0,0.694433669556311,0.5797856006163824,0.0,0.05114096435783871,100.0,46.02001682456778,0.0,0.0,24.325666783590812,190.59595421185296
256,scarce,119.4059558280118,77.683310702812,20.044389912677605,0.043882982416503416,3.825524130444161,1951.8479359704834,1.1198486411544768,5,0,0,34,6,0,0.6953368975475069,0.5786907300290803,0.0,0.051141051230371,100.0,46.02009499820897,0.0,0.0,24.325666783590812,189.82496998800644
257,scarce,119.35668742143287,77.71057503829289,20.078770431838375,0.04348891526248301,3.8365869270110515,1989.3031771395035,1.1387507437403401,5,0,0,31,9,0,0.6729401938414812,0.5776204958158546,0.0,0.0511411381027556,100.0,46.020173171717246,0.0,0.0,24.325666783590812,179.25115406378683
258,scarce,119.30269750281441,77.75005102736563,20.104639431102648,0.07801132875250226,3.7526571760641447,2015.24232772932,1.1616734066289094,5,0,0,31,9,0,0.6612179667878485,0.576563156052388,0.0,0.051141224974992516,100.0,46.02025134509264,0.0,0.0,24.325666783590812,174.84649964667761
259,scarce,119.26088098050688,77.79652330338487,20.119401339917943,0.08007730488424807,3.5743006358969227,2029.2348221843276,1.1916387014273118,5,0,0,31,9,0,0.6557870254260579,0.5755117903244193,0.0,0.05114131184708177,100.0,46.02032951833515,0.0,0.0,24.325666783590812,182.2902027097295
260,scarce,119.23113080937688,77.84658369815016,20.133848497565833,0.06429627265197105,3.4809490263023255,2035.556308061532,1.2384899151565276,4,0,0,31,9,0,0.6601553447804246,0.5744556194451608,0.0,0.05114139871902332,100.0,46.020407691444746,0.0,0.0,24.325666783590812,182.38710422085856
261,scarce,119.22337985678307,77.89590595305722,20.13736308941072,0.05470991497264171,3.520024858258176,2035.6936211976063,1.2764807180242357,6,0,0,30,10,0,0.6557298845821692,0.5734043165721203,0.0,0.0511414855908172,100.0,46.02048586442147,0.0,0.0,24.325666783590812,182.96646914004577
262,scarce,119.23095383875395,77.94484450591264,20.138189605349453,0.05079137247733624,3.45914554329235,2036.7538675021715,1.3097262937587473,6,0,0,30,10,0,0.6595482473043484,0.5723488135000857,0.0,0.05114157246246339,100.0,46.02056403726528,0.0,0.0,24.325666783590812,183.85612920057665
263,scarce,119.26141655194292,78.00236444133925,20.124983213748795,0.07682155152702466,3.4675233306620514,2025.3442122275155,1.3556254198013802,6,0,0,29,11,0,0.6532158344023353,0.5713002760822431,0.0,0.05114165933396191,100.0,46.02064220997622,0.0,0.0,24.325666783590812,184.7578364678099
264,scarce,119.30938528292172,78.05505581616042,20.08693609696452,0.13478725861895707,3.41010074443142,1993.1183659515227,1.3866842843797393,5,0,0,27,13,0,0.634564618197363,0.570272255002226,0.0,0.051141746205312755,100.0,46.02072038255425,0.0,0.0,24.325666783590812,197.46331953899772
265,scarce,119.37514280043831,78.10515160214422,20.04241046619733,0.15341764151270523,3.371430980162503,1955.2240052810375,1.4087630347193563,5,0,0,28,12,0,0.635661667751225,0.5692430271676997,0.0,0.051141833076515916,100.0,46.0207985549994,0.0,0.0,24.325666783590812,190.46767290773673
266,scarce,119.46757369091806,78.15195961960808,19.991786981159226,0.16930045894986684,3.3800508533659532,1915.861567550215,1.424678280656316,5,0,0,27,13,0,0.6298067808193901,0.5682202397087983,0.0,0.0511419199475714,100.0,46.02087672731165,0.0,0.0,24.325666783590812,183.1864254638309
267,scarce,119.5965729108181,78.19871498693375,19.93156490837571,0.1982040885974257,3.383686247241394,1888.648847942597,1.4374694084429538,6,0,0,26,14,0,0.6152424684265239,0.5672134729935292,0.0,0.051142006818479205,100.0,46.020954899491024,0.0,0.0,24.325666783590812,184.93929511704636
268,scarce,119.74750371037271,78.24205063685987,19.87118372319024,0.24674072631117394,3.368348572297389,1869.0944961252608,1.4302190595986821,6,0,0,27,13,0,0.6167958352097628,0.5662049975747984,0.0,0.05114209368923933,100.0,46.0210330715375,0.0,0.0,24.325666783590812,187.10054774238796
269,scarce,119.91471939479399,78.2816948924017,19.816898520479338,0.27611534183779485,3.245665792230853,1852.4798178624114,1.4139151137292614,7,0,0,27,13,0,0.6248738378175922,0.565187636353199,0.0,0.05114218055985178,100.0,46.02111124345109,0.0,0.0,24.325666783590812,188.17161105564554
270,scarce,120.11033769182488,78.3136425536561,19.756582435400908,0.2920182648910227,2.931956314881855,1828.2345236614929,1.3966369338608975,8,0,0,27,13,0,0.617596794779589,0.5641782798789415,0.0,0.05114226743031655,100.0,46.02118941523178,0.0,0.0,24.325666783590812,179.2151457960993
271,scarce,120.31954712850514,78.34194323895136,19.706039094112576,0.31372501280125914,2.8728388639844114,1798.642995076225,1.3811501628644438,8,0,0,28,12,0,0.6209845964345886,0.5631651968228635,0.0,0.05114235430063364,100.0,46.021267586879574,0.0,0.0,24.325666783590812,189.45930633138695
272,scarce,120.53715741491048,78.36907557762345,19.672931418836097,0.3336049768011436,2.9547092469309333,1766.0569087166368,1.3677779447361464,8,0,0,28,12,0,0.6275794115988471,0.5621448594701046,0.0,0.051142441170803056,100.0,46.0213457583945,0.0,0.0,24.325666783590812,190.2334695850499
273,scarce,120.76049410157687,78.39662449933004,19.659101937097443,0.34437492306157047,2.8628295641527464,1738.428619131395,1.356379181317555,7,0,0,31,9,0,0.6358962831850337,0.5611153735586012,0.0,0.0511425280408248,100.0,46.02142392977653,0.0,0.0,24.325666783590812,189.9770505163079
274,scarce,120.98712030872801,78.42127437140311,19.66212009502716,0.34881062514993283,2.8200363249710563,1725.5866544513192,1.3469736195820718,7,0,0,32,8,0,0.6453892373247424,0.5600754453975441,0.0,0.05114261491069886,100.0,46.02150210102566,0.0,0.0,24.325666783590812,189.18706798838326
275,scarce,121.20679768122257,78.45124644771059,19.691940191526374,0.35019092013578945,2.849896322867919,1713.6292277187313,1.3395731115863363,7,0,0,32,8,0,0.6458737714129604,0.5590349842489897,0.0,0.05114270178042525,100.0,46.02158027214192,0.0,0.0,24.325666783590812,179.41910446727832
276,scarce,121.42307082160146,78.4821985293073,19.744007576281955,0.34274472095394487,2.9501594141124374,1707.1701751907094,1.3337576746852826,5,0,0,32,8,0,0.6514198226790013,0.5579884224440429,0.0,0.05114278865000396,100.0,46.021658443125276,0.0,0.0,24.325666783590812,169.87872831019453
277,scarce,121.63842128612282,78.51208335010251,19.8080163050291,0.3323594151529611,2.9951798564395133,1696.9739401964616,1.329267433888306,4,0,0,33,7,0,0.6586992849292205,0.5569338532306207,0.0,0.051142875519435,100.0,46.02173661397575,0.0,0.0,24.325666783590812,168.97236271306434
278,scarce,121.85339084825212,78.54007207331718,19.883157356516797,0.32343294106546855,2.9959392333819417,1682.6704231025433,1.3257586878273497,4,0,0,33,7,0,0.6662240490093982,0.5558710067767103,0.0,0.05114296238871836,100.0,46.02181478469333,0.0,0.0,24.325666783590812,159.03808210602264
279,scarce,122.06661000423553,78.56652157115893,19.968723856486772,0.3126074314574345,3.0023012303184107,1671.539819943595,1.3163224198662857,4,0,0,34,6,0,0.6735249690089524,0.5548001293108005,0.0,0.05114304925785405,100.0,46.02189295527803,0.0,0.0,24.325666783590812,176.28835121128412
280,scarce,122.27453010305062,78.58944663458212,20.060307098912652,0.29922733344516844,3.035305325445962,1664.210977856419,1.3006223038304896,4,0,0,36,4,0,0.6834424672866941,0.5537183425967852,0.0,0.05114313612684206,100.0,46.02197112572984,0.0,0.0,24.325666783590812,175.22075260600263
281,scarce,122.4778325679684,78.60744684608915,20.15409361896958,0.2899236514307658,2.979327907605686,1652.7334583279226,1.2907095004312414,4,0,0,36,4,0,0.6921286275968014,0.5526270011064287,0.0,0.05114322299568239,100.0,46.022049296048756,0.0,0.0,24.325666783590812,183.22970057436092
282,scarce,122.68140082718935,78.62389464092531,20.24477758023375,0.2876680137436428,2.832033379671792,1656.8337803617687,1.2824492839880666,4,0,0,36,4,0,0.6967752105448187,0.5515305483748294,0.0,0.05114330986437506,100.0,46.0221274662348,0.0,0.0,24.325666783590812,182.43323870250774
283,scarce,122.89713002822555,78.6394432360456,20.319043741341055,0.2856838907658101,2.748292293544913,1655.7423277353664,1.2619680697872642,4,0,0,36,4,0,0.6913828128389974,0.5504400272807064,0.0,0.05114339673292006,100.0,46.02220563628796,0.0,0.0,24.325666783590812,172.01548700182897
284,scarce,123.11613732841856,78.64905442168131,20.385750907864413,0.3088081259944135,2.6538341916517183,1655.8889077022395,1.2349195007502403,4,0,0,36,4,0,0.695081037382821,0.5493454381395854,0.0,0.05114348360131737,100.0,46.02228380620821,0.0,0.0,24.325666783590812,168.24235784971023
285,scarce,123.33166071660234,78.65120900606878,20.450974701878003,0.3072990267762459,2.6051704298697786,1652.1008950213,1.2043480769899668,3,0,0,36,4,0,0.7055378555382751,0.5482393464984933,0.0,0.05114357046956701,100.0,46.02236197599559,0.0,0.0,24.325666783590812,175.59638721237033
286,scarce,123.54211515593234,78.64792324076318,20.513436815615375,0.3058468591101079,2.6819726078474853,1649.4870879967639,1.1777291008868742,3,0,0,37,3,0,0.7115538076313221,0.5471266373100988,0.0,0.051143657337668985,100.0,46.02244014565009,0.0,0.0,24.325666783590812,184.00005470963956
287,scarce,123.748643077929,78.64460138698173,20.57393935244135,0.2998711927836275,2.783891874227254,1672.9795857498139,1.174235822479134,3,0,0,36,4,0,0.7108340147684015,0.5460147198938535,0.0,0.05114374420562329,100.0,46.02251831517169,0.0,0.0,24.325666783590812,183.77141604114954
288,scarce,123.94492263226782,78.63869179067946,20.636845397575392,0.28526916576934624,2.8856318601440876,1693.3884332727794,1.169284826572922,3,0,0,36,4,0,0.713604654296818,0.544899754774127,0.0,0.05114383107342991,100.0,46.02259648456041,0.0,0.0,24.325666783590812,174.79571886388334
289,scarce,124.14344684030232,78.63844883873936,20.68806673595117,0.28481226249342595,2.923074024255361,1711.0965526520376,1.1629593629761377,3,0,0,34,6,0,0.7035750816960451,0.5437958221842615,0.0,0.05114391794108887,100.0,46.02267465381625,0.0,0.0,24.325666783590812,156.99975693826377
290,scarce,124.33768672031746,78.63628375255324,20.734445542270134,0.2986365581586704,2.977518473254084,1725.509245698122,1.1560510437142015,4,0,0,34,6,0,0.7033547368299903,0.5426921319737483,0.0,0.05114400480860015,100.0,46.022752822939204,0.0,0.0,24.325666783590812,157.7171720679484
291,scarce,124.52111362929199,78.62980211506719,20.780440121366986,0.2880074435698146,2.9565784814628286,1736.9599140370556,1.1490417859329392,4,0,0,35,5,0,0.7090203027881016,0.5415822096406815,0.0,0.05114409167596376,100.0,46.02283099192926,0.0,0.0,24.325666783590812,167.06631392574388
292,scarce,124.68566767679098,78.63620949116245,20.81348082660056,0.2726441074486358,2.8527059179093945,1752.2706403613993,1.142538346695557,4,0,0,33,7,0,0.6959457962333133,0.5404866692648248,0.0,0.05114417854317971,100.0,46.022909160786455,0.0,0.0,24.325666783590812,158.56121565833763
293,scarce,124.83553640475122,78.6467850615047,20.840564041119016,0.2234855552820582,2.9831998162185496,1767.7039116203232,1.1417288892788395,3,0,0,33,7,0,0.6941293184179816,0.5393931270145651,0.0,0.051144265410247976,100.0,46.02298732951075,0.0,0.0,24.325666783590812,155.57145545257163
294,scarce,124.99413962597127,78.6642998592637,20.83670223298076,0.23653156479360574,3.0452827361394474,1775.49365351897,1.1437910124591286,3,0,0,31,9,0,0.6800857526068433,0.5383150326866976,0.0,0.05114435227716858,100.0,46.02306549810217,0.0,0.0,24.325666783590812,174.93247632984594
295,scarce,125.15733962221043,78.69180257408746,20.809489620119567,0.2711315393314624,3.0514099293962387,1785.0386770230325,1.1466415687935116,3,0,0,30,10,0,0.667577334110119,0.5372506976191764,0.0,0.05114443914394151,100.0,46.023143666560706,0.0,0.0,24.325666783590812,186.40585097646152
296,scarce,125.31576569106656,78.7228654102704,20.770609249429516,0.2907541491154107,3.1842747889518526,1803.4831686315738,1.1474600653393416,3,0,0,30,10,0,0.6675632627073881,0.5361863780301983,0.0,0.05114452601056678,100.0,46.023221834886364,0.0,0.0,24.325666783590812,197.73404619056745
297,scarce,125.46254408783895,78.766345387745,20.712658820765757,0.2894791689859846,3.2032846651892597,1806.9517813574057,1.1500077678740204,4,0,0,29,11,0,0.6568734070045718,0.5351338172824932,0.0,0.051144612877044374,100.0,46.02330000307913,0.0,0.0,24.325666783590812,190.3290654555866
298,scarce,125.60446082276046,78.82164827992445,20.639176945463806,0.306602842103697,3.2577598764208395,1804.8194672067111,1.1592216541804812,4,0,0,29,11,0,0.6516430039823586,0.5340870099781126,0.0,0.051144699743374294,100.0,46.023378171139015,0.0,0.0,24.325666783590812,175.87182699209833
299,scarce,125.73605568649111,78.88209447150992,20.56049192555306,0.28903744206553844,3.3352932209550303,1797.8321469139482,1.172912354927729,5,0,0,30,10,0,0.6545042982039846,0.5330370552500883,0.0,0.05114478660955655,100.0,46.02345633906602,0.0,0.0,24.325666783590812,168.56101645158213
300,scarce,125.85541959452537,78.94449592870315,20.48314388432133,0.27326187183590955,3.3721205358302955,1796.807542790244,1.1901754058807363,5,0,0,30,10,0,0.6570999490476567,0.5319842453061359,0.0,0.05114487347559113,100.0,46.02353450686014,0.0,0.0,24.325666783590812,169.70047100977166
301,scarce,125.96164227017057,79.00398751771009,20.41096697958355,0.2534993865340477,3.404355681966507,1812.1455860504648,1.2105123504571205,5,0,0,30,10,0,0.659537682380296,0.5309287538555175,0.0,0.05114496034147805,100.0,46.02361267452138,0.0,0.0,24.325666783590812,169.66907097583857
302,scarce,126.05315884688927,79.06412596581654,20.343851530833902,0.23461127048101632,3.373314861503803,1834.7365616356692,1.2381029499501242,7,0,0,30,10,0,0.6607369159056943,0.5298719432480212,0.0,0.0511450472072173,100.0,46.02369084204974,0.0,0.0,24.325666783590812,179.17686889810878
303,scarce,126.13092227631944,79.12319659316357,20.282030338589816,0.2184464298468759,3.41507908209593,1861.795362613535,1.2702918836500126,7,0,0,31,9,0,0.6635242358516112,0.5288120665885845,0.0,0.051145134072808886,100.0,46.02376900944522,0.0,0.0,24.325666783590812,179.2631460496237
304,scarce,126.19411095839692,79.17878315012776,20.225086979855114,0.19843879743686152,3.477958191670647,1888.5696066360397,1.3063041657043257,7,0,0,31,9,0,0.6664622935172875,0.5277489580657155,0.0,0.0511452209382528,100.0,46.02384717670782,0.0,0.0,24.325666783590812,161.06722179723505
305,scarce,126.24387999506511,79.23122990815928,20.172566865051827,0.1797718277562003,3.5423522473255176,1914.7249549189,1.346170384480184,7,0,0,33,7,0,0.6703843440310988,0.5266815352872813,0.0,0.05114530780354905,100.0,46.02392534383753,0.0,0.0,24.325666783590812,161.1604633021593
306,scarce,126.27431934184365,79.28839495193672,20.114388286404335,0.15258628595247184,3.601597436306034,1932.6184589776167,1.3900200412845147,6,0,0,32,8,0,0.663036105155229,0.5256221955716105,0.0,0.05114539466869763,100.0,46.02400351083437,0.0,0.0,24.325666783590812,160.54024406556846
307,scarce,126.28716055985367,79.34515715096447,20.056620272324146,0.12968555733620224,3.635860558282274,1948.1589664179191,1.4378769156226594,7,0,0,32,8,0,0.6633534813440771,0.524562506742132,0.0,0.05114548153369854,100.0,46.024081677698334,0.0,0.0,24.325666783590812,158.7616113416234
308,scarce,126.28481518377257,79.39894277031549,20.000254862692046,0.12633103415995528,3.6616056803852275,1961.0169139011705,1.4898026823077775,7,0,0,34,6,0,0.6698158392648121,0.5234957093189407,0.0,0.05114556839855179,100.0,46.024159844429406,0.0,0.0,24.325666783590812,157.796082879712
309,scarce,126.26593563342021,79.44945151549216,19.947367532100927,0.12072641380974101,3.5608340158521243,1983.679010834152,1.524295189415589,6,0,0,34,6,0,0.6746767142115919,0.522423564933308,0.0,0.05114565526325738,100.0,46.024238011027606,0.0,0.0,24.325666783590812,157.5221134828799
310,scarce,126.22531046864518,79.50954699065046,19.88495598413831,0.12499334635981948,3.3897908502582026,2009.4575393637497,1.5510937518759897,6,0,0,35,5,0,0.6709237637575546,0.5213555487931746,0.0,0.0511457421278153,100.0,46.02431617749293,0.0,0.0,24.325666783590812,157.63715624174313
311,scarce,126.16802169025297,79.5682164024299,19.795952757509678,0.15804560909806753,3.3058372556114697,2015.6737199800773,1.5444090916031994,7,0,0,34,6,0,0.6545875835809275,0.5203055024512356,0.0,0.05114582899222554,100.0,46.02439434382536,0.0,0.0,24.325666783590812,165.63016690541698
312,scarce,126.095891149574,79.62563579360527,19.69482522719295,0.17955473494879856,3.259364992393536,2009.7939782098983,1.5287111878908164,7,0,0,34,6,0,0.6575104922167305,0.5192522409097972,0.0,0.05114591585648813,100.0,46.02447251002492,0.0,0.0,24.325666783590812,165.43274153869658
313,scarce,126.01400538413088,79.68231357083214,19.589835830198993,0.18155181667984563,3.360045675042488,1999.3729871594405,1.5101562134683977,5,0,0,35,5,0,0.6679434796710481,0.518187503082159,0.0,0.05114600272060306,100.0,46.02455067609161,0.0,0.0,24.325666783590812,165.6406074152918
314,scarce,125.92449499498589,79.73825942841574,19.483653188682734,0.1852473882943465,3.4705719706545084,1983.273904506008,1.4910917553604226,4,0,0,36,4,0,0.6785182104487386,0.5171111330506655,0.0,0.051146089584570315,100.0,46.024628842025415,0.0,0.0,24.325666783590812,165.93566752575356
315,scarce,125.82764763077759,79.7928098674358,19.37855799201899,0.19251679091336935,3.46983071300442,1960.8861892241257,1.4726667236941806,5,0,0,36,4,0,0.6857195133444854,0.5160268415859866,0.0,0.05114617644838991,100.0,46.024707007826336,0.0,0.0,24.325666783590812,175.26649892598917
316,scarce,125.72384585489563,79.84349193550746,19.27538001050413,0.19623872605157447,3.4175206485658984,1943.0123713121939,1.4553696526816173,5,0,0,36,4,0,0.6925063372550069,0.514935084615006,0.0,0.051146263312061846,100.0,46.024785173494394,0.0,0.0,24.325666783590812,175.57904539950536
317,scarce,125.62479303941457,79.88131044394399,19.163286642126746,0.1987074036079019,3.394256632049158,1930.617237259583,1.4501384133136828,5,0,0,35,5,0,0.6853953502030196,0.5138511497297827,0.0,0.051146350175586115,100.0,46.024863339029565,0.0,0.0,24.325666783590812,175.76810956481967
318,scarce,125.5270810863442,79.91163815369246,19.07750174550225,0.15771783575484283,3.3531019555360317,1910.7949852802558,1.4481757203683028,4,0,0,35,5,0,0.6861707775417508,0.5127663618744869,0.0,0.05114643703896272,100.0,46.02494150443185,0.0,0.0,24.325666783590812,173.02627236884337
319,scarce,125.42868536734224,79.93821845766968,19.000407554794343,0.15644013902713927,3.2491396068325984,1894.2315225462662,1.4444902949623202,5,0,0,35,5,0,0.6950371301977967,0.5116718210312692,0.0,0.05114652390219166,100.0,46.02501966970128,0.0,0.0,24.325666783590812,181.81492742046592
320,scarce,125.3270708108374,79.95970613853923,18.928327070686073,0.1607261843134722,3.1452634156077557,1886.2992713862623,1.4302432402557566,3,0,0,35,5,0,0.7033332970380124,0.5105681544045273,0.0,0.05114661076527294,100.0,46.025097834837815,0.0,0.0,24.325666783590812,181.91026220667877
321,scarce,125.22315632445343,79.97565801880279,18.86212851685415,0.1629692070938211,3.0767410636890338,1895.6241946262162,1.4009534363204756,3,0,0,35,5,0,0.7094510391259531,0.5094577582614888,0.0,0.05114669762820656,100.0,46.02517599984149,0.0,0.0,24.325666783590812,182.3082972593726
322,scarce,125.12125344124786,79.97772002183387,18.795171034781923,0.1544205216045619,3.055417066257828,1906.826571832884,1.392106557203852,4,0,0,35,5,0,0.7055893875621384,0.5083516099351705,0.0,0.05114678449099251,100.0,46.02525416471227,0.0,0.0,24.325666783590812,181.85942720136165
323,scarce,125.0214394870699,79.96898818841352,18.729506800153377,0.13945347145889617,3.0315727535587373,1917.6001401648682,1.3905811811826296,3,0,0,35,5,0,0.7086587245574465,0.5072420853381573,0.0,0.0511468713536308,100.0,46.02533232945018,0.0,0.0,24.325666783590812,181.31414254371907
324,scarce,124.92136778635674,79.95183644963728,18.66788531874733,0.13971149527976426,3.094173406922424,1928.303817205553,1.389854644075856,3,0,0,35,5,0,0.7131853476800407,0.5061275814557092,0.0,0.05114695821612144,100.0,46.02541049405522,0.0,0.0,24.325666783590812,180.67702587400535
325,scarce,124.80842898148929,79.9320783490273,18.595732511636704,0.14159454633447352,3.3047298713734867,1941.1943271837154,1.3770396336209836,3,0,0,34,6,0,0.7016958243468749,0.5050257160489278,0.0,0.05114704507846441,100.0,46.025488658527394,0.0,0.0,24.325666783590812,189.39155754843802
326,scarce,124.68875265767608,79.90952020606423,18.520409443135865,0.18759021068130746,3.399064541171191,1952.4449047221933,1.3587211547515605,4,0,0,35,5,0,0.7001625981370216,0.503925537190977,0.0,0.05114713194065972,100.0,46.02556682286668,0.0,0.0,24.325666783590812,186.14386730372013
327,scarce,124.56527628690951,79.88128426869885,18.449504617755974,0.18514832994153557,3.417534850657482,1959.7549306196015,1.354279643059559,4,0,0,37,3,0,0.7109408617700347,0.5028135022430298,0.0,0.05114721880270737,100.0,46.025644987073086,0.0,0.0,24.325666783590812,185.46216623039285
328,scarce,124.44079146124879,79.84797024952391,18.409529489758647,0.18401813074889917,3.4361940352926714,1966.4855393577382,1.350319623816661,4,0,0,37,3,0,0.719148956499961,0.50169243839088,0.0,0.05114730566460736,100.0,46.02572315114663,0.0,0.0,24.325666783590812,185.32329013479475
329,scarce,124.31560395418555,79.81041830757175,18.39321183181782,0.1855277081519254,3.2897842927897996,1983.0257232572185,1.3471626556478875,5,0,0,37,3,0,0.7248499297010572,0.5005651034682088,0.0,0.051147392526359685,100.0,46.02580131508729,0.0,0.0,24.325666783590812,185.21796941675947
330,scarce,124.20025907744673,79.77161616637254,18.368607927153924,0.17028061063442942,3.2179917410044334,1989.13333353286,1.3455716622835563,5,0,0,35,5,0,0.7080356762546701,0.49945626422432865,0.0,0.05114747938796436,100.0,46.025879478895085,0.0,0.0,24.325666783590812,194.69596896795173
331,scarce,124.09167760881155,79.72961009644258,18.343353950918846,0.12537111647329924,3.2097368257120067,1988.1070443726785,1.3442732192440567,5,0,0,35,5,0,0.7051858750914437,0.4983505597617281,0.0,0.05114756624942138,100.0,46.025957642570006,0.0,0.0,24.325666783590812,183.7443737699996
332,scarce,123.99753509060568,79.67863873373429,18.35564348107432,0.13167612086080877,3.349054064995652,1979.573280503726,1.3336254879486973,5,0,0,34,6,0,0.7003127238457897,0.49725021576549777,0.0,0.051147653110730724,100.0,46.026035806112056,0.0,0.0,24.325666783590812,174.83573672894906
333,scarce,123.91327350487941,79.61734126021746,18.373659372046774,0.14564730892299058,3.379662066530487,1983.020631709791,1.3239166948083645,4,0,0,35,5,0,0.7017532911386641,0.49614828714524517,0.0,0.05114773997189243,100.0,46.02611396952124,0.0,0.0,24.325666783590812,185.5147053959239
334,scarce,123.83634216522796,79.54651160513184,18.38814445559359,0.14652328947879256,3.4737126280238435,1999.183051892047,1.3162293747782852,3,0,0,35,5,0,0.7078895307025155,0.4950396086614724,0.0,0.051147826832906466,100.0,46.02619213279753,0.0,0.0,24.325666783590812,185.9736930972944
335,scarce,123.76446180594601,79.46913148223717,18.399788167652893,0.1482750436066746,3.6116215539687353,2038.5554799730744,1.2934624414210474,3,0,0,35,5,0,0.7122092274062564,0.4939261785113255,0.0,0.051147913693772834,100.0,46.026270295940954,0.0,0.0,24.325666783590812,194.86977410455256
336,scarce,123.71035485849771,79.3949244407017,18.393173386799663,0.1470507880896232,3.5876613148971535,2078.7650378063554,1.2702111616890561,4,0,0,34,6,0,0.7015686690021787,0.4928244529754231,0.0,0.051148000554491556,100.0,46.02634845895151,0.0,0.0,24.325666783590812,194.4695014051501
337,scarce,123.67041251461637,79.322411843952,18.375060407458268,0.10379982257915721,3.7298207290421943,2137.020996418709,1.2351622817276604,4,0,0,34,6,0,0.6994150774466631,0.4917250963902318,0.0,0.05114808741506262,100.0,46.026426621829195,0.0,0.0,24.325666783590812,191.81828375765772
338,scarce,123.6634199354231,79.23485680384411,18.32408230966758,0.11391871011985427,4.0148575518026774,2189.6586550995125,1.1960504599117754,5,0,0,33,7,0,0.6818498803376427,0.4906450615218604,0.0,0.05114817427548603,100.0,46.02650478457401,0.0,0.0,24.325666783590812,200.37466643390025
339,scarce,123.6667949023082,79.15824296397636,18.226141332716075,0.17403978739944748,4.202805692204132,2212.0932356942576,1.1662298024702702,4,0,0,31,9,0,0.6538044814084552,0.489595876592311,0.0,0.051148261135761784,100.0,46.02658294718595,0.0,0.0,24.325666783590812,212.69169580941417
340,scarce,123.68242294086244,79.08525501028815,18.103945867729927,0.14709884763460715,4.351719287669327,2224.364571045655,1.1404130910076082,6,0,0,31,9,0,0.6548105998992945,0.48854558493242184,0.0,0.051148347995889874,100.0,46.02666110966502,0.0,0.0,24.325666783590812,204.2370056224723
341,scarce,123.70758637705106,79.01454335425623,17.968421260519797,0.13292903577646376,4.393200526410473,2228.1622482926177,1.1149987122810332,7,0,0,32,8,0,0.6668495599043622,0.48748205041652704,0.0,0.05114843485587031,100.0,46.02673927201122,0.0,0.0,24.325666783590812,204.30233356377792
342,scarce,123.74215330076359,78.9452159465263,17.826597185053664,0.13579138886189734,4.4298206993481575,2225.8609060558956,1.0896184252617274,9,0,0,32,8,0,0.6755003345793821,0.48640900004848975,0.0,0.051148521715703096,100.0,46.02681743422455,0.0,0.0,24.325666783590812,204.25609466720772
343,scarce,123.78659798806673,78.87929002702268,17.681922425526032,0.13961145960004176,4.371870589723481,2219.5673499757395,1.0642698828740818,9,0,0,32,8,0,0.6802098374953858,0.48533076922724483,0.0,0.051148608575388214,100.0,46.026895596305,0.0,0.0,24.325666783590812,195.35529336411508
344,scarce,123.83944985544039,78.81501890089999,17.53717101200533,0.14436768380609294,4.334599694967689,2210.6240051567875,1.0389150095444855,10,0,0,32,8,0,0.6836096974185908,0.4842487985600844,0.0,0.05114869543492569,100.0,46.026973758252595,0.0,0.0,24.325666783590812,195.09970159344545
345,scarce,123.90032303279699,78.75413981443133,17.395535592597003,0.1467204547518992,4.403080765213675,2199.659944648294,1.0232468719712748,9,0,0,32,8,0,0.687119403243589,0.4831629672165164,0.0,0.051148782294315506,100.0,46.027051920067315,0.0,0.0,24.325666783590812,204.2332093275358
346,scarce,123.9706755395504,78.69256217739292,17.25894851379219,0.16014960103829562,4.475210930090812,2187.071329809427,1.0127403171795424,8,0,0,34,6,0,0.6911740425180346,0.48207267576974655,0.0,0.051148869153557666,100.0,46.02713008174916,0.0,0.0,24.325666783590812,203.54339475154256
347,scarce,124.04887845476256,78.63037423684419,17.144590863155944,0.16913139513894626,4.3829263483198915,2174.217083195719,1.0029208126209783,8,0,0,34,6,0,0.6950633973147118,0.4809781060327004,0.0,0.05114895601265217,100.0,46.02720824329815,0.0,0.0,24.325666783590812,194.0492872348929
348,scarce,124.14882912295192,78.57089540649952,17.04119111883181,0.18208309123825311,4.2275993396439855,2160.5569669038814,0.9743748572369336,8,0,0,34,6,0,0.6873930619264541,0.47989197366458125,0.0,0.05114904287159902,100.0,46.02728640471425,0.0,0.0,24.325666783590812,202.55459736772085
349,scarce,124.26092404296271,78.51129594251007,16.95299864156423,0.22514586505955883,4.155019491613528,2153.604442805794,0.9382487506558299,8,0,0,34,6,0,0.6867433367705364,0.47880655599413374,0.0,0.051149129730398216,100.0,46.027364565997495,0.0,0.0,24.325666783590812,205.4091586255034
350,scarce,124.39376691622162,78.43793562785065,16.874409355238335,0.23391449455075075,4.18906540493649,2131.07761654316,0.90964122151826,8,0,0,33,7,0,0.677362148822965,0.4777314576304284,0.0,0.051149216589049765,100.0,46.02744272714787,0.0,0.0,24.325666783590812,196.27243064079647
351,scarce,124.53904852665023,78.36001189613742,16.800292828092857,0.26479758439453194,4.366752705098598,2106.901085833808,0.8847644390751795,7,0,0,33,7,0,0.6756005511584754,0.4766582970241542,0.0,0.051149303447553654,100.0,46.02752088816538,0.0,0.0,24.325666783590812,199.06809285543483
352,scarce,124.69314058940543,78.29194312465438,16.722814208501568,0.2834976337208203,4.462529025416207,2067.7247859872587,0.868156720802148,7,0,0,33,7,0,0.6737771439598682,0.4755871421657982,0.0,0.0511493903059099,100.0,46.02759904905002,0.0,0.0,24.325666783590812,199.58372017567848
353,scarce,124.85521689851971,78.23177943715652,16.665272272945835,0.2864338130048792,4.420036563982367,2025.0009933601832,0.8554207357133534,7,0,0,33,7,0,0.6775022561314747,0.47451188968405356,0.0,0.05114947716411848,100.0,46.02767720980178,0.0,0.0,24.325666783590812,192.6538778004064
354,scarce,125.02288653752753,78.1729848653271,16.636244029165482,0.27597056298985595,4.232218350520737,1982.3736929257866,0.842737461153979,7,0,0,35,5,0,0.6869164623168114,0.47342628157550515,0.0,0.05114956402217941,100.0,46.027755370420685,0.0,0.0,24.325666783590812,192.23379901545886
355,scarce,125.1896012036295,78.12866931748044,16.61104962162569,0.27086834039248914,3.9492296351263994,1935.8730719489904,0.8263979420268444,5,0,0,36,4,0,0.6834888161604565,0.4723444438777286,0.0,0.0511496508800927,100.0,46.027833530906726,0.0,0.0,24.325666783590812,192.3488253932246
356,scarce,125.35462226449133,78.09073212444075,16.59903275391212,0.27040405148140434,3.809008258557327,1886.126744075009,0.8134619455296983,5,0,0,36,4,0,0.6891550519433135,0.47125637332059095,0.0,0.05114973773785833,100.0,46.027911691259895,0.0,0.0,24.325666783590812,184.52250381074398
357,scarce,125.51794424114568,78.05569959930875,16.6035590617933,0.25504760158964557,3.7479230875412055,1837.3998625900203,0.8040369948414807,5,0,0,36,4,0,0.6980361750520359,0.4701585335280337,0.0,0.051149824595476304,100.0,46.02798985148019,0.0,0.0,24.325666783590812,184.5711819710758
358,scarce,125.67676500539282,78.020638523636,16.61409541474452,0.24356504381907648,3.6099233052414332,1809.3192443760272,0.8132745551714908,4,0,0,36,4,0,0.7052394150907035,0.46905277017143404,0.0,0.05114991145294664,100.0,46.02806801156763,0.0,0.0,24.325666783590812,175.03215075785565
359,scarce,125.82969508261769,77.98578071353234,16.627729322876302,0.2348038991130069,3.469345800032316,1784.5817218295342,0.8260341076663609,5,0,0,36,4,0,0.7112842139608897,0.46794035753607693,0.0,0.05114999831026931,100.0,46.0281461715222,0.0,0.0,24.325666783590812,174.00725445158736
360,scarce,125.98130304976564,77.95402896663451,16.641317021942136,0.23310633165649247,3.5026051290376516,1757.1237452282803,0.8384420094490073,5,0,0,35,5,0,0.710849157653524,0.4668284234626581,0.0,0.05115008516744434,100.0,46.028224331343914,0.0,0.0,24.325666783590812,173.56556015102234
361,scarce,126.12789029946384,77.92535565387145,16.658195778089816,0.22773463552217607,3.494409619623294,1728.0475992328502,0.8504748075134217,5,0,0,35,5,0,0.7130032598160121,0.46571411987686046,0.0,0.05115017202447172,100.0,46.028302491032754,0.0,0.0,24.325666783590812,173.25568037047103
362,scarce,126.26754694718917,77.89836758703981,16.685922221699656,0.22005011884661327,3.414413015814911,1702.068912673385,0.8620096820380632,5,0,0,35,5,0,0.7152629558994346,0.4645973306253712,0.0,0.05115025888135144,100.0,46.02838065058872,0.0,0.0,24.325666783590812,181.84192505155724
363,scarce,126.3994002405341,77.87071400753484,16.732008930202685,0.21176609131826446,3.1464739214033024,1685.736556887372,0.8726386592228261,5,0,0,35,5,0,0.7172777560216896,0.4634783250937472,0.0,0.05115034573808352,100.0,46.028458810011834,0.0,0.0,24.325666783590812,189.96354792553385
364,scarce,126.52231067604824,77.84541914811744,16.79309076413964,0.19661801280421362,2.8640450392934813,1665.5274507844442,0.8824426270467195,5,0,0,36,4,0,0.7203727093255271,0.46235591511348917,0.0,0.05115043259466794,100.0,46.02853696930208,0.0,0.0,24.325666783590812,180.2495241640951
365,scarce,126.6360545006775,77.82548313357873,16.869028448120474,0.18246710342451777,3.002913050535097,1650.0487635020327,0.9050424176518307,5,0,0,36,4,0,0.7227139900202599,0.46123092972446694,0.0,0.05115051945110473,100.0,46.028615128459464,0.0,0.0,24.325666783590812,179.9517148297848
366,scarce,126.75120231942067,77.81678769374273,16.94873064437898,0.1821186854612973,3.3038685364020695,1657.1946339602946,0.9296628048231472,5,0,0,35,5,0,0.7128331503213399,0.4601168132591134,0.0,0.05115060630739386,100.0,46.02869328748398,0.0,0.0,24.325666783590812,180.0463596828252
367,scarce,126.86450934257994,77.81469359900161,17.034612757620636,0.18403656058388848,3.366574090160711,1662.191911868591,0.9554479865212512,5,0,0,35,5,0,0.7106870954018527,0.4590050574541714,0.0,0.051150693163535335,100.0,46.028771446375636,0.0,0.0,24.325666783590812,180.40252158464025
368,scarce,126.97493004671655,77.81800064973932,17.127619429050963,0.1868737016461433,3.408404929450777,1661.1553045990659,0.9823516222087374,5,0,0,36,4,0,0.7117173764892274,0.4578921683400332,0.0,0.05115078001952917,100.0,46.028849605134425,0.0,0.0,24.325666783590812,171.31566604459604
369,scarce,127.08989064026692,77.82945888311306,17.217144805772456,0.18248864076999682,3.4560371561308543,1644.9026290215625,1.0018481561964634,5,0,0,35,5,0,0.7019183793884668,0.4567900581227059,0.0,0.05115086687537535,100.0,46.02892776376034,0.0,0.0,24.325666783590812,171.5906317327449
370,scarce,127.20469135566728,77.84495629609779,17.306435567536575,0.2153318000745932,3.4710059635587007,1621.2881773027111,1.0174062837722744,5,0,0,35,5,0,0.7017778755007054,0.45568810245965513,0.0,0.051150953731073895,100.0,46.02900592225342,0.0,0.0,24.325666783590812,174.05601228644522
371,scarce,127.31629499325383,77.8774417387312,17.381093976883797,0.2185671287301902,3.3350055315885063,1608.6038953816314,1.0312948045670414,5,0,0,35,5,0,0.696027785121816,0.45459247189602114,0.0,0.05115104058662479,100.0,46.02908408061362,0.0,0.0,24.325666783590812,165.67690230349666
372,scarce,127.42217376016814,77.91763392250037,17.44883261758063,0.21491688146658539,3.301441099805328,1590.5015028347261,1.0447733254023206,5,0,0,35,5,0,0.6964066755804934,0.45349642455288264,0.0,0.05115112744202803,100.0,46.029162238840954,0.0,0.0,24.325666783590812,165.885584548988
373,scarce,127.5203588419436,77.96348747952739,17.5122892258648,0.20847866389660927,3.3047888874350333,1589.517057496203,1.0579320313991047,5,0,0,35,5,0,0.6985941950803387,0.45239797093829426,0.0,0.05115121429728363,100.0,46.029240396935435,0.0,0.0,24.325666783590812,157.10427785147485
374,scarce,127.60989511119487,78.01114644395095,17.575613934138083,0.19581109571869504,3.474713521646715,1601.3314374595939,1.0637115293142243,5,0,0,35,5,0,0.702194701010191,0.451295556767183,0.0,0.051151301152391575,100.0,46.02931855489704,0.0,0.0,24.325666783590812,156.94315336551085
375,scarce,127.6896552518368,78.0611277873829,17.639123678148188,0.18234726242976246,3.4110385838466106,1623.9220137983284,1.0514996105211931,5,0,0,35,5,0,0.705621393991924,0.45018937323379193,0.0,0.05115138800735188,100.0,46.0293967127258,0.0,0.0,24.325666783590812,156.60907228572472
376,scarce,127.76472838384719,78.10017976807417,17.69590741830884,0.17584841526259953,3.240210164554271,1645.1985115725183,1.0379756091672896,6,0,0,35,5,0,0.7004310777738185,0.44908889904824073,0.0,0.051151474862164543,100.0,46.029474870421694,0.0,0.0,24.325666783590812,163.57220514587783
377,scarce,127.83097987024902,78.13675967566056,17.749780390579485,0.1609936115143571,3.2682948929314746,1666.5090591031112,1.023317294021964,5,0,0,35,5,0,0.7030301515714991,0.44798556588151206,0.0,0.05115156171682956,100.0,46.029553027984726,0.0,0.0,24.325666783590812,171.01919843543868
378,scarce,127.89137639980952,78.17725160644315,17.803414056142913,0.15070766829394752,3.3947391796109594,1695.6383648904302,1.0233818390349658,5,0,0,34,6,0,0.6977315600342783,0.4468880611654743,0.0,0.05115164857134692,100.0,46.029631185414885,0.0,0.0,24.325666783590812,170.03761053256937
379,scarce,127.95502558740438,78.21878480671175,17.84262474249807,0.14065437496764235,3.5667482079887805,1719.7944353745188,1.0279264682073244,5,0,0,33,7,0,0.6854515807587787,0.4458040644266397,0.0,0.05115173542571665,100.0,46.0297093427122,0.0,0.0,24.325666783590812,168.220325022272
380,scarce,128.0153672665453,78.2578584399399,17.87546601413082,0.14785457444913983,3.5043536270437188,1738.145335786081,1.0208069699336393,4,0,0,33,7,0,0.6822852826444459,0.4447235506157307,0.0,0.051151822279938725,100.0,46.02978749987665,0.0,0.0,24.325666783590812,174.61716370441397
381,scarce,128.0701588104627,78.29454310388357,17.904681267981033,0.14884284667466252,3.283845860286661,1765.0912073683576,1.0026684914783426,5,0,0,33,7,0,0.6838913116119445,0.4436412701729576,0.0,0.051151909134013164,100.0,46.029865656908235,0.0,0.0,24.325666783590812,163.8343155161038
382,scarce,128.12022239946563,78.32586853498019,17.92947367780734,0.13958438388233402,3.1009693138782026,1791.746542186098,0.9935646789538067,6,0,0,35,5,0,0.6883000959370212,0.442554140067427,0.0,0.05115199598793995,100.0,46.02994381380696,0.0,0.0,24.325666783590812,171.3331898858672
383,scarce,128.15902842661677,78.35678710742897,17.94169379542824,0.11626215174608168,3.15532967419901,1811.1835162797215,0.9839450821512401,6,0,0,34,6,0,0.6809862464442384,0.44147505519633834,0.0,0.0511520828417191,100.0,46.03002197057283,0.0,0.0,24.325666783590812,169.22116844992738
384,scarce,128.18820534556687,78.38368428099399,17.949636319638937,0.08870187775665461,3.151091752428032,1835.5931164337599,0.9740384140384717,5,0,0,34,6,0,0.6815738348489615,0.4403953239780044,0.0,0.05115216969535061,100.0,46.03010012720585,0.0,0.0,24.325666783590812,175.69499639358023
385,scarce,128.2053403173757,78.41615756401515,17.944222874804883,0.08171170186243694,3.203826398729825,1853.4139680433582,0.9735777061533638,5,0,0,34,6,0,0.6738643556841332,0.4393240731867518,0.0,0.05115225654883448,100.0,46.03017828370601,0.0,0.0,24.325666783590812,192.31712476489528
386,scarce,128.21414747375727,78.4461270079417,17.934957967698644,0.08362894064528302,3.2813810067511837,1864.3798053155551,0.977330679813751,5,0,0,34,6,0,0.6751324333595556,0.4382514275100563,0.0,0.05115234340217069,100.0,46.030256440073295,0.0,0.0,24.325666783590812,182.9156998685883
387,scarce,128.20920865459718,78.48376579134285,17.910055505473746,0.07505356657788882,3.345590123375601,1868.8712282074557,0.9832717880319437,5,0,0,34,6,0,0.6673293674292402,0.43718736520588414,0.0,0.051152430255359274,100.0,46.03033459630773,0.0,0.0,24.325666783590812,191.82290627003482
388,scarce,128.19152537720487,78.52218441494907,17.878133473725644,0.10018962764526275,3.365811358434075,1866.6759947852042,0.9903981600945404,5,0,0,34,6,0,0.6670366166387949,0.4361236249275816,0.0,0.0511525171084002,100.0,46.0304127524093,0.0,0.0,24.325666783590812,194.52630547797236
389,scarce,128.16244279073933,78.55740333450419,17.84196604069904,0.09515945119238053,3.5046228105540442,1862.339223824485,0.9982320349719368,5,0,0,34,6,0,0.6732062194577975,0.43505309808617804,0.0,0.0511526039612935,100.0,46.03049090837803,0.0,0.0,24.325666783590812,194.87042067441308
390,scarce,128.12429316677031,78.5863544725458,17.803891089121297,0.0902694585435956,3.671525715869663,1852.1505522550215,1.006429800672741,6,0,0,34,6,0,0.678088015954567,0.4339772012686279,0.0,0.05115269081403914,100.0,46.030569064213886,0.0,0.0,24.325666783590812,194.46773904794222
391,scarce,128.07688550725805,78.60829427171555,17.765676756679248,0.08877126337358929,3.613464088805661,1835.9618312530656,1.031317873213794,6,0,0,34,6,0,0.6814413288956784,0.43289761580684266,0.0,0.05115277766663716,100.0,46.030647219916894,0.0,0.0,24.325666783590812,194.14700189717033
392,scarce,128.03334655168422,78.61415652282935,17.714973978105522,0.08459372769186636,3.6793370022146874,1805.6471906093866,1.0450829493855451,7,0,0,34,6,0,0.6725627659363413,0.43182779676431265,0.0,0.05115286451908753,100.0,46.03072537548704,0.0,0.0,24.325666783590812,193.79158107494035
393,scarce,127.98809936414298,78.60771704606972,17.658866997131533,0.06095467166141733,3.6455840241183375,1773.076731546149,1.054431915628023,7,0,0,34,6,0,0.6728375723917396,0.4307576754346818,0.0,0.051152951371390254,100.0,46.030803530924324,0.0,0.0,24.325666783590812,195.31674135816107
394,scarce,127.93917811275807,78.58830268383353,17.599639682867796,0.054027537284189193,3.631605189968995,1744.3197718237207,1.0619386237877622,6,0,0,35,5,0,0.6795439369991338,0.4296801771039827,0.0,0.05115303822354534,100.0,46.03088168622876,0.0,0.0,24.325666783590812,195.3265299468765
395,scarce,127.88698453911373,78.560626547541,17.53857324237129,0.05959350704633681,3.541343872090155,1739.6892694298222,1.067852512957065,6,0,0,36,4,0,0.6861500318165059,0.4285954120689845,0.0,0.051153125075552794,100.0,46.03095984140034,0.0,0.0,24.325666783590812,194.9985669089894
396,scarce,127.83082042764377,78.52447005262366,17.478224130523,0.07041932040241501,3.632546938316564,1736.285463862354,1.0726960493681603,5,0,0,36,4,0,0.6916809636348633,0.42750456300898615,0.0,0.05115321192741261,100.0,46.03103799643907,0.0,0.0,24.325666783590812,194.55776707450133
397,scarce,127.77557531672923,78.47311081408063,17.411977673880067,0.0725934899261542,3.716275710742741,1741.6007045925944,1.0804486746184192,4,0,0,35,5,0,0.6893267202400237,0.4264163036167222,0.0,0.05115329877912477,100.0,46.031116151344925,0.0,0.0,24.325666783590812,193.5743376053116
398,scarce,127.71961081562661,78.41002108592991,17.341686088262886,0.07679382091142621,3.6111171429865037,1757.751710142693,1.0845908297628424,3,0,0,35,5,0,0.6914494132069375,0.42532570926219454,0.0,0.0511533856306893,100.0,46.03119430611793,0.0,0.0,24.325666783590812,192.2673985504126
399,scarce,127.65286784797574,78.34702736828208,17.252718698830314,0.0986119844466703,3.5819201362056132,1775.081991825049,1.0831936766704993,3,0,0,35,5,0,0.6823253001121123,0.4242451514320712,0.0,0.051153472482106194,100.0,46.031272460758096,0.0,0.0,24.325666783590812,190.94989452425747
400,scarce,127.57464192235616,78.28968525353926,17.138299396646545,0.13583210841406027,3.5383464408254897,1789.9439609381516,1.0770598184428077,3,0,0,34,6,0,0.6719751680804196,0.4231759787471828,0.0,0.051153559333375447,100.0,46.031350615265396,0.0,0.0,24.325666783590812,196.78088731438416
401,scarce,127.49191213634147,78.23349285088402,17.00893425503182,0.14904109517261868,3.6065353595487566,1800.1846869025394,1.072532765346593,4,0,0,35,5,0,0.6771343220476821,0.42210113099293023,0.0,0.05115364618449706,100.0,46.03142876963984,0.0,0.0,24.325666783590812,202.54273810880713
402,scarce,127.41248856730267,78.18680349192645,16.85565097702046,0.14102078371338825,3.6357296915460546,1799.367722154413,1.06988229107975,4,0,0,34,6,0,0.6726457794404164,0.4210312206355458,0.0,0.051153733035471036,100.0,46.03150692388142,0.0,0.0,24.325666783590812,201.0965481647723
403,scarce,127.33469539921698,78.14451677509342,16.68871269323687,0.11271945839217105,3.4742200153665137,1793.385336998952,1.0787174447782617,3,0,0,35,5,0,0.6767151917727698,0.41995683392459576,0.0,0.05115381988629738,100.0,46.031585077990165,0.0,0.0,24.325666783590812,201.65101500654845
404,scarce,127.25834776378633,78.10134970590715,16.517753295686468,0.10603694226901603,3.3933873254936926,1784.347284278847,1.0976166382411559,4,0,0,35,5,0,0.684407800753719,0.41887398534376674,0.0,0.05115390673697608,100.0,46.03166323196605,0.0,0.0,24.325666783590812,193.0610888259509
405,scarce,127.19071165551127,78.05987417617358,16.3415040075668,0.11266877079443242,3.282932254820499,1761.9581159108493,1.1087274864131973,5,0,0,34,6,0,0.6803985365020118,0.4177955469536145,0.0,0.05115399358750715,100.0,46.031741385809084,0.0,0.0,24.325666783590812,192.35588609455644
406,scarce,127.1287298646487,78.01651958919122,16.16824950827139,0.09258624944109883,3.299684762882515,1731.5926613557822,1.1156310697536027,5,0,0,34,6,0,0.6822950290553969,0.41671502242165365,0.0,0.051154080437890576,100.0,46.03181953951926,0.0,0.0,24.325666783590812,190.08356473258257
407,scarce,127.07200256712743,77.97117591078697,15.998844333440099,0.07357268654881587,3.272644273412581,1699.6627873846082,1.1213951993677993,5,0,0,34,6,0,0.6880287409660937,0.41562819080659086,0.0,0.05115416728812637,100.0,46.03189769309658,0.0,0.0,24.325666783590812,188.98284262472447
408,scarce,127.01969760094957,77.92153031857723,15.834690430081318,0.06701892556245749,3.269138293623834,1663.5509718496905,1.124411460937246,5,0,0,35,5,0,0.6942573803789889,0.414534507688174,0.0,0.05115425413821451,100.0,46.031975846541044,0.0,0.0,24.325666783590812,188.44464101785923
409,scarce,126.97278616747931,77.86549499251727,15.688703310784044,0.0631088566059686,3.208091345741001,1623.2111705358693,1.1149949685407534,5,0,0,35,5,0,0.699161187746293,0.41343543038165304,0.0,0.05115434098815504,100.0,46.03205399985267,0.0,0.0,24.325666783590812,187.61287121945753
410,scarce,126.92979091509798,77.80447212499288,15.57315246864519,0.0624361409026293,3.1310061184933784,1579.2975383532976,1.1058901871371631,5,0,0,35,5,0,0.7028450586229547,0.4123323008171679,0.0,0.05115442783794792,100.0,46.032132153031434,0.0,0.0,24.325666783590812,187.45403544808698
411,scarce,126.8903638906688,77.73963142843331,15.473894056665753,0.06594384868195952,3.253965934464752,1542.557453704001,1.0961981861706562,5,0,0,35,5,0,0.7059076870051413,0.4112258023614622,0.0,0.051154514687593175,100.0,46.03221030607735,0.0,0.0,24.325666783590812,187.2613941128348
412,scarce,126.85632336031033,77.6704738756572,15.38021891916057,0.06795517819297568,3.108958008072986,1508.470103222644,1.0867784293303262,5,0,0,35,5,0,0.7081880996930215,0.41011679545179974,0.0,0.05115460153709079,100.0,46.032288458990415,0.0,0.0,24.325666783590812,177.85302923931698
413,scarce,126.8292415126595,77.59487570283717,15.286917583862168,0.0711891703015205,3.036780218264174,1473.7391203630104,1.0775549684161227,4,0,0,36,4,0,0.709913310007319,0.40900589081079175,0.0,0.051154688386440765,100.0,46.03236661177063,0.0,0.0,24.325666783590812,177.2797397793203
414,scarce,126.80819961680204,77.51317814548958,15.19445714728801,0.07754144285474433,2.9553577642586744,1438.7810791600423,1.069006116563438,4,0,0,36,4,0,0.7126015103666427,0.4078920291493885,0.0,0.051154775235643116,100.0,46.03244476441799,0.0,0.0,24.325666783590812,176.71511556288857
415,scarce,126.79167836640377,77.4286879211297,15.101976406405294,0.08444313652447294,2.871544875064616,1404.8340422806796,1.0482739372622367,4,0,0,37,3,0,0.7165417005209166,0.40677383327881544,0.0,0.05115486208469782,100.0,46.03252291693249,0.0,0.0,24.325666783590812,176.48331442871998
416,scarce,126.77773150570656,77.34030958211402,15.009208449801045,0.09309234126651812,2.8342879067954754,1382.010000561524,1.02771035565467,4,0,0,38,2,0,0.7201722821399006,0.4056516437684616,0.0,0.0511549489336049,100.0,46.032601069314154,0.0,0.0,24.325666783590812,176.39551027783494
417,scarce,126.76622216002163,77.24900855841904,14.916221995707323,0.09997899225793141,2.8388395440798093,1366.038899023435,1.017111480643437,4,0,0,38,2,0,0.7238393905772303,0.4045254204388266,0.0,0.05115503578236435,100.0,46.032679221562965,0.0,0.0,24.325666783590812,166.97346183450793
418,scarce,126.75810884331536,77.15455707411883,14.822853098904982,0.10709909752521204,2.910856486054614,1346.788306255141,1.0063615584329757,4,0,0,39,1,0,0.7286854303880255,0.40339386646539976,0.0,0.05115512263097616,100.0,46.032757373678926,0.0,0.0,24.325666783590812,175.80464263526204
419,scarce,126.75583190174684,77.05584817566462,14.730755714396722,0.11807716793501058,2.8702224777415886,1325.7205405147397,0.993238192918449,4,0,0,39,1,0,0.7320959387873034,0.4022585609327337,0.0,0.051155209479440335,100.0,46.03283552566203,0.0,0.0,24.325666783590812,175.49782073215027
420,scarce,126.75944183844058,76.95314014487079,14.640898872756775,0.12739537673170354,2.881813258139627,1325.8977073584465,1.0037553638613095,4,0,0,39,1,0,0.7360277408127497,0.4011189304178397,0.0,0.05115529632775688,100.0,46.03291367751229,0.0,0.0,24.325666783590812,202.31770475002844
421,scarce,126.76998185284188,76.84781171895959,14.583844785013786,0.13391891815151752,2.947247761247058,1328.7436817186826,1.027321367999638,4,0,0,40,0,0,0.7401180959498932,0.39997480051229484,0.0,0.0511553831759258,100.0,46.03299182922971,0.0,0.0,24.325666783590812,202.3042639467065
422,scarce,126.78536759687901,76.74190854758251,14.559927042406718,0.13805985150702885,3.1339454256441273,1364.382315754112,1.0512011047201402,3,0,0,40,0,0,0.7437058855392243,0.3988267240382017,0.0,0.05115547002394709,100.0,46.033069980814275,0.0,0.0,24.325666783590812,202.19386246273768
423,scarce,126.80555267639372,76.63526073597316,14.533704158614578,0.14270937191531663,3.2620239530808055,1407.5839499819122,1.070785128012813,5,0,0,40,0,0,0.746647738527102,0.39767541152582186,0.0,0.05115555687182073,100.0,46.033148132265985,0.0,0.0,24.325666783590812,193.07547298084353
424,scarce,126.83009235786346,76.5274739188462,14.503794553153256,0.14743750842120906,3.3653696927988093,1449.2705735442432,1.0874726624217335,4,0,0,40,0,0,0.7481735345771149,0.39652242063778703,0.0,0.051155643719546756,100.0,46.03322628358485,0.0,0.0,24.325666783590812,192.93611205433834
425,scarce,126.87046743576062,76.41334607783836,14.457391935343182,0.14997698615481117,3.393321392405904,1483.2960827451461,1.0946505454432631,5,0,0,39,1,0,0.736770717403787,0.39538197284864285,0.0,0.05115573056712514,100.0,46.03330443477087,0.0,0.0,24.325666783590812,201.6381338655221
426,scarce,126.92230379935434,76.29735052950576,14.403176973559933,0.1971086480945507,3.419963399784779,1518.5128995091654,1.0971486521330105,5,0,0,39,1,0,0.7334288596619827,0.3942452011030147,0.0,0.051155817414555896,100.0,46.03338258582403,0.0,0.0,24.325666783590812,206.2115889301208
427,scarce,126.9827176034433,76.17967025643624,14.347913507996688,0.20287724472400964,3.4698517506337367,1554.4863380744864,1.0902367504877488,6,0,0,39,1,0,0.7374105217602054,0.39310404952907846,0.0,0.051155904261839025,100.0,46.03346073674435,0.0,0.0,24.325666783590812,205.6696642436412
428,scarce,127.05024591626332,76.06225277820371,14.303770139876582,0.20622248376317967,3.4695678459056603,1601.431310929278,1.0780853725567399,7,0,0,39,1,0,0.7404014944556137,0.39195960788517725,0.0,0.05115599110897452,100.0,46.033538887531826,0.0,0.0,24.325666783590812,214.41723163048164
429,scarce,127.12342858631844,75.9477824113205,14.28284160578843,0.2068063791449283,3.4213670053782828,1647.5882575392097,1.0643664461722477,7,0,0,39,1,0,0.7409878833464714,0.39081452121349614,0.0,0.05115607795596239,100.0,46.033617038186456,0.0,0.0,24.325666783590812,205.352193050567
430,scarce,127.20256551179818,75.83764566263861,14.290724201314237,0.20724690772567014,3.3955503627455976,1691.4737383144675,1.0514873550726778,7,0,0,39,1,0,0.7413926666721519,0.3896689892801568,0.0,0.05115616480280263,100.0,46.033695188708236,0.0,0.0,24.325666783590812,205.11698306410955
431,scarce,127.28652390138453,75.73210869354206,14.335108583529314,0.207211459325862,3.415170611032937,1746.7444259970653,1.0271647719330457,7,0,0,39,1,0,0.7413839436368872,0.3885234669421562,0.0,0.051156251649495235,100.0,46.033773339097166,0.0,0.0,24.325666783590812,204.8304593163154
432,scarce,127.37703049027698,75.63207303682906,14.433836355075305,0.20695957332730053,3.470715467915588,1809.8851550599502,1.0034070181151735,7,0,0,39,1,0,0.7426974763608263,0.3873764997181593,0.0,0.05115633849604021,100.0,46.03385148935325,0.0,0.0,24.325666783590812,204.76795315088478
433,scarce,127.46545414973306,75.54921383032381,14.54346482355626,0.19971524153374992,3.5227154693598073,1858.9670865940934,0.9754079695353308,7,0,0,38,2,0,0.7308982246352258,0.38624251167106055,0.0,0.05115642534243756,100.0,46.0339296394765,0.0,0.0,24.325666783590812,195.156880988488
434,scarce,127.55669892070325,75.47882812808518,14.675050530580211,0.17627641578057635,3.5500001969848967,1899.207675386373,0.9464753481893268,7,0,0,38,2,0,0.7280169555795497,0.3851116930199231,0.0,0.05115651218868729,100.0,46.03400778946689,0.0,0.0,24.325666783590812,193.7920806714208
435,scarce,127.65812903017854,75.43548667396314,14.797246534649409,0.16544547950487057,3.5416398983522916,1919.1852352460846,0.9287048755579325,7,0,0,37,3,0,0.7127342034471092,0.3839976853961312,0.0,0.05115659903478938,100.0,46.034085939324434,0.0,0.0,24.325666783590812,193.25953718980912
436,scarce,127.76563345508846,75.41949154678761,14.900073150152156,0.1841058369805026,3.5371217035169122,1933.9811379749153,0.9173147652045583,6,0,0,36,4,0,0.6978560243286088,0.3829000437693698,0.0,0.05115668588074385,100.0,46.03416408904915,0.0,0.0,24.325666783590812,195.7362827390253
437,scarce,127.87957218161618,75.42353410658863,15.005465944402209,0.1798718015567761,3.557760042580033,1944.8292567913813,0.9096570870931661,6,0,0,36,4,0,0.7000686230768742,0.3817999682839852,0.0,0.05115677272655069,100.0,46.03424223864101,0.0,0.0,24.325666783590812,180.21301471075202
438,scarce,127.997318828815,75.4524682662917,15.168066374887422,0.18972988930329546,3.68495506887961,1954.7907857820755,0.9047237732976332,6,0,0,35,5,0,0.6935667361943524,0.38070704487417145,0.0,0.0511568595722099,100.0,46.03432038810003,0.0,0.0,24.325666783590812,181.72091232711938
439,scarce,128.11686495825063,75.49916202932289,15.3501432172488,0.20373979905697,3.6086737215263702,1960.0540614536076,0.9017466599500876,5,0,0,35,5,0,0.6949805811530314,0.3796125662349031,0.0,0.051156946417721484,100.0,46.03439853742619,0.0,0.0,24.325666783590812,174.0700639695551
440,scarce,128.23770394866594,75.55825124921995,15.528804189195972,0.21163908630187453,3.512693888918066,1960.643334012624,0.8928033202440755,5,0,0,35,5,0,0.6972100316838056,0.37851563520005094,0.0,0.05115703326308545,100.0,46.03447668661953,0.0,0.0,24.325666783590812,165.99077906124268
441,scarce,128.36975390258513,75.62689110809724,15.693444642567107,0.21520525379108016,3.5657740939947735,1955.384254719036,0.896798769670818,5,0,0,35,5,0,0.6896763293762203,0.37742699123773704,0.0,0.051157120108301785,100.0,46.034554835680005,0.0,0.0,24.325666783590812,166.63798128837317
442,scarce,128.5056433871945,75.70556952534976,15.848070867028365,0.22509754081681707,3.477809107937387,1946.8337055980155,0.9066619254074059,5,0,0,35,5,0,0.6885139215933321,0.3763396259239844,0.0,0.05115720695337049,100.0,46.03463298460765,0.0,0.0,24.325666783590812,167.41355194530198
443,scarce,128.6452404506569,75.7930557134342,15.999451448377238,0.2401894634560376,3.4445586192165067,1935.2702693606407,0.9181222834105724,5,0,0,35,5,0,0.6897726466345537,0.37525087601268636,0.0,0.051157293798291564,100.0,46.03471113340244,0.0,0.0,24.325666783590812,176.9658199742486
444,scarce,128.7845549066576,75.88937492383815,16.147980583564458,0.2501674777100214,3.422781818748477,1929.2698455749342,0.9317983620304012,5,0,0,35,5,0,0.6916382139184085,0.37416007397737616,0.0,0.05115738064306502,100.0,46.034789282064395,0.0,0.0,24.325666783590812,177.135683135875
445,scarce,128.92155255228042,75.99481327146582,16.289215020305072,0.25850169187286187,3.326472768648588,1923.9333276404213,0.941382635116159,6,0,0,35,5,0,0.6924837899148732,0.37306834180846976,0.0,0.05115746748769086,100.0,46.03486743059351,0.0,0.0,24.325666783590812,177.1126871172589
446,scarce,129.06619563572534,76.1147249635119,16.406881054779717,0.26500525886541115,3.3575153893216365,1908.0710101630539,0.9325568276944572,6,0,0,34,6,0,0.6806817931443527,0.371989591836011,0.0,0.051157554332169064,100.0,46.03494557898978,0.0,0.0,24.325666783590812,158.715047783974
447,scarce,129.2117978878609,76.24574507842186,16.50859869020285,0.30154270145048057,3.3595893791769895,1891.757827098365,0.9214435073580362,5,0,0,34,6,0,0.6782495767752037,0.3709135173015582,0.0,0.051157641176499645,100.0,46.0350237272532,0.0,0.0,24.325666783590812,156.25562055769535
448,scarce,129.35023282374726,76.40515096891643,16.575030238994287,0.3339707915180943,3.3596520803454943,1866.7741622517206,0.9222753041889351,5,0,0,32,8,0,0.6619653841534212,0.3698553553789895,0.0,0.051157728020682594,100.0,46.03510187538377,0.0,0.0,24.325666783590812,147.0477078644873
449,scarce,129.48490099654276,76.5740262174177,16.61573565772525,0.3704562864193855,3.2660017173278972,1833.2753783751978,0.9257055538542417,5,0,0,32,8,0,0.6536641309077569,0.368806324834991,0.0,0.05115781486471794,100.0,46.03518002338153,0.0,0.0,24.325666783590812,130.7521602024802
450,scarce,129.6143789686779,76.7473382762974,16.642868536898572,0.3818085256226972,3.1304790077077733,1802.8852641800695,0.9302646222866916,5,0,0,32,8,0,0.6542371151541975,0.36775666400832135,0.0,0.051157901708605645,100.0,46.035258171246426,0.0,0.0,24.325666783590812,131.30119525134705
451,scarce,129.73597871633473,76.9249655687331,16.66024142743201,0.37856793942767464,3.1393832535549637,1767.343180664844,0.9357343680993359,5,0,0,33,7,0,0.6576780535122879,0.36670321814945783,0.0,0.05115798855234573,100.0,46.03533631897849,0.0,0.0,24.325666783590812,131.169904351109
452,scarce,129.8473246881671,77.10565644083357,16.671007923709052,0.3670808816466295,3.0997852092724125,1737.1448341904252,0.9362397868759779,5,0,0,34,6,0,0.6628439306711371,0.36564408982571955,0.0,0.051158075395938196,100.0,46.035414466577706,0.0,0.0,24.325666783590812,130.9391340027981
453,scarce,129.95373500312093,77.29324392528575,16.667333171940992,0.35926256486596564,3.1248732433633477,1709.179898251663,0.9241183272586726,5,0,0,33,7,0,0.6597688796152786,0.3645883440581428,0.0,0.05115816223938304,100.0,46.03549261404409,0.0,0.0,24.325666783590812,122.20055231821725
454,scarce,130.05468570380506,77.48582478678776,16.65357676326123,0.35794138934157343,3.0875591263869673,1678.9958403307755,0.9153784344821605,6,0,0,34,6,0,0.6622170742191813,0.3635299052765017,0.0,0.051158249082680254,100.0,46.03557076137762,0.0,0.0,24.325666783590812,122.38765864438128
455,scarce,130.1469867104418,77.68198833215897,16.63256934268812,0.3545350745659304,3.0995682186159925,1656.2475459212292,0.9076435741689957,6,0,0,34,6,0,0.6646276201496342,0.362468814894337,0.0,0.051158335925829856,100.0,46.03564890857832,0.0,0.0,24.325666783590812,131.43524078076763
456,scarce,130.2292934135263,77.87933710209154,16.60852373299195,0.34623510039387245,3.2140749002405054,1642.1139836147486,0.8997314766592442,6,0,0,34,6,0,0.6674807156080182,0.36140458610716825,0.0,0.05115842276883183,100.0,46.03572705564618,0.0,0.0,24.325666783590812,131.44208459331804
457,scarce,130.30114847726753,78.07357139967209,16.581947489746113,0.3322878672412752,3.0745570700615072,1630.8672282771222,0.8916940642108738,5,0,0,35,5,0,0.6707039009349135,0.36033681181613986,0.0,0.05115850961168618,100.0,46.035805202581194,0.0,0.0,24.325666783590812,131.27503956349975
458,scarce,130.37184172431142,78.25682000386385,16.542654592200307,0.3274177831247081,3.059595075431286,1630.000586943148,0.8855340370702703,6,0,0,34,6,0,0.6620083032035661,0.3592786026826159,0.0,0.05115859645439292,100.0,46.035883349383376,0.0,0.0,24.325666783590812,130.5864168705381
459,scarce,130.4375522577275,78.42986017615277,16.49777868853318,0.31498539441687834,3.064067417424215,1624.6208572338073,0.8959236132868519,6,0,0,34,6,0,0.6608738216203808,0.3582216414788335,0.0,0.05115868329695203,100.0,46.03596149605272,0.0,0.0,24.325666783590812,137.59373050044215
460,scarce,130.49746316635085,78.59615053782406,16.449183178346928,0.29342956658196784,3.0241767277505143,1614.989797521892,0.9122851370586854,6,0,0,34,6,0,0.663300587285799,0.3571620108328191,0.0,0.05115877013936353,100.0,46.03603964258922,0.0,0.0,24.325666783590812,136.37065645918534
461,scarce,130.55131956725046,78.7547542152458,16.399961185716585,0.2730413950778807,3.044238652026287,1609.5216863051319,0.9293620007423026,6,0,0,34,6,0,0.6663808448138684,0.3560989919035239,0.0,0.0511588569816274,100.0,46.03611778899289,0.0,0.0,24.325666783590812,162.57123082163469
462,scarce,130.5962650376993,78.90960572436254,16.348344038077265,0.2599951980447471,3.0486335887319624,1605.5381906436523,0.9477566695502004,5,0,0,35,5,0,0.6694879659238323,0.3550325551410076,0.0,0.05115894382374365,100.0,46.03619593526371,0.0,0.0,24.325666783590812,162.7285462359053
463,scarce,130.6326318096149,79.06091881123243,16.294280328219322,0.24905227862456283,3.0680262558690488,1597.6696900621391,0.9670982099606203,4,0,0,35,5,0,0.6727789723596593,0.3539624982714121,0.0,0.051159030665712285,100.0,46.0362740814017,0.0,0.0,24.325666783590812,162.93820224092715
464,scarce,130.663275390739,79.20943681439219,16.235744160876976,0.24012268051932523,2.7503732252710495,1586.5139826720188,0.9887645766812544,4,0,0,37,3,0,0.6768145752906862,0.35288800223859224,0.0,0.0511591175075333,100.0,46.03635222740685,0.0,0.0,24.325666783590812,163.04462842597664
465,scarce,130.68834241217596,79.35237101597414,16.171974462086002,0.22437925302917694,2.7535090797527557,1580.5898987581168,1.0074266142483899,4,0,0,38,2,0,0.6823966862786569,0.3518073658836857,0.0,0.05115920434920669,100.0,46.03643037327917,0.0,0.0,24.325666783590812,162.71787791215306
466,scarce,130.71046140630526,79.48918893894691,16.103934015952365,0.21136058990656126,2.910685705846592,1578.5984295536036,1.0250554687397373,4,0,0,38,2,0,0.6871235515328713,0.35072152997699957,0.0,0.051159291190732474,100.0,46.036508519018646,0.0,0.0,24.325666783590812,162.6044611366758
467,scarce,130.73015584589038,79.61820204812196,16.03418361224049,0.1960570576914821,3.028633871116071,1575.280503192742,1.0451743099754176,4,0,0,38,2,0,0.692135920561897,0.3496301804643815,0.0,0.05115937803211062,100.0,46.036586664625275,0.0,0.0,24.325666783590812,171.3497680919531
468,scarce,130.74742731425016,79.73993471645433,15.963993073750697,0.18367963030543538,3.124250187356491,1569.0686434083764,1.067971090673015,5,0,0,38,2,0,0.6966909244684549,0.3485338204474662,0.0,0.05115946487334116,100.0,46.03666481009908,0.0,0.0,24.325666783590812,162.2164637936833
469,scarce,130.76483449562943,79.85336818634711,15.891621741392532,0.1705881093029726,3.182299497871278,1559.6082826380807,1.0936575412322949,5,0,0,39,1,0,0.7015007273481924,0.3474321696473832,0.0,0.05115955171442409,100.0,46.036742955440054,0.0,0.0,24.325666783590812,171.2591335903246
470,scarce,130.78102879005607,79.95693338845373,15.817940870566156,0.15444839372504351,3.2714428805709006,1558.4136790261327,1.1225041537218734,6,0,0,39,1,0,0.7057452314476954,0.3463258498927907,0.0,0.051159638555359384,100.0,46.036821100648176,0.0,0.0,24.325666783590812,180.1928552740891
471,scarce,130.7960350902195,80.05006760871973,15.744421761016705,0.13769964453405092,3.437744658356107,1570.720301307876,1.136463863057937,6,0,0,39,1,0,0.7102234268275831,0.34521460412328037,0.0,0.05115972539614707,100.0,46.036899245723475,0.0,0.0,24.325666783590812,180.0258641651015
472,scarce,130.8090914401221,80.13448358668234,15.670466988556303,0.12228547430601915,3.4541210625887837,1590.6338721135544,1.135220641023649,6,0,0,39,1,0,0.7131433319383876,0.3441001464581482,0.0,0.05115981223678714,100.0,46.03697739066593,0.0,0.0,24.325666783590812,171.00247829143072
473,scarce,130.81962381464285,80.21033660651442,15.59859049474934,0.10550656877016878,3.4861236758919434,1608.9090339668546,1.1353870033428133,5,0,0,39,1,0,0.7164817865428261,0.342982016492951,0.0,0.05115989907727959,100.0,46.03705553547555,0.0,0.0,24.325666783590812,170.90042916072997
474,scarce,130.8326327999271,80.26911512263987,15.526171835510297,0.08655942482027314,3.3826448768862543,1624.3354816730061,1.133890470526779,4,0,0,39,1,0,0.7149135588031535,0.34186561157826756,0.0,0.051159985917624426,100.0,46.037133680152344,0.0,0.0,24.325666783590812,179.24607299424733
475,scarce,130.84839430231642,80.32725054741668,15.439964212660817,0.06794247116136347,3.2724801136074433,1626.6560699373003,1.1446570067348736,4,0,0,38,2,0,0.7028987301463803,0.34076242297510656,0.0,0.05116007275782165,100.0,46.03721182469629,0.0,0.0,24.325666783590812,169.69611085256847
476,scarce,130.85524104992857,80.37583744339501,15.349147146258105,0.1036387105327083,3.428163986694558,1617.241155816002,1.1618567912154925,3,0,0,36,4,0,0.6902289614874949,0.3396731711174703,0.0,0.05116015959787125,100.0,46.03728996910741,0.0,0.0,24.325666783590812,174.07325493844866
477,scarce,130.85439950032583,80.41395431743095,15.254030083526121,0.08714964681056535,3.469727912346168,1604.4648394919059,1.1829789645700655,3,0,0,36,4,0,0.6893954157541465,0.3385848361601408,0.0,0.05116024643777325,100.0,46.03736811338571,0.0,0.0,24.325666783590812,173.97013571910466
478,scarce,130.83484807802535,80.44002858326067,15.147300000180996,0.07559650600242147,3.4547281287977625,1594.4382482132278,1.1957037256580574,3,0,0,35,5,0,0.6789603685672643,0.33750797975471675,0.0,0.05116033327752762,100.0,46.03744625753116,0.0,0.0,24.325666783590812,183.38634682507765
479,scarce,130.80394657495424,80.45384068155742,15.035103057189577,0.07549247871811303,3.3315674175410175,1578.2209637772685,1.204860832308529,4,0,0,35,5,0,0.6769409210060642,0.3364333447416101,0.0,0.05116042011713437,100.0,46.03752440154377,0.0,0.0,24.325666783590812,184.8121712645317
480,scarce,130.76478004238055,80.4577076372777,14.922168400734705,0.07175154048357987,3.2243105934882053,1560.5612967760244,1.2128608147632847,4,0,0,35,5,0,0.6804355581283729,0.3353548656276689,0.0,0.05116050695659352,100.0,46.03760254542356,0.0,0.0,24.325666783590812,185.5272818826249
481,scarce,130.72239699017308,80.45223165069773,14.810417704611956,0.06752800043569553,3.1799428453205403,1542.92104264511,1.2208173416531602,4,0,0,35,5,0,0.6834779251500216,0.3342730399100039,0.0,0.051160593795905054,100.0,46.037680689170514,0.0,0.0,24.325666783590812,185.55865936449229
482,scarce,130.67768687424132,80.437200879935,14.701007658023467,0.06563792122578585,3.063651456663738,1526.8133581329312,1.2196853671991763,4,0,0,35,5,0,0.6861984768191377,0.33318822158550276,0.0,0.05116068063506897,100.0,46.03775883278463,0.0,0.0,24.325666783590812,185.3662803340945
483,scarce,130.63372716344185,80.41266193165168,14.595723666930677,0.06360238221515159,3.204781112282403,1513.4654085962466,1.2108122452329855,4,0,0,35,5,0,0.6875463357299395,0.33210192061619986,0.0,0.05116076747408527,100.0,46.037836976265915,0.0,0.0,24.325666783590812,185.0098395278113
484,scarce,130.58349056314813,80.38878838909751,14.482810128318055,0.06022143842015669,3.104825739741265,1494.923084824295,1.2031162000631341,4,0,0,34,6,0,0.6771305135718066,0.3310270770512709,0.0,0.05116085431295396,100.0,46.03791511961437,0.0,0.0,24.325666783590812,185.16832495486267
485,scarce,130.53174806449215,80.36180767349107,14.36907787751262,0.06967092354956672,2.9825576086734786,1472.2050740007835,1.196564851451847,4,0,0,34,6,0,0.674503529836058,0.32995512316845116,0.0,0.051160941151675035,100.0,46.03799326282999,0.0,0.0,24.325666783590812,178.6539124509502
486,scarce,130.4804229435956,80.33126729125854,14.257618683970017,0.08109897858695876,3.0661149835592725,1447.3176419340598,1.188185625735297,4,0,0,34,6,0,0.6762765471777034,0.32888121896655576,0.0,0.051161027990248506,100.0,46.03807140591279,0.0,0.0,24.325666783590812,179.49763005044946
487,scarce,130.43068676559403,80.29366322167172,14.149472596047087,0.08120003725587455,2.9831078622469804,1420.5266863261495,1.1765501999739398,4,0,0,34,6,0,0.6770761457003357,0.3278064352062854,0.0,0.05116111482867435,100.0,46.03814954886275,0.0,0.0,24.325666783590812,179.65648679976852
488,scarce,130.37633766151683,80.25882808355905,14.032632323399312,0.08286599433524243,2.994599464329257,1389.6145164404297,1.1668563076975087,3,0,0,33,7,0,0.666092407050991,0.32674373355852926,0.0,0.051161201666952594,100.0,46.03822769167988,0.0,0.0,24.325666783590812,179.29893058983922
489,scarce,130.323022858174,80.22409903752528,13.914248257369076,0.10200272812454243,2.9437006663308884,1359.0187717716763,1.1593526291095428,3,0,0,33,7,0,0.6640493768171355,0.3256832792440304,0.0,0.051161288505083224,100.0,46.03830583436418,0.0,0.0,24.325666783590812,177.07814010398027
490,scarce,130.27284224411216,80.18909347486735,13.796814754431693,0.09892901494763405,2.9665372321558374,1327.2895424146918,1.1526614596484286,3,0,0,34,6,0,0.6676545357749646,0.324618859254678,0.0,0.05116137534306623,100.0,46.03838397691564,0.0,0.0,24.325666783590812,176.36383467888135
491,scarce,130.22969462131243,80.15351815540305,13.681031135657662,0.08775426489218492,2.8892533498218147,1292.21099308056,1.1473133754481684,3,0,0,35,5,0,0.6717996604893182,0.3235498796281397,0.0,0.05116146218090164,100.0,46.03846211933427,0.0,0.0,24.325666783590812,176.14397996840756
492,scarce,130.19113875969583,80.11909881992386,13.56700555483738,0.0832070078919976,2.6884077611710184,1260.278538271079,1.1429454445244416,3,0,0,37,3,0,0.6775274949319259,0.3224745993837146,0.0,0.05116154901858943,100.0,46.03854026162008,0.0,0.0,24.325666783590812,176.41864095152087
493,scarce,130.1608553411432,80.08619899909696,13.457052527765569,0.07222598833558617,2.489472475098477,1225.9729530205368,1.1376727208138144,3,0,0,37,3,0,0.6817431030512869,0.3213946819703582,0.0,0.051161635856129616,100.0,46.03861840377306,0.0,0.0,24.325666783590812,167.41291913418766
494,scarce,130.13715223919704,80.05396433707423,13.353464263348105,0.059805424928326543,2.5563586392711066,1197.2887888858459,1.1286397713171825,3,0,0,38,2,0,0.6879377817674562,0.32030795041041393,0.0,0.051161722693522184,100.0,46.0386965457932,0.0,0.0,24.325666783590812,167.1786730661491
495,scarce,130.1201550060344,80.02034622064988,13.257411562933857,0.049958634497386724,2.707081067919682,1170.8902861412207,1.114946777112831,2,0,0,38,2,0,0.6925296144326337,0.3192161678345381,0.0,0.051161809530767155,100.0,46.03877468768053,0.0,0.0,24.325666783590812,167.14392980478132
496,scarce,130.11076163446907,79.98696510411308,13.168900558472837,0.037585012672593864,2.7277552191425736,1142.057071391915,1.1020053503716476,2,0,0,38,2,0,0.6964491043039198,0.31812007381980373,0.0,0.05116189636786451,100.0,46.038852829435015,0.0,0.0,24.325666783590812,166.79972612704415
497,scarce,130.10720095823947,79.95397595042645,13.087957332662189,0.030617583631992174,2.6586369611691016,1115.3184773613757,1.089321375218358,2,0,0,38,2,0,0.7010213703073024,0.31701895031246574,0.0,0.05116198320481426,100.0,46.03893097105668,0.0,0.0,24.325666783590812,166.67051974868303
498,scarce,130.1092920984729,79.92098315060662,13.014294273901077,0.027558381326724994,2.7003826447902606,1097.8494809633412,1.051503134856975,2,0,0,38,2,0,0.7042233501826575,0.3159143046272648,0.0,0.05116207004161639,100.0,46.03900911254551,0.0,0.0,24.325666783590812,166.6953144146491
499,scarce,130.11902262515605,79.88808911950036,12.948280901110541,0.026309112066519057,2.7512259258501706,1090.0404747107823,1.0216136818386496,2,0,0,38,2,0,0.7057886862100137,0.31480793707243376,0.0,0.051162156878270915,100.0,46.03908725390152,0.0,0.0,24.325666783590812,175.57177025357402
500,scarce,130.13338149875696,79.85593596769013,12.890500688433468,0.030419634775900872,2.8398469949007543,1081.3592968981175,0.995692791461582,2,0,0,39,1,0,0.7088737705023088,0.31369817592488125,0.0,0.05116224371477783,100.0,46.039165395124684,0.0,0.0,24.325666783590812,175.73095367978877
501,scarce,130.15333600401257,79.82409669492236,12.840070544859804,0.037848323877180026,2.903544842513321,1074.0034226177013,0.970365472500975,2,0,0,39,1,0,0.7107328314241728,0.3125863698103147,0.0,0.05116233055113714,100.0,46.03924353621504,0.0,0.0,24.325666783590812,175.8485315632659
502,scarce,130.1773851674522,79.79165438803986,12.797291231644834,0.04575709189420204,2.862826242172723,1071.0545177255117,0.9465219600754831,3,0,0,39,1,0,0.7113700256537927,0.3114738627820955,0.0,0.05116241738734884,100.0,46.03932167717256,0.0,0.0,24.325666783590812,184.65358845051242
503,scarce,130.2058607856207,79.75825724484105,12.763902035401912,0.05409415677172707,2.875108345015362,1082.2169950085517,0.9237469218496939,3,0,0,39,1,0,0.7131941925139155,0.3103593491703302,0.0,0.05116250422341294,100.0,46.03939981799726,0.0,0.0,24.325666783590812,193.70097191996518
504,scarce,130.23821266945458,79.72379814093448,12.739074932447588,0.06375784084827384,2.912119069025901,1103.5852518104948,0.9021428965313079,3,0,0,40,0,0,0.7151098918493982,0.3092427282892959,0.0,0.051162591059329424,100.0,46.039477958689126,0.0,0.0,24.325666783590812,193.7737955320162
505,scarce,130.2736653878183,79.68911444410737,12.723905561584859,0.07166242806674003,2.9671829715581284,1127.6827556499775,0.8815292666606276,4,0,0,40,0,0,0.7177465592041579,0.3081232070741713,0.0,0.051162677895098305,100.0,46.039556099248166,0.0,0.0,24.325666783590812,193.96287713908617
506,scarce,130.3107983696141,79.6529894604444,12.719556301743827,0.07950783793066452,3.116924987952628,1153.0677353785213,0.8618240757887069,4,0,0,40,0,0,0.719748770314377,0.30700148342682543,0.0,0.05116276473071957,100.0,46.03963423967437,0.0,0.0,24.325666783590812,194.05747619343703
507,scarce,130.35135178916266,79.61679579998487,12.725674151219648,0.08603584372668908,3.244820724992985,1180.763553972938,0.8429785871380809,4,0,0,40,0,0,0.7206435970799191,0.30587877547003756,0.0,0.05116285156619324,100.0,46.03971237996777,0.0,0.0,24.325666783590812,194.1558669656274
508,scarce,130.39514800084268,79.58159322981072,12.740811914776184,0.09044397852251193,3.4200825321032333,1211.4427845706596,0.8212757616758521,4,0,0,40,0,0,0.7212678868418262,0.3047553807945116,0.0,0.051162938401519295,100.0,46.03979052012832,0.0,0.0,24.325666783590812,185.09162032786594
509,scarce,130.4416958247205,79.54677940833423,12.763698104162572,0.09479651718391839,3.386325294082937,1254.0081338341988,0.7995660932381933,5,0,0,40,0,0,0.720657877310882,0.3036326571294696,0.0,0.05116302523669775,100.0,46.03986866015607,0.0,0.0,24.325666783590812,193.92783878463834
510,scarce,130.4909916352272,79.51313599881783,12.795834760866999,0.09836001201181364,3.462371478355837,1311.6537823974286,0.7788697628073179,5,0,0,40,0,0,0.7214099843964501,0.3025091061466335,0.0,0.0511631120717286,100.0,46.03994680005098,0.0,0.0,24.325666783590812,184.84686802622915
511,scarce,130.54351901823125,79.48039358744927,12.836002806916806,0.1023945426249096,3.4565681153165686,1374.8465692013342,0.7811418974102603,5,0,0,40,0,0,0.7213214551098558,0.3013856525460127,0.0,0.05116319890661185,100.0,46.040024939813065,0.0,0.0,24.325666783590812,184.73398765748613
512,scarce,130.59903473397782,79.44929792578326,12.883994157947058,0.10435341299077393,3.515192338722911,1455.6611745038317,0.7927003030032522,5,0,0,40,0,0,0.7215649524814409,0.30026193109828303,0.0,0.051163285741347486,100.0,46.04010307944233,0.0,0.0,24.325666783590812,184.6053081204775
513,scarce,130.65840251812773,79.41893502117637,12.940695498787722,0.10743101332824258,3.570222959950141,1539.058309974229,0.8045405825255667,6,0,0,40,0,0,0.7217529804555378,0.299138002819782,0.0,0.05116337257593551,100.0,46.040181218938756,0.0,0.0,24.325666783590812,193.32711156979556
514,scarce,130.72136169334004,79.39062736364845,13.004806210468379,0.10921646902778766,3.547346735280436,1621.7231658870514,0.8165401323776308,6,0,0,40,0,0,0.7211208517864757,0.29801476988281683,0.0,0.05116345941037595,100.0,46.04025935830238,0.0,0.0,24.325666783590812,192.96617368889576
515,scarce,130.79899416806438,79.37013746235505,13.06573263329497,0.11113583768083206,3.667764484446356,1692.4594241867599,0.820917891398187,6,0,0,39,1,0,0.7092639510251161,0.29690457953668925,0.0,0.051163546244668776,100.0,46.040337497533166,0.0,0.0,24.325666783590812,192.66763375502157
516,scarce,130.88503505161586,79.3543106222281,13.127813708454164,0.1498741401408621,3.6487553644612993,1754.9547405848643,0.8306369608582449,5,0,0,39,1,0,0.704821202134563,0.2957992762143412,0.0,0.05116363307881399,100.0,46.040415636631124,0.0,0.0,24.325666783590812,188.10219159475523
517,scarce,130.9749006167777,79.3418425395625,13.193554525896223,0.15105481861160877,3.644675510525661,1810.8422758989982,0.8390333752934155,5,0,0,39,1,0,0.707543392624126,0.2946909784824546,0.0,0.051163719912811614,100.0,46.040493775596275,0.0,0.0,24.325666783590812,179.0346734618351
518,scarce,131.07749248561763,79.32854026506742,13.255534888094264,0.15651570757987668,3.766447608398434,1857.603177768986,0.848181412715525,6,0,0,38,2,0,0.6997953960137375,0.29359120354683954,0.0,0.05116380674666163,100.0,46.0405719144286,0.0,0.0,24.325666783590812,179.2938909242474
519,scarce,131.1871934735936,79.31641543247665,13.320104133236095,0.17665965439674164,3.79163313740075,1897.4345140310397,0.8566800741469373,6,0,0,38,2,0,0.6985423183511222,0.29249280699665337,0.0,0.05116389358036404,100.0,46.04065005312809,0.0,0.0,24.325666783590812,180.36124970658227
520,scarce,131.29981629235567,79.30764775361399,13.366667314383642,0.1899047611597067,3.797457051666716,1919.9196989624033,0.8670316682492134,6,0,0,36,4,0,0.6758014314342422,0.2914194254220756,0.0,0.051163980413918855,100.0,46.040728191694775,0.0,0.0,24.325666783590812,180.2913389045496
521,scarce,131.41557412398237,79.3018840629469,13.41084595859763,0.18582418288403163,3.877978878679296,1933.6175489942107,0.878013671827169,6,0,0,36,4,0,0.6717754117390338,0.2903504724691627,0.0,0.05116406724732606,100.0,46.040806330128625,0.0,0.0,24.325666783590812,177.52739216482738
522,scarce,131.53265488410386,79.3001286512039,13.460095730800962,0.19245989042516087,3.6997126650052814,1954.8989388941336,0.8893962979622572,6,0,0,36,4,0,0.676780922789425,0.2892760134540943,0.0,0.051164154080585666,100.0,46.04088446842965,0.0,0.0,24.325666783590812,185.2493057149309
523,scarce,131.65037028378384,79.30130971010718,13.516037240584861,0.19749072127146744,3.529963494802407,1971.1023614163641,0.9014931894265598,6,0,0,36,4,0,0.6792448472534709,0.28819884412211555,0.0,0.05116424091369767,100.0,46.040962606597866,0.0,0.0,24.325666783590812,184.56560469088163
524,scarce,131.76768491631856,79.30675956231273,13.580056247567308,0.19810476104489785,3.522136218519441,1983.5590537736498,0.8994359388404406,7,0,0,36,4,0,0.6802239004840884,0.287120597831583,0.0,0.051164327746662075,100.0,46.04104074463325,0.0,0.0,24.325666783590812,184.510368699965
525,scarce,131.87419479758765,79.32409844767668,13.64181613552562,0.19469837918179522,3.4410685094787965,1983.8897380857052,0.8901259792650283,7,0,0,35,5,0,0.6686062136441913,0.28605513099657437,0.0,0.05116441457947887,100.0,46.04111888253581,0.0,0.0,24.325666783590812,193.53180354363232
526,scarce,131.9735700937779,79.34876849469264,13.705465598905835,0.15364469449632762,3.44532110485821,1975.7239801948963,0.8770021672759516,6,0,0,35,5,0,0.6649977075316045,0.28499363351828966,0.0,0.051164501412148074,100.0,46.04119702030556,0.0,0.0,24.325666783590812,190.99646044284023
527,scarce,132.06693532472812,79.3785903142248,13.771995666801924,0.14965639645652923,3.484907055924505,1961.8311208332525,0.8625023113005155,6,0,0,35,5,0,0.6681574789615332,0.28392866029143193,0.0,0.05116458824466968,100.0,46.041275157942486,0.0,0.0,24.325666783590812,189.8727224445059
528,scarce,132.1568143975672,79.41502204606573,13.841617677431236,0.15255887347961927,3.5343365268399394,1943.7654441257837,0.8471818402111091,7,0,0,35,5,0,0.6708402303044511,0.282860736038097,0.0,0.05116467507704367,100.0,46.041353295446584,0.0,0.0,24.325666783590812,189.68627998240282
529,scarce,132.23902872137367,79.46623069982016,13.904697610680065,0.16047480640997283,3.44542911668969,1917.8469558533689,0.8385478542823318,7,0,0,34,6,0,0.6628553199690067,0.2818015951861311,0.0,0.05116476190927007,100.0,46.04143143281787,0.0,0.0,24.325666783590812,189.86953402140492
530,scarce,132.3155615310339,79.52618599477795,13.963901079979218,0.17145213935619072,3.356289456512876,1887.0465062759613,0.8331556627838881,7,0,0,34,6,0,0.6607922897889792,0.28074472366736325,0.0,0.05116484874134887,100.0,46.041509570056334,0.0,0.0,24.325666783590812,172.93355113809093
531,scarce,132.38699770723545,79.59362486895395,14.02040218831246,0.17218457987894562,3.2975391744654985,1851.9435352296714,0.8288213418014453,7,0,0,35,5,0,0.6621000510132703,0.2796864136112487,0.0,0.051164935573280085,100.0,46.04158770716199,0.0,0.0,24.325666783590812,165.18827990398603
532,scarce,132.45407314919902,79.6671111412576,14.075119931426801,0.1734505947454895,3.122206142607807,1814.3682137464202,0.8252065986868197,7,0,0,35,5,0,0.6635792011248703,0.2786264764900113,0.0,0.05116502240506368,100.0,46.04166584413481,0.0,0.0,24.325666783590812,165.7634089269667
533,scarce,132.51387937962576,79.74475197197935,14.12637021570097,0.16823660069257132,2.8390497634870155,1792.9564918960386,0.8222939173229616,7,0,0,35,5,0,0.662694211539951,0.27756751285731734,0.0,0.05116510923669969,100.0,46.04174398097482,0.0,0.0,24.325666783590812,165.86635484425392
534,scarce,132.56811221238365,79.82697149458895,14.17467120046581,0.16841456216961323,2.878800857996766,1779.7829215374513,0.7953187134811371,7,0,0,36,4,0,0.6639010155287499,0.27650722174023573,0.0,0.05116519606818808,100.0,46.041822117681996,0.0,0.0,24.325666783590812,166.09126451235275
535,scarce,132.6115052875193,79.9240258653715,14.210708861010266,0.16785467437576068,2.982927923127223,1760.8304552309928,0.7700961931807241,6,0,0,35,5,0,0.6544298004455276,0.27545734895974566,0.0,0.0511652828995289,100.0,46.041900254256376,0.0,0.0,24.325666783590812,157.18695635710796
536,scarce,132.64505677332357,80.03743020700884,14.227483357863516,0.2113426025952362,2.959002339127456,1736.383917750747,0.7514078805034327,6,0,0,36,4,0,0.645939163401847,0.27441681588000366,0.0,0.05116536973072211,100.0,46.04197839069792,0.0,0.0,24.325666783590812,143.1677861580577
537,scarce,132.6693700675999,80.1588638818488,14.23370620740223,0.22453225318605516,3.1346118645518857,1705.417898163898,0.7357981138172078,6,0,0,36,4,0,0.6497889346834229,0.2733720480518519,0.0,0.05116545656176772,100.0,46.04205652700666,0.0,0.0,24.325666783590812,144.76961377869438
538,scarce,132.68167356292244,80.28441177943657,14.233969230829848,0.231444461811255,3.2139668176598777,1669.4073227241315,0.721910217518552,6,0,0,36,4,0,0.654409250102635,0.27232219787673895,0.0,0.051165543392665734,100.0,46.04213466318257,0.0,0.0,24.325666783590812,136.88473532798926
539,scarce,132.6817102196041,80.41424589565386,14.228532886099938,0.23880352124433776,3.086663591576348,1629.5504476163915,0.7095813847260227,6,0,0,36,4,0,0.6576085153825254,0.27126882850981815,0.0,0.05116563022341616,100.0,46.04221279922567,0.0,0.0,24.325666783590812,146.54491095596933
540,scarce,132.66966497677683,80.54482090540591,14.219007408822653,0.24048118771323185,3.031191213323889,1586.6459133292592,0.7035259491560045,5,0,0,36,4,0,0.6602898540230391,0.2702125096703929,0.0,0.05116571705401897,100.0,46.042290935135945,0.0,0.0,24.325666783590812,146.76342891514236
541,scarce,132.64411297871663,80.67507961810217,14.20633442190243,0.24236156690147406,2.947471984762943,1541.0623522557544,0.6979586723199398,5,0,0,37,3,0,0.6641274154794548,0.2691519695133654,0.0,0.051165803884474205,100.0,46.042369070913416,0.0,0.0,24.325666783590812,147.27002393916896
542,scarce,132.6075149697211,80.80360381395829,14.19213359639111,0.24107616601471957,2.7381942906523427,1495.3976771698217,0.691854356975979,5,0,0,37,3,0,0.6676060005051392,0.26808760291280975,0.0,0.051165890714781836,100.0,46.042447206558066,0.0,0.0,24.325666783590812,147.38924236116011
543,scarce,132.56884295131414,80.9279128601838,14.165596724478856,0.23378158056016882,2.79654331482714,1446.4574100536265,0.6865495738576755,4,0,0,36,4,0,0.6600997696943349,0.26703149316614605,0.0,0.051165977544941864,100.0,46.042525342069894,0.0,0.0,24.325666783590812,148.11265660114708
544,scarce,132.5240468193961,81.04862008721982,14.13169239012591,0.21826208024949342,2.862416172439029,1399.9504469111307,0.6875854499056065,4,0,0,36,4,0,0.6597884109850531,0.26597572591406243,0.0,0.0511660643749543,100.0,46.04260347744891,0.0,0.0,24.325666783590812,149.35559685789252
545,scarce,132.47420749447627,81.16505974925478,14.093201505903233,0.2105276479590404,2.8364761403099132,1354.226829078798,0.6892186164826422,5,0,0,37,3,0,0.6635313673649345,0.26491584140996105,0.0,0.051166151204819155,100.0,46.04268161269511,0.0,0.0,24.325666783590812,149.82583893138178
546,scarce,132.4179893800897,81.2775075884725,14.05327330161827,0.20797168014114634,2.8110665929951346,1320.2898278710345,0.6903992062020119,5,0,0,37,3,0,0.6677933680396185,0.26385126870511744,0.0,0.0511662380345364,100.0,46.04275974780849,0.0,0.0,24.325666783590812,158.8722423539889
547,scarce,132.35704439593397,81.38427862933288,14.011064973665905,0.20248230216809734,2.795968598094727,1290.1395938661735,0.6911199865763226,5,0,0,37,3,0,0.6702298065795831,0.2627840159178799,0.0,0.05116632486410606,100.0,46.042837882789065,0.0,0.0,24.325666783590812,158.64277032289505
548,scarce,132.28830090775853,81.483850002995,13.96777264808359,0.19768786336467667,2.781303669937146,1260.459132625605,0.6913404206100752,5,0,0,37,3,0,0.6722743478460778,0.2617145141352492,0.0,0.05116641169352811,100.0,46.04291601763681,0.0,0.0,24.325666783590812,158.29707395103827
549,scarce,132.21455225911797,81.57629477578239,13.924217577232207,0.1915131072585625,2.624362154214268,1229.4481650575544,0.6907995595183826,6,0,0,37,3,0,0.673805754222851,0.26064332780560406,0.0,0.051166498522802584,100.0,46.04299415235176,0.0,0.0,24.325666783590812,157.9490130889545
550,scarce,132.13458882774523,81.6617216841525,13.881707973099083,0.18859438465059297,2.5014319151205933,1196.7248815396888,0.6897032955612136,6,0,0,37,3,0,0.6752480171621611,0.2595705549867257,0.0,0.05116658535192946,100.0,46.04307228693389,0.0,0.0,24.325666783590812,157.8024395608742
551,scarce,132.0493735876699,81.73986580512103,13.840176069647077,0.18218225055635354,2.3712823099277722,1162.4470115897784,0.6884595580960347,5,0,0,38,2,0,0.6773512517875898,0.25849546860975936,0.0,0.05116667218090873,100.0,46.04315042138319,0.0,0.0,24.325666783590812,166.26112025968268
552,scarce,131.96164288340245,81.80749042550134,13.798839453469508,0.17035815826287493,2.328724695805982,1133.7588437675295,0.687371214460903,4,0,0,39,1,0,0.6794183348467223,0.25741810844142793,0.0,0.051166759009740416,100.0,46.043228555699685,0.0,0.0,24.325666783590812,165.54255978851072
553,scarce,131.87487089659595,81.86940211310501,13.754580893261178,0.16466782885195339,2.324202308110663,1107.0871473660081,0.6860065598452703,4,0,0,38,2,0,0.6759911483266177,0.25634451817826875,0.0,0.05116684583842451,100.0,46.04330668988337,0.0,0.0,24.325666783590812,155.3814164959211
554,scarce,131.78826315631323,81.92321254324202,13.707725883472586,0.1587143377650947,2.333921550530561,1080.0758564269054,0.684426361198709,4,0,0,38,2,0,0.6746016898640557,0.25527245631941825,0.0,0.051166932666961026,100.0,46.043384823934254,0.0,0.0,24.325666783590812,163.3586704941971
555,scarce,131.70083234982596,81.96813043434476,13.660600931614061,0.15139318654232695,2.2938348370681663,1053.1218235384513,0.6825835209959717,4,0,0,38,2,0,0.6755856031888704,0.25419931215591046,0.0,0.05116701949534993,100.0,46.043462957852306,0.0,0.0,24.325666783590812,171.44816173776198
556,scarce,131.61217531340174,82.0015751993885,13.614600787437135,0.142155812049974,2.355893221351059,1042.7043602150588,0.6806005361051086,4,0,0,38,2,0,0.6772513025903137,0.25312433572306114,0.0,0.05116710632359125,100.0,46.04354109163754,0.0,0.0,24.325666783590812,170.71455101291608
557,scarce,131.51570975364695,82.02662339205617,13.565797602644258,0.14240601870149736,2.335684001014261,1042.3328428325694,0.6754185662210839,4,0,0,37,3,0,0.6740666039849005,0.25205286245867775,0.0,0.05116719315168498,100.0,46.04361922528998,0.0,0.0,24.325666783590812,188.76006202544252
558,scarce,131.41525629113568,82.04315822381672,13.514979020941855,0.1427355165752279,2.314962505967158,1040.2558387193785,0.6696158842179651,4,0,0,37,3,0,0.6732377241751287,0.2509823009620851,0.0,0.051167279979631115,100.0,46.0436973588096,0.0,0.0,24.325666783590812,188.55922720320325
559,scarce,131.31389083904764,82.05116351757925,13.462514442882542,0.14288452427597878,2.362258122386726,1038.5482184161374,0.6636695652288822,4,0,0,38,2,0,0.6751652444088713,0.24990961919323537,0.0,0.05116736680742966,100.0,46.04377549219641,0.0,0.0,24.325666783590812,188.17879937553388
560,scarce,131.2117664317751,82.04877437747048,13.41112665703532,0.14266018326173108,2.33033439963877,1037.4427440797735,0.6575994328682133,4,0,0,38,2,0,0.6772044776526175,0.24883469426781746,0.0,0.051167453635080615,100.0,46.0438536254504,0.0,0.0,24.325666783590812,187.68602204366601
561,scarce,131.1127156696938,82.04715005677859,13.34726992855567,0.14726254533318636,2.344507379325845,1026.933275682888,0.6579662896236159,4,0,0,37,3,0,0.6654619174969619,0.24777268615857082,0.0,0.05116754046258397,100.0,46.04393175857158,0.0,0.0,24.325666783590812,187.17842707341728
562,scarce,131.01408629916793,82.04223385568272,13.280261565117133,0.14904245818735848,2.394783646426558,1014.4788157606599,0.6660010598263052,3,0,0,37,3,0,0.6652231509007882,0.24671094069257996,0.0,0.05116762728993975,100.0,46.04400989155996,0.0,0.0,24.325666783590812,182.8626495962918
563,scarce,130.90940907591315,82.03318674726879,13.208727811265359,0.14458064011512908,2.5081734315274486,1012.6947160902491,0.6822733288889431,3,0,0,36,4,0,0.6654128145468967,0.24564898659657836,0.0,0.05116771411714794,100.0,46.04408802441553,0.0,0.0,24.325666783590812,182.26095323954823
564,scarce,130.7963320056598,82.01913423158874,13.133965404003083,0.15244886082030001,2.6588598419535985,1011.4152314278326,0.699762278438346,2,0,0,35,5,0,0.6619654576381804,0.24459082459317635,0.0,0.05116780094420853,100.0,46.04416615713827,0.0,0.0,24.325666783590812,182.32825741479422
565,scarce,130.67751182020987,81.99841942290608,13.056924581366866,0.15999669405400943,2.648582960283204,1007.4775020602683,0.7178722337281317,2,0,0,35,5,0,0.6604771045085449,0.24353429977821697,0.0,0.05116788777112154,100.0,46.04424428972821,0.0,0.0,24.325666783590812,182.279365232525
566,scarce,130.5539485052246,81.97097816064105,12.979859418079934,0.16877246484944497,2.6795832222544025,1003.5379873396741,0.736932114478896,2,0,0,35,5,0,0.6611461114995635,0.24247703905556744,0.0,0.05116797459788695,100.0,46.044322422185346,0.0,0.0,24.325666783590812,182.4395951919752
567,scarce,130.4266073490956,81.93706110387832,12.902409746943945,0.1762769940586836,2.7395067371715127,1004.1979241016015,0.7567551596487481,2,0,0,35,5,0,0.6614273355850875,0.2414194689864238,0.0,0.05116806142450478,100.0,46.044400554509664,0.0,0.0,24.325666783590812,173.39814551373573
568,scarce,130.29721615806253,81.89710714509799,12.824332678432066,0.18269913040639144,2.7566618672196297,1008.0242145414013,0.7894716575785612,2,0,0,35,5,0,0.6621978059882838,0.2403610513998367,0.0,0.05116814825097502,100.0,46.044478686701176,0.0,0.0,24.325666783590812,173.45653661957235
569,scarce,130.16727899269205,81.851944820368,12.746002543936145,0.1855354511751416,2.8793023173332832,1013.3725889533162,0.823541118171679,2,0,0,36,4,0,0.6652126472516593,0.23929931748785993,0.0,0.051168235077297675,100.0,46.04455681875988,0.0,0.0,24.325666783590812,173.58020598331586
570,scarce,130.03918748047283,81.80222332907913,12.66730175975702,0.18182862591888663,2.8090525442733068,1020.3912735776976,0.8586735964628721,1,0,0,36,4,0,0.6672229115604689,0.2382353722851434,0.0,0.051168321903472744,100.0,46.044634950685776,0.0,0.0,24.325666783590812,173.2682415072815
571,scarce,129.91292880866564,81.74752732173674,12.588193310368592,0.17981646537810225,2.8526218263154504,1033.600281533436,0.8877330919543134,2,0,0,36,4,0,0.6687531823906518,0.23716974378451364,0.0,0.05116840872950022,100.0,46.044713082478864,0.0,0.0,24.325666783590812,173.11498921266153
572,scarce,129.78993836464605,81.68683610967332,12.508247155511162,0.17682350719365028,2.8666967341923835,1058.3165353154327,0.8978526757343208,2,0,0,36,4,0,0.6695869504032845,0.23610319813907008,0.0,0.05116849555538011,100.0,46.04479121413914,0.0,0.0,24.325666783590812,173.1092814813565
573,scarce,129.67176586499957,81.62125064585226,12.425750626062225,0.17263730716187287,2.6694933825614,1080.7974291523933,0.9075226094567851,2,0,0,37,3,0,0.6707599162225295,0.2350353622312253,0.0,0.05116858238111242,100.0,46.044869345666605,0.0,0.0,24.325666783590812,173.1141948279597
574,scarce,129.55910701690544,81.55070685804677,12.34208959183099,0.16700908398672415,2.730040879146074,1100.804523240331,0.9165157404468346,3,0,0,37,3,0,0.672459578852546,0.2339656566944875,0.0,0.05116866920669714,100.0,46.04494747706127,0.0,0.0,24.325666783590812,173.03938022692424
575,scarce,129.45178252882778,81.47551256671524,12.258236663577568,0.16394903170963787,2.8331332806594567,1117.8146924255925,0.9249913085851138,3,0,0,37,3,0,0.6741006710104231,0.23289414595637598,0.0,0.05116875603213427,100.0,46.04502560832312,0.0,0.0,24.325666783590812,173.14994711070497
576,scarce,129.35048914105673,81.3966360537084,12.1747551816118,0.15750772897393953,2.8914984837031135,1132.4750147511368,0.9330973657798083,3,0,0,37,3,0,0.6747692839309634,0.23182189974405193,0.0,0.05116884285742381,100.0,46.04510373945216,0.0,0.0,24.325666783590812,173.0533866968293
577,scarce,129.25714247207927,81.31511190162196,12.093889764822034,0.1498593021916254,2.87736293974758,1144.2686812172615,0.9415527457773675,3,0,0,38,2,0,0.6775868709459164,0.23074655418601148,0.0,0.05116892968256577,100.0,46.045181870448396,0.0,0.0,24.325666783590812,172.96745357527294
578,scarce,129.17191274501997,81.2311280887115,12.01781729314951,0.14004679911740128,2.9872221784186754,1153.0964626011846,0.9500213235180854,3,0,0,38,2,0,0.6809537688775571,0.22966750504024613,0.0,0.05116901650756015,100.0,46.04526000131183,0.0,0.0,24.325666783590812,172.61238801077562
579,scarce,129.09346390853415,81.14525415631375,11.946582562116593,0.13772476263910097,3.0467036218201797,1164.0572274644583,0.9583835530608689,3,0,0,39,1,0,0.6847981166131827,0.22858422711197163,0.0,0.05116910333240694,100.0,46.04533813204246,0.0,0.0,24.325666783590812,172.84289451567102
580,scarce,129.0205459180973,81.06036360412511,11.879455217975016,0.13665468834450567,3.002735276016611,1178.581013363888,0.9667155550387393,3,0,0,40,0,0,0.6884355374558068,0.22749694802077025,0.0,0.05116919015710615,100.0,46.04541626264027,0.0,0.0,24.325666783590812,173.14512217659026
581,scarce,128.9637536901926,80.98292400471104,11.805887261326188,0.1353697886092974,2.808913778634312,1183.8106048919944,0.974606204173452,3,0,0,39,1,0,0.6783845647550536,0.22642072499953966,0.0,0.05116927698165777,100.0,46.04549439310529,0.0,0.0,24.325666783590812,173.63808427163616
582,scarce,128.91754831312284,80.90663310818485,11.73204110540593,0.11785808266639482,2.790041982876023,1180.1391261174285,0.982135312110843,4,0,0,39,1,0,0.6759773179826132,0.22534714994975885,0.0,0.05116936380606181,100.0,46.04557252343749,0.0,0.0,24.325666783590812,184.75736015703782
583,scarce,128.8918731377741,80.82597648365254,11.65036329429854,0.10254716241620906,2.916014185671288,1162.6000987544903,0.98397186526103,3,0,0,38,2,0,0.6686401717083528,0.22428164576087967,0.0,0.05116945063031827,100.0,46.0456506536369,0.0,0.0,24.325666783590812,195.29506378544892
584,scarce,128.88080156611773,80.74347686380727,11.568963565456581,0.12265685416180903,2.9281143261059674,1140.4213233385526,0.982067149117225,3,0,0,38,2,0,0.6685992084171818,0.22321618663162077,0.0,0.051169537454427136,100.0,46.04572878370349,0.0,0.0,24.325666783590812,197.74814407534794
585,scarce,128.879714470652,80.65933508592039,11.491366720194215,0.12333159788455098,2.8302539330736662,1115.3439454075778,0.9784096571430148,3,0,0,38,2,0,0.6731743505444328,0.22214569484602187,0.0,0.05116962427838842,100.0,46.04580691363728,0.0,0.0,24.325666783590812,207.9311333115204
586,scarce,128.8884324132166,80.6476179349205,11.473470016870818,0.12152910125882117,2.8054322616065037,1101.8709690281503,0.9787084385374345,3,0,0,0,2,38,0.09607095798630713,0.23026001679223693,0.0,0.051169711102202135,100.0,46.045885043438275,0.0,0.0,24.325666783590812,208.3472014824078
587,scarce,128.89913175266923,80.64409042684136,11.458334753061543,0.12048809375103528,2.7887160000698534,1088.9397439284403,0.9779833728113531,3,0,0,0,2,38,0.03912133478845477,0.23843698332396962,0.0,0.05116979792586825,100.0,46.04596317310644,0.0,0.0,24.325666783590812,208.7661174700077
588,scarce,128.91021511481762,80.64133818879517,11.443151569250679,0.1251264141421539,2.7714973785751837,1075.694274164678,0.9772209583320045,3,0,0,0,2,38,0.033941788476294865,0.2466196473566457,0.0,0.051169884749386794,100.0,46.046041302641825,0.0,0.0,24.325666783590812,209.0117793976612
589,scarce,128.9218792476057,80.63829147865022,11.427518047842565,0.12611334920031783,2.7542407166721175,1062.373855419537,0.9761548832303168,3,0,0,0,2,38,0.03367123794868325,0.25480260899490215,0.0,0.05116997157275775,100.0,46.0461194320444,0.0,0.0,24.325666783590812,208.7852584920485
590,scarce,128.93359085556597,80.63522784845023,11.411791822379353,0.1273721376572488,2.736486396860457,1048.9607243875944,0.9751090422468227,3,0,0,0,2,38,0.03378708238067605,0.2629854432042834,0.0,0.05117005839598113,100.0,46.046197561314166,0.0,0.0,24.325666783590812,208.78330517510926
591,scarce,128.94555060802546,80.6326262170163,11.396003107242297,0.1292646475771816,2.7188798452131406,1035.6364926918322,0.973427958395795,3,0,0,0,2,38,0.033850640614358864,0.2711682074996077,0.0,0.05117014521905692,100.0,46.046275690451125,0.0,0.0,24.325666783590812,208.67938256528356
592,scarce,128.9577172864885,80.6301474667637,11.380199592266573,0.13094743765673333,2.7015929069774485,1022.4186537739843,0.9714242929753943,3,0,0,0,2,38,0.0338983128108841,0.27935091935551565,0.0,0.051170232041985134,100.0,46.04635381945529,0.0,0.0,24.325666783590812,208.6983092951021
593,scarce,128.97049840427428,80.62752003566104,11.36436276641462,0.13254507008913924,2.685321824481383,1009.561821643445,0.9686497237031861,3,0,0,0,2,38,0.03386828333862525,0.2875336642438432,0.0,0.05117031886476577,100.0,46.046431948326656,0.0,0.0,24.325666783590812,208.77080009313687
594,scarce,128.98304800816328,80.62413101239318,11.348491436848219,0.13572471656469365,2.6694480403644647,996.663790104627,0.9666592040789294,3,0,0,0,2,38,0.03387291966281689,0.2957164040322141,0.0,0.051170405687398834,100.0,46.046510077065214,0.0,0.0,24.325666783590812,208.4918435964004
595,scarce,128.99541327389494,80.62063988855729,11.33262532980949,0.13760381379076583,2.6538978580321393,983.7617312902912,0.9648816054364067,3,0,0,0,2,38,0.033901930115433264,0.3038991119090871,0.0,0.0511704925098843,100.0,46.04658820567097,0.0,0.0,24.325666783590812,208.2688982074012
596,scarce,129.00752098170818,80.61759523197586,11.31688688540562,0.13656036208697653,2.6385954236587628,970.8664101201466,0.963076264635079,3,0,0,0,2,38,0.03389739803506371,0.3120818247712486,0.0,0.05117057933222219,100.0,46.046666334143914,0.0,0.0,24.325666783590812,208.47602967322536
597,scarce,129.02044543054728,80.61536195387825,11.299950226597877,0.13622387620880422,2.6224453966866674,956.7416522605527,0.961462733814692,3,0,0,1,1,38,0.03514042928558375,0.32026317029903445,0.0,0.05117066615441251,100.0,46.04674446248407,0.0,0.0,24.325666783590812,208.31640508472242
598,scarce,129.0271755807234,80.60936738144412,11.290188494362058,0.1365147530259601,2.6135069191554394,950.2673751336988,0.9592324423644506,3,0,0,0,1,39,0.027541755219673746,0.32867787436829277,0.0,0.05117075297645525,100.0,46.04682259069143,0.0,0.0,24.325666783590812,208.57941153379548
599,scarce,129.03364332907285,80.60167028003883,11.280121554968733,0.14055074415780572,2.6042481501288433,943.6985125486608,0.9578622718877822,3,0,0,1,0,39,0.027811252246880015,0.3370922819908212,0.0,0.0511708397983504,100.0,46.04690071876597,0.0,0.0,24.325666783590812,208.18563313310068
600,scarce,129.03471349120917,80.59829500804031,11.277001373489643,0.14591929594496558,2.6019510617419064,941.8219284375118,0.9575799581313612,3,0,0,0,0,40,0.020780828769508562,0.34573942307917477,0.0,0.051170926620097985,100.0,46.046978846707724,0.0,0.0,24.325666783590812,208.08995736809635
601,scarce,129.03525907934187,80.59522492244534,11.274648390381937,0.15297546029518666,2.6005005022169057,940.4150649910916,0.9573952485001263,3,0,0,0,0,40,0.020077618792610157,0.3543873376985029,0.0,0.051171013441697985,100.0,46.04705697451667,0.0,0.0,24.325666783590812,208.03991788664447
602,scarce,129.03571590468397,80.59210332334271,11.272401238688222,0.15745473268152566,2.59868487426292,939.0377354385782,0.957235184550381,3,0,0,0,0,40,0.02000740149393076,0.3630353295568596,0.0,0.051171100263150415,100.0,46.047135102192826,0.0,0.0,24.325666783590812,207.8114321671241
603,scarce,129.0362275921116,80.58897843927035,11.270127922465438,0.15830137969170163,2.5955066182420743,937.6730122548943,0.9570867382164929,3,0,0,0,0,40,0.020000345225881264,0.37168332917711117,0.0,0.05117118708445525,100.0,46.04721322973616,0.0,0.0,24.325666783590812,216.9491231814966
604,scarce,129.0366717480834,80.58581127713363,11.267807215301172,0.15991103290868908,2.592722764874652,936.3153583283602,0.9569329524302791,3,0,0,0,0,40,0.01999956881284054,0.380331329651417,0.0,0.051171273905612505,100.0,46.047291357146705,0.0,0.0,24.325666783590812,216.594049776855
605,scarce,129.03716768404144,80.58261499724918,11.26549220791792,0.16173033405851192,2.590341634284988,934.968096587756,0.9567977214088333,3,0,0,0,0,40,0.019999718528214507,0.38897932996103596,0.0,0.051171360726622206,100.0,46.04736948442446,0.0,0.0,24.325666783590812,216.87409856199207
606,scarce,129.03761598874544,80.57935841085796,11.263193441860489,0.16436971296223032,2.588272324957353,933.6033845110069,0.9566349080986513,3,0,0,0,0,40,0.019999534955826043,0.3976273304725846,0.0,0.051171447547484324,100.0,46.04744761156941,0.0,0.0,24.325666783590812,216.70693863121807
607,scarce,129.03809421286607,80.57611552056483,11.260819543286484,0.16389902594404807,2.586257068927678,932.2409697416297,0.9564500847405506,3,0,0,0,0,40,0.019999621104381016,0.40627533088936973,0.0,0.05117153436819886,100.0,46.047525738581555,0.0,0.0,24.325666783590812,216.3780583763897
608,scarce,129.03851866416898,80.57282114904298,11.25850689217926,0.16608215780637187,2.5845853572366715,930.8542603745154,0.9562534892628274,3,0,0,0,0,40,0.0199994170885044,0.4149233315305724,0.0,0.05117162118876582,100.0,46.047603865460914,0.0,0.0,24.325666783590812,207.34017265070787
609,scarce,129.0389032159724,80.56951561400341,11.256267175795413,0.16639450731730188,2.5833605425313877,929.4663652036797,0.9560326246676317,3,0,0,0,0,40,0.019999612053637213,0.42357133195731345,0.0,0.0511717080091852,100.0,46.04768199220745,0.0,0.0,24.325666783590812,216.11027217559678
610,scarce,129.0392331053765,80.56607084512525,11.254048125309499,0.1730332504073147,2.5814693981379273,928.0727121016898,0.9558008474595202,3,0,0,0,0,40,0.01999959619884025,0.4322193324014947,0.0,0.05117179482945701,100.0,46.04776011882121,0.0,0.0,24.325666783590812,215.8279698274611
611,scarce,129.03959514467329,80.56261208976565,11.251842164858193,0.17388555394879995,2.5800257794343144,926.6840906674697,0.9555752957324027,3,0,0,0,0,40,0.01999976045863396,0.44086733266499023,0.0,0.05117188164958124,100.0,46.04783824530216,0.0,0.0,24.325666783590812,215.94475069429208
612,scarce,129.03998693676226,80.55901591023681,11.249678190257942,0.1808834996648844,2.57917774613664,925.3104507337266,0.9553815196817711,3,0,0,0,0,40,0.01999941478443698,0.44951533330872734,0.0,0.051171968469557905,100.0,46.047916371650324,0.0,0.0,24.325666783590812,215.55951040592345
613,scarce,129.0403871239575,80.55542246084019,11.24762079379766,0.18078831522314032,2.5788549875965394,923.9821934563224,0.9551975327690152,3,0,0,0,0,40,0.01999953648477159,0.45816333381859414,0.0,0.05117205528938699,100.0,46.04799449786569,0.0,0.0,24.325666783590812,215.6382754760454
614,scarce,129.0408208991417,80.55182632627164,11.24554142736891,0.18111531092684877,2.5789247053690323,922.658554282054,0.9550205696743925,3,0,0,0,0,40,0.01999949426889718,0.4668113343748984,0.0,0.0511721421090685,100.0,46.04807262394825,0.0,0.0,24.325666783590812,215.86658357305495
615,scarce,129.04127793116933,80.54817575696323,11.243498229374737,0.18395796139992265,2.579434828203529,921.3469930635911,0.9548651483941952,3,0,0,0,0,40,0.019999646149165252,0.4754593347641343,0.0,0.05117222892860243,100.0,46.048150749898014,0.0,0.0,24.325666783590812,215.6422429494879
616,scarce,129.04169518570126,80.54446390215325,11.24144362946307,0.18676321993614892,2.5803330597077925,920.2957902329836,0.9547764118142474,3,0,0,0,0,40,0.019999504098618108,0.4841073353096258,0.0,0.051172315747988806,100.0,46.04822887571499,0.0,0.0,24.325666783590812,215.56442534402373
617,scarce,129.04214734453973,80.54070699491552,11.239443850787312,0.18920525710526045,2.581569753802187,919.3235307042996,0.954681063570117,3,0,0,0,0,40,0.019999717308924865,0.49275533562058593,0.0,0.05117240256722758,100.0,46.04830700139916,0.0,0.0,24.325666783590812,215.58522344150128
618,scarce,129.0425745390139,80.53695776600472,11.237385489264758,0.18868537420226625,2.583142929839871,918.3282777734566,0.9546013201295523,3,0,0,0,0,40,0.019999465610390964,0.5014033362084145,0.0,0.051172489386318805,100.0,46.04838512695054,0.0,0.0,24.325666783590812,215.56374259203122
619,scarce,129.04304047364928,80.53317417875083,11.235292568989731,0.1906125802926452,2.5840882798672093,917.3156177987512,0.9545250033619787,3,0,0,0,0,40,0.019999723749849783,0.5100513365122896,0.0,0.05117257620526245,100.0,46.048463252369125,0.0,0.0,24.325666783590812,215.6692718795708
620,scarce,129.04350362533262,80.5292115334867,11.233218490734908,0.19948550849123342,2.5845258230016768,916.3045681930271,0.9544812626782934,3,0,0,0,0,40,0.019999496607447424,0.5186993370660214,0.0,0.05117266302405851,100.0,46.0485413776549,0.0,0.0,24.325666783590812,215.4210786746825
621,scarce,129.0439164618069,80.5251927830983,11.2311155984024,0.20199921529325515,2.584362955627616,915.2833144282122,0.9544128331637852,3,0,0,0,0,40,0.019999617975528145,0.5273473374862485,0.0,0.05117274984270701,100.0,46.048619502807895,0.0,0.0,24.325666783590812,215.3681960373464
622,scarce,129.04432045117986,80.52108249681669,11.229057551014735,0.2065098577651019,2.5843202675798542,914.272070709274,0.9543158705406883,3,0,0,0,0,40,0.019999602556229006,0.5359953379234366,0.0,0.051172836661207935,100.0,46.04869762782809,0.0,0.0,24.325666783590812,215.238110994872
623,scarce,129.0447563661028,80.51694264224543,11.227031832396204,0.2081399233970527,2.5844907759388023,913.2664079017959,0.9542257594112089,3,0,0,0,0,40,0.019999565082827086,0.5446433384018455,0.0,0.051172923479561296,100.0,46.04877575271549,0.0,0.0,24.325666783590812,215.0046015735783
624,scarce,129.04514381780876,80.51268520038099,11.225032493396498,0.21376070523863605,2.5850650565515374,912.2505836505734,0.9541337446663883,3,0,0,0,0,40,0.019999472887496383,0.5532913389816693,0.0,0.05117301029776707,100.0,46.048853877470094,0.0,0.0,24.325666783590812,214.87284012758278
625,scarce,129.0454556037201,80.50832924025364,11.223064106482896,0.21836449759900295,2.5862475890848224,911.2336125677539,0.9540405256978338,3,0,0,0,0,40,0.019999566039111398,0.5619393394590263,0.0,0.05117309711582529,100.0,46.04893200209192,0.0,0.0,24.325666783590812,214.79634527268558
626,scarce,129.0457615080757,80.50394184239263,11.22112634919298,0.21990660406315274,2.5881999882568456,910.22021555229,0.9539928786315421,3,0,0,0,0,40,0.01999960588152917,0.5705873398925566,0.0,0.051173183933735926,100.0,46.04901012658093,0.0,0.0,24.325666783590812,214.75323151980987
627,scarce,129.0460902011452,80.49949005430125,11.219184565385078,0.22319624805363894,2.591158571963294,909.1987342753928,0.9539482602446611,3,0,0,0,0,40,0.019999612985927544,0.5792353403182721,0.0,0.051173270751499,100.0,46.04908825093716,0.0,0.0,24.325666783590812,214.72803505843905
628,scarce,129.04642000562112,80.49505725838641,11.2172224922379,0.22225568539378499,2.594215212539233,908.1708096696348,0.9539136616372895,3,0,0,0,0,40,0.019999642952793616,0.587883340711024,0.0,0.0511733575691145,100.0,46.04916637516059,0.0,0.0,24.325666783590812,214.48721996850963
629,scarce,129.04665350121093,80.4905455720429,11.215230252528297,0.22589379784753028,2.596381612334164,907.1267743359349,0.9538629471958099,3,0,0,0,0,40,0.019999503819926608,0.5965313412568221,0.0,0.05117344438658243,100.0,46.04924449925123,0.0,0.0,24.325666783590812,214.4588012476162
630,scarce,129.0469046818707,80.48595195022948,11.21322482480949,0.2300307275076058,2.598484415764575,906.0824803731812,0.95380938739111,3,0,0,0,0,40,0.019999551154586296,0.605179341750552,0.0,0.05117353120390279,100.0,46.04932262320907,0.0,0.0,24.325666783590812,214.3487787245822
631,scarce,129.0471764717775,80.48134107055535,11.211175734492755,0.23095090349289127,2.6009650764403665,905.0446492637493,0.9537664452625984,3,0,0,0,0,40,0.01999945730175607,0.6138273423475201,0.0,0.051173618021075576,100.0,46.04940074703412,0.0,0.0,24.325666783590812,214.21832556373403
632,scarce,129.04745285268191,80.47673548244973,11.209214106718333,0.23070106456634135,2.6029712043499678,904.0135526463564,0.9537254823605175,3,0,0,0,0,40,0.01999947366976217,0.6224753429264833,0.0,0.051173704838100804,100.0,46.04947887072638,0.0,0.0,24.325666783590812,214.2168365171022
633,scarce,129.04772672051374,80.4720355420666,11.207259030280023,0.2354028280184877,2.6044991809473217,902.978264760106,0.9536722960955029,2,0,0,0,0,40,0.019999520272154618,0.6311233434541841,0.0,0.05117379165497846,100.0,46.04955699428585,0.0,0.0,24.325666783590812,214.205516877503
634,scarce,129.04796194397125,80.4673185710181,11.20533561968234,0.23615018519669453,2.606212120317898,901.9368912795726,0.9536134367747225,2,0,0,0,0,40,0.019999591778453868,0.6397713439032277,0.0,0.05117387847170854,100.0,46.049635117712526,0.0,0.0,24.325666783590812,213.94948950798107
635,scarce,129.04820259667616,80.46259932426031,11.203538836554197,0.2362739900924613,2.6081095018295857,900.9001752135882,0.9535842763520812,2,0,0,0,0,40,0.019999604028206778,0.6484193443387967,0.0,0.05117396528829106,100.0,46.049713241006415,0.0,0.0,24.325666783590812,213.82502581843377
636,scarce,129.0484345935774,80.45779170135702,11.201761471830768,0.24066416653037873,2.6102053146115587,899.8674623750048,0.9535627847347636,2,0,0,0,0,40,0.019999584154495237,0.6570673447962267,0.0,0.051174052104726,100.0,46.049791364167504,0.0,0.0,24.325666783590812,213.8809772282478
637,scarce,129.04872272511327,80.45295133982951,11.199832802986709,0.24245112036975064,2.6117675456128655,898.8333757306027,0.9535320049188054,2,0,0,0,0,40,0.019999463200944194,0.6657153453867057,0.0,0.05117413892101339,100.0,46.049869487195814,0.0,0.0,24.325666783590812,213.9556277331532
638,scarce,129.04901049315964,80.44802309232055,11.197979261833636,0.2468388288748286,2.6133631294126936,897.8032677607334,0.9534961710131269,2,0,0,0,0,40,0.019999578516652055,0.6743633458503375,0.0,0.05117422573715321,100.0,46.04994761009132,0.0,0.0,24.325666783590812,214.02441356186472
639,scarce,129.04935019728413,80.44307782756398,11.196105434155822,0.2478555530148242,2.61381131649631,896.7845679035672,0.9534403613701866,2,0,0,0,0,40,0.01999965931618884,0.6830113462250896,0.0,0.05117431255314545,100.0,46.050025732854046,0.0,0.0,24.325666783590812,214.1608431796164
640,scarce,129.04962479853322,80.4380723245966,11.194311723569603,0.25066376649625655,2.613331907670416,895.7698130413373,0.953400508691733,2,0,0,0,0,40,0.019999528424036413,0.6916593467438232,0.0,0.05117439936899014,100.0,46.05010385548398,0.0,0.0,24.325666783590812,214.08522427621307
641,scarce,129.0499077972454,80.4329920723103,11.192536594519808,0.25440717488419,2.6130308903215407,894.7505656096291,0.9533691493232701,2,0,0,0,0,40,0.019999671086442718,0.700307347105628,0.0,0.05117448618468725,100.0,46.05018197798112,0.0,0.0,24.325666783590812,214.12290242647518
642,scarce,129.05023896197497,80.42791983907594,11.19068420585884,0.25415186012593344,2.612452907378651,893.7164598730524,0.9533395334330066,2,0,0,0,0,40,0.01999977916563955,0.7089553473485459,0.0,0.0511745730002368,100.0,46.05026010034547,0.0,0.0,24.325666783590812,214.07867390710857
643,scarce,129.05061670261804,80.42276465669005,11.188830973039035,0.2584554571010909,2.611856824799596,892.6725113503489,0.9533226365282194,2,0,0,0,0,40,0.019999647576622415,0.7176033477362116,0.0,0.05117465981563878,100.0,46.05033822257703,0.0,0.0,24.325666783590812,214.40957281406727
644,scarce,129.05101472607345,80.41757875444064,11.18694930428823,0.2600676594777928,2.6114637264279668,891.6188961325679,0.9533310538985977,2,0,0,0,0,40,0.01999951712036486,0.7262513482673792,0.0,0.051174746630893206,100.0,46.05041634467581,0.0,0.0,24.325666783590812,214.61078062695492
645,scarce,129.05144798183284,80.41236062973357,11.185128427404631,0.2618103853737359,2.6112109066098523,890.566110485488,0.9533364369693469,2,0,0,0,0,40,0.01999965254473305,0.7348993486495801,0.0,0.05117483344600006,100.0,46.050494466641794,0.0,0.0,24.325666783590812,214.92719261854532
646,scarce,129.05184329690655,80.4070867716953,11.183393353620051,0.26444010687792574,2.610581559295238,889.4971012351052,0.9533599596888128,2,0,0,0,0,40,0.019999631059251417,0.7435473490554149,0.0,0.05117492026095935,100.0,46.050572588475,0.0,0.0,24.325666783590812,214.88410611377805
647,scarce,129.05218844843677,80.40177380180397,11.181599317820062,0.2662133787791394,2.6098735793741725,888.4164508803951,0.9534215235319894,2,0,0,0,0,40,0.019999633744417208,0.7521953494582961,0.0,0.05117500707577108,100.0,46.050650710175404,0.0,0.0,24.325666783590812,215.01824416522612
648,scarce,129.05248457923224,80.3963732408767,11.179795496876858,0.27043609047478134,2.6092221500996393,887.3277039419627,0.9534693536432847,2,0,0,0,0,40,0.019999550822817354,0.760843349952391,0.0,0.05117509389043523,100.0,46.05072883174302,0.0,0.0,24.325666783590812,214.76730949724075
649,scarce,129.0527097058337,80.39092113722413,11.178005285219317,0.27284445865651774,2.608494601060181,886.2325406662494,0.9534936938281982,2,0,0,0,0,40,0.019999445411434075,0.7694913505624384,0.0,0.05117518070495183,100.0,46.050806953177855,0.0,0.0,24.325666783590812,214.5790164743309
650,scarce,129.05286703435505,80.38540734042914,11.17617851680939,0.27580909176273494,2.6069650885572098,885.1268311704225,0.9535305348386846,2,0,0,0,0,40,0.019999535373045475,0.7781393510735282,0.0,0.051175267519320854,100.0,46.05088507447989,0.0,0.0,24.325666783590812,214.41664066543234
651,scarce,129.05301348214647,80.37991394131453,11.174401062301596,0.2747732426322036,2.6055807239030218,884.0214150903921,0.9535747876157792,2,0,0,0,0,40,0.019999528928295124,0.786787351591707,0.0,0.05117535433354233,100.0,46.05096319564916,0.0,0.0,24.325666783590812,214.64731421492425
652,scarce,129.053159268595,80.37445695581042,11.172660793230895,0.27295349628192095,2.604322692027788,882.9002605270252,0.9536162853761506,2,0,0,0,0,40,0.019999654045122807,0.7954353519722572,0.0,0.05117544114761624,100.0,46.051041316685634,0.0,0.0,24.325666783590812,214.6599161614262
653,scarce,129.0532892081773,80.36893581013778,11.170907742127508,0.2761400637744943,2.60270572237161,881.7793467134397,0.9536479160990606,2,0,0,0,0,40,0.019999529480476192,0.8040833524898288,0.0,0.05117552796154257,100.0,46.051119437589314,0.0,0.0,24.325666783590812,214.25897086524157
654,scarce,129.05334851305423,80.36334850489952,11.169120229307776,0.27939009594088215,2.6009891332682784,880.6501183684632,0.9537015585720994,2,0,0,0,0,40,0.019999629841584553,0.8127313528970032,0.0,0.051175614775321364,100.0,46.051197558360215,0.0,0.0,24.325666783590812,213.9006952435067
655,scarce,129.05347728856538,80.35777239302112,11.167404104658901,0.27888467282819374,2.5996200653237613,879.5387105123446,0.9537675715468932,2,0,0,0,0,40,0.019999623012993017,0.8213793533116889,0.0,0.05117570158895257,100.0,46.051275678998316,0.0,0.0,24.325666783590812,213.91394768661863
656,scarce,129.05359418434028,80.3520462557447,11.165712739016401,0.28637985154282464,2.5986190591129406,878.4228258354597,0.9538295607463373,2,0,0,0,0,40,0.019999492931321344,0.8300273538694644,0.0,0.05117578840243623,100.0,46.051353799503644,0.0,0.0,24.325666783590812,213.76516116880458
657,scarce,129.05366273059855,80.34624725244271,11.164020122420425,0.28998103822934274,2.597299979908107,877.3023972949668,0.9538732089287862,2,0,0,0,0,40,0.019999430707535994,0.8386753544956861,0.0,0.05117587521577233,100.0,46.05143191987619,0.0,0.0,24.325666783590812,213.71167281977802
658,scarce,129.05370566732373,80.34046482485229,11.162333201904946,0.28913083767720177,2.596189832943589,876.1691526977993,0.9539305095321748,2,0,0,0,0,40,0.01999965825727501,0.8473233548716032,0.0,0.05117596202896087,100.0,46.05151004011594,0.0,0.0,24.325666783590812,213.7891935586931
659,scarce,129.05378398826394,80.33466374944688,11.160557951969286,0.2900843571447058,2.5956088648727866,875.0348928847852,0.9539274491415635,2,0,0,0,0,40,0.019999492391073664,0.8559713554299728,0.0,0.05117604884200184,100.0,46.05158816022292,0.0,0.0,24.325666783590812,213.75122761445604
660,scarce,129.05386083970774,80.32879949968252,11.158758361784901,0.29324417707572914,2.595554561892226,873.8972299281522,0.9539235272897922,2,0,0,0,0,40,0.019999689651441548,0.8646193557713563,0.0,0.051176135654895254,100.0,46.051666280197104,0.0,0.0,24.325666783590812,213.54501943289088
661,scarce,129.05390113879557,80.3229472056664,11.157011181171235,0.292626348611685,2.595914217112625,872.7752649691683,0.9539059293428532,2,0,0,0,0,40,0.01999958098966961,0.8732673562322677,0.0,0.0511762224676411,100.0,46.051744400038494,0.0,0.0,24.325666783590812,213.20035376629158
662,scarce,129.05394296146451,80.31703490793976,11.155243335879948,0.2956325128845758,2.5948232024286555,871.640280683594,0.9539017227374011,2,0,0,0,0,40,0.01999956281480225,0.8819153567131714,0.0,0.051176309280239404,100.0,46.05182251974713,0.0,0.0,24.325666783590812,213.41370940065002
663,scarce,129.05398863397005,80.31111381781693,11.153534427081937,0.29607360786053644,2.593953196682228,870.5339672628907,0.9539226247576735,2,0,0,0,0,40,0.019999625356641838,0.8905633571252791,0.0,0.051176396092690125,100.0,46.051900639322945,0.0,0.0,24.325666783590812,213.2493357347827
664,scarce,129.0540907503428,80.30515873469537,11.15175378522414,0.29780471859918267,2.5932870222940685,869.4833729458333,0.9539427774464503,2,0,0,0,0,40,0.019999560836842296,0.8989740679170719,0.0,0.0511764829049933,100.0,46.05197875876599,0.0,0.0,24.325666783590812,213.21856371698203
665,scarce,129.0541564862736,80.29911765389048,11.14993148613625,0.3020777125294979,2.592816172506837,868.4347029636265,0.9539825361492865,2,0,0,0,0,40,0.019999511968559938,0.9069734683740069,0.0,0.051176569717148915,100.0,46.052056878076264,0.0,0.0,24.325666783590812,213.0870078841083
666,scarce,129.05420018403552,80.29301787406885,11.148202137348633,0.30500442045919574,2.592393385927139,867.3802857904302,0.9540341534545553,2,0,0,0,0,40,0.019999583110762456,0.914972868802684,0.0,0.05117665652915697,100.0,46.052134997253745,0.0,0.0,24.325666783590812,222.04061944181694
667,scarce,129.0542601420269,80.28686099389776,11.146397580447033,0.3078688042354428,2.591917749299435,866.3162697672597,0.954082806324695,2,0,0,0,0,40,0.019999566710139933,0.9227075249558252,0.0,0.051176743341017475,100.0,46.052213116298454,0.0,0.0,24.325666783590812,222.06235009475523
668,scarce,129.05429951686972,80.28073329981963,11.144528593559702,0.30639610333637796,2.591462133192542,865.2339529057572,0.9541374316079254,2,0,0,0,0,40,0.019999511454857975,0.9301891973070411,0.0,0.05117683015273041,100.0,46.05229123521037,0.0,0.0,24.325666783590812,222.0482855475938
669,scarce,129.05430474937964,80.27458058877548,11.142654790495481,0.3076411592705911,2.591195541973302,864.1541166707175,0.9542095098181864,2,0,0,0,0,40,0.019999558823648463,0.9373516114084456,0.0,0.05117691696429579,100.0,46.052369353989505,0.0,0.0,24.325666783590812,221.80307465612788
670,scarce,129.0542295690974,80.26834554043408,11.140786356308553,0.311785386502279,2.5908618768037273,863.0664875412913,0.9542709732794401,2,0,0,0,0,40,0.019999433352937638,0.9444862119377191,0.0,0.05117700377571361,100.0,46.05244747263585,0.0,0.0,24.325666783590812,221.6443296733727
671,scarce,129.0542044888616,80.26206447578929,11.139004735326774,0.3140653840955857,2.589846088512306,861.9922329573674,0.9543212856819051,2,0,0,0,0,40,0.019999481282202976,0.9515621849526201,0.0,0.05117709058698389,100.0,46.05252559114943,0.0,0.0,24.325666783590812,221.81875272468082
672,scarce,129.05418062221077,80.25577856641245,11.137199469716503,0.3143055138535664,2.588985789307608,860.9081949876854,0.9543285755640839,2,0,0,0,0,40,0.01999951108612046,0.9582643854278473,0.0,0.05117717739810659,100.0,46.05260370953021,0.0,0.0,24.325666783590812,221.793176539063
673,scarce,129.05419228424884,80.24944039463392,11.13546804833868,0.31691711746175777,2.5883371385427596,859.8276918710326,0.9543684353476694,2,0,0,0,0,40,0.01999954090297995,0.9644365712984001,0.0,0.051177264209081745,100.0,46.05268182777822,0.0,0.0,24.325666783590812,221.89825598151387
674,scarce,129.05422140351283,80.24307303080963,11.13377762597967,0.3183802454621903,2.587924651890751,858.7477264163826,0.954419953655006,2,0,0,0,0,40,0.01999956346493223,0.9696201684344901,0.0,0.05117735101990934,100.0,46.05275994589345,0.0,0.0,24.325666783590812,221.9773713856078
675,scarce,129.05421182574452,80.23664554933052,11.132162607678755,0.3213806830473868,2.5869848612889284,857.6676732470078,0.954474275962507,2,0,0,0,0,40,0.019999705410723,0.9742622206449862,0.0,0.05117743783058938,100.0,46.052838063875896,0.0,0.0,24.325666783590812,221.80329800640206
676,scarce,129.05422406408036,80.23014656457558,11.130482861832732,0.3249499255434939,2.5858617429109394,856.5930723509737,0.9545105619873021,2,0,0,0,0,40,0.019999464754695197,0.9788024209746593,0.0,0.05117752464112186,100.0,46.05291618172556,0.0,0.0,24.325666783590812,221.69210100414148
677,scarce,129.05427438409498,80.22352894543097,11.128893111148411,0.33089450250476465,2.5849182572930123,855.5438125502187,0.9545231748106757,2,0,0,0,0,40,0.019999438338718794,0.9832064451586382,0.0,0.051177611451506795,100.0,46.05299429944245,0.0,0.0,24.325666783590812,221.64487891536697
678,scarce,129.05437666125954,80.21684315023978,11.127279368747258,0.33433640078621063,2.584014291109657,854.4911519929738,0.9545602440266662,2,0,0,0,0,40,0.01999960490761265,0.9873559987629787,0.0,0.05117769826174416,100.0,46.05307241702655,0.0,0.0,24.325666783590812,221.7219747151196
679,scarce,129.05443517832413,80.21008229833936,11.125749926995862,0.33805989862825014,2.58317550474965,853.43759203238,0.954587512316364,2,0,0,0,0,40,0.019999667256442418,0.990456383012655,0.0,0.05117778507183398,100.0,46.05315053447787,0.0,0.0,24.325666783590812,221.72132903136563
680,scarce,129.0544649147187,80.20328522134517,11.124195618065169,0.33986206349544057,2.582113696341937,852.3744631401132,0.954633412679719,2,0,0,0,0,40,0.019999630491859675,0.9932521564541335,0.0,0.051177871881776256,100.0,46.05322865179643,0.0,0.0,24.325666783590812,221.6137689452559
681,scarce,129.05452425231596,80.1964644807986,11.12265027533113,0.3410575816339998,2.5808789087433697,851.310512211865,0.9546891489624045,2,0,0,0,0,40,0.019999602507681517,0.9956536654550667,0.0,0.05117795869157096,100.0,46.053306768982196,0.0,0.0,24.325666783590812,221.71021048517204
682,scarce,129.0546288843571,80.18962812719278,11.12107025169522,0.3418662482395076,2.579699170885777,850.2417807905731,0.9547540479213809,2,0,0,0,0,40,0.019999714512395964,0.9975169813317667,0.0,0.05117804550121812,100.0,46.05338488603519,0.0,0.0,24.325666783590812,221.8226120928317
683,scarce,129.05470396931148,80.18278365000168,11.119492056287118,0.3422560733820983,2.5786357692663664,849.1647366986072,0.9548490642979071,2,0,0,0,0,40,0.019999625522772378,0.9986127577494426,0.0,0.05117813231071772,100.0,46.05346300295539,0.0,0.0,24.325666783590812,221.6324695510262
684,scarce,129.05475163525597,80.1758990413776,11.117973649483687,0.3442419486120407,2.577238233847884,848.088245703977,0.9549494040161228,2,0,0,0,0,40,0.019999760536701782,0.9993168583356701,0.0,0.051178219120069764,100.0,46.053541119742825,0.0,0.0,24.325666783590812,221.6404692092051
685,scarce,129.05483221545273,80.16899498791742,11.11644954610767,0.3452306882884185,2.575546734929698,847.0113457050174,0.9550481172125637,2,0,0,0,0,40,0.019999738778741838,0.9998985371559254,0.0,0.05117830592927427,100.0,46.05361923639749,0.0,0.0,24.325666783590812,221.7185118859586
686,scarce,129.0549201257582,80.16202568102568,11.114916747342534,0.34850341799271234,2.57346261232492,845.9295959396477,0.9551349506957848,2,0,0,0,0,40,0.019999670756117263,1.0,0.0,0.05117839273833121,100.0,46.05369735291936,0.0,0.0,24.325666783590812,221.608707162087
687,scarce,129.05498918421452,80.15505220502239,11.113447754283772,0.34870135911644173,2.5715627151389597,844.8703998973433,0.9552443741159208,2,0,0,0,0,40,0.01999962575098,1.0,0.0,0.0511784795472406,100.0,46.053775469308455,0.0,0.0,24.325666783590812,221.3660704107302
688,scarce,129.05498894553884,80.14801069977014,11.11193709795847,0.35208503821144743,2.569698578944555,843.805956484146,0.9553628200996573,2,0,0,0,0,40,0.01999949773585758,1.0,0.0,0.05117856635600244,100.0,46.05385358556478,0.0,0.0,24.325666783590812,220.99449613876658
689,scarce,129.0549817483553,80.14104162544479,11.110414920143835,0.34846691877349517,2.567997606435886,842.728938001681,0.9554490820942411,2,0,0,0,0,40,0.01999948787373243,1.0,0.0,0.05117865316461672,100.0,46.05393170168832,0.0,0.0,24.325666783590812,220.97977431682102
690,scarce,129.0549722859658,80.1340406391966,11.108960140500397,0.35005797375205816,2.565264348474783,841.658010973013,0.9555541717005596,2,0,0,0,0,40,0.019999631273830684,1.0,0.0,0.051178739973083455,100.0,46.05400981767909,0.0,0.0,24.325666783590812,220.77855925641407
691,scarce,129.05493376143403,80.12702178095901,11.107539695919835,0.3509549784214705,2.562731383940169,840.584640192581,0.9556410809760492,2,0,0,0,0,40,0.019999605225778438,1.0,0.0,0.051178826781402634,100.0,46.054087933537076,0.0,0.0,24.325666783590812,220.8704221422603
692,scarce,129.05493550139832,80.11994274533853,11.106130617042062,0.3539589815571983,2.5603296419111112,839.514752831994,0.9557600363114398,2,0,0,0,0,40,0.019999575287199894,1.0,0.0,0.05117891358957428,100.0,46.0541660492623,0.0,0.0,24.325666783590812,221.06179718846184
693,scarce,129.05491401761302,80.11284920715524,11.10473391160198,0.3546832701996467,2.5582898765293485,838.4472543187585,0.9558912743337762,2,0,0,0,0,40,0.019999560073950907,1.0,0.0,0.05117900039759835,100.0,46.05424416485474,0.0,0.0,24.325666783590812,221.0872744100352
694,scarce,129.05489058942516,80.10570098375668,11.103352172451261,0.35742119179592197,2.5564854701780098,837.3851712910036,0.9560483421027881,2,0,0,0,0,40,0.019999490993317194,1.0,0.0,0.05117908720547488,100.0,46.054322280314395,0.0,0.0,24.325666783590812,220.99505464425283
695,scarce,129.054838050764,80.09854098594998,11.10198318217629,0.35801470986267586,2.5550582418607855,836.3134432168226,0.9561980357338553,2,0,0,0,0,40,0.01999971665197171,1.0,0.0,0.05117917401320386,100.0,46.05440039564129,0.0,0.0,24.325666783590812,220.8895436840723
696,scarce,129.0547868436492,80.09133118489422,11.10060113996559,0.3605064689198447,2.5540614580011884,835.2436796431575,0.9563663249514746,2,0,0,0,0,40,0.01999969343445899,1.0,0.0,0.0511792608207853,100.0,46.05447851083541,0.0,0.0,24.325666783590812,220.87755022966317
697,scarce,129.05469080165784,80.0840504677194,11.099224910876256,0.36408208479320603,2.5529457675010345,834.1677487962879,0.956549186900555,2,0,0,0,0,40,0.019999482388290184,1.0,0.0,0.051179347628219185,100.0,46.05455662589675,0.0,0.0,24.325666783590812,220.58535204483974
698,scarce,129.0545445229545,80.07675986838947,11.097868651058192,0.36461231386436016,2.551579309042166,833.0951793166387,0.9567104459956701,2,0,0,0,0,40,0.0199995505002172,1.0,0.0,0.05117943443550551,100.0,46.05463474082531,0.0,0.0,24.325666783590812,220.50543910954374
699,scarce,129.05438618246134,80.06941928155962,11.096534744972223,0.3671242701536478,2.550857543313002,832.0138218980719,0.9568974789397408,2,0,0,0,0,40,0.01999953751305159,1.0,0.0,0.0511795212426443,100.0,46.0547128556211,0.0,0.0,24.325666783590812,220.42414718795516
700,scarce,129.05422988837444,80.06203485986516,11.095234492608437,0.3693093290870168,2.5506520079721313,830.9248701076067,0.9570779772524585,2,0,0,0,0,40,0.019999682761015703,1.0,0.0,0.05117960804963553,100.0,46.05479097028412,0.0,0.0,24.325666783590812,220.4049712163387
701,scarce,129.05403172064214,80.05459710454511,11.093926317397433,0.3720240355376301,2.5508435087315147,829.8415473005371,0.9572582512025712,2,0,0,0,0,40,0.0199997613955284,1.0,0.0,0.05117969485647921,100.0,46.05486908481435,0.0,0.0,24.325666783590812,220.38081792787506
702,scarce,129.05382631874113,80.04716283447945,11.092678725243761,0.371862396126282,2.5513859792635065,828.8427187754569,0.9574209166896985,2,0,0,0,0,40,0.01999965916408454,1.0,0.0,0.05117978166317536,100.0,46.05494719921183,0.0,0.0,24.325666783590812,220.27880308550166
703,scarce,129.05366241712292,80.03967991160422,11.091396187861584,0.3742451163620264,2.552201218249727,827.9864010018209,0.9575530848659692,2,0,0,0,0,40,0.01999960050911114,1.0,0.0,0.05117986846972395,100.0,46.05502531347652,0.0,0.0,24.325666783590812,220.22675812705876
704,scarce,129.05356178430134,80.03215663788407,11.090208559690133,0.3762066429803809,2.5532787071299703,827.1471372955057,0.9576724535343342,2,0,0,0,0,40,0.019999530482257877,1.0,0.0,0.05117995527612499,100.0,46.055103427608444,0.0,0.0,24.325666783590812,220.2839989311705
705,scarce,129.05353265849232,80.02467690399487,11.088862883038422,0.374003686239366,2.5544814663331206,826.2913199115355,0.9577737265209063,2,0,0,0,0,40,0.01999946571420542,1.0,0.0,0.05118004208237849,100.0,46.055181541607595,0.0,0.0,24.325666783590812,220.26610127766327
706,scarce,129.05348735928186,80.01716534697515,11.087536063885757,0.3755897786310429,2.555829556063141,825.437319187622,0.957896625975517,2,0,0,0,0,40,0.019999647279772922,1.0,0.0,0.05118012888848443,100.0,46.05525965547396,0.0,0.0,24.325666783590812,220.27890870839383
707,scarce,129.05336101810462,80.00964237408095,11.086272266261563,0.37620621993226827,2.557296036533557,824.5913044937988,0.9580329566928242,2,0,0,0,0,40,0.019999549210254437,1.0,0.0,0.05118021569444284,100.0,46.05533776920757,0.0,0.0,24.325666783590812,220.2967232988346
708,scarce,129.05324788406438,80.00205573414567,11.085068718722237,0.3793821545743864,2.5590148817088734,823.76296274591,0.9581714612586159,2,0,0,0,0,40,0.019999531172114136,1.0,0.0,0.051180302500253703,100.0,46.05541588280842,0.0,0.0,24.325666783590812,229.25477992244623
709,scarce,129.05317743260096,79.99446239937728,11.083835313507768,0.37969404924012334,2.5609699873435403,822.9206184838258,0.9583029629212388,2,0,0,0,0,40,0.019999550089345515,1.0,0.0,0.051180389305917014,100.0,46.055493996276475,0.0,0.0,24.325666783590812,229.42707283591753
710,scarce,129.0531894144355,79.986766928389,11.082629027469734,0.3847828462942813,2.5630218311121657,822.0811745407846,0.9585141520736193,2,0,0,0,0,40,0.01999951972990521,1.0,0.0,0.051180476111432775,100.0,46.05557210961177,0.0,0.0,24.325666783590812,229.80733046258894
711,scarce,129.05325872627768,79.97901426299146,11.081496137055643,0.38766194311097235,2.5644726539384095,821.2419924940987,0.959340523332831,2,0,0,0,0,40,0.01999949758081663,1.0,0.0,0.051180562916800995,100.0,46.055650222814286,0.0,0.0,24.325666783590812,220.8993582076264
712,scarce,129.05339134512468,79.97123262944939,11.080415045652808,0.389143781740667,2.5651090208324967,820.4124025270721,0.9601762858630482,2,0,0,0,0,40,0.01999971610077945,1.0,0.0,0.05118064972202167,100.0,46.05572833588404,0.0,0.0,24.325666783590812,220.9333561932142
713,scarce,129.05346364069484,79.96343555911182,11.079359501895834,0.3898805558053388,2.5659512812943435,819.5847255945628,0.9610079154899154,2,0,0,0,0,40,0.01999958918342636,1.0,0.0,0.051180736527094796,100.0,46.05580644882101,0.0,0.0,24.325666783590812,229.7595210122292
714,scarce,129.05348497588355,79.95565878972528,11.07835820698555,0.38885242782547375,2.566946405520272,818.7697895156161,0.9618708140695225,2,0,0,0,0,40,0.01999958295180278,1.0,0.0,0.05118082333202039,100.0,46.05588456162523,0.0,0.0,24.325666783590812,220.7460049453072
715,scarce,129.05350171780742,79.94788703952159,11.07736245379831,0.3885949049285047,2.5680243113735712,817.9429421683672,0.9627322940918073,2,0,0,0,0,40,0.01999974063156906,1.0,0.0,0.05118091013679843,100.0,46.055962674296666,0.0,0.0,24.325666783590812,220.76095250999023
716,scarce,129.0535579923506,79.940062768645,11.076359261619354,0.39123346554534655,2.5690855533704657,817.127069148497,0.9636119374252209,2,0,0,0,0,40,0.01999956410271283,1.0,0.0,0.05118099694142893,100.0,46.056040786835325,0.0,0.0,24.325666783590812,220.79324225646633
717,scarce,129.0535251215702,79.93223375562286,11.07543816586949,0.3914652299951088,2.5697672824318727,816.3076756147202,0.9644951573491609,2,0,0,0,0,40,0.019999564796705033,1.0,0.0,0.05118108374591188,100.0,46.056118899241234,0.0,0.0,24.325666783590812,220.65180685430943
718,scarce,129.05342993973244,79.92438190845093,11.074561399264594,0.39262905700277156,2.569817019709381,815.4927813267423,0.9653715280016423,2,0,0,0,0,40,0.0199996220616806,1.0,0.0,0.0511811705502473,100.0,46.056197011514364,0.0,0.0,24.325666783590812,229.50581000048095
719,scarce,129.05336607330764,79.91654647515313,11.073599229531291,0.39178939162048,2.5699683945572174,814.6611115942942,0.9662666665000198,2,0,0,0,0,40,0.01999969846983028,1.0,0.0,0.05118125735443517,100.0,46.05627512365473,0.0,0.0,24.325666783590812,220.54773318107564
720,scarce,129.05329993636184,79.90856737245622,11.072646462827995,0.39897504540792056,2.5703373214961767,813.83814082756,0.9671904010400424,2,0,0,0,0,40,0.01999961658887449,1.0,0.0,0.051181344158475486,100.0,46.056353235662314,0.0,0.0,24.325666783590812,220.43181552524885
721,scarce,129.0531793128592,79.90049049345245,11.071775300068456,0.40389955204532246,2.570891302419949,813.1588595779831,0.9681411618772285,2,0,0,0,0,40,0.019999540752130916,1.0,0.0,0.051181430962368275,100.0,46.05643134753714,0.0,0.0,24.325666783590812,220.37326125167328
722,scarce,129.05297157452154,79.89233482388683,11.070942148644498,0.4079301213481799,2.570995927796434,812.541598224765,0.9690835526901221,2,0,0,0,0,40,0.01999937602748163,1.0,0.0,0.051181517766113516,100.0,46.0565094592792,0.0,0.0,24.325666783590812,229.1088888820935
723,scarce,129.0527540659381,79.88414888843948,11.070149636279766,0.40946037483902775,2.569967806097444,811.9223155820218,0.9700428809220037,2,0,0,0,0,40,0.019999398709403024,1.0,0.0,0.05118160456971121,100.0,46.05658757088848,0.0,0.0,24.325666783590812,220.21698089114162
724,scarce,129.05253791436328,79.87593591241443,11.069360545393385,0.41080184050189916,2.5683684158728486,811.3134138240785,0.9709960560207241,2,0,0,0,0,40,0.01999955339647622,1.0,0.0,0.05118169137316137,100.0,46.05666568236501,0.0,0.0,24.325666783590812,229.20906216258555
725,scarce,129.05230031394595,79.86771312500409,11.068554704848419,0.41131980912735155,2.5668134848215765,810.6912984769515,0.9719450810080503,2,0,0,0,0,40,0.019999646101937642,1.0,0.0,0.05118177817646399,100.0,46.05674379370876,0.0,0.0,24.325666783590812,220.03025537565418
726,scarce,129.05204226287944,79.85948125632223,11.067651533109515,0.41180041585903,2.565027709780554,810.0521249832236,0.9729073708117855,2,0,0,0,0,40,0.019999668646403256,1.0,0.0,0.05118186497961907,100.0,46.05682190491975,0.0,0.0,24.325666783590812,228.65003637972526
727,scarce,129.05175992465814,79.8512486954403,11.066732278599272,0.4118751552704137,2.562761761335198,809.4121378801065,0.9738718303827697,2,0,0,0,0,40,0.019999723301261547,1.0,0.0,0.05118195178262661,100.0,46.05690001599798,0.0,0.0,24.325666783590812,228.62771504655666
728,scarce,129.05150883964973,79.84293111980952,11.0657957232521,0.4160763276580113,2.560623795504349,808.7671437955214,0.9748444252397359,2,0,0,0,0,40,0.019999721457643952,1.0,0.0,0.051182038585486596,100.0,46.05697812694342,0.0,0.0,24.325666783590812,228.74637995539564
729,scarce,129.05121681319582,79.83464884675209,11.064861341412643,0.4143787973614383,2.5583471785240057,808.1187080995223,0.9758201010579279,2,0,0,0,0,40,0.01999969500718954,1.0,0.0,0.05118212538819906,100.0,46.057056237756115,0.0,0.0,24.325666783590812,228.62934820383816
730,scarce,129.05093499800418,79.82630166339894,11.063882133648367,0.4176028647370158,2.555480666771587,807.4680683845581,0.9767712570705578,2,0,0,0,0,40,0.019999771092837654,1.0,0.0,0.05118221219076397,100.0,46.05713434843604,0.0,0.0,24.325666783590812,228.71199932331973
731,scarce,129.0506259365813,79.81790285290838,11.062891029429116,0.4202326833366115,2.552705918765501,806.7949960610349,0.9777137398226964,2,0,0,0,0,40,0.01999954184328742,1.0,0.0,0.05118229899318135,100.0,46.057212458983194,0.0,0.0,24.325666783590812,228.71995022618916
732,scarce,129.0503009056293,79.80949141599503,11.061847108906505,0.4208926812376117,2.5499400048359933,806.0989884067385,0.97864168508482,2,0,0,0,0,40,0.019999615108258366,1.0,0.0,0.05118238579545119,100.0,46.05729056939759,0.0,0.0,24.325666783590812,228.83895807961798
733,scarce,129.0500264097309,79.80097863763696,11.060914171090625,0.42586584979503006,2.5473797439712618,805.4048113716053,0.9795851243582196,2,0,0,0,0,40,0.019999592171719975,1.0,0.0,0.05118247259757348,100.0,46.05736867967921,0.0,0.0,24.325666783590812,229.08417510856867
734,scarce,129.04981945012509,79.79246020816149,11.059957194171691,0.4260560088946251,2.5448917107224056,804.6949372828676,0.9805204759297266,2,0,0,0,0,40,0.019999602071088703,1.0,0.0,0.05118255939954825,100.0,46.05744678982807,0.0,0.0,24.325666783590812,229.3966041390234
735,scarce,129.04955883902682,79.7838684572111,11.05895324634275,0.42979139439554676,2.5425205042546124,803.9735116241209,0.981446519130112,2,0,0,0,0,40,0.01999961857762762,1.0,0.0,0.05118264620137547,100.0,46.05752489984417,0.0,0.0,24.325666783590812,229.05562636598606
736,scarce,129.04920478208487,79.77531566272835,11.057960878999687,0.4280123956191784,2.5402902526859164,803.2686298000699,0.9823865807965154,2,0,0,0,0,40,0.019999565746613945,1.0,0.0,0.051182733003055154,100.0,46.0576030097275,0.0,0.0,24.325666783590812,228.70478595550208
737,scarce,129.04882264051423,79.76669299704352,11.057017947802583,0.4315642315316673,2.5382014593646036,802.5580313434912,0.983328616660667,2,0,0,0,0,40,0.019999600031275357,1.0,0.0,0.051182819804587304,100.0,46.05768111947807,0.0,0.0,24.325666783590812,228.52988045983466
738,scarce,129.04840130537383,79.75802131828671,11.056058467785398,0.4341019178596932,2.536228928366447,801.8412277917887,0.9842513060615667,2,0,0,0,0,40,0.019999622630848136,1.0,0.0,0.05118290660597191,100.0,46.05775922909587,0.0,0.0,24.325666783590812,228.52905936747916
739,scarce,129.04796026703602,79.7492741959704,11.05502641633178,0.437926269528565,2.5342916098607797,801.1137932613346,0.9851730754186736,2,0,0,0,0,40,0.019999469985864948,1.0,0.0,0.05118299340720899,100.0,46.05783733858092,0.0,0.0,24.325666783590812,228.43826731359817
740,scarce,129.04748077831266,79.74052443275626,11.054005350789206,0.43815183766145865,2.532465681843129,800.3839990119013,0.9860944364740208,2,0,0,0,0,40,0.01999968150395355,1.0,0.0,0.05118308020829852,100.0,46.0579154479332,0.0,0.0,24.325666783590812,228.3191997691206
741,scarce,129.04700129920988,79.73171611824174,11.052976162853989,0.44107619067784887,2.530755876152874,799.6626679339824,0.9870275165673624,2,0,0,0,0,40,0.019999668495301763,1.0,0.0,0.05118316700924052,100.0,46.057993557152706,0.0,0.0,24.325666783590812,237.19366709111546
742,scarce,129.0465444596657,79.72290674308353,11.051885312604206,0.4410663682485601,2.5291818922265965,798.9425013715154,0.987961671809641,2,0,0,0,0,40,0.01999963013987942,1.0,0.0,0.05118325381003498,100.0,46.05807166623946,0.0,0.0,24.325666783590812,237.06145906165384
743,scarce,129.04605537534013,79.71400361051278,11.050798348491343,0.4458348089338294,2.527696079658278,798.2363455519444,0.9888915900096282,2,0,0,0,0,40,0.019999648554671956,1.0,0.0,0.051183340610681916,100.0,46.05814977519345,0.0,0.0,24.325666783590812,236.92792490317478
744,scarce,129.04560867798142,79.70503042680849,11.049811092557125,0.4492283109493609,2.5258798554001105,797.5291947183359,0.9898318382536988,2,0,0,0,0,40,0.019999594551385825,1.0,0.0,0.051183427411181315,100.0,46.058227884014684,0.0,0.0,24.325666783590812,237.17001845344348
745,scarce,129.0451607349201,79.69603288989344,11.048772807421777,0.4504423298621464,2.5241279791320945,796.8151099913957,0.9907732827949215,2,0,0,0,0,40,0.019999615236531997,1.0,0.0,0.051183514211533165,100.0,46.05830599270314,0.0,0.0,24.325666783590812,228.32689420513876
746,scarce,129.0447314345894,79.6869905429634,11.04776824025446,0.45263340878544717,2.5219908112648395,796.1073720856657,0.9917429018988095,2,0,0,0,0,40,0.019999673193892814,1.0,0.0,0.05118360101173749,100.0,46.058384101258845,0.0,0.0,24.325666783590812,228.4745084206871
747,scarce,129.04430476459396,79.67794418945162,11.046731781173794,0.4528226598709841,2.5194789700112374,795.3879096118835,0.9926954884346281,2,0,0,0,0,40,0.01999958670634261,1.0,0.0,0.05118368781179428,100.0,46.05846220968179,0.0,0.0,24.325666783590812,228.51411371072572
748,scarce,129.0439192685573,79.66888358490229,11.045691036014238,0.4534449446706053,2.5169437092721307,794.6693024640408,0.9936463407528668,2,0,0,0,0,40,0.019999704831721192,1.0,0.0,0.05118377461170353,100.0,46.05854031797197,0.0,0.0,24.325666783590812,228.7884287152455
749,scarce,129.0434504256822,79.65974763577076,11.044747177147396,0.45740971057708346,2.5145844609388432,793.9512588881189,0.9945534110900651,2,0,0,0,0,40,0.01999945624052196,1.0,0.0,0.051183861411465255,100.0,46.0586184261294,0.0,0.0,24.325666783590812,228.86013043561556
750,scarce,129.0429123120647,79.65050278602202,11.043773380385623,0.4630397038964645,2.5122066447322204,793.2040256418259,0.9954369042870105,2,0,0,0,0,40,0.01999930623456937,1.0,0.0,0.05118394821107943,100.0,46.058696534154045,0.0,0.0,24.325666783590812,228.8088405578372
751,scarce,129.04239366307235,79.64125509899726,11.04283673909859,0.4631159582356268,2.5099185917152687,792.4659373696923,0.9963504681969017,2,0,0,0,0,40,0.0199996814594191,1.0,0.0,0.051184035010546095,100.0,46.05877464204596,0.0,0.0,24.325666783590812,228.72625185916746
752,scarce,129.04186805650866,79.63202040581365,11.041910957316249,0.4624885180892265,2.5077417206004404,791.7269081296108,0.9972802676553946,2,0,0,0,0,40,0.01999969758108889,1.0,0.0,0.051184121809865216,100.0,46.0588527498051,0.0,0.0,24.325666783590812,228.61372708722183
753,scarce,129.04126892740925,79.62272603991102,11.041028221319365,0.46568400997906395,2.505655196626518,790.9891378984539,0.9982009327759933,2,0,0,0,0,40,0.01999959098935365,1.0,0.0,0.0511842086090368,100.0,46.05893085743148,0.0,0.0,24.325666783590812,228.3678185989982
754,scarce,129.040676434974,79.61337276244785,11.040170208682946,0.46860666403639856,2.503671138463983,790.2534867948634,0.9991244166670179,2,0,0,0,0,40,0.019999661067001257,1.0,0.0,0.05118429540806086,100.0,46.059008964925106,0.0,0.0,24.325666783590812,228.4115135913759
755,scarce,129.0401294818521,79.60404078069644,11.039316824242809,0.46740070244381077,2.501077001736161,789.5040477842122,1.0000703957170125,2,0,0,0,0,40,0.01999968072803224,1.0,0.0,0.05118438220693738,100.0,46.05908707228596,0.0,0.0,24.325666783590812,228.20595672351502
756,scarce,129.03951561382098,79.59470302640726,11.038426406162888,0.46790509561196025,2.498168627681479,788.7569366418247,1.001014504524752,2,0,0,0,0,40,0.01999965222724346,1.0,0.0,0.05118446900566637,100.0,46.05916517951407,0.0,0.0,24.325666783590812,227.9266403223513
757,scarce,129.03890252409968,79.58527480892273,11.037600940949137,0.47241473477935103,2.495480134113925,788.0306851310597,1.0019716760756796,2,0,0,0,0,40,0.019999406181179208,1.0,0.0,0.051184555804247835,100.0,46.059243286609416,0.0,0.0,24.325666783590812,227.55078457348063
758,scarce,129.03823799421326,79.57580394255734,11.036728426044748,0.47471677877161905,2.492871146546148,787.2898189890766,1.0029337344079425,2,0,0,0,0,40,0.019999631105450198,1.0,0.0,0.05118464260268176,100.0,46.059321393572,0.0,0.0,24.325666783590812,236.24364283950564
759,scarce,129.03751120784494,79.56632018318874,11.035850048208408,0.4755878918050368,2.4904672860156474,786.5693365944317,1.0038998764620821,2,0,0,0,0,40,0.019999626048651225,1.0,0.0,0.05118472940096816,100.0,46.059399500401824,0.0,0.0,24.325666783590812,236.13191774408733
760,scarce,129.0367393892587,79.55679784459757,11.034985964090508,0.47768799931039924,2.4881806512078803,785.8393519079546,1.004860118551077,2,0,0,0,0,40,0.01999966073266034,1.0,0.0,0.05118481619910703,100.0,46.059477607098906,0.0,0.0,24.325666783590812,235.9387540337979
761,scarce,129.03598039368222,79.54719567902147,11.03413889348407,0.4816121488741655,2.4853494623030588,785.4326101211191,1.005840662887435,2,0,0,0,0,40,0.01999959594841692,1.0,0.0,0.05118490299709836,100.0,46.05955571366321,0.0,0.0,24.325666783590812,235.9537253698194
762,scarce,129.03519471360127,79.53753964306455,11.033249350106008,0.48440549454102494,2.482311185050261,785.0614468037966,1.0068364361257878,2,0,0,0,0,40,0.01999963040435151,1.0,0.0,0.051184989794942175,100.0,46.05963382009477,0.0,0.0,24.325666783590812,235.8493707841949
763,scarce,129.03438859880515,79.52782768048709,11.032454371247155,0.4872774102922496,2.479178376115115,784.6963064846204,1.0078368805116098,2,0,0,0,0,40,0.019999624933808538,1.0,0.0,0.05118507659263844,100.0,46.05971192639356,0.0,0.0,24.325666783590812,235.8520570259674
764,scarce,129.0335785797044,79.51805434797167,11.031635930119823,0.4903539752592897,2.475907296324677,784.3302234378425,1.0088202918066416,2,0,0,0,0,40,0.019999516688178554,1.0,0.0,0.051185163390187194,100.0,46.05979003255961,0.0,0.0,24.325666783590812,235.80696572584648
765,scarce,129.03285156071402,79.50830419061927,11.03080123911504,0.4888739052609908,2.4727667013487333,783.9647234075237,1.0098118357718218,2,0,0,0,0,40,0.019999557318509897,1.0,0.0,0.05118525018758841,100.0,46.05986813859289,0.0,0.0,24.325666783590812,236.08701840471764
766,scarce,129.03216429423208,79.4985529099923,11.029936099681539,0.4887786816609501,2.4697957146833156,783.5911698602868,1.0108162055489254,2,0,0,0,0,40,0.019999719485800965,1.0,0.0,0.0511853369848421,100.0,46.059946244493425,0.0,0.0,24.325666783590812,236.43708177529396
767,scarce,129.0314361101394,79.48875982897488,11.029071481132181,0.49101686388327337,2.4670214009322162,783.2131580269634,1.0118360406927767,2,0,0,0,0,40,0.01999960652684627,1.0,0.0,0.051185423781948264,100.0,46.060024350261195,0.0,0.0,24.325666783590812,236.61082970271573
768,scarce,129.0306893278804,79.47899205931559,11.028164059613378,0.4898198479321186,2.4644865559151437,782.8287880748758,1.0128462262470705,2,0,0,0,0,40,0.019999712262100587,1.0,0.0,0.05118551057890689,100.0,46.060102455896214,0.0,0.0,24.325666783590812,227.4792192133792
769,scarce,129.0298880358987,79.46919136099143,11.027326252998515,0.49167982358411055,2.4621391672872504,782.4559439107907,1.013906481814347,2,0,0,0,0,40,0.01999963678235207,1.0,0.0,0.051185597375718,100.0,46.060180561398475,0.0,0.0,24.325666783590812,227.3825283135027
770,scarce,129.02905644016508,79.45939522548181,11.026458145304051,0.4915745873605087,2.4599458352954717,782.076177093666,1.0149608508047432,2,0,0,0,0,40,0.01999968309824642,1.0,0.0,0.05118568417238158,100.0,46.060258666767986,0.0,0.0,24.325666783590812,227.2776360914964
771,scarce,129.02825487314306,79.44951793065697,11.025521395110804,0.4954939212636578,2.4580193519916227,781.7065794655718,1.0160488100883556,2,0,0,0,0,40,0.019999587840219532,1.0,0.0,0.051185770968897634,100.0,46.060336772004746,0.0,0.0,24.325666783590812,227.17447756091423
772,scarce,129.02752969087868,79.43962742340156,11.024562931138238,0.49586567439229795,2.4563560347987496,781.3361181239961,1.0171366766626202,2,0,0,0,0,40,0.019999525185258306,1.0,0.0,0.05118585776526616,100.0,46.06041487710874,0.0,0.0,24.325666783590812,227.62705627883128
773,scarce,129.0267674702625,79.42965561717529,11.023667951345786,0.5000546106092325,2.4549950409289627,780.9674494005812,1.0182015592422622,2,0,0,0,0,40,0.019999544965857662,1.0,0.0,0.051185944561487146,100.0,46.06049298207998,0.0,0.0,24.325666783590812,227.48572884305045
774,scarce,129.02600640547334,79.41968892919438,11.022797609556656,0.49979413483690266,2.4538531526942022,780.5900660056068,1.0192918767821224,2,0,0,0,0,40,0.019999653292946278,1.0,0.0,0.05118603135756062,100.0,46.06057108691847,0.0,0.0,24.325666783590812,227.60689481430845
775,scarce,129.02519345583738,79.40969109215948,11.021986231605343,0.5015522074919543,2.452843534708353,780.2059828343627,1.020394374832887,2,0,0,0,0,40,0.01999936590134711,1.0,0.0,0.05118611815348656,100.0,46.0606491916242,0.0,0.0,24.325666783590812,227.850839726914
776,scarce,129.02436093246422,79.39961205941835,11.021131930698562,0.5056777306485155,2.452125845031957,779.8177575295413,1.021497016755917,2,0,0,0,0,40,0.01999956058624612,1.0,0.0,0.05118620494926497,100.0,46.060727296197186,0.0,0.0,24.325666783590812,227.81679347270727
777,scarce,129.023597369286,79.38954603994888,11.020361222435492,0.5047511825341785,2.451642469508517,779.4265717077869,1.022599941414103,2,0,0,0,0,40,0.01999977200958817,1.0,0.0,0.05118629174489587,100.0,46.06080540063742,0.0,0.0,24.325666783590812,227.92922649356282
778,scarce,129.0227533502708,79.37944226725695,11.019652339315643,0.5069565123894648,2.450986913026762,779.0319713930003,1.023712161509749,2,0,0,0,0,40,0.019999567381201528,1.0,0.0,0.05118637854037924,100.0,46.0608835049449,0.0,0.0,24.325666783590812,227.75743300828535
779,scarce,129.02192805639623,79.3692793119537,11.018976665874447,0.5098319932806087,2.4503285791568397,778.6541294642375,1.0248301747870325,2,0,0,0,0,40,0.0199995931761615,1.0,0.0,0.05118646533571509,100.0,46.06096160911963,0.0,0.0,24.325666783590812,227.51865239602998
780,scarce,129.02103075434738,79.3590135966816,11.01832818741109,0.515248311667333,2.4497370983654227,778.2891410714874,1.0259521675173848,2,0,0,0,0,40,0.019999628438147066,1.0,0.0,0.051186552130903396,100.0,46.06103971316159,0.0,0.0,24.325666783590812,227.50460843141917
781,scarce,129.02008817114125,79.3487459335219,11.01771602326678,0.51555159767015,2.4492181517205247,777.914405700838,1.0270715610977736,2,0,0,0,0,40,0.019999569049630146,1.0,0.0,0.05118663892594419,100.0,46.06111781707081,0.0,0.0,24.325666783590812,227.68159779982926
782,scarce,129.01913744104485,79.33847948505179,11.017001409451339,0.5155326515553871,2.4484988692435974,777.5352406997845,1.028176560857981,2,0,0,0,0,40,0.019999456544078552,1.0,0.0,0.05118672572083745,100.0,46.06119592084726,0.0,0.0,24.325666783590812,227.67109815787504
783,scarce,129.01810686388868,79.3282006821503,11.016292327295506,0.5165286299812784,2.447843127217019,777.1712024814988,1.0292735080433815,2,0,0,0,0,40,0.019999625394481628,1.0,0.0,0.0511868125155832,100.0,46.06127402449099,0.0,0.0,24.325666783590812,227.5153481135335
784,scarce,129.0170644062022,79.31786669168193,11.015519788300704,0.5193354108194747,2.4473835195539833,776.8149422043862,1.030351551085429,2,0,0,0,0,40,0.019999500561799378,1.0,0.0,0.05118689931018142,100.0,46.06135212800196,0.0,0.0,24.325666783590812,227.30663066230764
785,scarce,129.01596797639917,79.30746525555763,11.014747912199105,0.5229659047801198,2.4465250283329523,776.4704240267893,1.031447095942057,2,0,0,0,0,40,0.01999953689926346,1.0,0.0,0.05118698610463213,100.0,46.06143023138018,0.0,0.0,24.325666783590812,227.43708088779803
786,scarce,129.01487585931807,79.29708781502843,11.013941210758649,0.5217473197017652,2.445303338510359,776.1010535922687,1.032510177425196,2,0,0,0,0,40,0.01999947395030547,1.0,0.0,0.051187072898935294,100.0,46.06150833462563,0.0,0.0,24.325666783590812,236.40624967361651
787,scarce,129.01384890977553,79.28672506572433,11.013210396857527,0.5206851573735963,2.4442566229842617,775.7451263252151,1.033584199933976,2,0,0,0,0,40,0.01999963437276318,1.0,0.0,0.05118715969309095,100.0,46.06158643773834,0.0,0.0,24.325666783590812,236.41758243780205
788,scarce,129.01277584903295,79.2763573061064,11.012520028763053,0.521166824594557,2.4432733143502565,775.3777003439827,1.0346600630364353,2,0,0,0,0,40,0.01999964053762639,1.0,0.0,0.05118724648709908,100.0,46.061664540718304,0.0,0.0,24.325666783590812,236.20080572392834
789,scarce,129.0116420708593,79.26595660059465,11.011831651615468,0.5231263709949797,2.4425892373513176,775.0144398664124,1.0357495627213817,2,0,0,0,0,40,0.019999640556118116,1.0,0.0,0.051187333280959695,100.0,46.061742643565516,0.0,0.0,24.325666783590812,226.9751819285738
790,scarce,129.0105045490439,79.25551700597879,11.01116602771539,0.5250848647726065,2.4420005514840453,774.6404308494384,1.0368050072114132,2,0,0,0,0,40,0.019999480723224244,1.0,0.0,0.051187420074672786,100.0,46.061820746279984,0.0,0.0,24.325666783590812,227.2207594076769
791,scarce,129.00941044132534,79.24504969294046,11.010561336925141,0.5262257275744037,2.441497240091034,774.2705125502107,1.037859393885354,2,0,0,0,0,40,0.0199996146015173,1.0,0.0,0.05118750686823834,100.0,46.06189884886169,0.0,0.0,24.325666783590812,227.43649043392276
792,scarce,129.00836905523235,79.23458429930614,11.009927279598262,0.5258650095776735,2.4412191220239188,773.8918927866835,1.0389284915942265,2,0,0,0,0,40,0.01999953794226751,1.0,0.0,0.051187593661656386,100.0,46.061976951310655,0.0,0.0,24.325666783590812,227.32217680863874
793,scarce,129.00731244038496,79.22411023220603,11.009301486270545,0.5263663903442188,2.4412414407095575,773.5253271208057,1.0400151029528817,2,0,0,0,0,40,0.01999945888522079,1.0,0.0,0.05118768045492691,100.0,46.062055053626864,0.0,0.0,24.325666783590812,226.81461313200572
794,scarce,129.00627670137922,79.21363874208093,11.00870835789814,0.5261364900298744,2.4402882483131334,773.1667055612343,1.0411057083614046,2,0,0,0,0,40,0.01999945520501949,1.0,0.0,0.05118776724804992,100.0,46.062133155810336,0.0,0.0,24.325666783590812,227.1860944454258
795,scarce,129.0052399072106,79.20313502543335,11.008100314023773,0.5277522895151795,2.438464175618955,772.8010575447988,1.0421904933105015,2,0,0,0,0,40,0.01999946434882449,1.0,0.0,0.0511878540410254,100.0,46.06221125786105,0.0,0.0,24.325666783590812,226.9474038827163
796,scarce,129.0042287269081,79.19260789839727,11.007526246289945,0.5287867567603411,2.436809964699724,772.4386235111233,1.0433010046554214,2,0,0,0,0,40,0.019999622296871314,1.0,0.0,0.05118794083385337,100.0,46.06228935977902,0.0,0.0,24.325666783590812,227.02190330324794
797,scarce,129.00325255949002,79.1820406138368,11.006929918852606,0.53061698741199,2.435262502582236,772.0830301550377,1.044411496651691,2,0,0,0,0,40,0.019999601151682676,1.0,0.0,0.05118802762653381,100.0,46.06236746156424,0.0,0.0,24.325666783590812,227.20077367352079
798,scarce,129.0023196507481,79.17144247893096,11.006274082300227,0.5319656682977889,2.433754628100046,771.7231804279072,1.0455294961613888,2,0,0,0,0,40,0.019999555714061628,1.0,0.0,0.05118811441906674,100.0,46.06244556321672,0.0,0.0,24.325666783590812,227.36508895827956
799,scarce,129.00141345144064,79.16079486613323,11.005651109730767,0.5343153167558048,2.4316329447835145,771.3589327209993,1.046635766470026,2,0,0,0,0,40,0.01999957824363236,1.0,0.0,0.051188201211452136,100.0,46.06252366473644,0.0,0.0,24.325666783590812,227.3065260164978
800,scarce,129.00045009565955,79.15011769613184,11.005071947099292,0.5360428000231193,2.4296463540735393,770.9848273648677,1.0477532094207331,2,0,0,0,0,40,0.019999506452753356,1.0,0.0,0.051188288003690026,100.0,46.062601766123414,0.0,0.0,24.325666783590812,226.93382915421847
801,scarce,128.99956205002246,79.13938862848934,11.004548324061872,0.5383031575917728,2.427922450921561,770.6254137070791,1.0488704430180862,2,0,0,0,0,40,0.019999503341987142,1.0,0.0,0.0511883747957804,100.0,46.06267986737766,0.0,0.0,24.325666783590812,227.08002599446985
802,scarce,128.99861716495985,79.1285867405739,11.004044779860227,0.5421679748418496,2.426390171680068,770.2721062540004,1.0499981239103833,2,0,0,0,0,40,0.019999613259899372,1.0,0.0,0.05118846158772324,100.0,46.062757968499135,0.0,0.0,24.325666783590812,227.0294196332058
803,scarce,128.99768311470945,79.11773491072171,11.003581604785126,0.5446109699717592,2.425175036131287,769.9163996796779,1.0511220657182898,2,0,0,0,0,40,0.01999964600583911,1.0,0.0,0.05118854837951858,100.0,46.06283606948788,0.0,0.0,24.325666783590812,227.22273097790912
804,scarce,128.9966999041826,79.1068531762028,11.003112571679678,0.5463086475208203,2.4241803944449227,769.5587258824016,1.0522312345784832,2,0,0,0,0,40,0.019999647129836207,1.0,0.0,0.0511886351711664,100.0,46.06291417034388,0.0,0.0,24.325666783590812,227.21598491919116
805,scarce,128.9957169718321,79.09591655016308,11.00265269699768,0.5490549168344366,2.4233602408921415,769.187729731806,1.0533650085003892,2,0,0,0,0,40,0.01999941886988319,1.0,0.0,0.05118872196266669,100.0,46.06299227106712,0.0,0.0,24.325666783590812,227.27233260323396
806,scarce,128.9947014249602,79.08496175035617,11.002138117449235,0.5501019084590153,2.422719548528493,768.801236943109,1.0544965247809457,2,0,0,0,0,40,0.019999550761137602,1.0,0.0,0.05118880875401947,100.0,46.063070371657616,0.0,0.0,24.325666783590812,227.2102670846379
807,scarce,128.9936349232695,79.07397583570702,11.001683739410382,0.551887333639997,2.4217822122971784,768.4272408651814,1.0556352197028007,2,0,0,0,0,40,0.0199994789922776,1.0,0.0,0.05118889554522474,100.0,46.06314847211538,0.0,0.0,24.325666783590812,227.28851276641626
808,scarce,128.99248615253495,79.06302582115401,11.001222086189117,0.5505213981609843,2.4207233879135814,768.0456964907862,1.0567750999456438,2,0,0,0,0,40,0.019999500163148116,1.0,0.0,0.05118898233628249,100.0,46.0632265724404,0.0,0.0,24.325666783590812,227.08754590704498
809,scarce,128.99133577111172,79.05209655435903,11.00077401985774,0.5494882687836888,2.419760755210278,767.667375413519,1.0579080968032541,2,0,0,0,0,40,0.01999962348255073,1.0,0.0,0.05118906912719272,100.0,46.06330467263266,0.0,0.0,24.325666783590812,227.0599424528786
810,scarce,128.99021045793526,79.04108943085438,11.000312972583956,0.5532400175616802,2.4188489172493157,767.2959300982475,1.0590587996007872,2,0,0,0,0,40,0.01999947544431485,1.0,0.0,0.05118915591795544,100.0,46.063382772692194,0.0,0.0,24.325666783590812,227.13082918169385
811,scarce,128.98909837693913,79.0300641718171,10.999818040327765,0.5540694464668555,2.418106476100363,766.9175693434445,1.0601868271754944,2,0,0,0,0,40,0.019999551336112358,1.0,0.0,0.05118924270857064,100.0,46.06346087261897,0.0,0.0,24.325666783590812,227.15657548377195
812,scarce,128.9880364204418,79.01905722656578,10.999291853976711,0.5529099968732455,2.4174915852778556,766.537491796611,1.0613241810803145,2,0,0,0,0,40,0.019999588634386212,1.0,0.0,0.05118932949903832,100.0,46.063538972413,0.0,0.0,24.325666783590812,227.12455104764385
813,scarce,128.98693419544318,79.00796725768126,10.998842880073118,0.5572479366226074,2.41713375744776,766.1703758355798,1.0624855422789805,2,0,0,0,0,40,0.019999422359144297,1.0,0.0,0.0511894162893585,100.0,46.063617072074294,0.0,0.0,24.325666783590812,226.86815038842127
814,scarce,128.9857937593042,78.99689048463088,10.998418754989768,0.5567766159346357,2.4169763337355272,765.817204275867,1.0636820485895417,2,0,0,0,0,40,0.019999585575259837,1.0,0.0,0.05118950307953116,100.0,46.063695171602845,0.0,0.0,24.325666783590812,226.55218875018892
815,scarce,128.98464488770279,78.98584776743267,10.997983926811855,0.5551289162159717,2.4168971684723237,765.4496709782761,1.0649039123233182,2,0,0,0,0,40,0.019999599966253445,1.0,0.0,0.0511895898695563,100.0,46.06377327099865,0.0,0.0,24.325666783590812,226.43709384362847
816,scarce,128.98342661015062,78.9747542636224,10.997553208279163,0.5580239507410761,2.4167721127444795,765.1027385622438,1.066146244407471,2,0,0,0,0,40,0.019999461406319807,1.0,0.0,0.05118967665943393,100.0,46.063851370261716,0.0,0.0,24.325666783590812,226.2499848066967
817,scarce,128.982224615524,78.96366290639874,10.997105813855985,0.5578234723440074,2.4166965664431492,764.7553608710223,1.067397016706722,2,0,0,0,0,40,0.019999611179087294,1.0,0.0,0.05118976344916404,100.0,46.06392946939203,0.0,0.0,24.325666783590812,226.21442477382635
818,scarce,128.98103794455565,78.9525834562527,10.996713247129556,0.5571522677745556,2.4166630756886933,764.4007933229805,1.0686571001664928,2,0,0,0,0,40,0.019999668529734012,1.0,0.0,0.05118985023874665,100.0,46.06400756838961,0.0,0.0,24.325666783590812,226.3394725270451
819,scarce,128.97980958806357,78.94149950874467,10.99633092227864,0.5576018021721469,2.4168078276199525,764.0537060906863,1.0699195295661394,2,0,0,0,0,40,0.01999961901495568,1.0,0.0,0.05118993702818174,100.0,46.06408566725445,0.0,0.0,24.325666783590812,226.00601764943295
820,scarce,128.97860799631331,78.93043353590608,10.995923915078869,0.5565628051606852,2.417130782017201,763.6952032632616,1.0711693466921068,2,0,0,0,0,40,0.019999640381971717,1.0,0.0,0.051190023817469316,100.0,46.06416376598655,0.0,0.0,24.325666783590812,226.0252902636567
821,scarce,128.97732847771343,78.91931426290233,10.995532477087437,0.5596439437632831,2.4175439721409546,763.3305983773898,1.0724497725454747,2,0,0,0,0,40,0.019999551506002886,1.0,0.0,0.05119011060660938,100.0,46.0642418645859,0.0,0.0,24.325666783590812,226.00046767983812
822,scarce,128.9760164715174,78.90819270230642,10.995151486009172,0.559949069763849,2.418171593583951,762.953042213092,1.073711138865027,2,0,0,0,0,40,0.01999947287717279,1.0,0.0,0.05119019739560193,100.0,46.06431996305251,0.0,0.0,24.325666783590812,226.10234272883486
823,scarce,128.97469279146543,78.89706101653049,10.994735733306667,0.5605157731618113,2.419131383672039,762.5839146201033,1.074963688842306,2,0,0,0,0,40,0.019999614048141507,1.0,0.0,0.05119028418444697,100.0,46.06439806138638,0.0,0.0,24.325666783590812,226.08904136460515
824,scarce,128.9733809721182,78.88590261759181,10.994306196517112,0.5617703452614258,2.420323596151119,762.2131014655606,1.0762313477529437,2,0,0,0,0,40,0.019999685409085633,1.0,0.0,0.051190370973144494,100.0,46.064476159587514,0.0,0.0,24.325666783590812,226.00641363857213
825,scarce,128.97205535980316,78.87472261809933,10.993846576770938,0.562929092522688,2.421705438162012,761.8467013968548,1.0774813131236984,2,0,0,0,0,40,0.01999955014752588,1.0,0.0,0.051190457761694515,100.0,46.06455425765591,0.0,0.0,24.325666783590812,226.0293567913206
826,scarce,128.97070531794097,78.86355910788353,10.993399739445882,0.5622476976625581,2.423235100774152,761.4900705980544,1.0787334050578767,2,0,0,0,0,40,0.01999960867813147,1.0,0.0,0.05119054455009703,100.0,46.06463235559156,0.0,0.0,24.325666783590812,226.18435150986625
827,scarce,128.96928222591916,78.85237924561751,10.992931742273,0.5635104819356436,2.4250063056740503,761.125277878069,1.079990143305864,2,0,0,0,0,40,0.01999959018354818,1.0,0.0,0.05119063133835202,100.0,46.06471045339447,0.0,0.0,24.325666783590812,226.1123172498068
828,scarce,128.96789307300998,78.84119379398356,10.992419588410183,0.563584321390507,2.4270360963916,760.7670217127452,1.0812384990838853,2,0,0,0,0,40,0.019999367322901987,1.0,0.0,0.05119071812645951,100.0,46.064788551064645,0.0,0.0,24.325666783590812,226.11616452972038
829,scarce,128.96654464093655,78.82999304144265,10.99197460895551,0.5640932411992694,2.4291961696522124,760.4049623465544,1.0825150859707957,2,0,0,0,0,40,0.019999590508156657,1.0,0.0,0.05119080491441949,100.0,46.064866648602084,0.0,0.0,24.325666783590812,226.25730582100437
830,scarce,128.9651844247416,78.81871291322108,10.991567531941097,0.5680994146167854,2.431532617546693,760.0523313697122,1.083787560558893,2,0,0,0,0,40,0.019999748822737022,1.0,0.0,0.051190891702231955,100.0,46.06494474600677,0.0,0.0,24.325666783590812,226.23680051771294
831,scarce,128.96373190032972,78.80745191538517,10.991116921770773,0.5677238721549199,2.4340862881253607,759.7053256307045,1.0851084990151665,2,0,0,0,0,40,0.01999960009847691,1.0,0.0,0.05119097848989691,100.0,46.06502284327873,0.0,0.0,24.325666783590812,226.0296773758555
832,scarce,128.96231342475153,78.7961944075707,10.990644202513536,0.5673329527008337,2.4367105973017757,759.3611844043116,1.0864350022250517,2,0,0,0,0,40,0.01999960816324277,1.0,0.0,0.05119106527741436,100.0,46.06510094041795,0.0,0.0,24.325666783590812,226.20725991484264
833,scarce,128.960894269099,78.78497186399768,10.990178080414395,0.5656045936130967,2.439478477774929,759.0157677107272,1.087764590247042,2,0,0,0,0,40,0.01999971065438268,1.0,0.0,0.05119115206478429,100.0,46.065179037424414,0.0,0.0,24.325666783590812,226.03078027476857
834,scarce,128.95940652740575,78.77370356870217,10.989748796475348,0.5683154020288659,2.442343575480513,758.6768519762336,1.089091999627058,2,0,0,0,0,40,0.019999647931695525,1.0,0.0,0.05119123885200673,100.0,46.06525713429816,0.0,0.0,24.325666783590812,225.68025284670202
835,scarce,128.95792283371685,78.7623342494538,10.989347543051782,0.5732982783339604,2.445338537465374,758.3523201641947,1.0904435014545935,2,0,0,0,0,40,0.019999552967771513,1.0,0.0,0.051191325639081645,100.0,46.06533523103916,0.0,0.0,24.325666783590812,234.7787911286292
836,scarce,128.95643459745503,78.75097034035747,10.9889777391377,0.573068553495292,2.448429044768561,758.010699256316,1.0917926801947897,2,0,0,0,0,40,0.019999381151323777,1.0,0.0,0.051191412426009074,100.0,46.065413327647434,0.0,0.0,24.325666783590812,225.6304437432437
837,scarce,128.95492272489727,78.73958140672363,10.988646682381532,0.5744569335745006,2.451653128750271,757.6836017493042,1.0931731438953638,2,0,0,0,0,40,0.019999572388964076,1.0,0.0,0.051191499212788975,100.0,46.06549142412296,0.0,0.0,24.325666783590812,225.46807651223827
838,scarce,128.95333777080666,78.72819775614931,10.988346693889564,0.5746863271439342,2.4550286253040325,757.3472179086239,1.094540820662314,2,0,0,0,0,40,0.019999610116532174,1.0,0.0,0.05119158599942137,100.0,46.06556952046575,0.0,0.0,24.325666783590812,225.24492826059796
839,scarce,128.95174830301352,78.71680712498267,10.98803828254366,0.5750601519855957,2.458626141930664,757.0117378007053,1.095907824496932,2,0,0,0,0,40,0.019999595802008104,1.0,0.0,0.05119167278590627,100.0,46.06564761667581,0.0,0.0,24.325666783590812,225.32218457736357
840,scarce,128.95016616728373,78.70538894450608,10.987762581535527,0.5763779527814814,2.462356933447641,756.6784316643316,1.0972602896698374,2,0,0,0,0,40,0.019999567518994052,1.0,0.0,0.05119175957224365,100.0,46.06572571275313,0.0,0.0,24.325666783590812,225.42187924880614
841,scarce,128.94860146542845,78.69388676743152,10.987519646528856,0.5804187744333662,2.465137847950833,756.364889856588,1.0985967891718211,2,0,0,0,0,40,0.01999958617295112,1.0,0.0,0.05119184635843353,100.0,46.06580380869771,0.0,0.0,24.325666783590812,234.5420111557849
842,scarce,128.9470392829494,78.68238644655828,10.987299415124193,0.5803063117253575,2.4675166709764684,756.0432980787591,1.0999260749048412,2,0,0,0,0,40,0.019999685445747983,1.0,0.0,0.051191933144475905,100.0,46.06588190450955,0.0,0.0,24.325666783590812,225.6098959181968
843,scarce,128.94548311520188,78.67087408589576,10.987118332660685,0.5808632162931444,2.4697739444075433,755.7097328608215,1.1012435041569548,2,0,0,0,0,40,0.019999695564437037,1.0,0.0,0.05119201993037078,100.0,46.065960000188674,0.0,0.0,24.325666783590812,225.63764532117352
844,scarce,128.94389570410436,78.6593779990012,10.98691643506937,0.5802688980971645,2.471511277477213,755.3678036763304,1.1025662368111355,2,0,0,0,0,40,0.019999598900330394,1.0,0.0,0.051192106716118145,100.0,46.06603809573505,0.0,0.0,24.325666783590812,234.50551395159647
845,scarce,128.94235121389497,78.64785983429238,10.986666351147026,0.5810732219443389,2.4730375972583767,755.0104491823076,1.1038727718463353,2,0,0,0,0,40,0.019999669313584566,1.0,0.0,0.051192193501718,100.0,46.06611619114869,0.0,0.0,24.325666783590812,234.42325051666967
846,scarce,128.94093485895215,78.63632349506968,10.986424574836308,0.5811554714720318,2.474815131074386,754.6492458686189,1.105213038252149,2,0,0,0,0,40,0.019999595125365494,1.0,0.0,0.05119228028717035,100.0,46.06619428642959,0.0,0.0,24.325666783590812,234.71726967975215
847,scarce,128.93957183171636,78.62476276869589,10.986243775704395,0.5820433452570511,2.4768857902890513,754.2777803694116,1.106576017894999,2,0,0,0,0,40,0.019999578209879288,1.0,0.0,0.051192367072475195,100.0,46.06627238157777,0.0,0.0,24.325666783590812,234.73144362362237
848,scarce,128.93809927604926,78.61322851284552,10.986070255942934,0.5814058510841553,2.479141746471155,753.9008757721895,1.10793466882748,2,0,0,0,0,40,0.019999535772362815,1.0,0.0,0.05119245385763254,100.0,46.06635047659321,0.0,0.0,24.325666783590812,234.36170544149462
849,scarce,128.93668257846747,78.60168629879287,10.985884142713605,0.5814500318870528,2.4815920959197357,753.5208562901244,1.1093062169365868,2,0,0,0,0,40,0.01999968479282785,1.0,0.0,0.05119254064264238,100.0,46.06642857147591,0.0,0.0,24.325666783590812,234.4360728195792
850,scarce,128.9351494477342,78.59010284789221,10.985803494458425,0.5842408335588865,2.4840595900921447,753.1532504574643,1.1106766543886664,2,0,0,0,0,40,0.019999578312637774,1.0,0.0,0.05119262742750471,100.0,46.06650666622588,0.0,0.0,24.325666783590812,234.06393772120163
851,scarce,128.93354510779653,78.57854642645749,10.985687975685396,0.5833760881881079,2.486038740417999,752.7859577182026,1.1120383485801406,2,0,0,0,0,40,0.019999588770163314,1.0,0.0,0.05119271421221955,100.0,46.06658476084312,0.0,0.0,24.325666783590812,233.7400528255373
852,scarce,128.93194861783888,78.56689511088521,10.98562301160256,0.5880167136364443,2.48785394524975,752.4295640237688,1.1133965247339996,2,0,0,0,0,40,0.019999691882352934,1.0,0.0,0.05119280099678688,100.0,46.06666285532763,0.0,0.0,24.325666783590812,233.79318640806395
853,scarce,128.93027880088408,78.55523291603812,10.985551878191902,0.589071785877726,2.4898620920992736,752.0705440806269,1.114767228470168,2,0,0,0,0,40,0.019999569553646637,1.0,0.0,0.0511928877812067,100.0,46.0667409496794,0.0,0.0,24.325666783590812,233.45156869538897
854,scarce,128.92864057572052,78.54350483400971,10.985433113445026,0.5921088734274791,2.492082102961333,751.6946887557278,1.1161283730243285,2,0,0,0,0,40,0.019999620088391474,1.0,0.0,0.051192974565479034,100.0,46.06681904389844,0.0,0.0,24.325666783590812,233.51973546864224
855,scarce,128.92695031650624,78.53172279538254,10.985343476625337,0.5951439516990522,2.4944330254834446,751.3285345377153,1.1175081263476385,2,0,0,0,0,40,0.019999650243745153,1.0,0.0,0.05119306134960386,100.0,46.06689713798475,0.0,0.0,24.325666783590812,233.42651401118047
856,scarce,128.9252169851744,78.51994468674283,10.985286712992599,0.5952644877973519,2.4966797300916492,750.9520777219732,1.118893895311108,2,0,0,0,0,40,0.019999565410183835,1.0,0.0,0.051193148133581175,100.0,46.06697523193832,0.0,0.0,24.325666783590812,233.28752184929346
857,scarce,128.92345893833468,78.50811120951917,10.985218788083921,0.5981763917514443,2.499027005368002,750.8698255839336,1.1203059582442843,2,0,0,0,0,40,0.01999961135739603,1.0,0.0,0.05119323491741099,100.0,46.06705332575917,0.0,0.0,24.325666783590812,233.33340651123018
858,scarce,128.9217283441842,78.49624870980651,10.985174415967418,0.599419262440576,2.50150872454911,750.9558799743172,1.1217296386385625,2,0,0,0,0,40,0.01999957342518815,1.0,0.0,0.051193321701093315,100.0,46.067131419447286,0.0,0.0,24.325666783590812,233.54715091115287
859,scarce,128.9199964070949,78.48433868145291,10.98512119700226,0.6017749576638065,2.504134275349382,751.0345468849555,1.1231352373833972,2,0,0,0,0,40,0.019999681404993183,1.0,0.0,0.05119340848462813,100.0,46.067209513002666,0.0,0.0,24.325666783590812,233.634355299716
860,scarce,128.91825813365887,78.47239018730492,10.985045080624056,0.6037364306896132,2.506923676840856,751.1225133009721,1.1245320777798482,2,0,0,0,0,40,0.01999941939308784,1.0,0.0,0.05119349526801545,100.0,46.06728760642532,0.0,0.0,24.325666783590812,233.64658210836402
861,scarce,128.9165075855189,78.46043664392337,10.984999025551307,0.6040666482671202,2.5099656915642123,751.2230232111251,1.1259483555147074,2,0,0,0,0,40,0.019999529803720394,1.0,0.0,0.05119358205125525,100.0,46.06736569971523,0.0,0.0,24.325666783590812,233.670843815438
862,scarce,128.91478291888822,78.44843866552152,10.984941248246404,0.6060739298197769,2.513034471531995,751.3137930760131,1.1273510374553357,2,0,0,0,0,40,0.019999659581762613,1.0,0.0,0.051193668834347575,100.0,46.067443792872425,0.0,0.0,24.325666783590812,233.99769613734983
863,scarce,128.91311169033423,78.43643210277693,10.984832367455834,0.6061277253906212,2.5158826852732283,751.3934403050589,1.1287860149315092,2,0,0,0,0,40,0.019999543316761365,1.0,0.0,0.05119375561729239,100.0,46.06752188589688,0.0,0.0,24.325666783590812,234.18940973205827
864,scarce,128.91144780666625,78.42439743844719,10.984740762562097,0.6074697740236205,2.517324737769016,751.4655088448199,1.1302215562940132,2,0,0,0,0,40,0.019999609845788115,1.0,0.0,0.05119384240008971,100.0,46.067599978788614,0.0,0.0,24.325666783590812,225.2514875077688
865,scarce,128.90978210241158,78.41228568125753,10.984624929785118,0.611293731788791,2.5187836443616907,751.5397105839875,1.1316784293956614,2,0,0,0,0,40,0.019999547066714952,1.0,0.0,0.051193929182739524,100.0,46.06767807154761,0.0,0.0,24.325666783590812,225.234256326912
866,scarce,128.90813382694859,78.40012390147884,10.984500660438552,0.6136553111261069,2.519996256840296,751.6047255576923,1.1331189309418497,2,0,0,0,0,40,0.01999968336442301,1.0,0.0,0.05119401596524184,100.0,46.067756164173886,0.0,0.0,24.325666783590812,225.35203238432572
867,scarce,128.9064079178756,78.38795375303602,10.98436544264844,0.6146083764595646,2.5208448919306354,751.6876423360663,1.1345633747381132,2,0,0,0,0,40,0.01999958160636258,1.0,0.0,0.051194102747596656,100.0,46.067834256667425,0.0,0.0,24.325666783590812,234.0332748099002
868,scarce,128.90460994794813,78.3757329075879,10.984349131975344,0.6176363436986928,2.5219123822057847,751.7885515272283,1.1360160021332835,2,0,0,0,0,40,0.01999944947321125,1.0,0.0,0.05119418952980398,100.0,46.06791234902824,0.0,0.0,24.325666783590812,233.7967903744975
869,scarce,128.90282104279464,78.36352871561621,10.984361469534315,0.6167428606334076,2.52307911173471,751.947038150065,1.1374524909857928,2,0,0,0,0,40,0.01999958923383128,1.0,0.0,0.0511942763118638,100.0,46.06799044125632,0.0,0.0,24.325666783590812,233.8628809936234
870,scarce,128.9010256222745,78.35133705001549,10.984353983793037,0.6161722540349067,2.5243879884996594,752.1949670411341,1.1388924988417284,2,0,0,0,0,40,0.019999580497204218,1.0,0.0,0.05119436309377613,100.0,46.068068533351685,0.0,0.0,24.325666783590812,233.74062619217747
871,scarce,128.89923632445047,78.33915715491148,10.984306720753269,0.615539773337235,2.52584644658021,752.4418933030174,1.1403423387640845,2,0,0,0,0,40,0.01999971892992871,1.0,0.0,0.051194449875540955,100.0,46.06814662531431,0.0,0.0,24.325666783590812,233.7338397860221
872,scarce,128.89747653057657,78.32696471128762,10.984241456200845,0.615951109782163,2.5274658975291806,752.6901853647869,1.1418067406590688,2,0,0,0,0,40,0.019999550110685976,1.0,0.0,0.051194536657158285,100.0,46.06822471714421,0.0,0.0,24.325666783590812,233.50881787303
873,scarce,128.89567682122117,78.31477704089055,10.984156445963505,0.6160010173821971,2.529162940440611,752.9224482825957,1.1432852588555458,2,0,0,0,0,40,0.019999636081628698,1.0,0.0,0.05119462343862812,100.0,46.06830280884139,0.0,0.0,24.325666783590812,233.54312291286607
874,scarce,128.89388827694322,78.30254469265805,10.984060971904608,0.6181294898238092,2.530807637772753,753.1490563703555,1.1447881262600828,2,0,0,0,0,40,0.01999968685570237,1.0,0.0,0.05119471021995046,100.0,46.068380900405835,0.0,0.0,24.325666783590812,233.5098223955822
875,scarce,128.8921696541326,78.29020979841455,10.98395609593101,0.6227160869154701,2.532551370736026,753.376569686021,1.1463031512343957,2,0,0,0,0,40,0.019999464198196593,1.0,0.0,0.0511947970011253,100.0,46.06845899183756,0.0,0.0,24.325666783590812,233.88225601966343
876,scarce,128.89052463346337,78.27784721569054,10.983810151306715,0.6235942777025596,2.5342611969430893,753.6034813749138,1.1477862564595542,2,0,0,0,0,40,0.019999515250240903,1.0,0.0,0.051194883782152645,100.0,46.06853708313655,0.0,0.0,24.325666783590812,234.00211504206064
877,scarce,128.88888864856872,78.26547460116421,10.983638474024985,0.6240274808866616,2.5361460382947967,753.8445204813179,1.1492545355968253,2,0,0,0,0,40,0.019999603713230847,1.0,0.0,0.051194970563032495,100.0,46.06861517430281,0.0,0.0,24.325666783590812,234.16965115797385
878,scarce,128.88729176330432,78.25316669493469,10.98340894849702,0.6205645490249986,2.538052145077029,754.0658560661104,1.1507000077416893,2,0,0,0,0,40,0.019999621665971738,1.0,0.0,0.051195057343764845,100.0,46.06869326533635,0.0,0.0,24.325666783590812,234.41158197766975
879,scarce,128.88568261588182,78.2408977496586,10.983148060029933,0.6187174242908496,2.5400691940997278,754.2857165948371,1.1521462654754138,2,0,0,0,0,40,0.019999465520744497,1.0,0.0,0.051195144124349716,100.0,46.06877135623718,0.0,0.0,24.325666783590812,234.30189113464138
880,scarce,128.88410595994702,78.22863805759924,10.982889981411486,0.6180489642668401,2.542204019085683,754.5475289902643,1.1531026981804207,2,0,0,0,0,40,0.01999954069364023,1.0,0.0,0.05119523090478707,100.0,46.06884944700526,0.0,0.0,24.325666783590812,234.29575667334657
881,scarce,128.882598710408,78.2163856187256,10.982601114556621,0.6172509319794549,2.544352303164512,754.9690803671365,1.153329306498863,2,0,0,0,0,40,0.019999632865605667,1.0,0.0,0.051195317685076944,100.0,46.068927537640626,0.0,0.0,24.325666783590812,234.56183331061987
882,scarce,128.88118500839553,78.20411705863049,10.982293637721426,0.6175017846867937,2.546517561824479,755.3941460309543,1.153550589442795,2,0,0,0,0,40,0.019999573509831132,1.0,0.0,0.05119540446521933,100.0,46.06900562814327,0.0,0.0,24.325666783590812,234.8896978214324
883,scarce,128.87970255149438,78.19183759768893,10.982029941454272,0.6184441876983057,2.5487495043863135,755.8244625587286,1.1537679570916863,2,0,0,0,0,40,0.019999674859155037,1.0,0.0,0.05119549124521421,100.0,46.06908371851319,0.0,0.0,24.325666783590812,234.650366039661
884,scarce,128.87830700834306,78.17954484987635,10.981764862972188,0.6185921679504075,2.5509884206168003,756.2622519574688,1.1539768618891457,2,0,0,0,0,40,0.019999771472442095,1.0,0.0,0.0511955780250616,100.0,46.06916180875037,0.0,0.0,24.325666783590812,234.995861070709
885,scarce,128.8769092873404,78.16727733960566,10.981503376419997,0.617354083296706,2.553221996791261,756.6886183688439,1.1541642469802262,2,0,0,0,0,40,0.019999620733649807,1.0,0.0,0.051195664804761495,100.0,46.069239898854846,0.0,0.0,24.325666783590812,234.7736018894005
886,scarce,128.87549724129508,78.15502508337778,10.981246576548179,0.6166787838899452,2.555491646945407,757.1123275770515,1.154352991991217,2,0,0,0,0,40,0.019999642778212378,1.0,0.0,0.051195751584313894,100.0,46.06931798882658,0.0,0.0,24.325666783590812,234.4950767247792
887,scarce,128.87407411451164,78.14273987069582,10.980959733644161,0.6183786667732359,2.5567131707489885,757.5384291842056,1.1545453322825445,2,0,0,0,0,40,0.019999672969582334,1.0,0.0,0.051195838363718806,100.0,46.06939607866561,0.0,0.0,24.325666783590812,234.57046313169803
888,scarce,128.87260290391242,78.13042770289165,10.980664482391134,0.6200014356070032,2.557220256482267,757.9519479738519,1.1547281024931535,2,0,0,0,0,40,0.01999945506025661,1.0,0.0,0.05119592514297622,100.0,46.0694741683719,0.0,0.0,24.325666783590812,234.143602957994
889,scarce,128.87123034548,78.11806336656282,10.980377189815334,0.6220285637944091,2.557456341189698,758.3719425977142,1.1548845899208262,2,0,0,0,0,40,0.019999424201772135,1.0,0.0,0.051196011922086136,100.0,46.06955225794546,0.0,0.0,24.325666783590812,234.3246094628435
890,scarce,128.86981562882553,78.10565154102714,10.980092163776046,0.6246254275764488,2.5575688171837774,758.7874777522629,1.1550526337970688,2,0,0,0,0,40,0.01999951290926006,1.0,0.0,0.051196098701048576,100.0,46.06963034738632,0.0,0.0,24.325666783590812,234.1590563731216
891,scarce,128.8684261061899,78.09323626445115,10.979815752698073,0.6246507805583451,2.5577325980105785,759.1887830691121,1.1552079270814666,2,0,0,0,0,40,0.019999573342838514,1.0,0.0,0.05119618547986352,100.0,46.06970843669445,0.0,0.0,24.325666783590812,234.12245852663335
892,scarce,128.8670355579239,78.08083055790613,10.979558449496318,0.6241844631766938,2.5579449085766903,759.5747754305958,1.1554003389146863,2,0,0,0,0,40,0.01999957526525173,1.0,0.0,0.051196272258530975,100.0,46.06978652586985,0.0,0.0,24.325666783590812,234.09801129682802
893,scarce,128.86561378379443,78.0683843445493,10.979282985529968,0.6263692686895309,2.5581922642874284,759.9563291968698,1.1556016572319319,2,0,0,0,0,40,0.019999530719456787,1.0,0.0,0.051196359037050936,100.0,46.06986461491254,0.0,0.0,24.325666783590812,233.72624291849957
894,scarce,128.86423449076193,78.05587123524667,10.979060101448116,0.6294549800152025,2.5585246588820802,760.3427397352061,1.1558075441122608,2,0,0,0,0,40,0.01999962925667774,1.0,0.0,0.05119644581542341,100.0,46.069942703822505,0.0,0.0,24.325666783590812,233.77074236170583
895,scarce,128.86286903179803,78.0432863715595,10.978864899936843,0.6329422363452725,2.558889445733901,760.730999804844,1.1560090648393564,2,0,0,0,0,40,0.01999965403455033,1.0,0.0,0.05119653259364838,100.0,46.070020792599735,0.0,0.0,24.325666783590812,233.90584087506835
896,scarce,128.8615876991815,78.03070089021062,10.978687979106851,0.6325348895856865,2.559285941797609,761.0993330154197,1.1562228384771092,2,0,0,0,0,40,0.019999691287326326,1.0,0.0,0.05119661937172588,100.0,46.070098881244256,0.0,0.0,24.325666783590812,225.062510936319
897,scarce,128.8602874226961,78.01808139467289,10.978512846060516,0.6343292626066696,2.5596827284267265,761.4635731516719,1.1564589409681956,2,0,0,0,0,40,0.019999600288899032,1.0,0.0,0.05119670614965588,100.0,46.07017696975606,0.0,0.0,24.325666783590812,224.99254008033145
898,scarce,128.85901731149465,78.00541998548896,10.978326181671074,0.6362564849833845,2.5599253105163067,761.8186844618212,1.1567088800687848,2,0,0,0,0,40,0.019999573330575098,1.0,0.0,0.05119679292743839,100.0,46.07025505813513,0.0,0.0,24.325666783590812,225.15091171478417
899,scarce,128.8577192899503,77.99274279772615,10.978034041357324,0.6371886496608357,2.5601595475390266,762.163668844194,1.1569822790944224,2,0,0,0,0,40,0.019999542981174595,1.0,0.0,0.05119687970507342,100.0,46.0703331463815,0.0,0.0,24.325666783590812,225.2408246972941
900,scarce,128.8564566522319,77.97996581071398,10.977763643540523,0.641971584690959,2.5604256764448095,762.4909535511651,1.1572693163489827,2,0,0,0,0,40,0.01999951812758623,1.0,0.0,0.051196966482560946,100.0,46.07041123449513,0.0,0.0,24.325666783590812,225.25657073184817
901,scarce,128.85522173813735,77.96718035650342,10.977443206313527,0.6422596175693519,2.560804059266115,762.8228661649409,1.1575392462618548,2,0,0,0,0,40,0.019999558830989743,1.0,0.0,0.05119705325990099,100.0,46.07048932247605,0.0,0.0,24.325666783590812,225.3768176545538
902,scarce,128.85400888785693,77.95437919542883,10.977166584099313,0.642945200454955,2.561190078262878,763.1693318632424,1.1577823461377892,2,0,0,0,0,40,0.01999946343541163,1.0,0.0,0.05119714003709355,100.0,46.07056741032425,0.0,0.0,24.325666783590812,225.44307758807986
903,scarce,128.85278944378183,77.94148248862388,10.976925580040653,0.647721088168567,2.561564466102375,763.5145457954932,1.1580473563834364,2,0,0,0,0,40,0.019999498704578806,1.0,0.0,0.051197226814138616,100.0,46.070645498039724,0.0,0.0,24.325666783590812,225.45714147739895
904,scarce,128.8515405678813,77.92859683502988,10.976661711841158,0.6473164192599713,2.5619993198512985,763.9692706762435,1.1583369399030736,2,0,0,0,0,40,0.019999609181361993,1.0,0.0,0.0511973135910362,100.0,46.07072358562249,0.0,0.0,24.325666783590812,234.35782747980102
905,scarce,128.85031746811472,77.91566094482309,10.976378244878495,0.6496906799826363,2.5625661004843514,764.5212639740421,1.1586112416295635,2,0,0,0,0,40,0.019999677608029127,1.0,0.0,0.05119740036778629,100.0,46.07080167307252,0.0,0.0,24.325666783590812,234.4994240818759
906,scarce,128.84912783499394,77.9027045064317,10.976131647397809,0.6505545616052903,2.5631488063438197,765.0853731547104,1.1588597583329234,2,0,0,0,0,40,0.019999688874112666,1.0,0.0,0.0511974871443889,100.0,46.07087976038985,0.0,0.0,24.325666783590812,234.57222189715102
907,scarce,128.84791958223434,77.88972465213747,10.975833049117716,0.6518134584916707,2.563889658424338,765.6414073036431,1.1591243583745696,2,0,0,0,0,40,0.019999597824690823,1.0,0.0,0.05119757392084402,100.0,46.07095784757445,0.0,0.0,24.325666783590812,243.56832569852332
908,scarce,128.84670599960788,77.87673872061632,10.975553330561464,0.6521379837217702,2.5647162053449195,766.19466341511,1.1593811598791206,2,0,0,0,0,40,0.019999693485943222,1.0,0.0,0.05119766069715166,100.0,46.071035934626344,0.0,0.0,24.325666783590812,243.5634001806315
909,scarce,128.84552317658049,77.86373527641669,10.975338470348504,0.6528681440708713,2.5654787527388234,766.7476121051222,1.15968264929921,2,0,0,0,0,40,0.019999581446678533,1.0,0.0,0.0511977474733118,100.0,46.0711140215455,0.0,0.0,24.325666783590812,243.6918301983228
910,scarce,128.84429453606893,77.85075062866352,10.975138534291059,0.6521461010033502,2.565946123190543,767.3031133868062,1.1599380906696528,2,0,0,0,0,40,0.01999961196657813,1.0,0.0,0.051197834249324475,100.0,46.071192108331964,0.0,0.0,24.325666783590812,243.48761276513997
911,scarce,128.84301897627014,77.83774620251918,10.974969993998371,0.6533504783585636,2.5664942947231544,767.863015041883,1.1601745114736612,2,0,0,0,0,40,0.019999697733872338,1.0,0.0,0.05119792102518965,100.0,46.0712701949857,0.0,0.0,24.325666783590812,243.40765065080979
912,scarce,128.84175351944228,77.82471449510822,10.974781946609369,0.6546586148346599,2.5670715832571984,768.407729052371,1.160415120217558,2,0,0,0,0,40,0.01999966605433509,1.0,0.0,0.051198007800907344,100.0,46.071348281506715,0.0,0.0,24.325666783590812,243.27353831405017
913,scarce,128.84051829582913,77.81164641337772,10.97461821963715,0.6563228588884794,2.5677788912769763,768.9673383750342,1.1606347101386187,2,0,0,0,0,40,0.019999659319765502,1.0,0.0,0.051198094576477546,100.0,46.07142636789501,0.0,0.0,24.325666783590812,243.4780137552324
914,scarce,128.83923813056612,77.79856613190564,10.974407801550521,0.6571525353498019,2.568522771386018,769.5169090587515,1.1608639154224825,2,0,0,0,0,40,0.01999953632756644,1.0,0.0,0.051198181351900275,100.0,46.0715044541506,0.0,0.0,24.325666783590812,243.31578251818846
915,scarce,128.8380688564732,77.78550433420799,10.974176421018814,0.6557122319256953,2.5694714919981108,770.0503953234365,1.1611123360121525,2,0,0,0,0,40,0.019999575858620257,1.0,0.0,0.051198268127175504,100.0,46.07158254027346,0.0,0.0,24.325666783590812,243.406237923161
916,scarce,128.8368406877695,77.77240252942254,10.973932541028233,0.6579700008004487,2.57044443464656,770.5824481196541,1.1613611901508916,2,0,0,0,0,40,0.019999688395369426,1.0,0.0,0.051198354902303254,100.0,46.07166062626361,0.0,0.0,24.325666783590812,243.40373789350343
917,scarce,128.83568024217374,77.75926030456276,10.973702401072462,0.6596779550105426,2.57109648678132,771.1107737891216,1.1615973755050808,2,0,0,0,0,40,0.019999707734456838,1.0,0.0,0.05119844167728354,100.0,46.07173871212106,0.0,0.0,24.325666783590812,243.4646033294367
918,scarce,128.83448231098023,77.7461014904359,10.973540929323393,0.660675738651447,2.571586758526446,771.6459765646214,1.1618339752765334,2,0,0,0,0,40,0.019999594022395838,1.0,0.0,0.051198528452116324,100.0,46.07181679784578,0.0,0.0,24.325666783590812,243.5636516591588
919,scarce,128.83328018727292,77.73295765671716,10.973397470079673,0.659948893499252,2.5721173465929534,772.186372760254,1.162071011486099,2,0,0,0,0,40,0.019999669898641208,1.0,0.0,0.05119861522680162,100.0,46.07189488343778,0.0,0.0,24.325666783590812,243.57438243017123
920,scarce,128.8320849119968,77.71981930778159,10.973299579036413,0.659645004419367,2.5724055621885995,772.7404320072674,1.162329058325231,2,0,0,0,0,40,0.019999561665856886,1.0,0.0,0.05119870200133945,100.0,46.07197296889707,0.0,0.0,24.325666783590812,234.5318201179993
921,scarce,128.83089544259715,77.70666701689342,10.973218427470936,0.6603108484030159,2.5720923806313745,773.2818460121343,1.1625996020838234,2,0,0,0,0,40,0.01999964661057787,1.0,0.0,0.05119878877572979,100.0,46.07205105422365,0.0,0.0,24.325666783590812,243.50506695779458
922,scarce,128.829800307496,77.69354619395116,10.973144880855042,0.6583406881229088,2.571819665066892,773.8264598387905,1.1628651085788961,2,0,0,0,0,40,0.019999519241295644,1.0,0.0,0.05119887554997264,100.0,46.07212913941751,0.0,0.0,24.325666783590812,243.84197580439877
923,scarce,128.82877432905178,77.6804897969757,10.973094841442721,0.6548459476935207,2.571497579049882,774.6085486439479,1.1631370792738192,2,0,0,0,0,40,0.019999563968158274,1.0,0.0,0.05119896232406802,100.0,46.07220722447866,0.0,0.0,24.325666783590812,234.90096470491662
924,scarce,128.82778229622375,77.66737026810428,10.973036974582797,0.6578621972924921,2.5712835218197,775.3922460325593,1.16340026141404,2,0,0,0,0,40,0.019999646944344085,1.0,0.0,0.05119904909801592,100.0,46.0722853094071,0.0,0.0,24.325666783590812,244.00844086386525
925,scarce,128.82684447907783,77.65427219378445,10.972873615780117,0.6565901626215541,2.571071223164078,776.1582222611323,1.1637092256161143,2,0,0,0,0,40,0.019999595304088853,1.0,0.0,0.05119913587181633,100.0,46.07236339420282,0.0,0.0,24.325666783590812,244.1116803867635
926,scarce,128.8259335630421,77.64113155295436,10.972715246292438,0.6586174618451875,2.570961105150742,776.9247138644969,1.1640063691214373,2,0,0,0,0,40,0.0199996426765515,1.0,0.0,0.051199222645469264,100.0,46.072441478865834,0.0,0.0,24.325666783590812,244.3933083353555
927,scarce,128.8250987614469,77.62795030093368,10.972584031643674,0.6603953435808703,2.5708937749865006,777.684587091404,1.1643248865404192,2,0,0,0,0,40,0.019999636035632408,1.0,0.0,0.05119930941897471,100.0,46.07251956339613,0.0,0.0,24.325666783590812,244.682948644536
928,scarce,128.8242787298222,77.61477141400998,10.972481909258809,0.6602249873857124,2.5708582304814724,778.4246961336139,1.164654238883541,2,0,0,0,0,40,0.019999655804454036,1.0,0.0,0.051199396192332686,100.0,46.072597647793714,0.0,0.0,24.325666783590812,235.38621534775467
929,scarce,128.82340936108358,77.6016018223681,10.972333836723157,0.6599222339917021,2.5709050639838558,779.172808612977,1.1649950953985506,2,0,0,0,0,40,0.01999958669480874,1.0,0.0,0.05119948296554317,100.0,46.072675732058585,0.0,0.0,24.325666783590812,235.58938960150053
930,scarce,128.82246607306675,77.5884381637213,10.972189127471445,0.6598803254875841,2.5709774456310552,779.9254116931261,1.165345406673874,2,0,0,0,0,40,0.019999693428504238,1.0,0.0,0.051199569738606183,100.0,46.07275381619074,0.0,0.0,24.325666783590812,235.3800999761329
931,scarce,128.8215611810358,77.57523779661628,10.972135563264654,0.6615790755605178,2.57110661298194,780.6750840042769,1.1657231261906933,2,0,0,0,0,40,0.01999961845690413,1.0,0.0,0.05119965651152172,100.0,46.072831900190195,0.0,0.0,24.325666783590812,235.53594813639864
932,scarce,128.82065610646998,77.56207023431534,10.972057842993667,0.6599395308130342,2.571231129187871,781.4166249635382,1.1661129255333362,2,0,0,0,0,40,0.019999685796655592,1.0,0.0,0.05119974328428977,100.0,46.072909984056935,0.0,0.0,24.325666783590812,235.47739855142123
933,scarce,128.81972725761307,77.54894935133964,10.972023970478443,0.6576987952621075,2.5713418214540886,782.1689170731588,1.1664794312171616,2,0,0,0,0,40,0.01999965565334899,1.0,0.0,0.05119983005691034,100.0,46.07298806779095,0.0,0.0,24.325666783590812,235.40776483985246
934,scarce,128.81884937429567,77.53576884432844,10.972005711965853,0.6604972729819055,2.5715627138054677,782.9149861435435,1.166862594705497,2,0,0,0,0,40,0.01999959411349917,1.0,0.0,0.05119991682938344,100.0,46.073066151392275,0.0,0.0,24.325666783590812,235.59790944121733
935,scarce,128.81799561122205,77.52255541129549,10.972045536288817,0.6620616694535858,2.5718562701018137,783.6350506303461,1.1672783276290015,2,0,0,0,0,40,0.01999954550654378,1.0,0.0,0.05120000360170906,100.0,46.07314423486088,0.0,0.0,24.325666783590812,235.5048352795162
936,scarce,128.81718118588083,77.509314539532,10.972099948004352,0.6633026569226945,2.5721463543852927,784.3320438687006,1.1677298457852063,2,0,0,0,0,40,0.019999708204424378,1.0,0.0,0.0512000903738872,100.0,46.07322231819677,0.0,0.0,24.325666783590812,235.5731810630332
937,scarce,128.81632509599413,77.49608994358422,10.97214061446758,0.6626256205903542,2.5724210040239357,785.0093027145012,1.1682138966480093,2,0,0,0,0,40,0.01999959183674536,1.0,0.0,0.05120017714591786,100.0,46.073300401399955,0.0,0.0,24.325666783590812,235.3136629192289
938,scarce,128.81553651611637,77.48289621933353,10.972168865766431,0.660880937101826,2.572748421110852,785.6987304132454,1.1686849168958746,2,0,0,0,0,40,0.019999419569266506,1.0,0.0,0.051200263917801046,100.0,46.07337848447043,0.0,0.0,24.325666783590812,235.3122014815173
939,scarce,128.81476915078323,77.46969195408889,10.972158262142292,0.6613404642308365,2.57300074557837,786.3897935424502,1.1691689222888237,2,0,0,0,0,40,0.019999669543367897,1.0,0.0,0.051200350689536746,100.0,46.073456567408186,0.0,0.0,24.325666783590812,235.3662729845425
940,scarce,128.8139571041695,77.45642091496092,10.972136523875797,0.6648074178948241,2.5733668079875005,787.08501920032,1.1696791965848203,2,0,0,0,0,40,0.01999952162196857,1.0,0.0,0.05120043746112498,100.0,46.07353465021325,0.0,0.0,24.325666783590812,244.31763765893402
941,scarce,128.81312641892092,77.44311061064626,10.972177293615477,0.666823057657923,2.573654730849875,787.7875453883389,1.1701839689959088,2,0,0,0,0,40,0.01999959541215109,1.0,0.0,0.05120052423256574,100.0,46.07361273288559,0.0,0.0,24.325666783590812,244.25349625290625
942,scarce,128.8122608612665,77.42975337600748,10.972214621452641,0.6692766016515079,2.5739256667837536,788.4775047260046,1.1707002429355615,2,0,0,0,0,40,0.0199995979238658,1.0,0.0,0.05120061100385901,100.0,46.07369081542522,0.0,0.0,24.325666783590812,244.0910065426636
943,scarce,128.81138008121195,77.41640460071231,10.97219305365755,0.6689079760341606,2.5742639158521143,789.1623823961527,1.171209326019129,2,0,0,0,0,40,0.01999956878363077,1.0,0.0,0.05120069777500481,100.0,46.073768897832146,0.0,0.0,24.325666783590812,244.09911202070793
944,scarce,128.81051970750897,77.40303503308073,10.972081160082439,0.6698790764299554,2.5744522315913363,789.8305389010347,1.171726381184254,2,0,0,0,0,40,0.0199995051230238,1.0,0.0,0.05120078454600314,100.0,46.07384698010637,0.0,0.0,24.325666783590812,244.12136548707605
945,scarce,128.809588595608,77.38964999655403,10.971972974332223,0.6708857219451538,2.5745230402458628,790.5057618910396,1.1722330384826265,2,0,0,0,0,40,0.019999464399522108,1.0,0.0,0.051200871316853996,100.0,46.07392506224789,0.0,0.0,24.325666783590812,244.09112587866858
946,scarce,128.80866292993085,77.37626082315582,10.971871466384767,0.6710700764166302,2.5747457831606604,791.1730047684105,1.1727521753774712,2,0,0,0,0,40,0.019999648295301757,1.0,0.0,0.05120095808755737,100.0,46.07400314425669,0.0,0.0,24.325666783590812,244.02276435317555
947,scarce,128.80767500337438,77.36285475289256,10.971745703431393,0.6721397690110602,2.5750138693773406,791.8309311253179,1.1733012416799076,2,0,0,0,0,40,0.0199994514516802,1.0,0.0,0.051201044858113276,100.0,46.07408122613279,0.0,0.0,24.325666783590812,243.81465180744354
948,scarce,128.80671301155954,77.34945696485683,10.971621502580547,0.6716217208108405,2.575323140773802,792.4861421808491,1.1738605314805526,2,0,0,0,0,40,0.01999971442011733,1.0,0.0,0.051201131628521704,100.0,46.07415930787619,0.0,0.0,24.325666783590812,243.98105778088797
949,scarce,128.80576498588078,77.33604443918746,10.971461719746562,0.6723092901175403,2.574985531735701,793.1248004482695,1.1744357854032499,2,0,0,0,0,40,0.019999703787659178,1.0,0.0,0.05120121839878266,100.0,46.07423738948687,0.0,0.0,24.325666783590812,243.98869533747694
950,scarce,128.8048289325402,77.32256961840362,10.971257298756523,0.675376574975511,2.573483920273767,793.756645707861,1.1750180792031948,2,0,0,0,0,40,0.01999964662529475,1.0,0.0,0.05120130516889613,100.0,46.074315470964834,0.0,0.0,24.325666783590812,244.10629936391746
951,scarce,128.80383954472865,77.30913612379815,10.971041063755797,0.6735047742953914,2.5720638026334424,794.3825155493323,1.1756278212850155,2,0,0,0,0,40,0.019999579999245194,1.0,0.0,0.05120139193886213,100.0,46.0743935523101,0.0,0.0,24.325666783590812,244.2181754170036
952,scarce,128.80288730612256,77.2956898318649,10.970773218054603,0.6740119095339481,2.5706362263805174,794.988770554759,1.1762536256572969,2,0,0,0,0,40,0.01999961878052848,1.0,0.0,0.05120147870868067,100.0,46.07447163352268,0.0,0.0,24.325666783590812,244.28822976005458
953,scarce,128.80199578752473,77.28224285841644,10.970479380633687,0.6738388387608533,2.5694067178558044,795.5801609905648,1.1768685001427241,2,0,0,0,0,40,0.019999593364134195,1.0,0.0,0.051201565478351724,100.0,46.074549714602526,0.0,0.0,24.325666783590812,244.36440196037262
954,scarce,128.80104193951087,77.26883620086974,10.970176619656218,0.672041093359327,2.5682207195523157,796.1814924508544,1.1774794253570062,2,0,0,0,0,40,0.019999597535772594,1.0,0.0,0.05120165224787532,100.0,46.07462779554968,0.0,0.0,24.325666783590812,244.0900024801649
955,scarce,128.80005880437582,77.25539913671801,10.969890785803841,0.6736624035227237,2.5670874295799413,796.7759920450262,1.1781003972993718,2,0,0,0,0,40,0.019999645771293158,1.0,0.0,0.051201739017251426,100.0,46.07470587636412,0.0,0.0,24.325666783590812,244.04157420039246
956,scarce,128.79900310479596,77.2419835819226,10.969594250719327,0.6728731866873744,2.566107599115914,797.3748954316434,1.1787143037310053,2,0,0,0,0,40,0.01999943018335628,1.0,0.0,0.051201825786480075,100.0,46.07478395704587,0.0,0.0,24.325666783590812,243.697736179594
957,scarce,128.79788751091212,77.2285536329588,10.969233137652243,0.6738264159652125,2.5651536157330597,797.9632888872075,1.179335819902889,2,0,0,0,0,40,0.019999537038046883,1.0,0.0,0.05120191255556125,100.0,46.07486203759491,0.0,0.0,24.325666783590812,243.61648931409837
958,scarce,128.79688661126087,77.21506730850872,10.968882142461066,0.6761828186298755,2.5642960764916696,798.5436085111469,1.1799699443622491,2,0,0,0,0,40,0.019999650491872106,1.0,0.0,0.05120199932449494,100.0,46.074940118011234,0.0,0.0,24.325666783590812,243.84560830813243
959,scarce,128.79591974479618,77.2015250436414,10.968533123183466,0.678850145099785,2.563527703805895,799.1219222952204,1.1805798840355912,2,0,0,0,0,40,0.01999953821042528,1.0,0.0,0.051202086093281175,100.0,46.07501819829487,0.0,0.0,24.325666783590812,244.0408265946308
960,scarce,128.79500374281736,77.18800370128511,10.968143376660468,0.6776323943752377,2.562749611512659,799.6854481426999,1.1812100097111813,2,0,0,0,0,40,0.019999498865673343,1.0,0.0,0.051202172861919935,100.0,46.07509627844579,0.0,0.0,24.325666783590812,244.06506078288194
961,scarce,128.79416220458418,77.17447381265906,10.967691609451087,0.6778174143648016,2.562018759610566,800.2505237872429,1.1818361637741313,2,0,0,0,0,40,0.01999956183465986,1.0,0.0,0.05120225963041122,100.0,46.07517435846402,0.0,0.0,24.325666783590812,244.40135488041565
962,scarce,128.79339538895792,77.16095105130358,10.967272350283302,0.6772384786767195,2.56138092468304,800.8172334070223,1.1824750194360898,2,0,0,0,0,40,0.019999587591821622,1.0,0.0,0.051202346398755046,100.0,46.07525243834954,0.0,0.0,24.325666783590812,244.6158560475144
963,scarce,128.7925780194269,77.14742803334327,10.966922784976273,0.6773973456191681,2.5609128555142284,801.3992404410637,1.1831037444318224,2,0,0,0,0,40,0.019999663092006716,1.0,0.0,0.05120243316695139,100.0,46.07533051810235,0.0,0.0,24.325666783590812,244.6127982786319
964,scarce,128.79175994245242,77.1338770403387,10.96659058009373,0.67879286786852,2.5605612486850653,801.9630817911784,1.1837568515096555,2,0,0,0,0,40,0.019999687219966904,1.0,0.0,0.05120251993500027,100.0,46.075408597722465,0.0,0.0,24.325666783590812,244.51788986141688
965,scarce,128.79087965603247,77.12029006805038,10.966237762829522,0.680789665991436,2.560372929390592,802.5198942339157,1.184445501953323,2,0,0,0,0,40,0.0199995675082566,1.0,0.0,0.05120260670290168,100.0,46.075486677209874,0.0,0.0,24.325666783590812,244.32562874376936
966,scarce,128.78996800459595,77.10673944240365,10.96590207197315,0.6790742812338688,2.5603356007859275,803.0899781082771,1.1851326435913343,2,0,0,0,0,40,0.019999687669041817,1.0,0.0,0.05120269347065562,100.0,46.07556475656458,0.0,0.0,24.325666783590812,244.3514243179555
967,scarce,128.78910397938364,77.09317814133364,10.965529029699699,0.6794498988865658,2.5603742147427293,803.6375888271323,1.1858426029266975,2,0,0,0,0,40,0.019999709904489526,1.0,0.0,0.05120278023826209,100.0,46.07564283578658,0.0,0.0,24.325666783590812,253.46543241822692
968,scarce,128.78822780675745,77.07959843134621,10.9651407188863,0.68040785151955,2.5604376414676366,804.1535740166146,1.186571691577562,2,0,0,0,0,40,0.019999687265419775,1.0,0.0,0.05120286700572109,100.0,46.07572091487589,0.0,0.0,24.325666783590812,253.3465020789773
969,scarce,128.78737877568582,77.0660277588798,10.964734520101768,0.6798738462897727,2.5604694497918694,804.6534086464599,1.1873060334892385,2,0,0,0,0,40,0.019999571803652222,1.0,0.0,0.051202953773032626,100.0,46.07579899383249,0.0,0.0,24.325666783590812,253.22171325402238
970,scarce,128.78655023005365,77.05247851256085,10.964262924158982,0.6787427119764633,2.5603626310963734,805.1300422232562,1.1880545198643269,2,0,0,0,0,40,0.019999536969155882,1.0,0.0,0.05120304054019669,100.0,46.07587707265638,0.0,0.0,24.325666783590812,253.208535908885
971,scarce,128.78575122850296,77.03891574812323,10.963794844600569,0.6793275461843523,2.560225286607155,805.5997512589856,1.1888126359325892,2,0,0,0,0,40,0.019999626190666083,1.0,0.0,0.0512031273072133,100.0,46.07595515134759,0.0,0.0,24.325666783590812,253.12432620940362
972,scarce,128.78494464952948,77.02531043340704,10.963331215810229,0.6814768121553018,2.5601109881573523,806.086978733536,1.1895525603336212,2,0,0,0,0,40,0.019999466219279546,1.0,0.0,0.051203214074082425,100.0,46.07603322990608,0.0,0.0,24.325666783590812,253.30103166481877
973,scarce,128.78409383881524,77.01171075901792,10.962844459868425,0.6813290898890336,2.56018498049469,806.5629575411585,1.1903076114234221,2,0,0,0,0,40,0.019999571442142337,1.0,0.0,0.05120330084080409,100.0,46.07611130833188,0.0,0.0,24.325666783590812,253.02932285964667
974,scarce,128.78336247100214,76.99814700200135,10.962375776030218,0.6791870377251953,2.5603224251295122,807.0448213473755,1.1910426238327272,2,0,0,0,0,40,0.019999561665087012,1.0,0.0,0.05120338760737829,100.0,46.07618938662498,0.0,0.0,24.325666783590812,253.34970509358146
975,scarce,128.7894314639373,76.93997280539546,10.93864682365036,0.5814366150693212,2.5663186632139414,808.6450168731863,1.1939480163116316,2,0,0,40,0,0,0.10079864896066995,0.9995591214861432,0.0,0.05120347437380503,100.0,46.07626746478539,0.0,0.0,24.325666783590812,251.03152666277205
976,scarce,128.80979462655395,76.86228627557324,10.876733063372662,0.47775930366248953,2.5749456106564237,808.7947143866695,1.192022503256097,2,0,0,39,1,0,0.168910606147825,0.9990433198193805,0.0,0.05120356114008429,100.0,46.07634554281308,0.0,0.0,24.325666783590812,255.91917939525524
977,scarce,128.84289400703818,76.77742665814962,10.774718222546053,0.39832275625060026,2.5707256696827225,807.1439958724513,1.1858324832752114,2,0,0,39,1,0,0.2294318354993757,0.9984609448003313,0.0,0.05120364790621609,100.0,46.07642362070808,0.0,0.0,24.325666783590812,249.2766628796042
978,scarce,128.8870847862355,76.69354377674283,10.635345894910678,0.3356589805740455,2.51140104114736,803.7413554420964,1.1756908454558879,2,0,0,39,1,0,0.28420046718706715,0.9978183242864255,0.0,0.051203734672200435,100.0,46.07650169847039,0.0,0.0,24.325666783590812,242.10585530003647
979,scarce,128.94229817415675,76.61458484805325,10.46166154677714,0.2904968853263524,2.4384602624200444,798.6898097135781,1.1624816411718415,2,0,0,39,1,0,0.33352508706931216,0.9971214466906494,0.0,0.051203821438037304,100.0,46.07657977609998,0.0,0.0,24.325666783590812,216.3834217444828
980,scarce,129.00731799506138,76.54233420039961,10.25886843656507,0.25975006785618976,2.4119719624744547,792.1499494382224,1.146709400151657,3,0,0,39,1,0,0.3793300433158572,0.9963741836430019,0.0,0.05120390820372671,100.0,46.076657853596885,0.0,0.0,24.325666783590812,199.33463912021205
981,scarce,129.08299480694262,76.47914081278421,10.030932726985132,0.2401205491236215,2.4011778281489105,784.4534503718351,1.128595745295886,3,0,0,39,1,0,0.42084304631582337,0.9955812562920545,0.0,0.051203994969268654,100.0,46.07673593096109,0.0,0.0,24.325666783590812,200.2305554729902
982,scarce,129.1681099382119,76.42650246573999,9.783742253081678,0.2268055374866143,2.3810092041639863,775.3531946821677,1.1086450264192977,3,0,0,39,1,0,0.4586072722578091,0.9947467882925711,0.0,0.051204081734663134,100.0,46.076814008192606,0.0,0.0,24.325666783590812,192.00081332418353
983,scarce,129.2578862063809,76.38390023204576,9.519194979306468,0.21383043237309513,2.334725280721732,770.1542096174453,1.0870740361936053,3,0,0,39,1,0,0.49206896944691925,0.9938755124261792,0.0,0.051204168499910135,100.0,46.076892085291405,0.0,0.0,24.325666783590812,192.48021035865932
984,scarce,129.35240838491293,76.3521526884099,9.242096068295263,0.20458415731832655,2.3335553880446405,767.8212899914761,1.0644057556007045,3,0,0,39,1,0,0.522333247598479,0.992970945853821,0.0,0.05120425526500969,100.0,46.07697016225752,0.0,0.0,24.325666783590812,192.754145694608
985,scarce,129.45109596038657,76.33185852900193,8.957439798835791,0.19861465233057696,2.4208263527503235,764.8172618411772,1.0406362043083852,3,0,0,39,1,0,0.5493634655324838,0.9920366460417351,0.0,0.05120434202996178,100.0,46.07704823909094,0.0,0.0,24.325666783590812,175.3773580856687
986,scarce,129.55276160877895,76.32189660173177,8.670833918907334,0.19324177885903027,2.413838243089925,761.0254676815493,1.016359339693938,3,0,0,39,1,0,0.5740125786670175,0.9910752322052016,0.0,0.0512044287947664,100.0,46.07712631579165,0.0,0.0,24.325666783590812,175.65494438069055
987,scarce,129.65689411415173,76.32158204755777,8.388883630739159,0.19054022632120832,2.441082142009208,756.4662371448103,0.9914519590996534,3,0,0,39,1,0,0.5962487994938878,0.9900893585257581,0.0,0.051204515559423555,100.0,46.07720439235967,0.0,0.0,24.325666783590812,175.9949616492832
988,scarce,129.76150115381097,76.33066567829603,8.119271876288812,0.18596748817426914,2.462187094914926,750.9918954395616,0.9659566869465042,3,0,0,39,1,0,0.6163531613829829,0.9890813700482368,0.0,0.05120460232393326,100.0,46.07728246879499,0.0,0.0,24.325666783590812,176.33994026691408
989,scarce,129.86497626417344,76.34927456042422,7.869844313447589,0.18100277219319325,2.3894046822562762,744.6453722785773,0.9388740675782259,4,0,0,39,1,0,0.6336915364098041,0.988054309358186,0.0,0.0512046890882955,100.0,46.077360545097626,0.0,0.0,24.325666783590812,176.51488535740265
990,scarce,129.96619808812972,76.3760545613499,7.646195377081304,0.17464638102639368,2.3860706031026924,737.1411254009909,0.9063052805812302,4,0,0,39,1,0,0.6490542186397652,0.9870103497176824,0.0,0.05120477585251028,100.0,46.07743862126756,0.0,0.0,24.325666783590812,176.82948748822486
991,scarce,130.0652655121192,76.4216874458431,7.446120186898732,0.1646453962512273,2.351473004604853,727.8957861976232,0.8863511432954702,4,0,0,38,2,0,0.6545017000889265,0.9859603978475846,0.0,0.05120486261657759,100.0,46.0775166973048,0.0,0.0,24.325666783590812,176.53204263176264
992,scarce,130.1644420240013,76.48565045153077,7.282459763802936,0.16391011575700254,2.278513557352374,723.8093555281048,0.8828564981850374,4,0,0,39,1,0,0.6626193109416734,0.9849015166055487,0.0,0.051204949380497446,100.0,46.07759477320934,0.0,0.0,24.325666783590812,175.81094871748638
993,scarce,130.2636198482221,76.56726593112737,7.168533108880228,0.17642089534704003,2.239565710675265,717.0854415430658,0.8853923053035009,4,0,0,39,1,0,0.672122533873449,0.983832181818288,0.0,0.05120503614426983,100.0,46.07767284898118,0.0,0.0,24.325666783590812,175.53841449028442
994,scarce,130.363806993418,76.66720357592746,7.130573785669753,0.1920426478833558,2.247258402790812,708.3228890272621,0.8892974939061616,4,0,0,39,1,0,0.6798189707703022,0.9827543809504407,0.0,0.051205122907894765,100.0,46.07775092462034,0.0,0.0,24.325666783590812,175.50260458459474
995,scarce,130.46422942133162,76.78752761479872,7.148691564214876,0.2138558281954434,2.191738226655347,700.0353223002967,0.8946649027889686,3,0,0,39,1,0,0.6857134339408074,0.9816700961731059,0.0,0.05120520967137223,100.0,46.07782900012679,0.0,0.0,24.325666783590812,166.61193375557798
996,scarce,130.5636119169952,76.92764651528913,7.229011235534398,0.23420768883792434,2.086152247170233,699.4605489922251,0.9005309719048128,3,0,0,39,1,0,0.6910359687133341,0.9805799566075211,0.0,0.05120529643470225,100.0,46.07790707550056,0.0,0.0,24.325666783590812,157.65784505205147
997,scarce,130.6614914783722,77.0883345552581,7.382592471986257,0.25459545895437463,2.100819508249912,708.8141747358604,0.8954961348580903,3,0,0,39,1,0,0.694155148757289,0.979486385943888,0.0,0.0512053831978848,100.0,46.07798515074163,0.0,0.0,24.325666783590812,148.98445881432684
998,scarce,130.75744061046504,77.2703093835025,7.579899197054951,0.27712690771724324,2.1113623838697073,726.3339053016898,0.8735683491384739,3,0,0,39,1,0,0.6965591452190415,0.9783901708841469,0.0,0.05120546996091989,100.0,46.07806322585,0.0,0.0,24.325666783590812,140.25067111148076
999,scarce,130.84988446862906,77.47343196215606,7.807944188437105,0.30022531289197774,2.0754669570638105,743.2527191209156,0.8510008448352401,3,0,0,39,1,0,0.6976689944767511,0.9772927349902225,0.0,0.05120555672380752,100.0,46.07814130082568,0.0,0.0,24.325666783590812,131.73221593488083
1000,scarce,130.93905171899897,77.6968470617775,8.056266846177623,0.32485975450831445,2.095637884992578,758.5463272877278,0.8278940975235393,3,0,0,39,1,0,0.6975086781287437,0.9761954754442812,0.0,0.05120564348654769,100.0,46.078219375668674,0.0,0.0,24.325666783590812,123.28443885120092
1001,scarce,131.02421146355542,77.94004318994278,8.318096297788202,0.34812449855739963,2.1585876755101223,772.1118455930264,0.7949039391272521,3,0,0,39,1,0,0.6985679484659143,0.9750970507009686,0.0,0.051205730249140415,100.0,46.078297450378976,0.0,0.0,24.325666783590812,123.88305866624384
1002,scarce,131.1049802742016,78.20137717088565,8.585127516733232,0.372469222882287,2.0590463584599576,785.3456408586644,0.7509967888926699,3,0,0,39,1,0,0.6978625725678623,0.9739994018711439,0.0,0.051205817011585664,100.0,46.07837552495656,0.0,0.0,24.325666783590812,124.42904291347955
1003,scarce,131.18196140194556,78.48096014788446,8.853570034557862,0.3973501900997469,2.07591278904408,803.2908904259821,0.7097378360661097,3,0,0,39,1,0,0.6961679070247705,0.9729036171734167,0.0,0.05120590377388347,100.0,46.078453599401485,0.0,0.0,24.325666783590812,125.03027730819474
1004,scarce,131.25707336705494,78.77776997308997,9.14702186044262,0.4209126221841919,2.3448605621174488,821.9861392640596,0.6893425960021438,4,0,0,39,1,0,0.6956721330180715,0.9718083778270967,0.0,0.05120599053603381,100.0,46.078531673713705,0.0,0.0,24.325666783590812,125.48844863328596
1005,scarce,131.3297641116692,79.08799319776695,9.455099326166316,0.4413111929785033,2.470782948168883,839.0223519018837,0.6717484178452641,4,0,0,39,1,0,0.6937540778789691,0.9707152483414301,0.0,0.0512060772980367,100.0,46.07860974789324,0.0,0.0,24.325666783590812,125.92713449703793
1006,scarce,131.40138545177524,79.41130600128358,9.76894733933221,0.46174434009066956,2.4352930718854515,854.7358705781953,0.6548506599683066,4,0,0,39,1,0,0.6925094841102662,0.9696234879089086,0.0,0.05120616405989212,100.0,46.078687821940065,0.0,0.0,24.325666783590812,126.18432642913422
1007,scarce,131.46869257520672,79.74434571483307,10.066734458413615,0.4759579938009473,2.4820525807087384,871.6681697465356,0.6383480300790311,3,0,0,40,0,0,0.6917712033429904,0.9685325395852313,0.0,0.051206250821600095,100.0,46.07876589585421,0.0,0.0,24.325666783590812,126.82565300788698
1008,scarce,131.53155439383673,80.0848866410147,10.344096416110407,0.4878576855624923,2.502624158307677,888.329019515957,0.6222013358094743,3,0,0,40,0,0,0.6902978400852596,0.9674432119611375,0.0,0.0512063375831606,100.0,46.078843969635656,0.0,0.0,24.325666783590812,127.47584200859782
1009,scarce,131.59026985089014,80.43118939225027,10.60012837597279,0.4966183654021149,2.531010521096478,902.1377949584421,0.6064068405096178,3,0,0,40,0,0,0.6892720021036061,0.9663550127588236,0.0,0.05120642434457367,100.0,46.07892204328443,0.0,0.0,24.325666783590812,128.14954299818453
1010,scarce,131.6437998930856,80.77854840132176,10.834971649530292,0.500001010423075,2.6018631801421868,913.1892750446423,0.5906885577992312,3,0,0,40,0,0,0.6880596686854435,0.9652681471232697,0.0,0.051206511105839264,100.0,46.07900011680049,0.0,0.0,24.325666783590812,128.77548010860536
1011,scarce,131.69275808802556,81.12363295250789,11.049731574357494,0.4989803797687449,2.604602999850764,921.2884927428058,0.5748758885027928,3,0,0,40,0,0,0.686809018616678,0.9641826572027913,0.0,0.05120659786695741,100.0,46.07907819018388,0.0,0.0,24.325666783590812,129.41204438140085
1012,scarce,131.73050143641998,81.46996390044582,11.23968614265887,0.5019253494151136,2.631071104459129,924.3847439973106,0.5617671652281266,3,0,0,39,1,0,0.678850380372105,0.963105921784382,0.0,0.0512066846279281,100.0,46.07915626343457,0.0,0.0,24.325666783590812,130.48822073088095
1013,scarce,131.75480993146763,81.81897665446247,11.401183758322128,0.5105934258110343,2.6652787641706612,923.3412356440022,0.5495214513360499,2,0,0,38,2,0,0.6682529129305872,0.9620408435801583,0.0,0.051206771388751335,100.0,46.079234336552574,0.0,0.0,24.325666783590812,123.17099537567447
1014,scarce,131.7684782011586,82.16351278896408,11.539991445137158,0.5161714556561955,2.670852573852322,918.5453183891805,0.5432390616388604,2,0,0,38,2,0,0.6638911833204804,0.9609805632785058,0.0,0.051206858149427124,100.0,46.079312409537884,0.0,0.0,24.325666783590812,116.08081936797728
1015,scarce,131.7732295002092,82.49729169451068,11.66256436656246,0.5093338412504145,2.787007572908551,911.0389438601997,0.5439389325043005,3,0,0,38,2,0,0.6629460315776597,0.9599213226437703,0.0,0.05120694490995545,100.0,46.07939048239051,0.0,0.0,24.325666783590812,117.47968823338438
1016,scarce,131.77047808737856,82.81556619818433,11.771204698619096,0.4927731441078986,2.752202780099304,914.0776515527141,0.5439571866174795,3,0,0,38,2,0,0.661614933569856,0.9588635462168433,0.0,0.05120703167033633,100.0,46.079468555110445,0.0,0.0,24.325666783590812,127.68559062917033
1017,scarce,131.7586902054731,83.11393367533226,11.866574094075506,0.4684601798926588,2.7737336235746577,922.4376958887733,0.5443260049072779,2,0,0,38,2,0,0.6585870482813476,0.957809100463734,0.0,0.05120711843056974,100.0,46.079546627697695,0.0,0.0,24.325666783590812,137.70679895258357
1018,scarce,131.73927094250251,83.3896743567517,11.952190317478705,0.4369072020049282,2.7959792922791693,925.9571567138773,0.544822091862403,2,0,0,38,2,0,0.6569742205037905,0.9567564288211798,0.0,0.05120720519065571,100.0,46.07962470015225,0.0,0.0,24.325666783590812,138.57342666681794
1019,scarce,131.7140448580043,83.6414173331874,12.030136011222247,0.40192222164241614,2.7819350702319703,939.5716788559293,0.5454594372674629,2,0,0,38,2,0,0.6561907584174973,0.9557046189869205,0.0,0.05120729195059422,100.0,46.07970277247412,0.0,0.0,24.325666783590812,166.3828813981383
1020,scarce,131.68255721880294,83.86809436969067,12.102141480647159,0.3657171938413518,2.6989947868210344,951.8588799537611,0.5464116074757084,2,0,0,38,2,0,0.6558992426026431,0.9546531298200577,0.0,0.051207378710385276,100.0,46.07978084466329,0.0,0.0,24.325666783590812,167.34035803542895
1021,scarce,131.6451211760152,84.0674684180835,12.168946022738968,0.32716125415444125,2.657584407421416,959.3532023234511,0.5475464578581734,3,0,0,38,2,0,0.6553140033310049,0.9536022844163936,0.0,0.05120746547002889,100.0,46.07985891671979,0.0,0.0,24.325666783590812,168.23063784464847
1022,scarce,131.60269746981143,84.23830168021304,12.232409442483698,0.287186406126991,2.6382633236472812,966.9546463149891,0.5511812258804787,3,0,0,38,2,0,0.6552164032200535,0.9525515463728513,0.0,0.05120755222952505,100.0,46.0799369886436,0.0,0.0,24.325666783590812,178.1716015945107
1023,scarce,131.55550119011633,84.38056777371693,12.293214530736822,0.24677770059093743,2.7401165069322175,978.4123056748285,0.5743681882874568,4,0,0,38,2,0,0.6557416097837153,0.9515002306020893,0.0,0.051207638988873753,100.0,46.080015060434725,0.0,0.0,24.325666783590812,170.00695644041957
1024,scarce,131.5042406808306,84.49254654334034,12.351665881139747,0.20541504949872746,2.7406731615335502,984.4405645309962,0.597494260627581,4,0,0,38,2,0,0.6556028928120394,0.950449067419996,0.0,0.05120772574807501,100.0,46.08009313209316,0.0,0.0,24.325666783590812,170.86764486213636
1025,scarce,131.4490967114209,84.57422732708183,12.408027734307392,0.16887919226816603,2.840979961981879,989.2456739933696,0.6208566753305603,3,0,0,38,2,0,0.6557495284498267,0.9493977429387014,0.0,0.05120781250712881,100.0,46.08017120361891,0.0,0.0,24.325666783590812,171.88247415275015
1026,scarce,131.40105358148412,84.62266484891855,12.453739811615392,0.1299364803770743,2.9229947591450447,992.9635890837453,0.6381826079919556,3,0,0,37,3,0,0.6466013412695706,0.9483564814633049,0.0,0.05120789926603515,100.0,46.080249275011965,0.0,0.0,24.325666783590812,173.23263941839141
1027,scarce,131.35571897139292,84.64032750373829,12.492677555389346,0.08497126117471902,2.997307381967917,991.623154757348,0.6521146522008114,3,0,0,37,3,0,0.6452291194351112,0.947316729431926,0.0,0.05120798602479405,100.0,46.08032734627234,0.0,0.0,24.325666783590812,175.6407659674971
1028,scarce,131.31302039776324,84.62918837738555,12.525887578320527,0.07101281692639316,2.9547193309405655,987.4703687365909,0.6637044670558904,3,0,0,38,2,0,0.6488541356523262,0.9462729898827087,0.0,0.05120807278340551,100.0,46.08040541740003,0.0,0.0,24.325666783590812,186.09843700159598
1029,scarce,131.27860528281116,84.603675019034,12.53854408422766,0.08496067406982309,2.8601308507259287,977.8861690538761,0.6730676884042367,3,0,0,38,2,0,0.6402209073445355,0.9452387468846297,0.0,0.0512081595418695,100.0,46.08048348839503,0.0,0.0,24.325666783590812,186.8104684193862
1030,scarce,131.24859870967595,84.55802213371024,12.538435808865264,0.06845764621775924,2.734350870115615,968.213562390818,0.680990056989543,4,0,0,38,2,0,0.640252254177221,0.9442044694050349,0.0,0.051208246300186055,100.0,46.08056155925736,0.0,0.0,24.325666783590812,191.55605735483357
1031,scarce,131.22304094207382,84.49051792447929,12.528623943811805,0.10368925780954423,2.6844423794128236,955.7023875320301,0.6888130648007327,4,0,0,38,2,0,0.6457855804369274,0.943164105266554,0.0,0.051208333058355156,100.0,46.080639629987,0.0,0.0,24.325666783590812,183.1980097908331
1032,scarce,131.20039002903673,84.40140887223808,12.511189237218645,0.13929330703130166,2.5686006184941834,939.3480617405803,0.69535468334758,4,0,0,38,2,0,0.6512330073869987,0.9421177489584285,0.0,0.05120841981637681,100.0,46.08071770058395,0.0,0.0,24.325666783590812,183.91803564981797
1033,scarce,131.177842573038,84.29219505072759,12.486337429032783,0.17178698372973558,2.6037050978119027,931.8396991906775,0.7004474117894637,4,0,0,38,2,0,0.6558502237795103,0.9410663137122709,0.0,0.05120850657425101,100.0,46.08079577104821,0.0,0.0,24.325666783590812,184.74278990929375
1034,scarce,131.15754555207806,84.16217301786381,12.454259883462681,0.20573368186072957,2.590122562191431,921.0322203220057,0.7046814059756028,4,0,0,38,2,0,0.6597158158868442,0.9400106263147954,0.0,0.05120859333197776,100.0,46.08087384137979,0.0,0.0,24.325666783590812,185.34766199678964
1035,scarce,131.1382142704708,84.01344201199369,12.414433441964967,0.2348821276926318,2.5985918519890694,907.0412676476335,0.7075580654668195,4,0,0,38,2,0,0.663264415353937,0.938951035457906,0.0,0.05120868008955707,100.0,46.080951911578694,0.0,0.0,24.325666783590812,185.93439829793152
1036,scarce,131.12136340966038,83.84683533152159,12.365764113753858,0.2607899703819231,2.519898931659513,890.2233711470326,0.7092924309874403,4,0,0,38,2,0,0.6664200118406169,0.9378879734448814,0.0,0.051208766846988926,100.0,46.08102998164491,0.0,0.0,24.325666783590812,186.56396080855149
1037,scarce,131.10838715778144,83.66361919884527,12.308188574909247,0.2837539123644313,2.6156850423682383,870.0650740632482,0.7094949976843263,4,0,0,38,2,0,0.6694701400126668,0.9368215562908675,0.0,0.051208853604273324,100.0,46.081108051578425,0.0,0.0,24.325666783590812,187.085197883219
1038,scarce,131.09869992521965,83.46661120655877,12.24021409528377,0.30231861998756826,2.561812437662521,847.1515332667914,0.7091622658732284,3,0,0,38,2,0,0.672886172588788,0.9357513815010197,0.0,0.05120894036141029,100.0,46.08118612137929,0.0,0.0,24.325666783590812,187.79837089455447
1039,scarce,131.0956058667034,83.25779166849858,12.16101837503475,0.3187423634483262,2.427649814695373,822.890203325529,0.7082740108366747,3,0,0,38,2,0,0.6757514490286141,0.9346780549070883,0.0,0.05120902711839981,100.0,46.08126419104745,0.0,0.0,24.325666783590812,188.2143475346276
1040,scarce,131.09837322220594,83.03872592328702,12.069789788543579,0.3329877807252944,2.324104302674858,800.9535302482836,0.7070165115867663,3,0,0,38,2,0,0.6785641120236674,0.9336016343838622,0.0,0.05120911387524188,100.0,46.08134226058294,0.0,0.0,24.325666783590812,188.6555754242381
1041,scarce,131.1027003510191,82.81116507360457,11.965943748095448,0.33959346241822264,2.3391030360238565,782.8650720287769,0.7042643561493811,3,0,0,37,3,0,0.6768194268482876,0.9325271330143291,0.0,0.0512092006319365,100.0,46.08142032998574,0.0,0.0,24.325666783590812,189.55270709065377
1042,scarce,131.1101531562376,82.57548187189794,11.847971348686904,0.34426863192047413,2.362845733955661,765.8217292967893,0.700514620432435,3,0,0,38,2,0,0.6788084879283044,0.931450443677608,0.0,0.051209287388483675,100.0,46.081498399255864,0.0,0.0,24.325666783590812,190.2647268034416
1043,scarce,131.12319070522076,82.33378442800822,11.716298751916431,0.348434443601954,2.321582402932847,749.3989891697929,0.6957658630284598,3,0,0,38,2,0,0.6819712588280965,0.9303702752928971,0.0,0.051209374144883406,100.0,46.0815764683933,0.0,0.0,24.325666783590812,200.03028854902135
1044,scarce,131.14186444510918,82.08656143471102,11.570792866095413,0.351609936843535,2.226474941271229,732.8051090569497,0.6903787889215434,3,0,0,38,2,0,0.6852812040105132,0.9292864659684856,0.0,0.05120946090113569,100.0,46.08165453739806,0.0,0.0,24.325666783590812,200.7377061588123
1045,scarce,131.16852233602347,81.83645018460943,11.410531066897994,0.355280837325313,2.231385521186795,718.1223354285321,0.6840396786831853,3,0,0,39,1,0,0.6890701659224464,0.9281984887859709,0.0,0.05120954765724052,100.0,46.08173260627012,0.0,0.0,24.325666783590812,201.01939781996865
1046,scarce,131.20338223927277,81.58538441032817,11.234607617390767,0.35681332670227756,2.3297376899405835,700.4038130760673,0.6769099075529563,2,0,0,39,1,0,0.6919385679590319,0.9271073563612161,0.0,0.051209634413197924,100.0,46.081810675009535,0.0,0.0,24.325666783590812,201.30191780054125
1047,scarce,131.24439510658726,81.33340483026606,11.04399825284376,0.3568491821550544,2.331812489716797,680.1875425819744,0.6687931931078983,1,0,0,39,1,0,0.6953463152787063,0.9260124754144095,0.0,0.05120972116900787,100.0,46.08188874361625,0.0,0.0,24.325666783590812,210.7117770446559
1048,scarce,131.29336491893955,81.08231597918778,10.839295014452478,0.3565453595828783,2.223551813725456,658.1816010569601,0.668056426613857,1,0,0,39,1,0,0.6982537970405522,0.9249143962376649,0.0,0.05120980792467037,100.0,46.08196681209027,0.0,0.0,24.325666783590812,219.90251731218285
1049,scarce,131.3493575899698,80.83298089188398,10.623093037853181,0.3540383996399362,2.1047786234977623,634.4876457720966,0.6732811700604941,1,0,0,39,1,0,0.7019564308286486,0.9238122441637533,0.0,0.051209894680185435,100.0,46.08204488043163,0.0,0.0,24.325666783590812,220.22154511916705
1050,scarce,131.41285664677338,80.58582635583097,10.398414510209966,0.35170465448096,2.0447114945954303,607.9594121970877,0.6779807662303737,1,0,0,39,1,0,0.7060785453981906,0.9227055577638152,0.0,0.051209981435553054,100.0,46.08212294864031,0.0,0.0,24.325666783590812,238.39582615486106
1051,scarce,131.48325191768274,80.3435876387938,10.165604747306299,0.34617998697244834,2.0567970892421252,578.5939678974246,0.6820878509114124,1,0,0,39,1,0,0.7087068699477033,0.9215959802068727,0.0,0.051210068190773214,100.0,46.0822010167163,0.0,0.0,24.325666783590812,238.68229624220913
1052,scarce,131.56014015730196,80.10880115999593,9.927321481835651,0.33858299002452685,1.908007980893443,548.0557429459659,0.6860546297552059,1,0,0,39,1,0,0.7112704390799716,0.9204835827238849,0.0,0.05121015494584595,100.0,46.08227908465962,0.0,0.0,24.325666783590812,229.9863076477928
1053,scarce,131.64356895732823,79.88177523467552,9.686197636682142,0.33080130787024997,1.7042888281734445,520.9889549249783,0.6917486668034764,1,0,0,39,1,0,0.7136128739959325,0.9193686085624891,0.0,0.051210241700771236,100.0,46.08235715247025,0.0,0.0,24.325666783590812,230.28477430154695
1054,scarce,131.73131187250175,79.66313491548608,9.445090761397186,0.3206485943035669,1.7173114586948988,506.4435906022809,0.6964246667421399,1,0,0,39,1,0,0.7161671215724705,0.9182508247287595,0.0,0.05121032845554908,100.0,46.08243522014821,0.0,0.0,24.325666783590812,230.61156862926128
1055,scarce,131.8241367376725,79.45313155710518,9.208223445423776,0.3111076910980093,1.7805172080212504,490.1731102916747,0.7004231332043704,1,0,0,39,1,0,0.7188653836874117,0.9171300728067034,0.0,0.05121041521017948,100.0,46.082513287693494,0.0,0.0,24.325666783590812,230.8579614978974
1056,scarce,131.92087965187855,79.25472108375308,8.979175473597657,0.2979482654805827,1.7804863678861722,483.503204676279,0.7036744368317606,1,0,0,39,1,0,0.7213360595349586,0.916006603141215,0.0,0.05121050196466244,100.0,46.082591355106096,0.0,0.0,24.325666783590812,231.47793131567977
1057,scarce,132.02059376628785,79.06932704819592,8.760813330889913,0.2834701892441034,1.9038320606649293,483.0392399643315,0.7151263622617741,1,0,0,40,0,0,0.7245208004835192,0.9148796302606831,0.0,0.05121058871899796,100.0,46.08266942238602,0.0,0.0,24.325666783590812,232.18171795341496
1058,scarce,132.12188127499888,78.89797925765934,8.558121909835892,0.2676283515670093,1.8908240307521418,485.3882869146328,0.7273783909853536,1,0,0,40,0,0,0.7275497428677197,0.9137493255435286,0.0,0.05121067547318604,100.0,46.08274748953327,0.0,0.0,24.325666783590812,223.88666635217314
1059,scarce,132.22381693861172,78.74240210606158,8.373597183477369,0.2507281066568195,1.8532432092822337,487.4903700478462,0.7398993321897569,1,0,0,40,0,0,0.728973902748972,0.9126174542505048,0.0,0.05121076222722667,100.0,46.08282555654783,0.0,0.0,24.325666783590812,233.680299951082
1060,scarce,132.32910379861343,78.60385309430977,8.211410427651979,0.23568981507473888,1.7776387904531439,491.3039843687293,0.7525682780320179,1,0,0,40,0,0,0.7310778260813601,0.9114832686418153,0.0,0.05121084898111987,100.0,46.082903623429736,0.0,0.0,24.325666783590812,242.93294566289924
1061,scarce,132.43661048912304,78.48253959692343,8.073628176260039,0.2218868236462656,1.7125847094766589,499.40772538926467,0.7557966965673333,2,0,0,40,0,0,0.7318207416847796,0.9103482658259618,0.0,0.05121093573486562,100.0,46.08298169017894,0.0,0.0,24.325666783590812,234.19067467145305
1062,scarce,132.5461659510367,78.37866916790435,7.96431613331607,0.2080025554305259,1.8497493840990586,504.2303133352507,0.7577927248045431,2,0,0,40,0,0,0.7331144010477167,0.9092118399848094,0.0,0.05121102248846393,100.0,46.08305975679548,0.0,0.0,24.325666783590812,225.52321700711053
1063,scarce,132.65738453715062,78.29345153693718,7.8872512132206225,0.19576151631100983,1.8228412368592597,506.591078894613,0.7586236417653512,1,0,0,40,0,0,0.7340537933855383,0.9080743808120854,0.0,0.05121110924191481,100.0,46.08313782327935,0.0,0.0,24.325666783590812,207.88596693277265
1064,scarce,132.7686584616747,78.22695879378568,7.8453273557934295,0.18480123073958302,1.9700957520315228,508.5931583009806,0.7588269570776937,1,0,0,40,0,0,0.7346065907666592,0.9069363135622421,0.0,0.05121119599521824,100.0,46.08321588963054,0.0,0.0,24.325666783590812,199.32037251241104
1065,scarce,132.87959881562432,78.17838331527683,7.838537745538352,0.17657163417071572,2.1118315404748538,507.71693200510344,0.7564785392417537,1,0,0,40,0,0,0.7349459168177799,0.9057978730537425,0.0,0.051211282748374234,100.0,46.083293955849044,0.0,0.0,24.325666783590812,199.56214971608543
1066,scarce,132.98832004138376,78.148748289723,7.86272273451479,0.166812025161377,2.1400948019453807,504.12358061441773,0.7516290060755416,1,0,0,40,0,0,0.7357819384086556,0.9046585129214929,0.0,0.05121136950138279,100.0,46.083372021934885,0.0,0.0,24.325666783590812,200.0444437789491
1067,scarce,133.09417964453874,78.13898224142359,7.912786708733068,0.15975634728620366,2.0542533201109023,500.59392694736016,0.7441828650911558,2,0,0,40,0,0,0.7351932915519008,0.903519800300786,0.0,0.051211456254243906,100.0,46.083450087888046,0.0,0.0,24.325666783590812,191.5997955043677
1068,scarce,133.19880580472108,78.15020775935616,7.986129194929035,0.1588657535528441,1.956207317386454,493.2375967351254,0.7341836027473673,2,0,0,40,0,0,0.7351385432893658,0.9023811479031675,0.0,0.05121154300695759,100.0,46.083528153708535,0.0,0.0,24.325666783590812,183.01584520332602
1069,scarce,133.30223334715663,78.18135970014202,8.078576530961714,0.16182134474620635,1.763188279848999,486.1825006087165,0.7216828453628681,2,0,0,40,0,0,0.7350675092603949,0.9012425736429812,0.0,0.05121162975952383,100.0,46.083606219396344,0.0,0.0,24.325666783590812,165.51799173907813
1070,scarce,133.40227052178793,78.23317818617944,8.184159746650295,0.16802058989963728,1.9129724938301043,481.9828019473789,0.710473649762507,2,0,0,40,0,0,0.7330339345142363,0.9001062363150154,0.0,0.05121171651194264,100.0,46.08368428495149,0.0,0.0,24.325666783590812,157.11687276295123
1071,scarce,133.50039332392004,78.30475785833366,8.299614361726423,0.17935657532370697,2.02286047587181,477.078280551068,0.6931353674929496,2,0,0,40,0,0,0.7313077833410786,0.8989717977533405,0.0,0.051211803264214,100.0,46.083762350373945,0.0,0.0,24.325666783590812,157.60865611757717
1072,scarce,133.59595407868,78.39584296139813,8.422678463427149,0.19287449296939801,1.9143927691689597,476.1262805520528,0.6828160352582227,2,0,0,40,0,0,0.730180679346871,0.8978385990060588,0.0,0.05121189001633793,100.0,46.083840415663744,0.0,0.0,24.325666783590812,149.13766669504784
1073,scarce,133.6874429443915,78.50658399870511,8.551843839820314,0.2071829714928619,1.9496369196709336,477.9219690292375,0.6808743464817398,2,0,0,40,0,0,0.7295416831464725,0.8967061031545978,0.0,0.05121197676831441,100.0,46.08391848082085,0.0,0.0,24.325666783590812,149.56412113867606
1074,scarce,133.77620093589337,78.63605622075599,8.683818627159509,0.22450192546033346,2.1252623564526907,481.73088345296856,0.6877522343103939,2,0,0,40,0,0,0.7286216064912205,0.8955746193874573,0.0,0.051212063520143465,100.0,46.08399654584529,0.0,0.0,24.325666783590812,150.06663006427917
1075,scarce,133.85904234647572,78.78510852272423,8.816266019785377,0.24221414838663607,2.037891093294553,481.32281851673906,0.6967698439535988,2,0,0,40,0,0,0.7264783360138244,0.8944454932178421,0.0,0.05121215027182509,100.0,46.08407461073706,0.0,0.0,24.325666783590812,141.74175092606433
1076,scarce,133.93707249663188,78.95166981504539,8.949710295078386,0.2604363976031623,2.07223061705485,478.1355297303453,0.7032591963284922,2,0,0,40,0,0,0.7256972437439154,0.8933172262497238,0.0,0.05121223702335927,100.0,46.084152675496156,0.0,0.0,24.325666783590812,142.31656480734895
1077,scarce,134.00425690951104,79.14710766778738,9.070788812496065,0.27499861180352775,2.1160212446458577,479.7061557379493,0.7106361186541992,2,0,0,39,1,0,0.7108366238630703,0.8922053059634745,0.0,0.051212323774746014,100.0,46.08423074012259,0.0,0.0,24.325666783590812,133.44398117766576
1078,scarce,134.06267148644028,79.36363464624391,9.18847147849571,0.30181961545166114,2.02853833851677,479.483890299809,0.7017109881839962,2,0,0,39,1,0,0.7076980949660849,0.8910968380590116,0.0,0.051212410525985325,100.0,46.08430880461634,0.0,0.0,24.325666783590812,123.56059850232907
1079,scarce,134.11439172124614,79.59844436409455,9.305073489164196,0.33316818178004576,2.0944575848974742,487.4711137703489,0.687469665999191,2,0,0,39,1,0,0.7076680948616418,0.8899884031546639,0.0,0.051212497277077204,100.0,46.084386868977425,0.0,0.0,24.325666783590812,123.56422399504758
1080,scarce,134.1598899726663,79.85040204013576,9.420887595609676,0.35919023133665207,2.0604995468562133,501.6931278423144,0.6743558403765784,2,0,0,39,1,0,0.7078319531899229,0.888879788006155,0.0,0.05121258402802164,100.0,46.08446493320583,0.0,0.0,24.325666783590812,123.85499376372582
1081,scarce,134.19843526592985,80.11598081177472,9.53554121274037,0.37747946782124936,2.1535979453767036,520.503900805299,0.6612700122552547,2,0,0,39,1,0,0.7083532641972491,0.887770599415538,0.0,0.05121267077881865,100.0,46.08454299730157,0.0,0.0,24.325666783590812,124.53464843520365
1082,scarce,134.23170188822994,80.39439251911753,9.645898914406489,0.3936278900409982,2.2180707523053824,537.5980282826276,0.6482732773253981,2,0,0,39,1,0,0.7083093922257447,0.8866614590840897,0.0,0.051212757529468224,100.0,46.08462106126464,0.0,0.0,24.325666783590812,125.08012303727973
1083,scarce,134.25918690050432,80.68512030862792,9.748685026844395,0.40913840836455156,2.2169607649741883,554.178225509233,0.6357118059537743,2,0,0,39,1,0,0.70786047388919,0.8855528125628116,0.0,0.05121284427997037,100.0,46.08469912509504,0.0,0.0,24.325666783590812,125.62680961802539
1084,scarce,134.28082090828008,80.98705205095064,9.844140955092765,0.4216239310810951,2.1913021958162973,568.8310553486081,0.6262141129486214,2,0,0,39,1,0,0.7086937408041545,0.8844432494479271,0.0,0.05121293103032506,100.0,46.08477718879275,0.0,0.0,24.325666783590812,126.24903725514
1085,scarce,134.29788223791275,81.29814670571864,9.93031345624865,0.43324339608567997,2.1559453537563353,580.2238777295424,0.6299896577213517,2,0,0,39,1,0,0.7095008093910474,0.8833327985575969,0.0,0.05121301778053233,100.0,46.08485525235781,0.0,0.0,24.325666783590812,126.62098189642325
1086,scarce,134.30857619874772,81.61658817614291,10.004974089259017,0.44263341609311224,2.073296664110102,588.5876750727548,0.6322165990469452,2,0,0,39,1,0,0.7097085805471164,0.882222119118995,0.0,0.05121310453059217,100.0,46.0849333157902,0.0,0.0,24.325666783590812,127.15590901841938
1087,scarce,134.31144931725606,81.94096370450308,10.066000693191448,0.450471814246287,2.2601093169077098,593.9033765759596,0.6329265364415616,2,0,0,39,1,0,0.7093851049814203,0.8811117955035155,0.0,0.05121319128050458,100.0,46.08501137908992,0.0,0.0,24.325666783590812,127.89892875549147
1088,scarce,134.30666249389728,82.2691049002408,10.113538892048144,0.45499825433115254,2.4269663057804984,596.5018282318124,0.6319399916940746,2,0,0,39,1,0,0.7101662315743973,0.8800006126487837,0.0,0.05121327803026955,100.0,46.085089442256965,0.0,0.0,24.325666783590812,119.60855466092153
1089,scarce,134.29509382806748,82.59895800756837,10.14545498417765,0.45787494010459945,2.3680691798665046,596.0917514664034,0.6293910481043871,2,0,0,39,1,0,0.7106264067142556,0.8788889236013979,0.0,0.05121336477988709,100.0,46.08516750529134,0.0,0.0,24.325666783590812,120.22880528426671
1090,scarce,134.27753184142964,82.93033776926764,10.163243625463997,0.4595176865167043,2.3577519350359006,592.9477475840758,0.6253933387008993,2,0,0,39,1,0,0.7121506384830238,0.8777755578990668,0.0,0.051213451529357204,100.0,46.08524556819305,0.0,0.0,24.325666783590812,120.8638463067808
1091,scarce,134.25250451731938,83.25959636033923,10.164684215114024,0.45783158030782495,2.371345720165452,588.4278204308503,0.620020172949242,2,0,0,39,1,0,0.7123176981443078,0.8766620084311079,0.0,0.051213538278679874,100.0,46.08532363096208,0.0,0.0,24.325666783590812,121.64445978301015
1092,scarce,134.22054364253756,83.58572803960837,10.14971325712878,0.45440280377511366,2.378352899770996,581.222409230395,0.620047759268523,2,0,0,39,1,0,0.7123555276901639,0.8755484173506487,0.0,0.05121362502785512,100.0,46.085401693598456,0.0,0.0,24.325666783590812,122.45372872271972
1093,scarce,134.17912690583177,83.90548647062585,10.117588538768533,0.4464759456398232,2.4287623745980063,577.3535194550786,0.6249986028165732,2,0,0,40,0,0,0.7129987572677641,0.8744341187176543,0.0,0.051213711776882935,100.0,46.08547975610216,0.0,0.0,24.325666783590812,123.51894479951048
1094,scarce,134.12872052779295,84.21647399779961,10.067645121325782,0.43617571587552517,2.484990700582885,575.2863799607876,0.628632492610566,2,0,0,40,0,0,0.7128558851995201,0.8733199772439347,0.0,0.05121379852576333,100.0,46.0855578184732,0.0,0.0,24.325666783590812,133.40949065330057
1095,scarce,134.07040143599937,84.51816857591083,10.003334767390033,0.42403866383587413,2.5045897301214537,570.9435103979922,0.6304685350973621,2,0,0,40,0,0,0.7145975269759207,0.8722039199642613,0.0,0.05121388527449628,100.0,46.085635880711564,0.0,0.0,24.325666783590812,152.27823472340884
1096,scarce,134.00289531077365,84.80765733189477,9.924480743023617,0.40888095622908355,2.3515685275648552,564.2193299877763,0.630560741965916,2,0,0,40,0,0,0.7144232271716306,0.8710880544143723,0.0,0.0512139720230818,100.0,46.085713942817264,0.0,0.0,24.325666783590812,162.06163725876257
1097,scarce,133.92687552143644,85.08299086937852,9.835516715638786,0.39223029413160365,2.2883666709017736,556.3180100252794,0.6285067676803834,2,0,0,40,0,0,0.7154287173313894,0.869971082825308,0.0,0.051214058771519896,100.0,46.0857920047903,0.0,0.0,24.325666783590812,162.83569513238072
1098,scarce,133.84310697702466,85.34386914389627,9.738841548533522,0.37419035436230536,2.195632809679725,547.7986013815971,0.6245211725754656,2,0,0,40,0,0,0.7168012575968884,0.8688526014419512,0.0,0.05121414551981056,100.0,46.08587006663066,0.0,0.0,24.325666783590812,172.6414266610239
1099,scarce,133.7515487517697,85.58831837460212,9.63704970543534,0.35522458679553315,2.320649645650376,536.4660757434103,0.618581022092593,2,0,0,40,0,0,0.7179790143297489,0.8677328245261886,0.0,0.051214232267953796,100.0,46.085948128338366,0.0,0.0,24.325666783590812,173.52366571848
1100,scarce,133.65378853994136,85.81642444335753,9.534809505776899,0.3367615111221957,2.334765171480353,523.919031663645,0.610128536167094,2,0,0,40,0,0,0.7202591385369697,0.866610539473798,0.0,0.051214319015949604,100.0,46.0860261899134,0.0,0.0,24.325666783590812,165.36722670885757
1101,scarce,133.55026831175263,86.02687198909551,9.436258261731998,0.31671964916514056,2.2661352631624725,509.72806825150474,0.6006609986693632,2,0,0,40,0,0,0.7217861380603294,0.8654865747219315,0.0,0.05121440576379798,100.0,46.08610425135577,0.0,0.0,24.325666783590812,166.1943880182793
1102,scarce,133.4409711784962,86.21801870279359,9.353013462857149,0.2958151350201748,2.196187684013058,496.5763096816663,0.5979174732751539,2,0,0,40,0,0,0.7235146104551542,0.8643607086504309,0.0,0.05121449251149893,100.0,46.086182312665464,0.0,0.0,24.325666783590812,166.98741391980516
1103,scarce,133.32593507786277,86.38820007638873,9.285435832034727,0.27451966138951034,2.011759154943516,481.04231777109817,0.599088229880604,2,0,0,40,0,0,0.7243579028004593,0.8632339149573504,0.0,0.05121457925905245,100.0,46.0862603738425,0.0,0.0,24.325666783590812,167.78293732104345
1104,scarce,133.20588642537075,86.53716142221076,9.227981146617134,0.25451808236134693,1.8666230342770198,464.43914642302116,0.5982873944553831,2,0,0,40,0,0,0.7262577641661119,0.8621050314167678,0.0,0.05121466600645855,100.0,46.08633843488688,0.0,0.0,24.325666783590812,168.59017660251496
1105,scarce,133.08951615381966,86.66920171156373,9.176059828135894,0.24115142783372212,1.8801234171766126,450.65444003552693,0.5976872294862906,2,0,0,39,1,0,0.7217150619234834,0.8609811448486517,0.0,0.05121475275371721,100.0,46.08641649579858,0.0,0.0,24.325666783590812,177.89479869767624
1106,scarce,132.97429621293855,86.78171462722987,9.13078704307436,0.22570541262838384,1.8763176483924675,439.3673471056609,0.5964474696434517,2,0,0,39,1,0,0.7203150184926749,0.8598587983283099,0.0,0.05121483950082845,100.0,46.08649455657763,0.0,0.0,24.325666783590812,178.2540268143814
1107,scarce,132.8607864974154,86.87294355357758,9.092266572172116,0.20559860830985704,1.8800320721577983,449.35663001822104,0.6232919434171603,2,0,0,39,1,0,0.7196903825620833,0.8587371389074917,0.0,0.05121492624779227,100.0,46.086572617224,0.0,0.0,24.325666783590812,187.64260340182628
1108,scarce,132.74819751747322,86.94180142651956,9.061341121364043,0.18571430160478325,1.9359378941418341,466.0728224830673,0.6395797859800667,2,0,0,39,1,0,0.7196558445716378,0.8576155174784628,0.0,0.05121501299460866,100.0,46.08665067773772,0.0,0.0,24.325666783590812,179.07836985006165
1109,scarce,132.6354567752766,86.9887711202322,9.03909386073644,0.17061836409868106,1.9363811877593122,478.6051580868807,0.6529013788100649,2,0,0,39,1,0,0.7203141442104445,0.8564931719198313,0.0,0.051215099741277616,100.0,46.08672873811877,0.0,0.0,24.325666783590812,170.70076754800328
1110,scarce,132.52321132856628,87.01187079299454,9.025530868528495,0.1604415848575222,1.8171178543922069,487.6743254212124,0.6679302668449228,2,0,0,39,1,0,0.7200283454210664,0.855371140739868,0.0,0.051215186487799144,100.0,46.08680679836715,0.0,0.0,24.325666783590812,171.41192852013296
1111,scarce,132.4121457682138,87.01165723261259,9.019770634770111,0.15570113246869413,1.7991431838437109,492.4445220555135,0.6809971181177277,2,0,0,39,1,0,0.7199078542485813,0.8542492421001946,0.0,0.05121527323417326,100.0,46.08688485848288,0.0,0.0,24.325666783590812,172.21723285917102
1112,scarce,132.30230181248,86.98851292164366,9.021035826459238,0.15661891564741018,1.8630888141635544,492.87794238422066,0.692139984106102,2,0,0,39,1,0,0.7196234966129469,0.8531276562539205,0.0,0.051215359980399944,100.0,46.08696291846594,0.0,0.0,24.325666783590812,173.0105187195878
1113,scarce,132.1948637496602,86.94203835570282,9.028403530738583,0.1640787505443949,1.7818515359173794,490.14269258148124,0.7008756882632736,2,0,0,39,1,0,0.7192430541452898,0.8520064888943605,0.0,0.051215446726479194,100.0,46.08704097831633,0.0,0.0,24.325666783590812,173.96306831352643
1114,scarce,132.08942439640307,86.87259670413151,9.04056028237586,0.17611803672714857,1.8589235224537375,489.2542803285469,0.712656707507808,2,0,0,39,1,0,0.7188611367732467,0.8508857416439101,0.0,0.05121553347241103,100.0,46.08711903803406,0.0,0.0,24.325666783590812,174.78403485851567
1115,scarce,131.9853249550298,86.78267254028283,9.058297592410756,0.1920787841936668,1.8693776503364075,486.359039619143,0.7284451242012766,2,0,0,39,1,0,0.7200227631984003,0.8497637166043918,0.0,0.051215620218195444,100.0,46.08719709761914,0.0,0.0,24.325666783590812,184.72388838336815
1116,scarce,131.88467794593993,86.67150974964272,9.07960405940346,0.20882310637501658,1.789983062789315,478.92863015413604,0.7422523572103544,2,0,0,39,1,0,0.719945152566515,0.8486417769365687,0.0,0.05121570696383242,100.0,46.08727515707155,0.0,0.0,24.325666783590812,185.59490251815615
1117,scarce,131.78852092166412,86.53853111892298,9.104446560759667,0.22623119834006372,1.8337446847715093,467.4976075939994,0.7544060906966978,2,0,0,39,1,0,0.7198643655868019,0.847519926134423,0.0,0.05121579370932199,100.0,46.0873532163913,0.0,0.0,24.325666783590812,186.41066798386987
1118,scarce,131.69643521238115,86.38551124498586,9.132737678099517,0.2451325937339119,1.811960438495555,456.06475362465426,0.7744470842540712,2,0,0,39,1,0,0.7203695552274461,0.8463975196236729,0.0,0.05121588045466413,100.0,46.087431275578396,0.0,0.0,24.325666783590812,196.35993922739115
1119,scarce,131.60972397273432,86.21415983987214,9.164525374136897,0.2625109808555801,1.6717988356696871,447.446736424994,0.7936541516988819,2,0,0,39,1,0,0.7208883864391196,0.8452745423985899,0.0,0.051215967199858846,100.0,46.08750933463282,0.0,0.0,24.325666783590812,197.1306893209938
1120,scarce,131.52794947612958,86.02565097697655,9.199302443985472,0.2802759519114496,1.6342507653482492,438.49454367625003,0.8118400643540828,2,0,0,39,1,0,0.7214059502090674,0.84415099585336,0.0,0.05121605394490614,100.0,46.087587393554585,0.0,0.0,24.325666783590812,197.9766534202774
1121,scarce,131.45309958205294,85.82291870959098,9.237619514814451,0.294802231185596,1.6531312329909142,431.3688137182471,0.830183742762239,1,0,0,40,0,0,0.7247520987620281,0.8430237685447217,0.0,0.051216140689806004,100.0,46.087665452343686,0.0,0.0,24.325666783590812,198.66030856502456
1122,scarce,131.38600389839655,85.60758886644393,9.278080172272334,0.3077074861989864,1.6075272879908247,429.99108839942346,0.8491286543583422,1,0,0,40,0,0,0.7270195872703251,0.8418940469987243,0.0,0.05121622743455846,100.0,46.08774351100014,0.0,0.0,24.325666783590812,199.3453249798637
1123,scarce,131.32608036860964,85.38051821207824,9.32103888101208,0.32001017753429395,1.6704198259234218,424.8411866811657,0.8685344297298935,1,0,0,40,0,0,0.7300044764282705,0.8407610420746533,0.0,0.051216314179163475,100.0,46.08782156952391,0.0,0.0,24.325666783590812,190.86776031141787
1124,scarce,131.27613282140854,85.14296135076134,9.363614672791835,0.33171904309255057,1.644806444523318,416.5109054376444,0.8878700760685528,1,0,0,40,0,0,0.7316608995498468,0.8396262150851485,0.0,0.05121640092362109,100.0,46.08789962791505,0.0,0.0,24.325666783590812,191.56433222101822
1125,scarce,131.2350108183062,84.89591159942246,9.402803266467444,0.34275968000564044,1.6370073560336773,410.18837131923647,0.8980109711761654,1,0,0,40,0,0,0.7324898053263262,0.8384904762992894,0.0,0.05121648766793127,100.0,46.08797768617352,0.0,0.0,24.325666783590812,192.2010071403477
1126,scarce,131.2035074299588,84.63971496239769,9.436086660732332,0.3536792969611221,1.6370173448361993,403.9983648230191,0.8836513249216065,1,0,0,40,0,0,0.7332330357860586,0.8373539199599247,0.0,0.051216574412094026,100.0,46.08805574429932,0.0,0.0,24.325666783590812,192.90236896597224
1127,scarce,131.18195158443055,84.3769351424338,9.462751717515303,0.36162596050932283,1.6766536044298341,395.7155957028517,0.876908222230202,1,0,0,40,0,0,0.734441980000975,0.8362160337819237,0.0,0.05121666115610937,100.0,46.08813380229247,0.0,0.0,24.325666783590812,193.61655105785454
1128,scarce,131.1705952110966,84.10890517366052,9.483509477775149,0.367664580967501,1.857616987793295,388.0630157286505,0.8875100107371604,1,0,0,40,0,0,0.7369677843940184,0.8350753692190903,0.0,0.051216747899977294,100.0,46.08821186015295,0.0,0.0,24.325666783590812,203.26990535433652
1129,scarce,131.16938553970036,83.83691437134358,9.497495444751802,0.37193560160010114,1.8489151255819387,383.09125675931136,0.931885411660501,1,0,0,40,0,0,0.7391854429169955,0.8339322652318815,0.0,0.051216834643697785,100.0,46.08828991788078,0.0,0.0,24.325666783590812,212.96393707800007
1130,scarce,131.1785307977576,83.56254188236471,9.502677670571405,0.3747630273081695,1.7967041675389328,378.59315832453285,0.9772804453559066,1,0,0,40,0,0,0.7404193016712265,0.8327878040000432,0.0,0.05121692138727087,100.0,46.088367975475954,0.0,0.0,24.325666783590812,213.69086844228482
1131,scarce,131.19774267705026,83.287092349224,9.498538075808215,0.37617724445842116,1.7073476889792865,371.91228994687845,1.0230416175004207,1,0,0,40,0,0,0.7408054941161665,0.8316429179565155,0.0,0.051217008130696524,100.0,46.08844603293847,0.0,0.0,24.325666783590812,214.18323752647038
1132,scarce,131.2281742023156,83.01317413794655,9.483999650936685,0.3758692421368845,1.740805417280047,369.3069121494191,1.0694427453228736,1,0,0,40,0,0,0.7407431041665882,0.8304981005419322,0.0,0.05121709487397477,100.0,46.08852409026833,0.0,0.0,24.325666783590812,223.85407448623536
1133,scarce,131.26666468630685,82.7390185972593,9.46016182168372,0.37684990889882547,1.704611389748274,371.73501372221654,1.122622668479178,1,0,0,40,0,0,0.7414127999554534,0.8293525464619812,0.0,0.051217181617105596,100.0,46.08860214746553,0.0,0.0,24.325666783590812,233.3276041345477
1134,scarce,131.31447116737516,82.46952277852003,9.427599812463816,0.37259869594316025,1.63163093597128,377.5339296952807,1.1442317430367026,1,0,0,40,0,0,0.7422327736156871,0.828206090411004,0.0,0.051217268360089004,100.0,46.08868020453008,0.0,0.0,24.325666783590812,233.8552569040096
1135,scarce,131.3716218001511,82.20399017218057,9.386274904813838,0.3699989992209499,1.6356010102020537,382.76686842417985,1.1446994638433061,1,0,0,40,0,0,0.7417309316085128,0.8270601863862346,0.0,0.05121735510292498,100.0,46.088758261461955,0.0,0.0,24.325666783590812,234.4047147481619
1136,scarce,131.43815612413223,81.94573716947426,9.338943442516083,0.3642339290431354,1.6305625127312133,383.5101941418179,1.1455817387025766,1,0,0,40,0,0,0.7423715359098311,0.8259135776967337,0.0,0.05121744184561355,100.0,46.08883631826119,0.0,0.0,24.325666783590812,243.9653842760609
1137,scarce,131.5141655813041,81.69595840097472,9.288809401333097,0.35713842656496414,1.6984881619621839,380.72044055334845,1.1468126549128579,1,0,0,40,0,0,0.7437319162226178,0.8247654725888889,0.0,0.0512175285881547,100.0,46.08891437492776,0.0,0.0,24.325666783590812,244.53141967005482
1138,scarce,131.59935375676864,81.45595873490919,9.240589524607543,0.34820846571234454,1.6589106141074446,377.59210878918384,1.1108985855867786,1,0,0,40,0,0,0.7462397283799082,0.823614608887671,0.0,0.05121761533054843,100.0,46.088992431461676,0.0,0.0,24.325666783590812,245.02187097324864
1139,scarce,131.69429359748094,81.22692564089168,9.194709482385003,0.3390706094633839,1.5769428880321135,377.0300442782609,1.0721284173726644,1,0,0,40,0,0,0.7477653603731976,0.8224620669912603,0.0,0.051217702072794746,100.0,46.08907048786294,0.0,0.0,24.325666783590812,245.5793725233695
1140,scarce,131.79808105102111,81.01028421593509,9.153537843063763,0.3282703947653073,1.4565296927474711,375.40796520571166,1.038051256530546,1,0,0,40,0,0,0.7492279740189837,0.8213079162198396,0.0,0.051217788814893646,100.0,46.08914854413155,0.0,0.0,24.325666783590812,246.14295846451068
1141,scarce,131.90927705887376,80.807971421965,9.117896767780206,0.31640761273997287,1.5251914112737168,380.2040767457438,1.0410045594773636,1,0,0,40,0,0,0.7495220274640558,0.820153441989629,0.0,0.05121787555684512,100.0,46.089226600267494,0.0,0.0,24.325666783590812,237.74837863913345
1142,scarce,132.02832402245204,80.6194480454199,9.089972787228586,0.30514953874653494,1.273908302388182,387.45667790444713,1.0477792079970147,1,0,0,40,0,0,0.7501343771206265,0.8189982941747964,0.0,0.05121796229864919,100.0,46.089304656270784,0.0,0.0,24.325666783590812,238.34400222847526
1143,scarce,132.15581135277597,80.4465045645513,9.071970318864338,0.29195712297614884,1.5105143284254945,394.42727374831156,1.0405307743490184,1,0,0,40,0,0,0.7509427875857213,0.8178422571084522,0.0,0.05121804904030584,100.0,46.08938271214143,0.0,0.0,24.325666783590812,220.9385761006678
1144,scarce,132.29016746998232,80.28874581582461,9.063495767316109,0.279761483844257,1.591962853288436,404.93518625045544,1.0360502609922577,1,0,0,40,0,0,0.7514608659602678,0.8166856501558961,0.0,0.05121813578181507,100.0,46.089460767879416,0.0,0.0,24.325666783590812,221.49799874094577
1145,scarce,132.43114819138273,80.14670840686395,9.066478282829321,0.26773450889652306,1.506134214548421,414.70590592263034,1.0511021101639821,1,0,0,40,0,0,0.752699774652327,0.8155276804037783,0.0,0.05121822252317689,100.0,46.08953882348475,0.0,0.0,24.325666783590812,213.02607190633552
1146,scarce,132.57839338010498,80.02254992906532,9.081160526647576,0.25595124417269266,1.5513140906483414,424.1774336091912,1.078824216559743,1,0,0,40,0,0,0.7538092874122644,0.8143684901876249,0.0,0.05121830926439129,100.0,46.08961687895742,0.0,0.0,24.325666783590812,204.68052322863613
1147,scarce,132.7312650922335,79.91608938627076,9.106555186488768,0.2461855537970332,1.5293563214015484,432.77493564555334,1.1115360042218434,1,0,0,40,0,0,0.7543877183934107,0.813208663697392,0.0,0.05121839600545828,100.0,46.089694934297455,0.0,0.0,24.325666783590812,196.22103172456227
1148,scarce,132.88875349972716,79.82960697936763,9.14110146041785,0.23732161097254717,1.625647652673345,441.72229516321386,1.1484082112824208,1,0,0,40,0,0,0.7543643914876854,0.8120488628667555,0.0,0.05121848274637786,100.0,46.08977298950483,0.0,0.0,24.325666783590812,205.95601890039188
1149,scarce,133.0488647217904,79.7632870448751,9.183613740084065,0.22964866756837948,1.623193591986104,456.7705877302287,1.1902323250613756,1,0,0,40,0,0,0.754186173116933,0.810889258076327,0.0,0.05121856948715001,100.0,46.08985104457955,0.0,0.0,24.325666783590812,206.6333606754074
1150,scarce,133.21141813739393,79.71782236701127,9.232827049128524,0.22442121218792557,1.6388754163475412,468.91529737895326,1.2373180075280579,1,0,0,40,0,0,0.7541030348210814,0.8097297447380237,0.0,0.05121865622777476,100.0,46.08992909952161,0.0,0.0,24.325666783590812,171.32520039624757
1151,scarce,133.37577503891893,79.69305983387079,9.287213067732413,0.22193791473007554,1.6723239538194943,478.1259806417802,1.290676351386776,1,0,0,40,0,0,0.7536835041063563,0.8085706928835068,0.0,0.05121874296825209,100.0,46.09000715433102,0.0,0.0,24.325666783590812,162.95676936747813
1152,scarce,133.53969280894998,79.68930064795065,9.34546504897206,0.221380069052538,1.7781008768584061,489.4930521344504,1.3558089726513043,1,0,0,40,0,0,0.7523888731883247,0.8074130651229996,0.0,0.05121882970858201,100.0,46.09008520900779,0.0,0.0,24.325666783590812,163.54501431400473
1153,scarce,133.70260507259434,79.70627893694665,9.406258179124524,0.2233094554613454,1.8491013381834656,503.8322276107792,1.446634039761642,2,0,0,40,0,0,0.7509315378634401,0.8062570404313497,0.0,0.051218916448764515,100.0,46.0901632635519,0.0,0.0,24.325666783590812,173.3582311374558
1154,scarce,133.86375625907715,79.74371328153333,9.469886044911492,0.22740236254700555,1.873741531055014,513.804603619632,1.5092810657048563,2,0,0,40,0,0,0.7502318276045205,0.805101785420985,0.0,0.051219003188799614,100.0,46.09024131796336,0.0,0.0,24.325666783590812,165.0699905077278
1155,scarce,134.02481614436238,79.80220044915922,9.53537184046539,0.2353674587997571,1.718192302338479,517.2328879801062,1.5677261249445364,2,0,0,40,0,0,0.7492232855354505,0.803947639806896,0.0,0.05121908992868729,100.0,46.09031937224216,0.0,0.0,24.325666783590812,156.70884563819263
1156,scarce,134.1825539199345,79.8812415564905,9.602098380659179,0.24326118220583276,1.6938451580311642,520.708768338598,1.611851853853516,2,0,0,40,0,0,0.7483068105634191,0.802794502315276,0.0,0.051219176668427555,100.0,46.090397426388314,0.0,0.0,24.325666783590812,157.4060219258447
1157,scarce,134.3354680885454,79.98065202827858,9.669958941814457,0.25220143261784245,1.6905251724165609,528.4811122664396,1.6604105912181848,3,0,0,40,0,0,0.747480132455831,0.8016422741695747,0.0,0.05121926340802041,100.0,46.090475480401814,0.0,0.0,24.325666783590812,158.060393148731
1158,scarce,134.48270918273357,80.09938502412277,9.738151363464752,0.2629348583011679,1.7568614332686021,535.3365417977839,1.692332240495562,3,0,0,40,0,0,0.7461912987081412,0.8004914637409957,0.0,0.051219350147465856,100.0,46.09055353428267,0.0,0.0,24.325666783590812,140.7958306858302
1159,scarce,134.62318440054847,80.23722731295713,9.808339484365632,0.2739942933222556,1.7821030258786368,542.3130785691174,1.7147396365903878,3,0,0,40,0,0,0.7459168016591728,0.7993409552591706,0.0,0.0512194368867639,100.0,46.09063158803088,0.0,0.0,24.325666783590812,132.48571412134953
1160,scarce,134.75606645443577,80.39246235836517,9.879300432271478,0.28413654343336064,1.9945687050512824,550.642922289946,1.6879548131893458,2,0,0,40,0,0,0.745244282953799,0.7981911865479214,0.0,0.05121952362591452,100.0,46.090709641646434,0.0,0.0,24.325666783590812,133.1716014061313
1161,scarce,134.8806369383417,80.56307375698489,9.951327718748098,0.294178191487332,2.1691146046013903,563.0170371387358,1.6648673979034707,2,0,0,40,0,0,0.7453565282318453,0.7970412943668664,0.0,0.05121961036491773,100.0,46.09078769512933,0.0,0.0,24.325666783590812,133.77232546148656
1162,scarce,134.99718764204394,80.74967122440752,10.024207285195384,0.3046931592805167,2.176184903222228,571.055950233691,1.6716697757556158,2,0,0,40,0,0,0.7457168173709185,0.7958910058677585,0.0,0.051219697103773526,100.0,46.09086574847959,0.0,0.0,24.325666783590812,134.40489759897815
1163,scarce,135.0951187046059,80.95995724808623,10.089483297355713,0.30868765337741705,2.1564375889813,570.3538932378578,1.6705498704368573,2,0,0,39,1,0,0.7355066759206017,0.7947519485242458,0.0,0.051219783842481915,100.0,46.090943801697186,0.0,0.0,24.325666783590812,125.54636903747326
1164,scarce,135.1792985285584,81.18782130007924,10.147182573799697,0.32027634626664553,2.047753450152958,564.4744041713348,1.667712637318487,2,0,0,39,1,0,0.7333892974369274,0.7936152202970652,0.0,0.05121987058104291,100.0,46.091021854782156,0.0,0.0,24.325666783590812,125.21659643154707
1165,scarce,135.25180641301785,81.43161364473035,10.198399067894151,0.3412378019608505,2.014767697127381,557.3213016070949,1.6672674129632417,2,0,0,39,1,0,0.7349202885486228,0.7924768079796617,0.0,0.05121995731945647,100.0,46.09109990773445,0.0,0.0,24.325666783590812,125.30600051534785
1166,scarce,135.3134896256052,81.68915397278995,10.242371286923856,0.3600787227628087,2.017981381856253,556.0650913729005,1.6713135643119208,2,0,0,39,1,0,0.7365276900453537,0.7913366275206117,0.0,0.05122004405772264,100.0,46.09117796055411,0.0,0.0,24.325666783590812,125.63178417415972
1167,scarce,135.36355349894743,81.95778857467569,10.277189131472204,0.37277715107890097,2.0038523518797318,559.5331921432735,1.6810795878664095,2,0,0,39,1,0,0.7377513035454456,0.7901951010867118,0.0,0.051220130795841395,100.0,46.09125601324112,0.0,0.0,24.325666783590812,126.32649682050267
1168,scarce,135.40317199211313,82.23515538083797,10.30215724345403,0.38148273363558377,2.1311311741796857,564.3836026571807,1.6965261970042649,2,0,0,39,1,0,0.7393395431449259,0.7890518275892523,0.0,0.05122021753381274,100.0,46.091334065795486,0.0,0.0,24.325666783590812,136.07166024052134
1169,scarce,135.43350971648357,82.52080629543144,10.317290762473828,0.39142459161965987,2.1178437768490777,566.034143821802,1.7183741301224784,2,0,0,39,1,0,0.7413130331691852,0.7879063832527663,0.0,0.05122030427163668,100.0,46.0914121182172,0.0,0.0,24.325666783590812,136.68849323328905
1170,scarce,135.45346962265108,82.81322475463692,10.321141477020124,0.398727640191684,2.1913600009245733,565.4039397862944,1.7054793500027834,2,0,0,39,1,0,0.7425522586585906,0.7867595757682417,0.0,0.05122039100931321,100.0,46.09149017050627,0.0,0.0,24.325666783590812,137.43752012533832
1171,scarce,135.46332423568904,83.11189506755267,10.315609244108781,0.40496753499305493,2.333440849655362,562.3186330742901,1.6675033310465253,2,0,0,39,1,0,0.7448550374351578,0.7856102352270632,0.0,0.05122047774684234,100.0,46.091568222662694,0.0,0.0,24.325666783590812,138.13433432546873
1172,scarce,135.46287258720864,83.41417163304477,10.300314770755676,0.40819836470974136,2.3610223408836246,559.1929357548215,1.612153264071354,2,0,0,39,1,0,0.7469191163328277,0.7844586241990971,0.0,0.051220564484224046,100.0,46.09164627468646,0.0,0.0,24.325666783590812,147.90667697572403
1173,scarce,135.45269633415185,83.71920716873015,10.273725017199009,0.4122252975008449,2.200024411751653,558.0799656339004,1.5630079925972862,2,0,0,39,1,0,0.7478483274158284,0.7833059910389396,0.0,0.051220651221458365,100.0,46.0917243265776,0.0,0.0,24.325666783590812,139.45424852873714
1174,scarce,135.4334354488536,84.0241898038828,10.237164424828752,0.4114637254370233,2.0954299963628804,558.3559982343795,1.518841400748868,2,0,0,39,1,0,0.7492164205884124,0.7821518529762923,0.0,0.05122073795854526,100.0,46.09180237833607,0.0,0.0,24.325666783590812,149.09517014382294
1175,scarce,135.40503120864037,84.32823120284185,10.190386239108983,0.4123340913863392,2.106656733065345,558.7696632156003,1.4786663781300284,2,0,0,39,1,0,0.7496289014705318,0.7809972611846747,0.0,0.05122082469548476,100.0,46.09188042996191,0.0,0.0,24.325666783590812,149.55845203174354
1176,scarce,135.3671576494998,84.62827300117486,10.13522069793568,0.40761227222787666,2.2932514001663202,557.54212981421,1.4417819804191583,2,0,0,39,1,0,0.750923459992208,0.7798412453786834,0.0,0.05122091143227684,100.0,46.091958481455094,0.0,0.0,24.325666783590812,150.14035860672138
1177,scarce,135.3194350850739,84.924012950265,10.073333196029626,0.40339170756507087,2.2525386860231547,555.0477121023068,1.409415535611837,2,0,0,39,1,0,0.7525179232596277,0.7786834756630978,0.0,0.051220998168921526,100.0,46.09203653281564,0.0,0.0,24.325666783590812,150.71255023586832
1178,scarce,135.26246235639738,85.21279426697136,10.007337623168976,0.39516890473912997,2.1388245098597483,551.4632117940273,1.3800739078452,2,0,0,39,1,0,0.7545710086707542,0.77752344755356,0.0,0.05122108490541881,100.0,46.09211458404354,0.0,0.0,24.325666783590812,151.49861457934225
1179,scarce,135.1937385012647,85.4915818571365,9.935927222143617,0.3852934118311544,2.040812287312651,543.9565392148361,1.353731381334581,1,0,0,40,0,0,0.7564151063500997,0.7763613909365749,0.0,0.051221171641768676,100.0,46.09219263513879,0.0,0.0,24.325666783590812,143.26789247553148
1180,scarce,135.1139415098939,85.75956400059862,9.861020905462773,0.374262679653424,2.0179732843395235,534.3625966930849,1.351677857546656,1,0,0,40,0,0,0.7578114466480279,0.775197798345262,0.0,0.05122125837797114,100.0,46.09227068610139,0.0,0.0,24.325666783590812,134.81323134193858
1181,scarce,135.02404189521505,86.01366269657517,9.785699959074353,0.360483367618462,2.191044013718824,523.8561866575619,1.3420450638272228,1,0,0,40,0,0,0.7589937631080244,0.7740329052058432,0.0,0.05122134511402621,100.0,46.09234873693136,0.0,0.0,24.325666783590812,153.31103548043072
1182,scarce,134.9229647134497,86.25081545152655,9.711315159694966,0.34367302154074403,1.8639549412141645,512.714454130677,1.3328182025471966,1,0,0,40,0,0,0.7588913748328213,0.7728681246935271,0.0,0.05122143184993387,100.0,46.09242678762869,0.0,0.0,24.325666783590812,162.8449691893816
1183,scarce,134.81077017948354,86.4716431969006,9.64021116184413,0.32693950137027755,1.874818224843795,498.934947495909,1.3256560941927513,1,0,0,40,0,0,0.7588906197863083,0.7717033450117621,0.0,0.05122151858569412,100.0,46.092504838193356,0.0,0.0,24.325666783590812,172.33531718140358
1184,scarce,134.68835032641647,86.67512308722684,9.573722111288427,0.3109715806381709,1.9836209820571675,482.9358731350585,1.3291235707455664,1,0,0,40,0,0,0.7585877218977488,0.7705388985176747,0.0,0.05122160532130697,100.0,46.09258288862539,0.0,0.0,24.325666783590812,172.91527841766066
1185,scarce,134.5570194479952,86.85913760533812,9.513478161724867,0.29505270705029857,1.8746561167070745,468.4538383814943,1.345716579741626,1,0,0,40,0,0,0.7584920442824469,0.7693745572689639,0.0,0.05122169205677241,100.0,46.09266093892477,0.0,0.0,24.325666783590812,173.53799544035164
1186,scarce,134.41638830324084,87.02303787520658,9.460801245910961,0.2802143228244172,1.9534572974967586,455.0394066237495,1.3268769062966972,1,0,0,40,0,0,0.7587142805108991,0.7682099715604019,0.0,0.051221778792090465,100.0,46.09273898909152,0.0,0.0,24.325666783590812,174.1817505711142
1187,scarce,134.26841143676864,87.16762066422427,9.416451734316624,0.2671780043463334,1.8814313960243922,443.0963966724812,1.3100409089136194,1,0,0,40,0,0,0.7597962447917986,0.7670441956911309,0.0,0.0512218655272611,100.0,46.09281703912563,0.0,0.0,24.325666783590812,174.71959195687825
1188,scarce,134.11290735240115,87.29195036088305,9.379768465273834,0.25531116994769704,1.671113729832075,428.91079124825046,1.2964848202202337,1,0,0,40,0,0,0.7605749431620998,0.7658775632536526,0.0,0.05122195226228435,100.0,46.09289508902709,0.0,0.0,24.325666783590812,175.37181615162302
1189,scarce,133.95142489528297,87.39447873546484,9.348290577701308,0.24542790284170107,1.5627379940686463,419.31383542032563,1.2647545318074176,1,0,0,40,0,0,0.7603283779450131,0.7647112020379131,0.0,0.051222038997160185,100.0,46.09297313879591,0.0,0.0,24.325666783590812,176.07983076973596
1190,scarce,133.7844888233737,87.47338696954071,9.320301629885822,0.23868706535945458,1.7502051360319981,415.1399483222194,1.2083707595979922,1,0,0,40,0,0,0.7597231812881442,0.7635455065384962,0.0,0.05122212573188861,100.0,46.093051188432085,0.0,0.0,24.325666783590812,186.02545440159176
1191,scarce,133.61487530510834,87.5291506281576,9.29687453566587,0.23311532737649943,1.8144074423456544,410.9924842002365,1.1623936595608275,1,0,0,40,0,0,0.7604074728983633,0.762379058318308,0.0,0.05122221246646965,100.0,46.09312923793562,0.0,0.0,24.325666783590812,186.9307359491832
1192,scarce,133.44288530500998,87.56142754657071,9.276492700832524,0.23082113860947456,1.6704282135880284,407.3293054719543,1.1436194448493744,1,0,0,40,0,0,0.7599342926184879,0.7612131305964276,0.0,0.05122229920090328,100.0,46.09320728730651,0.0,0.0,24.325666783590812,178.87856508162847
1193,scarce,133.26818939607796,87.57057172436569,9.259277255753545,0.23190390896844407,1.6014620426845894,404.922652807596,1.125930917101293,1,0,0,40,0,0,0.7602830736183759,0.7600468192154474,0.0,0.05122238593518951,100.0,46.09328533654477,0.0,0.0,24.325666783590812,179.69676316889326
1194,scarce,133.0916960885795,87.55485262791481,9.244715667349757,0.2366910811819868,1.5246879121913046,400.61078579384775,1.108086100082253,1,0,0,40,0,0,0.759771359239417,0.7588810707202841,0.0,0.05122247266932834,100.0,46.09336338565038,0.0,0.0,24.325666783590812,180.600986173286
1195,scarce,132.91458403439302,87.51519513768285,9.233775529234268,0.24427479552932466,1.5417980596963285,394.04036510991864,1.09502124108848,1,0,0,40,0,0,0.7596620877362854,0.757715442423774,0.0,0.051222559403319774,100.0,46.09344143462335,0.0,0.0,24.325666783590812,181.56686322232022
1196,scarce,132.73736766582212,87.45174569822798,9.226728548473991,0.2528217007094119,1.6557664027496748,390.0271356773301,1.1037585533669607,1,0,0,40,0,0,0.7591633188792022,0.756550362773007,0.0,0.0512226461371638,100.0,46.09351948346367,0.0,0.0,24.325666783590812,182.42152356765538
1197,scarce,132.5610877671552,87.36595029178847,9.22591368182247,0.2626841926621287,1.765801903676694,384.9918862609775,1.1201904936584135,1,0,0,40,0,0,0.7599662833199667,0.7553843998613551,0.0,0.051222732870860425,100.0,46.093597532171366,0.0,0.0,24.325666783590812,174.23112446720316
1198,scarce,132.38655653396484,87.25615502811684,9.231245125087792,0.27568612931756137,1.6381701952877763,377.5729050273367,1.1388161100077834,1,0,0,40,0,0,0.7598368013651934,0.7542185793798534,0.0,0.051222819604409664,100.0,46.09367558074642,0.0,0.0,24.325666783590812,175.08675898992342
1199,scarce,132.21652016920845,87.12416185917384,9.242973955168836,0.2881767059546692,1.5047394831602101,372.4320435834452,1.1194279683080597,1,0,0,40,0,0,0.7599647936135053,0.7530526181068785,0.0,0.051222906337811486,100.0,46.093753629188825,0.0,0.0,24.325666783590812,175.9486381747071
1200,scarce,132.05222420633487,86.97080614595545,9.261356979990358,0.3006504116382801,1.6550220982132366,368.21408318194153,1.0916590338679486,1,0,0,40,0,0,0.7601639954655464,0.7518864377118664,0.0,0.05122299307106592,100.0,46.0938316774986,0.0,0.0,24.325666783590812,185.8617164701903
1201,scarce,131.89330297351847,86.79807817872374,9.286479260839014,0.31391335632843353,1.711161533931954,367.223845999928,1.0744246277178167,1,0,0,40,0,0,0.7607199554601154,0.7507196457608603,0.0,0.051223079804172955,100.0,46.09390972567573,0.0,0.0,24.325666783590812,186.67213508374812
1202,scarce,131.7405440698361,86.60586922842641,9.318245197785874,0.32687345556025044,1.7965017179475418,368.64838066964876,1.0655868462552442,1,0,0,40,0,0,0.7619506622276817,0.7495515000324098,0.0,0.05122316653713259,100.0,46.09398777372022,0.0,0.0,24.325666783590812,187.49104683814235
1203,scarce,131.595430585398,86.39404920348639,9.355456414130874,0.3401232726073181,1.5902260200824956,367.22880353395885,1.0391954592296961,1,0,0,40,0,0,0.7630347141262382,0.7483821618468709,0.0,0.05122325326994483,100.0,46.09406582163208,0.0,0.0,24.325666783590812,197.31698745514927
1204,scarce,131.458308136382,86.1659466259975,9.395248761375452,0.35220537236243415,1.4024688732288273,368.1318693009671,1.0053306148055654,1,0,0,40,0,0,0.763318664615815,0.7472125113157936,0.0,0.05122334000260966,100.0,46.09414386941129,0.0,0.0,24.325666783590812,198.13582935639275
1205,scarce,131.32890776241013,85.92155191656295,9.437062220161986,0.3641620001453421,1.5466492419037499,373.23182931570045,0.9752956068162398,1,0,0,40,0,0,0.7637214313179628,0.7460424177413437,0.0,0.05122342673512711,100.0,46.09422191705788,0.0,0.0,24.325666783590812,198.92450156182412
1206,scarce,131.208822791259,85.66383973497578,9.47949770451705,0.3738034707259882,1.6126139980492362,377.29472094190714,0.9591632147282205,1,0,0,40,0,0,0.7642888985798804,0.7448716999529059,0.0,0.05122351346749716,100.0,46.094299964571825,0.0,0.0,24.325666783590812,199.63511754049404
1207,scarce,131.09757045008078,85.39263639503588,9.521733700357128,0.3838433671021701,1.5702313914917656,380.53961167229863,0.956377191863643,1,0,0,40,0,0,0.7651339355777832,0.7437000526237704,0.0,0.0512236001997198,100.0,46.09437801195312,0.0,0.0,24.325666783590812,209.48117838188014
1208,scarce,130.9972665469366,85.11139526211983,9.562344538216848,0.39111009426775833,1.5679713171436265,384.3247279493662,0.949821635655277,1,0,0,40,0,0,0.7660894530628124,0.7425273542254013,0.0,0.051223686931795055,100.0,46.09445605920179,0.0,0.0,24.325666783590812,210.37918900751478
1209,scarce,130.90679228794352,84.8217173467674,9.599023783665956,0.3968635661176109,1.5707403409983378,391.89524968466867,0.9312771084837913,1,0,0,40,0,0,0.7677813297203684,0.7413527947627088,0.0,0.05122377366372291,100.0,46.094534106317816,0.0,0.0,24.325666783590812,210.98327086872214
1210,scarce,130.8260479361967,84.52641648774579,9.628617323937288,0.40036302739786883,1.6073778938962646,398.9331558747799,0.9042356426140575,1,0,0,40,0,0,0.7686340391455035,0.7401772973196488,0.0,0.05122386039550337,100.0,46.09461215330121,0.0,0.0,24.325666783590812,202.54497369449726
1211,scarce,130.7562155725493,84.22547467562825,9.64940083515776,0.4035847179730603,1.5896508304471546,408.51665088177833,0.8764547142307517,1,0,0,40,0,0,0.7690579972325947,0.7390013335226929,0.0,0.05122394712713643,100.0,46.09469020015197,0.0,0.0,24.325666783590812,203.24288339674393
1212,scarce,130.6975125178337,83.9205390752918,9.659439492028634,0.4057747584660632,1.6171104109767953,421.08798790183937,0.851139872099963,1,0,0,40,0,0,0.7692276473355724,0.7378251831106238,0.0,0.0512240338586221,100.0,46.09476824687009,0.0,0.0,24.325666783590812,203.92802830688333
1213,scarce,130.6494544578461,83.61224102109921,9.660485063419355,0.4067270093078422,1.840938202778308,428.92831157060573,0.8291831936093282,1,0,0,40,0,0,0.7709217066343464,0.736647169233326,0.0,0.05122412058996037,100.0,46.094846293455575,0.0,0.0,24.325666783590812,204.52300829979004
1214,scarce,130.61251748274722,83.30225524922642,9.649664878974605,0.40691303010336455,1.8795399677095588,431.53261567906884,0.8087874989559913,1,0,0,40,0,0,0.7705852492245371,0.7354695254591791,0.0,0.05122420732115125,100.0,46.09492433990843,0.0,0.0,24.325666783590812,214.08931505963528
1215,scarce,130.58575714133028,82.9924568449519,9.625076507078955,0.40534413298833,1.8552041362543161,431.68975228875934,0.7996477119524289,1,0,0,40,0,0,0.769318536046649,0.7342932750695278,0.0,0.05122429405219473,100.0,46.095002386228636,0.0,0.0,24.325666783590812,232.664682646874
1216,scarce,130.5693814695466,82.68364017113346,9.589125930207436,0.402519500287183,1.7352895809196442,436.49770014554815,0.7897769465944988,1,0,0,40,0,0,0.7698360879204189,0.7331164553728152,0.0,0.05122438078309082,100.0,46.09508043241621,0.0,0.0,24.325666783590812,233.22134648128295
1217,scarce,130.56151816904224,82.37758020454109,9.544181029586019,0.39715878247218167,1.758455523988702,442.976909969344,0.779373242277817,1,0,0,40,0,0,0.7712747580690493,0.7319380531389393,0.0,0.05122446751383952,100.0,46.09515847847116,0.0,0.0,24.325666783590812,233.68616313070106
1218,scarce,130.56419583379406,82.07782008557419,9.491246356575271,0.38974744661140404,1.705224812717732,455.3227864239161,0.7819917923564889,1,0,0,40,0,0,0.7718192500528422,0.7307590519638811,0.0,0.05122455424444082,100.0,46.09523652439347,0.0,0.0,24.325666783590812,243.15462733241685
1219,scarce,130.57782122881957,81.78673756908935,9.432644517017286,0.3802680337818969,1.8084747293668286,467.7724139781785,0.7888620842306205,1,0,0,40,0,0,0.772184366084044,0.7295796491611888,0.0,0.05122464097489473,100.0,46.09531457018315,0.0,0.0,24.325666783590812,243.70030475569578
1220,scarce,130.60269858436672,81.50591677008893,9.371767235310676,0.36805711472119185,1.9468628985433891,477.44245911853795,0.7952705343143524,1,0,0,40,0,0,0.7729510822068772,0.7283994029707612,0.0,0.05122472770520125,100.0,46.09539261584019,0.0,0.0,24.325666783590812,244.18459603973443
1221,scarce,130.6383138644117,81.23647399552314,9.311683974886314,0.35466235083737074,2.1295213817626926,486.2220262396804,0.8007541138987494,1,0,0,40,0,0,0.7733430437128439,0.727218725622677,0.0,0.051224814435360366,100.0,46.095470661364594,0.0,0.0,24.325666783590812,244.61782603969067
1222,scarce,130.68580760593295,80.98135795845734,9.256191553807696,0.3388843735824645,2.0523965658710717,488.8279329469151,0.8060678695522194,1,0,0,40,0,0,0.7730729757656452,0.7260383453493349,0.0,0.0512249011653721,100.0,46.095548706756375,0.0,0.0,24.325666783590812,244.90642662616864
1223,scarce,130.74454392451992,80.74143660536981,9.207637113139821,0.3232195472171968,1.90552788874034,486.83899234756973,0.8184589698036419,2,0,0,40,0,0,0.7725541373493227,0.7248585357982507,0.0,0.05122498789523644,100.0,46.09562675201552,0.0,0.0,24.325666783590812,245.37126016324356
1224,scarce,130.81465339347164,80.51783037470032,9.168573681178172,0.30639627357036103,1.996800290474988,478.87840158051404,0.8620660722359715,2,0,0,40,0,0,0.7718511142840884,0.7236794995725381,0.0,0.05122507462495339,100.0,46.09570479714203,0.0,0.0,24.325666783590812,245.81067460039498
1225,scarce,130.89546352578378,80.31240766942446,9.142009273661102,0.28831789999544094,1.8463947313087214,468.54264178970334,0.8937198995227182,2,0,0,40,0,0,0.7716571367912962,0.7225006767220676,0.0,0.051225161354522944,100.0,46.095782842135904,0.0,0.0,24.325666783590812,246.41431580439559
1226,scarce,130.98563524473678,80.12627814311233,9.129112241422423,0.27008414401466213,1.7807788539031097,460.8983037421276,0.9114479594328705,2,0,0,40,0,0,0.771538074103605,0.7213219848405538,0.0,0.0512252480839451,100.0,46.095860886997144,0.0,0.0,24.325666783590812,246.97413380696162
1227,scarce,131.0856904240385,79.96040337156796,9.130601322026973,0.25222713884737735,1.9334682697979375,476.4751031647611,0.9420133507916043,2,0,0,40,0,0,0.7714107134284942,0.7201434330557823,0.0,0.05122533481321988,100.0,46.095938931725755,0.0,0.0,24.325666783590812,247.4707321416633
1228,scarce,131.19536362653372,79.81457061260696,9.145096585032459,0.23622545488764712,2.131397594782377,493.1361327142222,0.9838727516653346,2,0,0,40,0,0,0.7709066003671546,0.7189654357953785,0.0,0.051225421542347264,100.0,46.096016976321735,0.0,0.0,24.325666783590812,230.0095704418174
1229,scarce,131.31334652645367,79.68913623217102,9.172108349623482,0.2221215308744367,2.1571394792752505,508.1497497221644,1.0259090134492979,2,0,0,40,0,0,0.7710251688656672,0.7177873081096262,0.0,0.05122550827132726,100.0,46.096095020785086,0.0,0.0,24.325666783590812,221.5370309076672
1230,scarce,131.43996400315424,79.58512485461497,9.2119065681515,0.21043354355313562,2.1365820093406764,522.9504580929788,1.0686354176415274,2,0,0,40,0,0,0.7714142428567662,0.7166087524424838,0.0,0.051225595000159864,100.0,46.096173065115806,0.0,0.0,24.325666783590812,212.93667644837063
1231,scarce,131.5747948116747,79.50251394542538,9.262486004640945,0.20209582767031511,2.0360658155825293,531.7268605384743,1.1120827371218582,2,0,0,40,0,0,0.7716403262603926,0.7154299480835974,0.0,0.05122568172884508,100.0,46.0962511093139,0.0,0.0,24.325666783590812,204.38496917196622
1232,scarce,131.71631843787952,79.44372883297062,9.320714634956783,0.1960853944538871,1.964780738807613,533.5370102140005,1.1562955389102316,2,0,0,40,0,0,0.7701077138616045,0.7142528295983496,0.0,0.0512257684573829,100.0,46.09632915337935,0.0,0.0,24.325666783590812,195.92358361542944
1233,scarce,131.86442428402097,79.4077495043245,9.385258936339428,0.1950869553361689,1.9520029914434514,530.118218954929,1.2024960379643737,2,0,0,40,0,0,0.7694199690367733,0.7130764676324091,0.0,0.051225855185773335,100.0,46.096407197312175,0.0,0.0,24.325666783590812,187.52009197594398
1234,scarce,132.01898412189578,79.39418967351415,9.454622957539938,0.19936281032719486,1.7809479300934914,528.8648904375586,1.2515221606110603,2,0,0,40,0,0,0.7690529151571646,0.7119005094257362,0.0,0.05122594191401638,100.0,46.09648524111237,0.0,0.0,24.325666783590812,170.0603858079659
1235,scarce,132.17785160977112,79.40538487338263,9.525435322224002,0.2068690030966191,1.7432683602775136,527.5937703763557,1.3036295882863334,2,0,0,40,0,0,0.7670774685617772,0.7107267242103184,0.0,0.05122602864211204,100.0,46.09656328477993,0.0,0.0,24.325666783590812,179.63966531997875
1236,scarce,132.3400354445076,79.43985817926536,9.598173564816554,0.2177958392674172,1.853033973821729,525.1124495150216,1.3592756663361372,3,0,0,40,0,0,0.766757657256412,0.7095532907873363,0.0,0.051226115370060304,100.0,46.09664132831487,0.0,0.0,24.325666783590812,171.35791913206032
1237,scarce,132.50503733090258,79.49731719249458,9.671658378308283,0.23103193960144516,1.9268033501819093,525.6719663136682,1.4000402748861143,2,0,0,40,0,0,0.7663036756804064,0.7083803567440878,0.0,0.051226202097861176,100.0,46.096719371717164,0.0,0.0,24.325666783590812,154.1022183297539
1238,scarce,132.67230894527592,79.57737407889431,9.746612839879774,0.2455619443289567,2.0152688727185493,527.7488338909461,1.4299175419200267,2,0,0,40,0,0,0.7670950065036212,0.7072065522369338,0.0,0.05122628882551468,100.0,46.09679741498685,0.0,0.0,24.325666783590812,145.7468299596057
1239,scarce,132.83958109600042,79.68114427212139,9.82229005823416,0.26067070438746387,2.0502790914349314,529.6276921982862,1.462035062505119,2,0,0,40,0,0,0.7673944700992335,0.7060324183198248,0.0,0.051226375553020786,100.0,46.0968754581239,0.0,0.0,24.325666783590812,137.36030400338387
1240,scarce,133.00952820376835,79.79934901617811,9.894915181636662,0.2809327223808569,2.0737810289540097,525.3342399622561,1.4756560287305143,2,0,0,39,1,0,0.7611678534174724,0.7048651336810654,0.0,0.05122646228037951,100.0,46.096953501128326,0.0,0.0,24.325666783590812,128.81737804414678
1241,scarce,133.1802154012085,79.93488109080825,9.96470317737148,0.3002234199436771,1.8405939399068785,518.2985663271393,1.4723833849847014,2,0,0,39,1,0,0.7578845025594608,0.7037014607282501,0.0,0.05122654900759084,100.0,46.09703154400012,0.0,0.0,24.325666783590812,120.24729060520636
1242,scarce,133.34930222417512,80.0867655067635,10.035069683551052,0.31448714153850044,1.7848985993878095,509.99590200679813,1.4596356145370504,2,0,0,39,1,0,0.7581789050615584,0.7025374639326822,0.0,0.05122663573465479,100.0,46.09710958673928,0.0,0.0,24.325666783590812,120.54396734893416
1243,scarce,133.51497407106996,80.25577441172355,10.103702090146452,0.32782439299105387,1.807107659789797,507.83751098851644,1.4526894617115238,2,0,0,39,1,0,0.7575010892975974,0.701374212734455,0.0,0.051226722461571346,100.0,46.09718762934582,0.0,0.0,24.325666783590812,121.06166253096576
1244,scarce,133.67493364901554,80.44239967690785,10.16983753907709,0.3393633380194985,1.6846640738958236,513.4858213961925,1.4477998991620233,2,0,0,39,1,0,0.7565866128877576,0.7002119674602785,0.0,0.05122680918834052,100.0,46.09726567181972,0.0,0.0,24.325666783590812,121.72085956754161
1245,scarce,133.82875384329702,80.64607195234558,10.234586654039045,0.35095872771380193,1.7943150642031889,526.2094179730047,1.3925759677564935,1,0,0,39,1,0,0.7568144163093925,0.6990494716023381,0.0,0.051226895914962316,100.0,46.09734371416101,0.0,0.0,24.325666783590812,122.42922946195009
1246,scarce,133.97484789092758,80.8654158577462,10.295528203197737,0.3609757915750744,1.9652917516883455,535.4447355958109,1.3417756000440784,1,0,0,39,1,0,0.7565462242569725,0.6978872707556555,0.0,0.05122698264143672,100.0,46.09742175636966,0.0,0.0,24.325666783590812,123.17663814674601
1247,scarce,134.11399139348404,81.09936793517062,10.35247736289573,0.3711229192445393,2.0887133789496195,540.4327321025121,1.2978389648801216,1,0,0,39,1,0,0.7571777960464927,0.6967243751800043,0.0,0.051227069367763736,100.0,46.09749979844569,0.0,0.0,24.325666783590812,123.96702918167234
1248,scarce,134.2459985381921,81.34632967111997,10.404510607369737,0.37903016700087244,2.144126528535357,542.8078687452289,1.2748375469369078,1,0,0,39,1,0,0.7579946241326545,0.6955605810934584,0.0,0.05122715609394338,100.0,46.09757784038909,0.0,0.0,24.325666783590812,124.5580720637651
1249,scarce,134.36946770763288,81.60621068520263,10.450633517127077,0.38800112871333203,2.205049488280868,541.9166852862036,1.259964087443691,1,0,0,39,1,0,0.7590442599363688,0.6943956324075284,0.0,0.05122724281997562,100.0,46.09765588219987,0.0,0.0,24.325666783590812,116.35376252175222
1250,scarce,134.48290846513896,81.87621258716032,10.487306982503735,0.3941059937141878,2.2139912833939976,536.8115128569407,1.2492028581608028,1,0,0,39,1,0,0.7589487806779264,0.6932307887487827,0.0,0.051227329545860484,100.0,46.09773392387801,0.0,0.0,24.325666783590812,117.10464038559556
1251,scarce,134.58569369370923,82.15545022820945,10.513995910758357,0.3998062592402243,2.2056402535319393,527.7320281672,1.242484150119493,1,0,0,39,1,0,0.7593735001609362,0.6920654778986056,0.0,0.05122741627159797,100.0,46.09781196542354,0.0,0.0,24.325666783590812,117.89454004676959
1252,scarce,134.67727154912572,82.44376513623759,10.529314859937731,0.40594143751765377,2.0409014525992744,520.0963173653436,1.2406943898934053,1,0,0,39,1,0,0.7596846768799319,0.6908998247540378,0.0,0.05122750299718807,100.0,46.09789000683644,0.0,0.0,24.325666783590812,118.83052457173338
1253,scarce,134.75835120790006,82.73803080221552,10.53273594681844,0.4076428746433653,1.972444922913874,516.7857595568348,1.2427457979463763,1,0,0,39,1,0,0.7605712986139661,0.6897331963255623,0.0,0.051227589722630786,100.0,46.09796804811671,0.0,0.0,24.325666783590812,128.54309519291033
1254,scarce,134.82872698815623,83.03761855358455,10.523470884754989,0.4097023771182528,2.1289659016704343,518.833621468948,1.2483223362453706,1,0,0,39,1,0,0.7612049835648385,0.688565870843641,0.0,0.05122767644792612,100.0,46.09804608926436,0.0,0.0,24.325666783590812,138.28037506682563
1255,scarce,134.88766006283305,83.34215729289001,10.501773669633707,0.4128499488942721,2.242631050844483,519.7506940735693,1.224716882574946,1,0,0,39,1,0,0.7617182758032399,0.6873979807402575,0.0,0.05122776317307407,100.0,46.09812413027939,0.0,0.0,24.325666783590812,139.17539389197927
1256,scarce,134.93576110609254,83.64896831958237,10.466345958772502,0.4115172072710391,2.1493531893685733,515.818798728149,1.2014842896246263,1,0,0,40,0,0,0.7639300366443352,0.6862276576999486,0.0,0.051227849898074634,100.0,46.09820217116178,0.0,0.0,24.325666783590812,157.91191131092063
1257,scarce,134.97390836987006,83.95636338908997,10.41920658363336,0.4080589776825565,2.0106476487659815,507.3749555792747,1.1793239972008107,1,0,0,40,0,0,0.7667235596708835,0.6850542617843107,0.0,0.05122793662292783,100.0,46.098280211911565,0.0,0.0,24.325666783590812,158.4917165863679
1258,scarce,135.00198285138967,84.26199039613978,10.361256739265604,0.40263771446095475,2.0187519995116134,494.8887039312831,1.1368643289486222,1,0,0,40,0,0,0.7692370081936073,0.6838781010752978,0.0,0.051228023347633635,100.0,46.09835825252871,0.0,0.0,24.325666783590812,159.11612654665123
1259,scarce,135.0198789328992,84.56526574881389,10.294697751637832,0.39645274751547477,1.9681590211586104,482.05363160851266,1.090149065993337,1,0,0,40,0,0,0.7720922008296272,0.6826987996543853,0.0,0.05122811007219206,100.0,46.09843629301324,0.0,0.0,24.325666783590812,159.76818613779832
1260,scarce,135.02671815333764,84.86319764048991,10.220616303348985,0.3874125361442639,1.980850865825009,468.59238475232996,1.0450868889919767,1,0,0,40,0,0,0.7742067225436291,0.6815171722595872,0.0,0.0512281967966031,100.0,46.098514333365145,0.0,0.0,24.325666783590812,142.3625494512856
1261,scarce,135.02333552829057,85.1549642694657,10.140817605688676,0.37716380372828057,1.8392171796170818,459.1996627568151,1.0035054012311384,1,0,0,40,0,0,0.7762939795903314,0.6803332488820378,0.0,0.05122828352086676,100.0,46.09859237358443,0.0,0.0,24.325666783590812,151.81459081010152
1262,scarce,135.00808125030596,85.43843682994644,10.056495014955583,0.3655159711133544,1.8083957724483717,449.1916653385488,0.9646747164612546,1,0,0,40,0,0,0.7776369621895786,0.6791478482236293,0.0,0.05122837024498304,100.0,46.098670413671094,0.0,0.0,24.325666783590812,143.41897028316953
1263,scarce,134.98014843299538,85.71226078224984,9.970919554009575,0.3529965447727457,1.9712386488141882,439.74874058210116,0.9277594826902475,1,0,0,40,0,0,0.779452728995543,0.6779604502217342,0.0,0.051228456968951945,100.0,46.098748453625134,0.0,0.0,24.325666783590812,143.97624200104244
1264,scarce,134.94149228888443,85.97513311623725,9.885205934911879,0.33948627633165235,1.9969427308385197,431.8474357640371,0.9062006914631493,1,0,0,40,0,0,0.7806377674587889,0.6767717486775295,0.0,0.05122854369277347,100.0,46.09882649344655,0.0,0.0,24.325666783590812,144.5784957948281
1265,scarce,134.89128724385154,86.22517295010547,9.801551860085748,0.32479439101316576,1.8836065029500932,422.498710401007,0.9292525507326564,1,0,0,40,0,0,0.7819610131733034,0.6755815915630389,0.0,0.05122863041644761,100.0,46.09890453313534,0.0,0.0,24.325666783590812,154.15450100220087
1266,scarce,134.83017307980407,86.46161944944598,9.721152750416833,0.30978237183689367,1.647234676592182,414.68996786847856,0.9574352024087476,1,0,0,40,0,0,0.7829910939437765,0.6743903013597008,0.0,0.05122871713997438,100.0,46.09898257269152,0.0,0.0,24.325666783590812,154.74610956912161
1267,scarce,134.75940435273736,86.67999055836026,9.644529972270215,0.29161004954739855,1.6796618999218182,410.333565926172,0.9867118876693246,1,0,0,40,0,0,0.7830530262217064,0.6731989430308568,0.0,0.05122880386335376,100.0,46.09906061211507,0.0,0.0,24.325666783590812,155.3668679721771
1268,scarce,134.67844781843135,86.87894218068796,9.572739445850186,0.27373166014495004,1.632992275124149,406.7594783006498,1.0184970938234443,1,0,0,40,0,0,0.7828700343300073,0.6720077859930937,0.0,0.051228890586585765,100.0,46.099138651405994,0.0,0.0,24.325666783590812,156.04893914263673
1269,scarce,134.5876502960885,87.05859846815423,9.505950444829091,0.2564821970020683,1.5871532930697954,404.35884301320766,1.0764424196379794,1,0,0,40,0,0,0.7827090265822771,0.6708168060638534,0.0,0.051228977309670395,100.0,46.09921669056431,0.0,0.0,24.325666783590812,156.66100876905625
1270,scarce,134.48847806723705,87.21949037331586,9.444504970428579,0.2403737374526562,1.6201904039869444,408.1768372016959,1.101699292483932,1,0,0,40,0,0,0.7826033966347861,0.6696259423275551,0.0,0.05122906403260764,100.0,46.09929472958999,0.0,0.0,24.325666783590812,166.33598408257598
1271,scarce,134.38094682895422,87.35952234617842,9.389590771145949,0.22468602481066116,1.7042025373806347,417.95994822304056,1.1011148428360489,1,0,0,40,0,0,0.7820787633191002,0.668435655687904,0.0,0.05122915075539751,100.0,46.099372768483065,0.0,0.0,24.325666783590812,167.04050205074387
1272,scarce,134.26670791454077,87.47715444583382,9.341405009428382,0.21048676623800666,1.8925019141781376,425.246357438431,1.084786088744881,1,0,0,40,0,0,0.7812770653270986,0.6672462509160442,0.0,0.05122923747804001,100.0,46.099450807243514,0.0,0.0,24.325666783590812,167.671486977548
1273,scarce,134.14513136303688,87.57304799181904,9.301634748653962,0.1992607392171055,1.8772052508812531,427.3084486350999,1.0814526121612449,1,0,0,40,0,0,0.7813334312713763,0.6660567841416457,0.0,0.05122932420053512,100.0,46.09952884587135,0.0,0.0,24.325666783590812,177.2915017266751
1274,scarce,134.01760994330718,87.64725704020893,9.271215275190823,0.19027979705620884,1.9249775515206344,424.79469484744186,1.0776293794404965,1,0,0,40,0,0,0.7815235395965767,0.6648671082480895,0.0,0.05122941092288286,100.0,46.09960688436656,0.0,0.0,24.325666783590812,177.92255901602724
1275,scarce,133.88346853077215,87.7008852063062,9.250722794666478,0.18596545548913682,1.7978005438078317,420.35072546107403,1.0745791808408511,1,0,0,40,0,0,0.7818893634419293,0.6636770299483034,0.0,0.05122949764508323,100.0,46.099684922729146,0.0,0.0,24.325666783590812,178.53751563851725
1276,scarce,133.74388858736282,87.73359762506644,9.241953988539645,0.18522230416674532,1.6326204163509253,412.28804378124187,1.0719339937930756,1,0,0,40,0,0,0.7824573807838492,0.6624863268294411,0.0,0.05122958436713622,100.0,46.09976296095912,0.0,0.0,24.325666783590812,179.10909193027527
1277,scarce,133.60055186746496,87.74357563558183,9.246577170392124,0.18709255535878175,1.5502563224525854,407.9351504884107,1.0689991552408369,1,0,0,40,0,0,0.7830757112149206,0.6612949435471046,0.0,0.05122967108904182,100.0,46.09984099905646,0.0,0.0,24.325666783590812,179.68947835209138
1278,scarce,133.45434592641465,87.72995819377653,9.263065602535653,0.19181355785305967,1.7885158617292833,409.2487504637684,1.067123736145364,1,0,0,40,0,0,0.7820701004446535,0.6601046664366155,0.0,0.05122975781080007,100.0,46.09991903702121,0.0,0.0,24.325666783590812,180.29970550603886
1279,scarce,133.3046390835476,87.69408744529954,9.291004000275946,0.2012152509043106,1.7377759467897829,411.473788554722,1.0716192780811535,1,0,0,40,0,0,0.7817323709694979,0.6589147608285492,0.0,0.051229844532410924,100.0,46.09999707485332,0.0,0.0,24.325666783590812,189.81601349027557
1280,scarce,133.15290033531636,87.63665395333638,9.330025221003494,0.21297489008353224,1.8265188171145978,410.7821805244457,1.0760341714155037,1,0,0,40,0,0,0.7819852148956242,0.6577245770921639,0.0,0.051229931253874414,100.0,46.10007511255282,0.0,0.0,24.325666783590812,181.3894735438698
1281,scarce,132.99989903786124,87.55682294910612,9.37733199940297,0.2262720716605249,1.6862718751035999,408.4110294544371,1.0810121045424315,1,0,0,40,0,0,0.7813214958459057,0.6565351234467334,0.0,0.05123001797519052,100.0,46.1001531501197,0.0,0.0,24.325666783590812,182.07077517028333
1282,scarce,132.8469657168501,87.4551441786404,9.432847830280837,0.2404968127664222,1.5648704922546455,405.43718848293065,1.0710634801297707,1,0,0,40,0,0,0.7814061173794797,0.6553455767176161,0.0,0.05123010469635926,100.0,46.100231187553966,0.0,0.0,24.325666783590812,182.5741968009627
1283,scarce,132.69566695357838,87.33309800026612,9.495336653874007,0.25501283697292276,1.603428144680613,405.297090168111,1.0695934683030344,1,0,0,40,0,0,0.7821014315632802,0.6541552651428965,0.0,0.051230191417380624,100.0,46.10030922485562,0.0,0.0,24.325666783590812,183.20555387948542
1284,scarce,132.54787580315372,87.19239096191434,9.562999788285985,0.26945772058883494,1.7015932444798447,404.59422324731713,1.0806292936664728,1,0,0,40,0,0,0.7823586236314549,0.6529646706569018,0.0,0.05123027813825462,100.0,46.100387262024654,0.0,0.0,24.325666783590812,184.05019682929043
1285,scarce,132.40491185062672,87.03095358600225,9.635766682297112,0.2851653990199833,1.8050605445232413,405.42016499217425,1.0919398919244123,1,0,0,40,0,0,0.7825364033978313,0.6517738806131643,0.0,0.05123036485898123,100.0,46.100465299061064,0.0,0.0,24.325666783590812,184.75697397340372
1286,scarce,132.26663162290282,86.84989138257991,9.711368255993422,0.29998680170964875,1.7137164172491566,403.18287098725705,1.100256499711909,1,0,0,40,0,0,0.7823222502229883,0.6505833261379189,0.0,0.051230451579560465,100.0,46.10054333596486,0.0,0.0,24.325666783590812,185.4490597248127
1287,scarce,132.1339922894007,86.65003625931647,9.788159632142591,0.31476300753611314,1.4330946740335777,397.41605652560247,1.0934834188249505,1,0,0,40,0,0,0.7819003760996922,0.6493932357242093,0.0,0.05123053829999234,100.0,46.10062137273605,0.0,0.0,24.325666783590812,195.20298488341163
1288,scarce,132.00804629937042,86.43423349279689,9.864318699785807,0.3278726030297271,1.5457450157233867,396.00460041083716,1.0641407482986704,1,0,0,40,0,0,0.7816472318266968,0.6482034237691998,0.0,0.05123062502027684,100.0,46.10069940937462,0.0,0.0,24.325666783590812,196.0065690402987
1289,scarce,131.88924897718837,86.20424607555849,9.938544452870126,0.3402093330280329,1.5985459791440495,402.5083045291467,1.0675583932402006,1,0,0,40,0,0,0.7816474986103745,0.6470136115207284,0.0,0.051230711740413964,100.0,46.10077744588057,0.0,0.0,24.325666783590812,205.829245616137
1290,scarce,131.7771921711798,85.9597807858763,10.010745071223045,0.3515274212210763,1.6798060542686617,412.02128512971103,1.1091542191900894,1,0,0,40,0,0,0.7822569204994639,0.6458231289081791,0.0,0.051230798460403716,100.0,46.100855482253905,0.0,0.0,24.325666783590812,206.53934065349864
1291,scarce,131.6732775219924,85.7028573157229,10.078608134362868,0.3616673933076811,1.527085423078471,420.89868485146144,1.15338494489513,1,0,0,40,0,0,0.7823098647959487,0.6446325880569035,0.0,0.0512308851802461,100.0,46.10093351849463,0.0,0.0,24.325666783590812,207.30629514631573
1292,scarce,131.57689894892434,85.43427541317742,10.14205749936659,0.37121144935287126,1.6289234238959396,430.3565172129456,1.2114137955468227,1,0,0,40,0,0,0.7832885607322423,0.6434409706400981,0.0,0.0512309718999411,100.0,46.101011554602735,0.0,0.0,24.325666783590812,207.98785242049388
1293,scarce,131.4902145271715,85.15621152165275,10.199580834161946,0.3779248122250937,1.728530447353308,439.5820892889242,1.2760459878577046,1,0,0,40,0,0,0.784321917500425,0.6422482165308476,0.0,0.05123105861948874,100.0,46.101089590578226,0.0,0.0,24.325666783590812,208.72205871497107
1294,scarce,131.41408564047984,84.87052885815686,10.250878389614972,0.38291874551656113,1.7794086095154324,447.2430437938601,1.3138062039745568,1,0,0,40,0,0,0.7858274416651708,0.6410538063450159,0.0,0.051231145338889006,100.0,46.1011676264211,0.0,0.0,24.325666783590812,209.53102842005714
1295,scarce,131.3488190698016,84.5770223996205,10.293743988586979,0.3881056406662612,1.7031288585325175,453.8250393829221,1.3557243685715705,1,0,0,40,0,0,0.7864619499541593,0.6398586982000662,0.0,0.05123123205814191,100.0,46.101245662131376,0.0,0.0,24.325666783590812,210.3418227630916
1296,scarce,131.29305159829855,84.2763646472912,10.325546442468692,0.39356165430619183,1.687717766670009,462.9320041267056,1.3795994392064628,1,0,0,40,0,0,0.7860721612824879,0.6386640188226556,0.0,0.051231318777247424,100.0,46.10132369770902,0.0,0.0,24.325666783590812,211.0462783759527
1297,scarce,131.2481825268688,83.97171450031148,10.346079130865515,0.3955579989879104,1.651967788556464,476.5079055533424,1.4069235492603505,1,0,0,40,0,0,0.7860309360750994,0.637469384792973,0.0,0.051231405496205584,100.0,46.101401733154056,0.0,0.0,24.325666783590812,220.78650688155966
1298,scarce,131.21463554545412,83.66450206470324,10.356560754399679,0.39619758649352066,1.7509453106988275,487.3037992349855,1.445057876260122,2,0,0,40,0,0,0.7869920051655674,0.6362736935872909,0.0,0.051231492215016376,100.0,46.10147976846648,0.0,0.0,24.325666783590812,230.37050516288315
1299,scarce,131.19320237576463,83.35729593989268,10.357184111216274,0.3943300475029495,1.7577566443505894,495.6572921842162,1.4879260657247337,2,0,0,40,0,0,0.7877479645181631,0.6350771708263209,0.0,0.05123157893367979,100.0,46.1015578036463,0.0,0.0,24.325666783590812,231.00743050596648
1300,scarce,131.18307442362897,83.05074535062396,10.347011073236377,0.3916658416689208,1.6595720039017294,504.05711144194356,1.536826025748705,2,0,0,40,0,0,0.7877308058706307,0.6338806669398631,0.0,0.051231665652195835,100.0,46.1016358386935,0.0,0.0,24.325666783590812,231.65618071698333
1301,scarce,131.1849984364093,82.74675234014057,10.326910002200208,0.38733860511160934,1.909087423368808,516.1316672731045,1.5782168298663157,2,0,0,40,0,0,0.787578230612156,0.6326843308861898,0.0,0.05123175237056452,100.0,46.10171387360809,0.0,0.0,24.325666783590812,241.24771773450811
1302,scarce,131.1990445992122,82.44645332223254,10.299242458640286,0.3812636309598825,2.0827343240635026,529.6390178432921,1.605257710764171,2,0,0,40,0,0,0.7884547767865833,0.6314870306317246,0.0,0.051231839088785834,100.0,46.10179190839007,0.0,0.0,24.325666783590812,241.84451167346796
1303,scarce,131.2236873339461,82.15247745117367,10.2646322733743,0.37315484068763755,1.9880947197821883,542.4852506965763,1.5838968759724372,2,0,0,40,0,0,0.7886470384441047,0.6302895188894361,0.0,0.05123192580685977,100.0,46.101869943039425,0.0,0.0,24.325666783590812,242.33904472148666
1304,scarce,131.26027861028052,81.86491973342473,10.22468357230653,0.36595008189674316,1.8001717081313948,551.0005833179966,1.559458191642414,2,0,0,40,0,0,0.7884634303783631,0.6290922091160199,0.0,0.051232012524786354,100.0,46.10194797755619,0.0,0.0,24.325666783590812,242.95695355749666
1305,scarce,131.30813673014458,81.58690810923387,10.180967231736128,0.35616433866340275,1.8463872939366204,560.0283051550214,1.5323714734329614,2,0,0,40,0,0,0.78840276622238,0.6278949660731753,0.0,0.05123209924256556,100.0,46.102026011940325,0.0,0.0,24.325666783590812,234.63609593792881
1306,scarce,131.36645355536785,81.31879284808186,10.136306916638294,0.34583737652985314,1.9406592674477736,572.0316889134992,1.5028897702548019,2,0,0,40,0,0,0.7889177544409991,0.6266971565432902,0.0,0.05123218596019741,100.0,46.10210404619187,0.0,0.0,24.325666783590812,235.18418021553325
1307,scarce,131.43627115211126,81.06136367610591,10.093767453442046,0.3350031036388163,1.896706206609324,579.2420767178191,1.4713831362308245,2,0,0,40,0,0,0.7898997482309771,0.6254982668202361,0.0,0.05123227267768188,100.0,46.10218208031079,0.0,0.0,24.325666783590812,235.6974242530758
1308,scarce,131.5062827748957,80.82513140736117,10.043322742845394,0.32246822161562105,1.8989649440804868,579.42385223366,1.4467176272061393,2,0,0,39,1,0,0.7788516713264773,0.624311529981777,0.0,0.05123235939501899,100.0,46.1022601142971,0.0,0.0,24.325666783590812,235.59462270980083
1309,scarce,131.5816740307314,80.60686339437814,9.993638538163447,0.30063990829817566,1.8670188675780537,578.987018155196,1.4250702724415898,2,0,0,39,1,0,0.7762693830107402,0.6231276336604651,0.0,0.051232446112208715,100.0,46.10233814815079,0.0,0.0,24.325666783590812,235.19922036546808
1310,scarce,131.66597496045097,80.40736745058189,9.949130118949897,0.27398348448711063,1.8833809516745361,579.066468005527,1.4246097474435921,2,0,0,39,1,0,0.7761054162085538,0.6219439177026357,0.0,0.051232532829251096,100.0,46.10241618187189,0.0,0.0,24.325666783590812,235.1049830682678
1311,scarce,131.75885416731458,80.22751065065125,9.913517996212823,0.25162558054425016,1.9921309657698782,579.1828834747503,1.3859497860235637,2,0,0,39,1,0,0.7771910128651933,0.6207590075884839,0.0,0.05123261954614611,100.0,46.10249421546037,0.0,0.0,24.325666783590812,235.4389706518807
1312,scarce,131.8609348452016,80.06513265078212,9.88814982331817,0.23479516978205942,2.017216750510682,583.050607778292,1.3433608984545247,2,0,0,39,1,0,0.777758831973616,0.6195734728733131,0.0,0.05123270626289375,100.0,46.102572248916246,0.0,0.0,24.325666783590812,218.0479494778827
1313,scarce,131.97224969145526,79.92041642625863,9.872380454408821,0.22085759648144873,1.9547079557691696,582.5730900447234,1.3037818122667417,2,0,0,39,1,0,0.7772223372085316,0.6183885283023836,0.0,0.051232792979494034,100.0,46.10265028223951,0.0,0.0,24.325666783590812,209.58548087573823
1314,scarce,132.09208937565282,79.79537407675072,9.86593633987233,0.2082435272345608,2.0292187541045466,580.119821990229,1.266811667270915,2,0,0,39,1,0,0.7765501708576412,0.6172043231144402,0.0,0.05123287969594694,100.0,46.10272831543016,0.0,0.0,24.325666783590812,210.23533661310785
1315,scarce,132.21960891270552,79.69095168196108,9.86868243768998,0.19775611786438926,1.9904628425641353,574.0847393513395,1.2313801187445312,2,0,0,39,1,0,0.7758852168234803,0.6160208493759344,0.0,0.051232966412252494,100.0,46.102806348488215,0.0,0.0,24.325666783590812,210.92830398872871
1316,scarce,132.3541855395268,79.60677561192784,9.879941941359503,0.19163607676439967,1.9763565580283153,565.791677250083,1.1977404013168746,2,0,0,39,1,0,0.7754699680031854,0.614837832411131,0.0,0.05123305312841068,100.0,46.10288438141365,0.0,0.0,24.325666783590812,202.79387326529778
1317,scarce,132.49538824353976,79.54257633976947,9.896690441965259,0.18745787045101783,1.8812675010744435,558.7143927391007,1.167647015339809,2,0,0,39,1,0,0.7739626038600976,0.6136564735468848,0.0,0.051233139844421495,100.0,46.10296241420648,0.0,0.0,24.325666783590812,203.6676325526724
1318,scarce,132.64202482175045,79.4992723611641,9.918840216448283,0.18552139727890696,2.061861107374283,559.6587664032195,1.1689792718034746,2,0,0,39,1,0,0.773535815248944,0.6124755841501109,0.0,0.05123322656028496,100.0,46.10304044686671,0.0,0.0,24.325666783590812,186.32915496912148
1319,scarce,132.7928212289486,79.47506238899021,9.945109325513405,0.18546007473059972,2.0112034445124385,563.812720526832,1.1706153901670895,2,0,0,39,1,0,0.7734707106971852,0.611294766368344,0.0,0.05123331327600105,100.0,46.103118479394325,0.0,0.0,24.325666783590812,187.1621280367254
1320,scarce,132.94721395206466,79.4706424399231,9.974691671175623,0.18848759559640887,2.0062059894142843,564.2503041338714,1.1729280574216205,2,0,0,39,1,0,0.773229285719832,0.6101142141540523,0.0,0.051233399991569784,100.0,46.103196511789335,0.0,0.0,24.325666783590812,187.9841992453186
1321,scarce,133.10396111671656,79.48581734453707,10.005513573553312,0.19352189851001747,2.1080517375945163,561.2245259426418,1.1750490300845695,2,0,0,39,1,0,0.7719960898868262,0.6089350184551767,0.0,0.051233486706991155,100.0,46.10327454405174,0.0,0.0,24.325666783590812,179.82876644476173
1322,scarce,133.26261083216298,79.52321450206614,10.036934897350525,0.2029902644352773,2.148456355919484,555.2140533915954,1.179971454246424,2,0,0,39,1,0,0.7706625674072398,0.6077572896310288,0.0,0.05123357342226516,100.0,46.103352576181535,0.0,0.0,24.325666783590812,153.51235670700538
1323,scarce,133.4221104419948,79.58170054315102,10.070073818474413,0.21270123256892667,1.991813665902879,548.1248757146022,1.208390515017742,2,0,0,39,1,0,0.7704156446581198,0.6065798324219049,0.0,0.05123366013739179,100.0,46.10343060817872,0.0,0.0,24.325666783590812,145.33712897186732
1324,scarce,133.5794198064757,79.6602337032798,10.1034331233604,0.2226695702600607,2.0521863799442994,536.9350854071163,1.2378689661732374,2,0,0,40,0,0,0.7719470806986715,0.6054006906331363,0.0,0.05123374685237108,100.0,46.10350864004331,0.0,0.0,24.325666783590812,137.0651516697971
1325,scarce,133.73461549296917,79.75809180057239,10.13770058145646,0.23443362534912374,2.018769667846802,526.2263689599058,1.2679388460625463,2,0,0,40,0,0,0.7740826947361938,0.6042191996689265,0.0,0.051233833567203006,100.0,46.10358667177529,0.0,0.0,24.325666783590812,137.84032086174756
1326,scarce,133.88559719686955,79.87558234054197,10.173726978290574,0.24638609696130162,2.109607660463854,525.4714035803408,1.2987864189036393,2,0,0,40,0,0,0.7762184242803811,0.6030353594022181,0.0,0.05123392028188756,100.0,46.10366470337466,0.0,0.0,24.325666783590812,138.54421668001004
1327,scarce,134.0321769826752,80.01214535976958,10.20930675763594,0.25951120967577046,2.0436736591850324,521.0576749714746,1.3233324441437655,1,0,0,40,0,0,0.7768472695519443,0.6018508274057109,0.0,0.05123400699642476,100.0,46.10374273484143,0.0,0.0,24.325666783590812,139.2902731908432
1328,scarce,134.1731319219578,80.16778722881939,10.245686352323181,0.2727968771687075,1.8080510654479887,513.9831505086186,1.315060234420067,1,0,0,40,0,0,0.7782568519530774,0.6006647448685626,0.0,0.051234093710814596,100.0,46.10382076617559,0.0,0.0,24.325666783590812,131.01732556479598
1329,scarce,134.3084485800241,80.33896258822249,10.281437470945187,0.2839294072048674,1.7171704847269367,506.7030654695991,1.3061196116590672,1,0,0,40,0,0,0.7791973392012977,0.5994776277954411,0.0,0.05123418042505707,100.0,46.10389879737715,0.0,0.0,24.325666783590812,131.7400939075301
1330,scarce,134.43716070878412,80.52761560402276,10.317724146668926,0.29724462259937795,1.8513901988046784,512.4982392575184,1.2977669439502857,1,0,0,40,0,0,0.7807504257164002,0.5982888023271531,0.0,0.05123426713915218,100.0,46.1039768284461,0.0,0.0,24.325666783590812,132.49652014858634
1331,scarce,134.55871859308093,80.73250374606809,10.350513749919445,0.31117186482193177,2.048611351963982,517.3365413627907,1.2891254575515705,1,0,0,40,0,0,0.7802828549301104,0.5971004911867299,0.0,0.05123435385309994,100.0,46.10405485938245,0.0,0.0,24.325666783590812,133.3461088091542
1332,scarce,134.67192182705736,80.9516677153245,10.379731828555155,0.32273823669915935,2.003761736113126,520.3833219865774,1.2809088740736079,1,0,0,40,0,0,0.7806975420254061,0.5959117238905021,0.0,0.051234440566900345,100.0,46.10413289018621,0.0,0.0,24.325666783590812,134.0784225839272
1333,scarce,134.77599612173407,81.18281297822595,10.40372346379056,0.33177391288682334,2.0264404893278303,525.8794308382057,1.2724978280297783,1,0,0,40,0,0,0.7810208232031552,0.5947226009849785,0.0,0.051234527280553374,100.0,46.104210920857334,0.0,0.0,24.325666783590812,134.88764912249778
1334,scarce,134.87104200550837,81.42592758187536,10.422112242430657,0.3407485249002522,2.1313482766725755,530.3430346519308,1.2788203067383284,1,0,0,40,0,0,0.7818151525007775,0.5935326043172278,0.0,0.051234613994059056,100.0,46.10428895139588,0.0,0.0,24.325666783590812,135.64367323143483
1335,scarce,134.95705676396273,81.6792957391537,10.434907749421054,0.3482583548020304,2.1462235767841635,537.267619622231,1.3136766892527856,1,0,0,40,0,0,0.7836631151172796,0.5923405748905987,0.0,0.051234700707417376,100.0,46.10436698180182,0.0,0.0,24.325666783590812,145.43466031214962
1336,scarce,135.0327017476182,81.94188310270448,10.440112378711948,0.35519269114563445,2.0950639083385325,540.7844854239811,1.3495073708308496,1,0,0,40,0,0,0.7846395209901287,0.5911474714175095,0.0,0.05123478742062834,100.0,46.10444501207515,0.0,0.0,24.325666783590812,146.1067334675522
1337,scarce,135.09815700243655,82.2113147284455,10.437949578804469,0.3595688201452912,1.864110038281676,540.8907287461698,1.385884072342598,1,0,0,40,0,0,0.7861705355573385,0.5899526838283965,0.0,0.051234874133691946,100.0,46.10452304221588,0.0,0.0,24.325666783590812,146.820589060603
1338,scarce,135.15265389726255,82.48838013627562,10.428800184517156,0.3647308708776113,1.9366716290977404,538.5601077913961,1.4119460578034997,1,0,0,40,0,0,0.7875069672287738,0.5887564261644448,0.0,0.0512349608466082,100.0,46.10460107222402,0.0,0.0,24.325666783590812,147.51981599117855
1339,scarce,135.1952276138522,82.77165642921273,10.41347207881552,0.36812196256591334,1.9924340386532164,535.6996324688007,1.392101978490222,1,0,0,40,0,0,0.7891921760104146,0.5875583147708333,0.0,0.051235047559377085,100.0,46.104679102099546,0.0,0.0,24.325666783590812,148.27881685710832
1340,scarce,135.22550743082232,83.05955713961036,10.389691505789614,0.371896306845722,1.9741311490116111,535.3428527396682,1.3717576191093312,1,0,0,40,0,0,0.7885482064250573,0.5863609117437658,0.0,0.05123513427199862,100.0,46.10475713184247,0.0,0.0,24.325666783590812,149.07593511301462
1341,scarce,135.24435212924095,83.34974212794893,10.361077422512983,0.3726501609944476,1.9274788801294462,534.2349275670858,1.3419577487318206,1,0,0,40,0,0,0.7898413276158532,0.5851620862833883,0.0,0.05123522098447279,100.0,46.1048351614528,0.0,0.0,24.325666783590812,149.79378524990642
1342,scarce,135.25075348573745,83.64140978956648,10.32980286158668,0.3724247121974973,1.880919382330314,534.1028370574058,1.3111660762857915,1,0,0,40,0,0,0.7911653671846991,0.5839618043794851,0.0,0.05123530769679962,100.0,46.104913190930525,0.0,0.0,24.325666783590812,159.49318025322162
1343,scarce,135.244185272619,83.93203138289381,10.297148620165478,0.3697069756713307,2.036168934732591,530.551657266893,1.2878335803067409,1,0,0,40,0,0,0.792211942333598,0.5827603712429182,0.0,0.051235394408979076,100.0,46.10499122027564,0.0,0.0,24.325666783590812,151.16540968189923
1344,scarce,135.22437241507046,84.22131939960998,10.265100654675056,0.3668818202681078,2.232737930429805,524.8057460294585,1.2658302874198664,1,0,0,40,0,0,0.7939492875865716,0.5815570270265729,0.0,0.05123548112101119,100.0,46.10506924948817,0.0,0.0,24.325666783590812,142.9341425722477
1345,scarce,135.19170628934663,84.50680112446398,10.232650241569672,0.3619550867369326,2.0655264689366937,519.3149940745498,1.2428494386917095,1,0,0,40,0,0,0.7942610662180833,0.580353339853733,0.0,0.05123556783289594,100.0,46.10514727856809,0.0,0.0,24.325666783590812,143.50008459923495
1346,scarce,135.14531783702517,84.78507831724161,10.199676777577716,0.35456906658760196,1.9137916050908998,514.4358123274869,1.2100412722942104,1,0,0,40,0,0,0.793899994961647,0.5791500498592753,0.0,0.05123565454463334,100.0,46.10522530751541,0.0,0.0,24.325666783590812,144.13164817349485
1347,scarce,135.08631298844986,85.05536118333133,10.168897326800069,0.34607558278555234,1.9793668656010606,507.9707741399325,1.180031225538359,1,0,0,40,0,0,0.795041402709944,0.5779455043162943,0.0,0.05123574125622338,100.0,46.10530333633013,0.0,0.0,24.325666783590812,135.73181156307498
1348,scarce,135.01464413510737,85.31758896451868,10.141097146487333,0.33767892543192274,2.051491261872332,500.1470515786277,1.1525094906040745,1,0,0,40,0,0,0.7964170510292045,0.5767394455601622,0.0,0.05123582796766607,100.0,46.10538136501226,0.0,0.0,24.325666783590812,136.18840100499568
1349,scarce,134.9309292526214,85.56945247868629,10.115274432126856,0.3279406770133295,2.078255037403844,491.0992425469449,1.1274801557863108,1,0,0,40,0,0,0.7967488997467299,0.5755330217704409,0.0,0.0512359146789614,100.0,46.10545939356178,0.0,0.0,24.325666783590812,145.79824580324544
1350,scarce,134.83471258310834,85.80833618656347,10.091126954680494,0.31666410421512853,1.9226685623615776,480.06928967370914,1.1041020682616902,1,0,0,40,0,0,0.7964667649089611,0.5743269083290409,0.0,0.05123600139010937,100.0,46.1055374219787,0.0,0.0,24.325666783590812,155.4962984136171
1351,scarce,134.7263823335781,86.03349078345924,10.0686597175684,0.3057613351602952,1.8882645289064857,469.30420100404444,1.0910957635605016,1,0,0,40,0,0,0.7963766419766231,0.5731208940228667,0.0,0.05123608810111,100.0,46.10561545026303,0.0,0.0,24.325666783590812,156.17412239800817
1352,scarce,134.6078491089552,86.246330175721,10.044607035447335,0.2961176656321386,1.91088930869322,458.8263110970147,1.098174433254525,1,0,0,40,0,0,0.7954521075590154,0.5719158967045518,0.0,0.05123617481196327,100.0,46.10569347841476,0.0,0.0,24.325666783590812,165.68708095557778
1353,scarce,134.48066894227907,86.44658533694125,10.019389761737276,0.2877645704078048,1.8910267197820112,449.6718629999523,1.1434678623827985,1,0,0,40,0,0,0.7949454882576956,0.5707114566674683,0.0,0.051236261522669184,100.0,46.10577150643388,0.0,0.0,24.325666783590812,166.31711769198688
1354,scarce,134.3454407505408,86.63250828913904,9.994206418943666,0.27868924845813514,1.7864280618422275,445.37361095777305,1.1967353125051028,1,0,0,40,0,0,0.7949550838847649,0.569507006075195,0.0,0.05123634823322775,100.0,46.10584953432041,0.0,0.0,24.325666783590812,166.82257722138633
1355,scarce,134.2018772456857,86.80369866719391,9.970112124564665,0.26961374859839893,1.6999110492718004,439.023657207028,1.2326788485194746,1,0,0,40,0,0,0.7951284476566997,0.5683023647827727,0.0,0.05123643494363897,100.0,46.105927562074356,0.0,0.0,24.325666783590812,167.37534212646892
1356,scarce,134.05255446290076,86.9600095619083,9.94565907274541,0.2618253030561364,1.7576185510060607,434.3355130532,1.205064011440049,1,0,0,40,0,0,0.7939460715437195,0.5670990241040746,0.0,0.05123652165390283,100.0,46.10600558969569,0.0,0.0,24.325666783590812,168.06089571387446
1357,scarce,133.8974992131884,87.09913400592231,9.921270855291889,0.2532562529158004,1.680452561462031,431.8693477809429,1.1660443200216128,1,0,0,40,0,0,0.7927007198598741,0.5658970533122287,0.0,0.05123660836401933,100.0,46.10608361718443,0.0,0.0,24.325666783590812,168.60933753723478
1358,scarce,133.7378909963695,87.22059385835297,9.894672985129338,0.2445314502247731,1.810940057682253,432.1638896951481,1.1291995984266234,1,0,0,40,0,0,0.7896882424570666,0.5646983962455259,0.0,0.05123669507398849,100.0,46.10616164454057,0.0,0.0,24.325666783590812,178.2535473429191
1359,scarce,133.5739865695189,87.32305054042472,9.868692972797263,0.2374264235510688,1.7693923412364156,429.6485004800634,1.1110624946866439,1,0,0,40,0,0,0.7884835213678564,0.5635010643720213,0.0,0.051236781783810297,100.0,46.10623967176412,0.0,0.0,24.325666783590812,178.840780786574
1360,scarce,133.4081585704169,87.40488850898123,9.84339538939705,0.22974497304203084,1.674174180827243,430.3107360325739,1.0981004978718125,1,0,0,40,0,0,0.786902508808258,0.5623054716123322,0.0,0.05123686849348475,100.0,46.10631769885507,0.0,0.0,24.325666783590812,179.58202771397382
1361,scarce,133.24046956672177,87.46606466024016,9.818461043234347,0.22380619868242252,1.6338921538335818,433.4985620343141,1.0861163144709312,1,0,0,40,0,0,0.7851712300600054,0.5611117832592663,0.0,0.05123695520301185,100.0,46.10639572581342,0.0,0.0,24.325666783590812,171.22789734206165
1362,scarce,133.0721373368753,87.50884488533816,9.79569978334005,0.21905059177503927,1.6214649560497676,434.2408418721607,1.0649070927732638,1,0,0,40,0,0,0.7849550446460182,0.5599183327101557,0.0,0.05123704191239161,100.0,46.10647375263919,0.0,0.0,24.325666783590812,171.80126721245543
1363,scarce,132.90332125213794,87.53360846840742,9.774309699757017,0.21587868228530832,1.6681008600390428,431.51819747311674,1.054456040750165,1,0,0,40,0,0,0.7838870746919868,0.5587260569279944,0.0,0.05123712862162401,100.0,46.10655177933234,0.0,0.0,24.325666783590812,181.4479409528871
1364,scarce,132.73453066605853,87.53839524822203,9.756979583502792,0.21382954977103558,1.499027860611228,430.2646261085829,1.0621396750415706,1,0,0,40,0,0,0.784126983134283,0.5575335172465467,0.0,0.05123721533070907,100.0,46.106629805892915,0.0,0.0,24.325666783590812,181.97436941831933
1365,scarce,132.5666858792309,87.52177470864457,9.742842395445471,0.21429132572130216,1.7508529359368605,428.23436162932194,1.0715611037208834,1,0,0,40,0,0,0.7834589024944668,0.5563417124538027,0.0,0.05123730203964677,100.0,46.10670783232089,0.0,0.0,24.325666783590812,182.590245417215
1366,scarce,132.40196863953443,87.48399148155198,9.730874942228004,0.21620067067188328,1.8420235657072328,430.7483844933886,1.0818974179419623,1,0,0,40,0,0,0.7825263124961159,0.5551509335100571,0.0,0.05123738874843713,100.0,46.10678585861627,0.0,0.0,24.325666783590812,174.21333997982788
1367,scarce,132.24107959791536,87.42524052965223,9.720498067716923,0.2198139533509385,1.7846719359878978,431.90379831177415,1.0936402091344712,1,0,0,40,0,0,0.7813483118672175,0.5539614503670032,0.0,0.05123747545708013,100.0,46.10686388477905,0.0,0.0,24.325666783590812,183.80305133503984
1368,scarce,132.0827394557577,87.34734169289943,9.711654550707522,0.22578256899180704,1.5748973401833575,428.26047585884226,1.114909896908501,1,0,0,40,0,0,0.7803780875730155,0.5527730344706729,0.0,0.05123756216557578,100.0,46.10694191080924,0.0,0.0,24.325666783590812,184.33481923222598
1369,scarce,131.9285480771572,87.25016119189192,9.706297296397832,0.23388552076800168,1.5267941927797497,421.08877695818956,1.1050668141719848,1,0,0,40,0,0,0.780614750293396,0.5515843582453501,0.0,0.05123764887392409,100.0,46.10701993670684,0.0,0.0,24.325666783590812,184.97304952642358
1370,scarce,131.77992754709948,87.13403183930085,9.703860832537673,0.24276633192340283,1.4812847601955705,422.3783280594798,1.0917593092805369,1,0,0,40,0,0,0.7800260447570165,0.5503963295961174,0.0,0.05123773558212505,100.0,46.10709796247184,0.0,0.0,24.325666783590812,185.76155422433177
1371,scarce,131.63765927341058,87.00117042112707,9.706014186674267,0.2513707888378069,1.488586594186279,424.8277223791665,1.0721741328703138,1,0,0,40,0,0,0.7804636317855964,0.5492078196011532,0.0,0.051237822290178654,100.0,46.107175988104245,0.0,0.0,24.325666783590812,186.50121352405512
1372,scarce,131.50224716174392,86.85074130328846,9.713336405504068,0.26125553438821875,1.7810260660071449,424.845766130602,1.0541191951207443,1,0,0,40,0,0,0.780586990576856,0.5480191739115187,0.0,0.05123790899808493,100.0,46.10725401360407,0.0,0.0,24.325666783590812,187.15441878496964
1373,scarce,131.37557057225288,86.68321926441897,9.725944361866443,0.2710728402578407,1.8224144686080426,422.34174327307846,1.037313005978306,1,0,0,40,0,0,0.7806317121131029,0.5468304790281943,0.0,0.05123799570584386,100.0,46.1073320389713,0.0,0.0,24.325666783590812,187.78437716919444
1374,scarce,131.25771929113805,86.50066593686157,9.743642979937274,0.2811202415042679,1.5825030474282205,417.3217616005859,1.020930620506479,1,0,0,40,0,0,0.7811279752604585,0.5456412382554078,0.0,0.05123808241345541,100.0,46.107410064205915,0.0,0.0,24.325666783590812,188.41471319323654
1375,scarce,131.1491067635996,86.3035997168955,9.765421126826507,0.29084907664505305,1.4756600265138142,414.64365084128804,0.9961969618984339,1,0,0,40,0,0,0.7815465666556148,0.5444515370320866,0.0,0.05123816912091964,100.0,46.107488089307964,0.0,0.0,24.325666783590812,189.05362813436565
1376,scarce,131.04977192568793,86.09250891927431,9.790695499385416,0.30069841998572516,1.6565394227655368,414.347871176622,0.9707766744851273,1,0,0,40,0,0,0.7827538339451335,0.543260507814747,0.0,0.05123825582823652,100.0,46.10756611427741,0.0,0.0,24.325666783590812,180.7186198136525
1377,scarce,130.95972882835747,85.86883465476447,9.817175390535573,0.30995203050588177,1.883726263636006,412.71523873280967,0.946568810032498,1,0,0,40,0,0,0.7837106716074513,0.5420684260759787,0.0,0.05123834253540605,100.0,46.10764413911427,0.0,0.0,24.325666783590812,190.28268097945457
1378,scarce,130.87996195390363,85.63389995663323,9.844050427812627,0.31850694540228686,1.9091949111710413,409.16314098404837,0.923608363982983,1,0,0,40,0,0,0.7850284506653056,0.5408748947802469,0.0,0.05123842924242823,100.0,46.10772216381853,0.0,0.0,24.325666783590812,199.85711202151225
1379,scarce,130.81176252482788,85.38963329793408,9.866667458894025,0.3260423521644862,1.7368723764363172,409.0928797653978,0.92849649628044,1,0,0,40,0,0,0.7845417043875134,0.5396818989054205,0.0,0.05123851594930307,100.0,46.10780018839019,0.0,0.0,24.325666783590812,209.553429470528
1380,scarce,130.75456749111657,85.1369761944298,9.884797426850316,0.3326606302432366,1.7100540579595176,408.2101955264152,0.9383003403889901,1,0,0,40,0,0,0.7852518295057944,0.5384881218929642,0.0,0.05123860265603057,100.0,46.107878212829284,0.0,0.0,24.325666783590812,210.18248789323746
1381,scarce,130.70598531052184,84.87676289634045,9.895199908895908,0.3391597781561009,1.7452780267396317,406.99098226160277,0.9384016043004664,1,0,0,40,0,0,0.7848738344988954,0.5372947606750154,0.0,0.05123868936261072,100.0,46.10795623713578,0.0,0.0,24.325666783590812,210.63291719097916
1382,scarce,130.66709202353272,84.60992566526616,9.896877981884696,0.345010696910444,1.7017870521340996,403.74390494194813,0.9385885167455239,1,0,0,40,0,0,0.7844424146041733,0.5361018740189509,0.0,0.05123877606904353,100.0,46.108034261309676,0.0,0.0,24.325666783590812,220.01082626390334
1383,scarce,130.63886131618457,84.3386067512022,9.89089101975202,0.34871637831962166,1.6997044888395556,401.0236576286552,0.935485370715015,1,0,0,40,0,0,0.7850946051279666,0.5349082699533101,0.0,0.05123886277532899,100.0,46.10811228535099,0.0,0.0,24.325666783590812,220.51506686122352
1384,scarce,130.62094869197605,84.06233627416466,9.875622063760748,0.3533194931516465,1.711095178622714,400.8653117831418,0.9421622713282201,1,0,0,40,0,0,0.7847355102161583,0.5337150608920723,0.0,0.05123894948146711,100.0,46.10819030925971,0.0,0.0,24.325666783590812,221.10221580044873
1385,scarce,130.61440731493147,83.78420732567285,9.852787485501075,0.3547741806798074,1.698782149818371,399.79294305777876,0.9492636649652005,1,0,0,40,0,0,0.7851861646088436,0.5325213561110026,0.0,0.051239036187457884,100.0,46.108268333035845,0.0,0.0,24.325666783590812,239.723978924728
1386,scarce,130.61819529953678,83.5063453349675,9.822953407451317,0.35411346160461915,1.6650803738807696,399.5193275167112,0.9510341897151356,1,0,0,40,0,0,0.7856673784603719,0.5313271219946962,0.0,0.05123912289330131,100.0,46.108346356679384,0.0,0.0,24.325666783590812,231.23386870084906
1387,scarce,130.63299221995015,83.23050697412849,9.78616307127858,0.35141125744201007,1.7200346787165546,398.7916704771051,0.9485819830902886,1,0,0,40,0,0,0.7852120792086547,0.5301333887075667,0.0,0.0512392095989974,100.0,46.108424380190336,0.0,0.0,24.325666783590812,231.6253960470878
1388,scarce,130.6589190965847,82.95866748067462,9.743493586481957,0.346644493177363,1.7140199107969838,399.2626842101454,0.9462942853111804,1,0,0,40,0,0,0.784981329388281,0.5289399092452396,0.0,0.05123929630454614,100.0,46.10850240356869,0.0,0.0,24.325666783590812,232.1175897793064
1389,scarce,130.69501446708782,82.6906625118873,9.69732164643472,0.34224518919063546,1.670238333482997,398.8184586540592,0.919865889420341,1,0,0,40,0,0,0.7856783667044397,0.5277456630418647,0.0,0.051239383009947556,100.0,46.108580426814484,0.0,0.0,24.325666783590812,232.65877533651778
1390,scarce,130.74249000627282,82.4287237162944,9.649608727476107,0.33569524406372425,1.6214284995627046,400.49862920306623,0.9113922084341084,1,0,0,40,0,0,0.7865728522626617,0.5265504329043758,0.0,0.05123946971520161,100.0,46.10865844992767,0.0,0.0,24.325666783590812,233.18610412237223
1391,scarce,130.80009841755128,82.17494262990137,9.601448106816935,0.32727046488308215,1.5843032217956303,403.27349910255,0.9027000919022459,1,0,0,40,0,0,0.7871428299634713,0.5253545757914159,0.0,0.05123955642030833,100.0,46.10873647290827,0.0,0.0,24.325666783590812,233.63568358114986
1392,scarce,130.86706916712512,81.93219698030582,9.553155955608355,0.3173083147322805,1.5639721926116754,404.1999434921672,0.9014250236229273,1,0,0,40,0,0,0.7868016354930102,0.5241590939923736,0.0,0.05123964312526771,100.0,46.108814495756285,0.0,0.0,24.325666783590812,234.28474895363007
1393,scarce,130.9445839891261,81.70124905349755,9.50793083922019,0.3061774875641157,1.5763805725607791,402.6863068236926,0.916044561100006,1,0,0,40,0,0,0.7874972983479107,0.5229628469641909,0.0,0.051239729830079746,100.0,46.10889251847171,0.0,0.0,24.325666783590812,234.91051565945622
1394,scarce,131.03194605771938,81.48410261183024,9.465830851711377,0.2934098354830751,1.6186603023951078,401.1938707221416,0.9316644473609407,1,0,0,40,0,0,0.7871243272608022,0.521767010204204,0.0,0.05123981653474444,100.0,46.108970541054546,0.0,0.0,24.325666783590812,226.59944144978
1395,scarce,131.12656534574168,81.28122143128715,9.42861246094218,0.2801643355390183,1.5966655125011326,396.98929379814217,0.946342340313904,1,0,0,40,0,0,0.7875098432434992,0.5205707493766362,0.0,0.051239903239261794,100.0,46.10904856350479,0.0,0.0,24.325666783590812,227.24484476203824
1396,scarce,131.22962565852535,81.09416241048717,9.398442749215851,0.2659397506519632,1.635400164693897,390.8645382415925,0.9620391400646009,1,0,0,40,0,0,0.7884211985057055,0.5193734860582799,0.0,0.051239989943631804,100.0,46.10912658582246,0.0,0.0,24.325666783590812,200.9021744173831
1397,scarce,131.33959528618567,80.92403376874066,9.373413771977747,0.2516718946181633,1.6774983041553369,386.0299404653342,0.9822353278984187,1,0,0,40,0,0,0.7875955125063556,0.5181771309945228,0.0,0.05124007664785449,100.0,46.109204608007545,0.0,0.0,24.325666783590812,201.47246275326347
1398,scarce,131.4560365365405,80.77013712982735,9.354943066224154,0.23945869044698287,1.611530955695913,384.5445006919472,1.030276661307678,1,0,0,40,0,0,0.7872268546246047,0.5169811814544358,0.0,0.05124016335192981,100.0,46.10928263006003,0.0,0.0,24.325666783590812,202.06321947593105
1399,scarce,131.57945402714802,80.63452709748171,9.342330592682263,0.22742380881493768,1.4373066173909552,383.22077098762384,1.0804494518550272,1,0,0,40,0,0,0.7862166871976772,0.5157863430985183,0.0,0.05124025005585781,100.0,46.10936065197994,0.0,0.0,24.325666783590812,202.73826492459142
1400,scarce,131.70816125275067,80.51714737531049,9.337203977367787,0.2162119550774452,1.5036624261093487,383.97768960094254,1.0799799980108764,1,0,0,40,0,0,0.7863268073369925,0.5145913836104477,0.0,0.05124033675963846,100.0,46.10943867376726,0.0,0.0,24.325666783590812,194.49264795048168
1401,scarce,131.8413269636273,80.41745057818468,9.339766095597989,0.20561060862320193,1.386586022275237,384.15471853837516,1.1013801425647227,1,0,0,40,0,0,0.7865807917517442,0.5133961447395208,0.0,0.05124042346327178,100.0,46.109516695421995,0.0,0.0,24.325666783590812,204.16236705109242
1402,scarce,131.97891348163074,80.33758827457537,9.348629828603203,0.19712382301873355,1.4311588072403199,387.1950164442678,1.1160450016320924,1,0,0,40,0,0,0.7854536227555464,0.5122021457544897,0.0,0.05124051016675776,100.0,46.109594716944144,0.0,0.0,24.325666783590812,195.8077096157466
1403,scarce,132.11917589870896,80.27758001620612,9.36491212423507,0.1898389673203304,1.5675655627137053,388.55236064692144,1.1248310610522465,1,0,0,40,0,0,0.7853068327821597,0.5110083082384292,0.0,0.0512405968700964,100.0,46.109672738333714,0.0,0.0,24.325666783590812,196.54950248370727
1404,scarce,132.26136254413152,80.23919434813153,9.387727799324923,0.18434409452991113,1.785075745045189,388.8749399613953,1.1250980816085927,1,0,0,40,0,0,0.784493690671851,0.5098153651786903,0.0,0.05124068357328771,100.0,46.1097507595907,0.0,0.0,24.325666783590812,197.22524287505888
1405,scarce,132.40459325970042,80.22076000159421,9.418941354635269,0.18199524651162025,1.6788709271919786,393.43256481278513,1.1254423365042805,1,0,0,40,0,0,0.7851082114278836,0.5086217461461195,0.0,0.05124077027633168,100.0,46.1098287807151,0.0,0.0,24.325666783590812,179.9309071680109
1406,scarce,132.548759469333,80.22332135531772,9.4582492308292,0.1825841397973036,1.6348201180853734,399.89402282770607,1.1266869050975865,1,0,0,40,0,0,0.7851985176426778,0.5074280277767127,0.0,0.051240856979228304,100.0,46.10990680170692,0.0,0.0,24.325666783590812,180.62407042090888
1407,scarce,132.69334451864688,80.2455834213103,9.506847259093638,0.18604302042381765,1.5125759125937273,402.99089251751866,1.1277067873585427,1,0,0,40,0,0,0.786153055541321,0.5062332594156171,0.0,0.05124094368197759,100.0,46.10998482256614,0.0,0.0,24.325666783590812,163.25674791712242
1408,scarce,132.83840761740606,80.28770921772684,9.56289273193213,0.19341613424815307,1.6054229378507074,402.89430870999786,1.1300300410162172,1,0,0,40,0,0,0.7860810231397494,0.5050385702901634,0.0,0.05124103038457954,100.0,46.11006284329279,0.0,0.0,24.325666783590812,145.8478208688157
1409,scarce,132.98297552638894,80.35008981391991,9.624881798232643,0.20290194167813325,1.6058279710924281,402.3294111014402,1.142478842672252,1,0,0,40,0,0,0.7852490070109861,0.5038447963824513,0.0,0.05124111708703416,100.0,46.11014086388685,0.0,0.0,24.325666783590812,146.41555809028387
1410,scarce,133.12475426220632,80.43184383035077,9.69246522281158,0.213047857215336,1.59288863118806,405.2785093244456,1.1357264277256274,1,0,0,40,0,0,0.7847602232940503,0.502651560136828,0.0,0.051241203789341445,100.0,46.110218884348335,0.0,0.0,24.325666783590812,147.05283697606555
1411,scarce,133.26486432729834,80.53259265664451,9.764110232416783,0.2253371922672337,1.7605373410830363,407.3332716609293,1.120945247335989,1,0,0,40,0,0,0.7837681010091114,0.501459415225718,0.0,0.05124129049150139,100.0,46.110296904677234,0.0,0.0,24.325666783590812,147.71656346605147
1412,scarce,133.40122811746696,80.65293480948851,9.838871098827989,0.23823561418222805,1.5659617228574059,407.75427305104677,1.1061381831091683,1,0,0,40,0,0,0.7830109706583197,0.5002681031579937,0.0,0.051241377193514,100.0,46.110374924873554,0.0,0.0,24.325666783590812,148.34884970017876
1413,scarce,133.53323690173983,80.79190904130397,9.915877218420011,0.25167305786448774,1.5714011343229117,408.4220685013861,1.0911495622926524,1,0,0,40,0,0,0.7828748955132825,0.49907694077292913,0.0,0.05124146389537927,100.0,46.110452944937286,0.0,0.0,24.325666783590812,148.9053964469498
1414,scarce,133.66106077759585,80.94925123740978,9.993228628722054,0.265987339537033,1.4677293731672236,411.985843988281,1.0425009029346568,1,0,0,40,0,0,0.7824268496541429,0.4978862712383096,0.0,0.051241550597097216,100.0,46.11053096486844,0.0,0.0,24.325666783590812,149.4667367530325
1415,scarce,133.78190747399563,81.12305519061684,10.06993248975301,0.27871501819220706,1.6693007836058158,412.51388819627755,1.005484804271308,1,0,0,40,0,0,0.7826746795890945,0.49669532909076153,0.0,0.05124163729866781,100.0,46.110608984667,0.0,0.0,24.325666783590812,141.2038047549493
1416,scarce,133.8976961738659,81.31121200714665,10.145081865174735,0.2913154909467306,1.7062886915787931,410.7173554414476,0.9829630154867872,1,0,0,40,0,0,0.7831643486554022,0.4955038483072407,0.0,0.05124172400009108,100.0,46.110687004332995,0.0,0.0,24.325666783590812,132.85483209280406
1417,scarce,134.00543451464662,81.5119347847648,10.217358416570153,0.3013807635953209,1.7348812979173611,411.38521702975413,0.9647536730928352,1,0,0,40,0,0,0.7838334601725425,0.49431163150105084,0.0,0.051241810701367026,100.0,46.11076502386641,0.0,0.0,24.325666783590812,142.50296599274662
1418,scarce,134.10498985520957,81.72524713060898,10.284513818248609,0.3117524054821241,1.616928385275108,413.36108575744584,0.9649779511054956,1,0,0,40,0,0,0.7837992100340383,0.4931194523700134,0.0,0.051241897402495636,100.0,46.110843043267245,0.0,0.0,24.325666783590812,143.17374146833248
1419,scarce,134.1968575117632,81.950794441664,10.345878599389144,0.3211017092495232,1.6611501605569745,421.3256319713546,0.967862307507589,1,0,0,40,0,0,0.7839461318692409,0.49192711162495717,0.0,0.051241984103476905,100.0,46.110921062535496,0.0,0.0,24.325666783590812,143.85821270137154
1420,scarce,134.2811153499031,82.18680809841797,10.401301853482646,0.3291887034333397,1.8512453160804387,428.7251532667142,0.985880139115032,1,0,0,40,0,0,0.7848053995391149,0.4907338256854642,0.0,0.051242070804310834,100.0,46.11099908167115,0.0,0.0,24.325666783590812,135.49135014576808
1421,scarce,134.35721067970184,82.43263348391675,10.450756380405473,0.3370177765750136,1.7253075836916554,435.8727509175078,1.010115349755307,1,0,0,40,0,0,0.786134896923495,0.4895390772988484,0.0,0.05124215750499743,100.0,46.111077100674244,0.0,0.0,24.325666783590812,136.18187622646474
1422,scarce,134.42529690854502,82.68655049144692,10.492590790789993,0.34356947101461965,1.8381330346286138,440.8796687531285,1.041639348389674,1,0,0,40,0,0,0.7867380723534692,0.4883436654192595,0.0,0.05124224420553671,100.0,46.11115511954476,0.0,0.0,24.325666783590812,145.83133998551344
1423,scarce,134.48498110163345,82.94735604372568,10.525746699301088,0.34853210935114887,1.792645566898726,443.8812304742314,1.074453552325198,1,0,0,40,0,0,0.7868472921541436,0.48714813339789,0.0,0.05124233090592865,100.0,46.111233138282685,0.0,0.0,24.325666783590812,146.4607222940577
1424,scarce,134.53645284783704,83.21426461604653,10.54973785935212,0.3535319751065149,1.7783706245855924,446.73684363017674,1.1090444440657188,1,0,0,40,0,0,0.786594514589077,0.485952879431842,0.0,0.05124241760617325,100.0,46.11131115688803,0.0,0.0,24.325666783590812,156.15111568940307
1425,scarce,134.5765280468175,83.48455727243349,10.565201711942493,0.3555110195845779,1.7960810741864726,448.9345357706625,1.14121617829911,1,0,0,40,0,0,0.7866182382183249,0.4847575993698019,0.0,0.05124250430627053,100.0,46.11138917536081,0.0,0.0,24.325666783590812,156.88126044788288
1426,scarce,134.60746651659463,83.75682372353042,10.57166877689804,0.35558762214229256,1.9122109112500838,451.0598160124209,1.12833882450161,1,0,0,40,0,0,0.7868081081846676,0.48356211045079867,0.0,0.05124259100622047,100.0,46.111467193701,0.0,0.0,24.325666783590812,148.46254147165374
1427,scarce,134.62700067029488,84.02979171760799,10.568658053522144,0.3538790543472672,2.0334483473394065,454.83897815392993,1.1163228762325335,1,0,0,40,0,0,0.7863204069513156,0.4823671580031522,0.0,0.05124267770602309,100.0,46.11154521190862,0.0,0.0,24.325666783590812,149.11735513726134
1428,scarce,134.63543261431636,84.30282061951827,10.55773840074593,0.3523429419889588,1.9109706971753913,456.7079359197087,1.1042442116628468,1,0,0,40,0,0,0.7865373661186148,0.48117196690042174,0.0,0.05124276440567837,100.0,46.11162322998366,0.0,0.0,24.325666783590812,149.6532440122279
1429,scarce,134.63298266823875,84.57302392221337,10.539473891089495,0.34760778169991313,2.0466206145841306,458.963496373457,1.0847276807016755,1,0,0,40,0,0,0.786849552556553,0.47997643239260956,0.0,0.05124285110518632,100.0,46.11170124792611,0.0,0.0,24.325666783590812,150.28676441177032
1430,scarce,134.61886889590568,84.83865110800943,10.516259490812821,0.3414775063958794,1.8970560003920487,460.4857623904245,1.0514629954847157,1,0,0,40,0,0,0.7882345142736265,0.4787793744269086,0.0,0.05124293780454694,100.0,46.111779265736,0.0,0.0,24.325666783590812,151.04222285861925
1431,scarce,134.59433145066606,85.09832540904215,10.487291792909492,0.33453340559563455,2.002399630695359,463.89846692440915,1.0200535664881287,1,0,0,40,0,0,0.7885926548988162,0.4775819225065199,0.0,0.05124302450376023,100.0,46.11185728341331,0.0,0.0,24.325666783590812,151.68167984125392
1432,scarce,134.56067173309094,85.35057685254608,10.452947092301176,0.32524356088278444,2.044205066809938,470.00851067695476,1.0049536942200596,1,0,0,40,0,0,0.7889224374845403,0.47638410782528695,0.0,0.051243111202826194,100.0,46.11193530095803,0.0,0.0,24.325666783590812,143.3373749357544
1433,scarce,134.5179518349558,85.59403691138394,10.413624580789612,0.31540549533425677,1.9654272042537955,473.10762845656427,0.9999586006022365,1,0,0,40,0,0,0.7886894539905314,0.4751865494258974,0.0,0.05124319790174483,100.0,46.11201331837019,0.0,0.0,24.325666783590812,143.95123483624297
1434,scarce,134.46542078294146,85.82782318462203,10.370806755494474,0.3048067879935183,2.003039193587702,472.96309822516923,0.9958849825857136,1,0,0,40,0,0,0.7889636657500771,0.4739886893935722,0.0,0.05124328460051613,100.0,46.11209133564976,0.0,0.0,24.325666783590812,144.56359765655915
1435,scarce,134.40431264061223,86.05000992120111,10.326418270390752,0.2923486673226181,2.057551902368467,471.58629471798486,1.0085329728289538,1,0,0,40,0,0,0.7897238350362283,0.4727899931750324,0.0,0.05124337129914011,100.0,46.11216935279676,0.0,0.0,24.325666783590812,154.0745413762484
1436,scarce,134.3345094406653,86.25934991225247,10.281414918750691,0.27947039346333935,1.8494525182059238,469.87557617368293,1.0449532151908207,1,0,0,40,0,0,0.790295039844739,0.47159066863120314,0.0,0.05124345799761676,100.0,46.112247369811186,0.0,0.0,24.325666783590812,154.6741183932219
1437,scarce,134.2566056367644,86.45463589709748,10.23540971876163,0.2646090429010114,1.75337646508608,466.3587651659909,1.092134519639216,1,0,0,40,0,0,0.7901759975899306,0.47039147503385426,0.0,0.05124354469594607,100.0,46.11232538669302,0.0,0.0,24.325666783590812,155.28136148077314
1438,scarce,134.1706513084534,86.63537546879823,10.190645008005177,0.2504105361165245,1.976267226621923,460.51273382562795,1.120892431396571,1,0,0,40,0,0,0.7907184277098742,0.46919168476337336,0.0,0.05124363139412806,100.0,46.1124034034423,0.0,0.0,24.325666783590812,155.9280364513571
1439,scarce,134.0759623549299,86.8010569163642,10.147973331425117,0.23652012903097963,1.770516238627278,463.7591531978542,1.1348967438161384,1,0,0,40,0,0,0.7911091067960735,0.4679914647458977,0.0,0.05124371809216272,100.0,46.112481420059,0.0,0.0,24.325666783590812,156.4716207100853
1440,scarce,133.97268470799315,86.95221908339879,10.10930229403879,0.22399761426815423,1.9294183912537286,468.634063913516,1.1366211710104235,1,0,0,40,0,0,0.79190496381778,0.46679036928569817,0.0,0.05124380479005006,100.0,46.11255943654312,0.0,0.0,24.325666783590812,166.01081517210417
1441,scarce,133.86175258419567,87.08512970008681,10.075292243847372,0.21110719779799597,1.9673685011670101,474.43028916810727,1.1217379620448127,1,0,0,40,0,0,0.7919659093632371,0.4655892067853985,0.0,0.05124389148779007,100.0,46.112637452894674,0.0,0.0,24.325666783590812,166.63756386237645
1442,scarce,133.74534049566063,87.1993678235498,10.048049457532215,0.198211541215152,1.939394703985008,480.2413489340106,1.1233753033004297,1,0,0,40,0,0,0.7922475886346625,0.4643877344379005,0.0,0.05124397818538275,100.0,46.112715469113645,0.0,0.0,24.325666783590812,167.23873746122302
1443,scarce,133.6242990022782,87.29539056892682,10.028290826376672,0.18675185527045463,2.0837951977804083,484.70475480310415,1.1256479065726763,1,0,0,40,0,0,0.7927060648758466,0.4631857577665371,0.0,0.05124406488282811,100.0,46.11279348520005,0.0,0.0,24.325666783590812,176.811885142211
1444,scarce,133.4989094622613,87.37379804245964,10.015960934793403,0.17772482298888592,2.114193818399754,488.08093511351035,1.1285706049152986,1,0,0,40,0,0,0.7928461158157534,0.46198362703913964,0.0,0.05124415158012614,100.0,46.112871501153876,0.0,0.0,24.325666783590812,177.3701289379197
1445,scarce,133.36875680671497,87.43397676962198,10.01081875428499,0.171980311258365,2.129020033321816,491.7824118553108,1.131739774509455,1,0,0,40,0,0,0.7921840767865184,0.46078222455467455,0.0,0.05124423827727685,100.0,46.112949516975135,0.0,0.0,24.325666783590812,169.00523069694893
1446,scarce,133.2331391847926,87.47365223098694,10.011882964581465,0.16926877543909777,2.0840331369540843,493.010270104598,1.1359719089912141,1,0,0,40,0,0,0.7907497052987624,0.4595823998788459,0.0,0.05124432497428022,100.0,46.1130275326638,0.0,0.0,24.325666783590812,169.6467817653746
1447,scarce,133.09455293606578,87.4926922884145,10.017553408235779,0.16857009045026858,2.049002277149431,495.85894803265546,1.141472602673518,1,0,0,40,0,0,0.7884904474852584,0.45838506038661214,0.0,0.05124441167113628,100.0,46.11310554821992,0.0,0.0,24.325666783590812,179.17712133666654
1448,scarce,132.95247780716545,87.4900869292928,10.031048661064247,0.17290025278153634,2.0974393428684786,496.7232539389079,1.1501694806028548,1,0,0,40,0,0,0.788355537968169,0.45718786929484717,0.0,0.05124449836784501,100.0,46.11318356364345,0.0,0.0,24.325666783590812,179.67394292509806
1449,scarce,132.80872109911436,87.46522767987577,10.051205360347916,0.18127785315012954,2.1381663221277045,494.2293667448248,1.1726647382965187,1,0,0,40,0,0,0.7878454025471389,0.4559912393520452,0.0,0.05124458506440642,100.0,46.11326157893442,0.0,0.0,24.325666783590812,180.30313037208316
1450,scarce,132.6643452879643,87.41786123867229,10.07692056671278,0.19187639777027682,1.9295358579930209,488.0782424012141,1.176233653729379,1,0,0,40,0,0,0.78688460615714,0.4547956662852724,0.0,0.051244671760820495,100.0,46.11333959409281,0.0,0.0,24.325666783590812,181.09502598399558
1451,scarce,132.51944691954813,87.35012429116037,10.107864203921107,0.20341494623844883,2.0766648715519507,479.06306989067525,1.163994690852811,1,0,0,40,0,0,0.7867159201249935,0.4536002787731349,0.0,0.05124475845708726,100.0,46.11341760911863,0.0,0.0,24.325666783590812,181.76904892188105
1452,scarce,132.3742453774254,87.26315792824056,10.144601970137554,0.21674150458729005,1.9692200005575766,469.1162215809163,1.152932344054789,1,0,0,40,0,0,0.7876956312024499,0.4524038135788122,0.0,0.05124484515320669,100.0,46.113495624011875,0.0,0.0,24.325666783590812,182.40452285699695
1453,scarce,132.2292236705689,87.15603484322881,10.185184212315793,0.23176789560000466,2.0056196694860957,468.36627449304797,1.1567356984212263,1,0,0,40,0,0,0.7876851028748313,0.45120735996565,0.0,0.0512449318491788,100.0,46.11357363877255,0.0,0.0,24.325666783590812,192.0534337743566
1454,scarce,132.08610679052705,87.03031155182083,10.22901579486549,0.2464095345948148,2.019840586106692,471.3249831978319,1.1435584086303885,1,0,0,40,0,0,0.7880472055306051,0.4500105080395663,0.0,0.05124501854500358,100.0,46.11365165340065,0.0,0.0,24.325666783590812,192.76682017057902
1455,scarce,131.94451640996652,86.88714937977755,10.274361753061502,0.2620550251789178,1.8615881979189706,476.0219956777437,1.1204735105531203,1,0,0,40,0,0,0.7877971280016682,0.4488139311987644,0.0,0.051245105240681044,100.0,46.11372966789619,0.0,0.0,24.325666783590812,193.47397806419244
1456,scarce,131.80668977748405,86.7255920407707,10.320209731593229,0.2770058922966382,1.8655276924837643,477.4104559946136,1.1167701800110463,1,0,0,40,0,0,0.7874719892356452,0.4476177120106052,0.0,0.051245191936211194,100.0,46.11380768225916,0.0,0.0,24.325666783590812,194.28643260282493
1457,scarce,131.67185100767682,86.5483416893522,10.365875756384042,0.2907456296965083,1.9230596310669248,475.8629472822431,1.0990456516022833,1,0,0,40,0,0,0.7875162981148566,0.44642144408267886,0.0,0.05124527863159401,100.0,46.11388569648955,0.0,0.0,24.325666783590812,194.885061414304
1458,scarce,131.54076935499285,86.35720881797702,10.414154461740003,0.3021612720404182,2.0469113419271947,471.8346350011125,1.082366637333666,1,0,0,40,0,0,0.7898361117809907,0.4452226243597198,0.0,0.05124536532682951,100.0,46.11396371058738,0.0,0.0,24.325666783590812,195.4915225276804
1459,scarce,131.41386888828387,86.15212490315243,10.462054566306946,0.31360450488596514,1.9350119799067855,467.4151703532407,1.0661529893529598,1,0,0,40,0,0,0.7906815022312569,0.44402287470726537,0.0,0.05124545202191769,100.0,46.11404172455263,0.0,0.0,24.325666783590812,205.11280651921842
1460,scarce,131.29139481490628,85.9349757784198,10.508979187224913,0.3230058381872778,1.7272030498730224,465.1388944981154,1.0504419929872786,1,0,0,40,0,0,0.7916772160597576,0.4428220297695996,0.0,0.051245538716858545,100.0,46.11411973838532,0.0,0.0,24.325666783590812,196.70636127847388
1461,scarce,131.17522341460446,85.70621335478312,10.551559759878492,0.3321611069232218,1.7970032324952356,468.16195812997466,1.042975640448303,1,0,0,40,0,0,0.791041890708596,0.44162188368982014,0.0,0.051245625411652077,100.0,46.11419775208543,0.0,0.0,24.325666783590812,197.36686577712857
1462,scarce,131.06658337181358,85.46598389850325,10.588579084271348,0.3414196882275319,1.8842329491437304,469.81179462504224,1.0509699003308914,1,0,0,40,0,0,0.7904106076077426,0.44042243202145165,0.0,0.051245712106298295,100.0,46.11427576565298,0.0,0.0,24.325666783590812,198.06275109031364
1463,scarce,130.96613336730357,85.21512162629973,10.618150634243316,0.3495476514254976,1.8147311549773382,472.5591351949988,1.0635023246932693,1,0,0,40,0,0,0.7894049719574353,0.4392240865522985,0.0,0.05124579880079719,100.0,46.114353779087956,0.0,0.0,24.325666783590812,207.7345706883854
1464,scarce,130.87507700569162,84.95551628247918,10.640466359157054,0.3548550605020181,1.7483657155483807,475.0805932759249,1.0945422353168333,1,0,0,40,0,0,0.7895433541277821,0.4380255888627579,0.0,0.05124588549514876,100.0,46.11443179239037,0.0,0.0,24.325666783590812,208.4478080072795
1465,scarce,130.79300225247192,84.68929648129176,10.654261108195126,0.3582779014300263,1.779025330355649,475.88993699521234,1.1222048455595481,1,0,0,40,0,0,0.7896584217320548,0.4368269645988526,0.0,0.05124597218935301,100.0,46.11450980556021,0.0,0.0,24.325666783590812,218.0294212187495
1466,scarce,130.71991326985687,84.41796103322432,10.658070935201449,0.36054984241857574,1.8902106888519346,476.3694840084645,1.1370168087457369,1,0,0,40,0,0,0.7894445708947997,0.43562857557086837,0.0,0.051246058883409946,100.0,46.114587818597485,0.0,0.0,24.325666783590812,218.65718293548426
1467,scarce,130.65672151027843,84.1421077716244,10.648849725897689,0.3622275357470338,1.9110271262490663,474.61976929001685,1.1573444192156546,1,0,0,40,0,0,0.7874431216353273,0.43443238813706947,0.0,0.05124614557731957,100.0,46.114665831502194,0.0,0.0,24.325666783590812,219.3377538856471
1468,scarce,130.60323262924,83.86312491574913,10.62646092253007,0.3627710618365988,2.042725097046271,472.6745346067619,1.1774890257938058,1,0,0,40,0,0,0.7857636768741674,0.433238048092508,0.0,0.051246232271081854,100.0,46.11474384427432,0.0,0.0,24.325666783590812,219.95444798808307
1469,scarce,130.55935425211572,83.58162489121345,10.591983664501617,0.3629641729844914,1.94258625847175,473.16647944855504,1.1688670527799796,1,0,0,40,0,0,0.785112929051231,0.4320444238705516,0.0,0.05124631896469684,100.0,46.114821856913906,0.0,0.0,24.325666783590812,229.4718615357853
1470,scarce,130.5256355198166,83.29988445276982,10.544776147846658,0.36083682177258036,1.8119336718286359,473.98834957355575,1.1501487610402663,1,0,0,40,0,0,0.7840086943881153,0.43085201430672465,0.0,0.0512464056581645,100.0,46.11489986942091,0.0,0.0,24.325666783590812,230.0465773607103
1471,scarce,130.50339221023677,83.01913644416335,10.486482475545454,0.35754991531725394,1.8264442169092654,474.1765863985129,1.13318239504929,1,0,0,40,0,0,0.7836532403735059,0.42965999574231384,0.0,0.05124649235148483,100.0,46.11497788179534,0.0,0.0,24.325666783590812,221.54589659819004
1472,scarce,130.49106784583165,82.73994776142015,10.41681681391041,0.3536763455338277,1.980009233268369,472.8265155547633,1.1180912402541812,1,0,0,40,0,0,0.7828105071979143,0.42846890418439604,0.0,0.05124657904465787,100.0,46.115055894037226,0.0,0.0,24.325666783590812,231.0320487043733
1473,scarce,130.48784069267236,82.46423237686646,10.338379699844134,0.3485660569853701,1.8807122402289984,470.69114150053065,1.1044051490570919,1,0,0,40,0,0,0.7832881677029558,0.4272772871999228,0.0,0.05124666573768357,100.0,46.11513390614653,0.0,0.0,24.325666783590812,231.47228679595747
1474,scarce,130.4946869750092,82.19522191094828,10.252270255965332,0.3407104784395547,1.7593661955518212,465.75803244618874,1.0922475328373222,1,0,0,40,0,0,0.7832152115263284,0.42608575046724384,0.0,0.05124675243056197,100.0,46.115211918123286,0.0,0.0,24.325666783590812,231.93965162651293
1475,scarce,130.5119477837597,81.93252205359718,10.1617532485354,0.3322692987641496,1.7677779520138137,461.71087522793096,1.0957951940507467,1,0,0,40,0,0,0.7842374809420701,0.42489308923820757,0.0,0.051246839123293045,100.0,46.11528992996746,0.0,0.0,24.325666783590812,232.3990457088984
1476,scarce,130.53860927446496,81.67940535694757,10.065488263195565,0.3217076282411668,1.6881843542670065,458.1708938163865,1.082572397131661,1,0,0,40,0,0,0.7831538748002759,0.42370161997592726,0.0,0.0512469258158768,100.0,46.115367941679075,0.0,0.0,24.325666783590812,232.8995222470724
1477,scarce,130.57498820425917,81.43628778583282,9.969348883058885,0.31022828920503226,1.7602047582533273,453.6399024596467,1.070563252740025,1,0,0,40,0,0,0.7847197007488981,0.4225084283051035,0.0,0.05124701250831323,100.0,46.11544595325812,0.0,0.0,24.325666783590812,233.42298713501108
1478,scarce,130.62103300044447,81.20544892846655,9.874467760820218,0.29697979317870743,1.649114705051499,450.59541197824,1.0830198175151726,1,0,0,40,0,0,0.7850678993886891,0.42131485361577603,0.0,0.051247099200602365,100.0,46.1155239647046,0.0,0.0,24.325666783590812,233.9607538424274
1479,scarce,130.6773413922952,80.98776522917223,9.783564094487396,0.2827444721152532,1.690530480904784,450.84290471360146,1.102235901762454,1,0,0,40,0,0,0.785704649273508,0.4201205785015751,0.0,0.05124718589274417,100.0,46.115601976018525,0.0,0.0,24.325666783590812,225.51947599196927
1480,scarce,130.74306484019496,80.78475922487635,9.699207230874856,0.26740045101858456,1.8102771938752305,451.59305770762876,1.1215510542734788,1,0,0,40,0,0,0.7864405088697213,0.41892549394181844,0.0,0.05124727258473867,100.0,46.11567998719988,0.0,0.0,24.325666783590812,226.00847177892894
1481,scarce,130.81657768619937,80.59853979318595,9.623008385271763,0.2519504898704488,1.8135173740800468,450.0634053965041,1.1419551011735993,1,0,0,40,0,0,0.7866917224573656,0.41773013304711526,0.0,0.05124735927658585,100.0,46.11575799824867,0.0,0.0,24.325666783590812,217.57053946153164
1482,scarce,130.89912404340143,80.42860410203205,9.555610565119341,0.2367203897851999,1.7913491297913737,446.13425176592864,1.1634935531843256,1,0,0,40,0,0,0.7863963722696606,0.41653509703761865,0.0,0.05124744596828571,100.0,46.115836009164894,0.0,0.0,24.325666783590812,209.27974645699518
1483,scarce,130.98942658726662,80.27648974232713,9.498581038598974,0.2217380323092365,1.9134956020734193,439.8821741277716,1.1861687343422536,1,0,0,40,0,0,0.7865509424805077,0.41533989100089014,0.0,0.051247532659838266,100.0,46.11591401994856,0.0,0.0,24.325666783590812,200.93008297645557
1484,scarce,131.08737504052374,80.14272953779376,9.453394109626569,0.20668101731722344,1.7387015653097897,433.0540863666247,1.1800167413926728,1,0,0,40,0,0,0.7873972755864045,0.4141437539977451,0.0,0.0512476193512435,100.0,46.115992030599664,0.0,0.0,24.325666783590812,192.57432754154726
1485,scarce,131.19228055428215,80.02603711314192,9.419378249182845,0.19446833389433482,1.5927853888974366,426.7618484035338,1.1387288753195883,1,0,0,40,0,0,0.7873394695424787,0.41294768058124837,0.0,0.05124770604250142,100.0,46.1160700411182,0.0,0.0,24.325666783590812,184.29113995786216
1486,scarce,131.30231199260643,79.92888127967555,9.396748481710741,0.18277224563787373,1.4849168717384917,423.2361200713276,1.1006682394990546,1,0,0,40,0,0,0.7869837695871859,0.4117519984347025,0.0,0.05124779273361204,100.0,46.11614805150418,0.0,0.0,24.325666783590812,185.03076007726833
1487,scarce,131.41833766362404,79.85174352117845,9.385031434983029,0.17412336744543266,1.578153700910557,421.0072632815354,1.0670796938192386,1,0,0,40,0,0,0.7865907078577591,0.4105567486560589,0.0,0.05124787942457533,100.0,46.116226061757594,0.0,0.0,24.325666783590812,194.82661899845925
1488,scarce,131.53981336661258,79.79350599650309,9.38399544003747,0.16918768004084164,1.8015556146531282,415.7669389832299,1.038152243387237,1,0,0,40,0,0,0.7866305271017306,0.4093614550762471,0.0,0.05124796611539131,100.0,46.116304071878446,0.0,0.0,24.325666783590812,195.63311775841896
1489,scarce,131.66627557409345,79.75592236874822,9.39200953103899,0.16684434116156616,2.0067141354115883,409.7118469266861,1.0017617743057896,1,0,0,40,0,0,0.786151251849666,0.40816668869921235,0.0,0.051248052806059985,100.0,46.11638208186674,0.0,0.0,24.325666783590812,187.3393701381679
1490,scarce,131.7964356028413,79.74131713825804,9.407428121939173,0.16785401067584554,1.8456498115273685,400.53579063388315,0.9820282785304133,1,0,0,40,0,0,0.7850543110288595,0.40697312895708065,0.0,0.051248139496581344,100.0,46.11646009172247,0.0,0.0,24.325666783590812,179.07935479321264
1491,scarce,131.92934818991162,79.74941038589556,9.428605206392819,0.17264075285172442,1.5721316357134705,398.34986353767454,0.9953259018446851,1,0,0,40,0,0,0.7837485385451555,0.405781005564681,0.0,0.05124822618695539,100.0,46.116538101445634,0.0,0.0,24.325666783590812,170.90657805180075
1492,scarce,132.06409759073725,79.77964672933294,9.455150026542618,0.18237231186473984,1.6173178897538645,401.63867223823763,1.0212020043796923,1,0,0,40,0,0,0.7828846806329879,0.4045898324159847,0.0,0.05124831287718213,100.0,46.11661611103625,0.0,0.0,24.325666783590812,162.87757205074604
1493,scarce,132.1996101708821,79.8307933947119,9.484824800182334,0.19363837930272323,1.8209727543198586,409.2038062495121,1.0525319443478807,1,0,0,40,0,0,0.7815135340177217,0.4034001675285651,0.0,0.05124839956726156,100.0,46.11669412049431,0.0,0.0,24.325666783590812,154.53658306923444
1494,scarce,132.33530859748788,79.90374520428554,9.517167842342863,0.2079862626096682,1.8583641066180008,414.2533134338155,1.0846936718779625,1,0,0,40,0,0,0.7797602983298845,0.40221243120040223,0.0,0.051248486257193665,100.0,46.116772129819786,0.0,0.0,24.325666783590812,155.27148203278387
1495,scarce,132.4692637933229,79.99743195594806,9.551911888467687,0.22263255760436146,1.6918838680856392,421.2702460840301,1.1170156079253495,1,0,0,40,0,0,0.7782644409686617,0.4010263403153368,0.0,0.051248572946978474,100.0,46.11685013901272,0.0,0.0,24.325666783590812,138.09606259161828
1496,scarce,132.60270454272754,80.11173292094458,9.590986598634043,0.23853849638947802,1.6666478826373095,426.5457524384474,1.1508640656127096,1,0,0,40,0,0,0.778003382566491,0.39984053659451363,0.0,0.05124865963661596,100.0,46.116928148073086,0.0,0.0,24.325666783590812,138.7825141156492
1497,scarce,132.73328983526991,80.24542182432478,9.634369575010528,0.2541578790014497,1.693889102144814,428.30318189255195,1.1532528004577816,1,0,0,40,0,0,0.7775615775631837,0.3986552188591942,0.0,0.05124874632610614,100.0,46.11700615700089,0.0,0.0,24.325666783590812,139.4413290102969
1498,scarce,132.86127666084195,80.39780106678772,9.683654035464617,0.26978112037910174,1.7047848708812345,429.9614120738188,1.1545891842802998,1,0,0,40,0,0,0.7778523656875518,0.3974695812569379,0.0,0.05124883301544902,100.0,46.11708416579614,0.0,0.0,24.325666783590812,140.05917388588406
1499,scarce,132.98628153041548,80.567468337657,9.737842625523227,0.28486715545794106,1.6848771326874048,427.9261337617136,1.1791602768393827,1,0,0,40,0,0,0.7779270895575413,0.39628386145842454,0.0,0.051248919704644576,100.0,46.117162174458834,0.0,0.0,24.325666783590812,149.69515450830133
1500,scarce,133.10731012474594,80.75401623327075,9.79475344850315,0.29972673052150206,1.736231288232102,424.4680525531585,1.2104184775470033,1,0,0,40,0,0,0.7770141302049309,0.3950991459151991,0.0,0.051249006393692835,100.0,46.11724018298897,0.0,0.0,24.325666783590812,150.3159200306412
1501,scarce,133.22435998084458,80.95790793009766,9.853993668319946,0.3149532174709373,1.576125760942949,418.74740050244145,1.2315910909807448,1,0,0,40,0,0,0.7766652668069589,0.3939148141217115,0.0,0.051249093082593775,100.0,46.117318191386545,0.0,0.0,24.325666783590812,141.91015586718066
1502,scarce,133.3366260345114,81.1769474821865,9.91278206616148,0.32840963199273676,1.5679592894532062,409.59321330219973,1.2338973849052426,1,0,0,40,0,0,0.7761751726510429,0.3927310214317953,0.0,0.051249179771347415,100.0,46.11739619965156,0.0,0.0,24.325666783590812,142.4518295855408
1503,scarce,133.44184967743632,81.40863234163677,9.970416028178779,0.33832478505074154,1.5085835272004056,407.44770013092057,1.2353470203525323,1,0,0,40,0,0,0.7767756311329423,0.3915465682375491,0.0,0.051249266459953736,100.0,46.117474207784014,0.0,0.0,24.325666783590812,134.14420806605372
1504,scarce,133.53903167459438,81.65097818795122,10.022846359501226,0.3473096772164751,1.5338336636762055,417.84664707690536,1.2345251959777155,1,0,0,40,0,0,0.7760009200563429,0.3903629672254871,0.0,0.05124935314841276,100.0,46.11755221578392,0.0,0.0,24.325666783590812,134.80453191071905
1505,scarce,133.62929859204365,81.90413649407442,10.067517466061012,0.3560103925043265,1.7094598321068872,425.04870554253284,1.209334159939738,1,0,0,40,0,0,0.775017926177836,0.38918044750669145,0.0,0.05124943983672447,100.0,46.11763022365126,0.0,0.0,24.325666783590812,135.2030624510063
1506,scarce,133.71128204996674,82.16546496492161,10.102496286660047,0.3624311667836861,1.695435113865663,427.7121794626946,1.1832756962296054,1,0,0,40,0,0,0.7739729104226011,0.38799907730522665,0.0,0.05124952652488888,100.0,46.117708231386054,0.0,0.0,24.325666783590812,144.8136609628093
1507,scarce,133.78523802662002,82.43469238219653,10.126838050738973,0.3681606671987799,1.6105142594479915,428.62490038360556,1.1714342652876404,1,0,0,40,0,0,0.7731089060153581,0.3868186575086097,0.0,0.05124961321290598,100.0,46.11778623898829,0.0,0.0,24.325666783590812,145.28456216925156
1508,scarce,133.85088901062437,82.70985715579295,10.140530052271348,0.37129571258373834,1.5348936077439272,432.3977645046325,1.1607746986028211,1,0,0,40,0,0,0.7728868732596419,0.38563848194802414,0.0,0.05124969990077576,100.0,46.117864246457955,0.0,0.0,24.325666783590812,154.8722480513355
1509,scarce,133.90745262539875,82.98938286692355,10.144691618982154,0.37301695465362694,1.492295442437004,439.2243991726209,1.1518132894920372,1,0,0,40,0,0,0.7734098009145214,0.38445773116701815,0.0,0.05124978658849825,100.0,46.11794225379507,0.0,0.0,24.325666783590812,155.36634574184265
1510,scarce,133.95393060076043,83.2718645873759,10.138282964780664,0.37365214001298447,1.7373368174814647,445.09337183102616,1.130270239827787,1,0,0,40,0,0,0.7727910527967945,0.3832776610089417,0.0,0.05124987327607342,100.0,46.11802026099963,0.0,0.0,24.325666783590812,156.00964023584902
1511,scarce,133.99224353122582,83.55608842067997,10.123322970191552,0.3722233032578151,1.8664644617938198,449.8948410995872,1.099660862372877,1,0,0,40,0,0,0.7736519673044466,0.38209664384490677,0.0,0.051249959963501304,100.0,46.11809826807165,0.0,0.0,24.325666783590812,147.50653600777304
1512,scarce,134.02134860383734,83.84083279523253,10.101220665211873,0.3701766530724592,1.8471021124791343,450.0158206335036,1.0712914901618642,1,0,0,40,0,0,0.7746556184182228,0.3809145226646467,0.0,0.051250046650781866,100.0,46.118176275011095,0.0,0.0,24.325666783590812,147.97107224208213
1513,scarce,134.04184410169438,84.1255561640952,10.072085656841546,0.3670388444664874,1.8425655177962124,448.44495880453906,1.0582293193717691,1,0,0,40,0,0,0.7751542621913081,0.37973185297623624,0.0,0.05125013333791512,100.0,46.11825428181799,0.0,0.0,24.325666783590812,139.46303773444612
1514,scarce,134.0509516675744,84.40727257230364,10.037962544133181,0.3616384888569838,1.8039824451032047,443.69728359854344,1.0529632075087767,1,0,0,40,0,0,0.7759319861893148,0.378548327791428,0.0,0.05125022002490107,100.0,46.118332288492326,0.0,0.0,24.325666783590812,149.0214393008528
1515,scarce,134.05036166259967,84.6860211858957,10.000690147953396,0.35595519828760613,1.8493092465737804,436.056485980429,1.0482678177795794,1,0,0,40,0,0,0.7773660807106048,0.37736322510264636,0.0,0.05125030671173973,100.0,46.11841029503412,0.0,0.0,24.325666783590812,149.60367351268346
1516,scarce,134.0394581824491,84.95935436986946,9.961441837876027,0.3480790384961722,1.9360034206369447,430.43194014004257,1.0447712586969915,1,0,0,40,0,0,0.7785077906470458,0.37617686653293464,0.0,0.05125039339843108,100.0,46.11848830144335,0.0,0.0,24.325666783590812,150.11837533382723
1517,scarce,134.01883140376592,85.22550086328499,9.919966863265355,0.3392652294842753,1.9069308690639217,421.60283055366745,1.0706307624792315,1,0,0,40,0,0,0.7785473833446096,0.37499046441125555,0.0,0.05125048008497512,100.0,46.11856630772003,0.0,0.0,24.325666783590812,150.54495330951949
1518,scarce,133.9878319959929,85.48378595664929,9.878234817714844,0.32828350023022745,1.6798128691127006,415.6444095204497,1.098139973109297,1,0,0,40,0,0,0.7793985397553922,0.37380312601752463,0.0,0.05125056677137185,100.0,46.11864431386415,0.0,0.0,24.325666783590812,150.8950385081079
1519,scarce,133.94747699268552,85.72995199195813,9.835413030918861,0.3144518257413181,1.5918764949158632,419.6440844923636,1.097683586078693,1,0,0,40,0,0,0.7790225978213051,0.37261620115992117,0.0,0.051250653457621295,100.0,46.11872231987573,0.0,0.0,24.325666783590812,151.42162032006127
1520,scarce,133.89750113975032,85.9621351265632,9.792038375978207,0.2998643869141506,1.6626462937202036,426.08802721635584,1.097506018620344,1,0,0,40,0,0,0.7784776402203508,0.37142987575567876,0.0,0.051250740143723425,100.0,46.11880032575474,0.0,0.0,24.325666783590812,152.00039370220824
1521,scarce,133.83903027154605,86.17861587376657,9.747395195623138,0.2829637738094282,1.7733993411816165,435.4523543992109,1.100798743757131,1,0,0,40,0,0,0.7773941881342323,0.37024474214873115,0.0,0.051250826829678256,100.0,46.11887833150121,0.0,0.0,24.325666783590812,152.6491952607283
1522,scarce,133.77286997605177,86.37830870549786,9.702475255821996,0.26567794604649053,1.898946728840724,443.4943683037927,1.0894424305761057,1,0,0,40,0,0,0.7765233777518858,0.36906056643320406,0.0,0.05125091351548578,100.0,46.11895633711512,0.0,0.0,24.325666783590812,153.3133464490371
1523,scarce,133.69749319942852,86.56102362826296,9.658192778963311,0.24903290070775255,1.9124009720131663,447.94848884381645,1.0793029048632212,1,0,0,40,0,0,0.7756878402135488,0.36787730980896916,0.0,0.051251000201146,100.0,46.11903434259648,0.0,0.0,24.325666783590812,153.96829975005932
1524,scarce,133.61519241633513,86.72496812882406,9.615306859325841,0.2316456699477546,1.7860191629068816,448.7796460880272,1.0698179834559707,1,0,0,40,0,0,0.7748675216328854,0.36669495553517295,0.0,0.05125108688665892,100.0,46.11911234794528,0.0,0.0,24.325666783590812,154.6961999615756
1525,scarce,133.5260320470016,86.86891704269506,9.576030794431924,0.21476072076653763,1.812186964423476,447.0908365750947,1.0719437934214706,1,0,0,40,0,0,0.7746465057721272,0.3655128443788237,0.0,0.05125117357202454,100.0,46.119190353161535,0.0,0.0,24.325666783590812,155.39381834468398
1526,scarce,133.43019639587587,86.99344176051639,9.540462320098126,0.19847991149865285,1.8166911878190461,441.64415014536644,1.1009006632863718,1,0,0,40,0,0,0.7737648932442374,0.364331702996255,0.0,0.051251260257242866,100.0,46.11926835824525,0.0,0.0,24.325666783590812,165.10471588939254
1527,scarce,133.32969014541533,87.0967012860979,9.50954088946683,0.18287853650700242,1.7321469434917005,436.4703962174972,1.132741652640868,1,0,0,40,0,0,0.7725623579538637,0.3631518844025058,0.0,0.05125134694231388,100.0,46.1193463631964,0.0,0.0,24.325666783590812,174.96239766356908
1528,scarce,133.22331439707992,87.17958762775685,9.484590265768286,0.17079409256445285,1.5605874416276788,431.835077307187,1.1641648441172394,1,0,0,40,0,0,0.7716920890780855,0.36197302310451984,0.0,0.051251433627237594,100.0,46.119424368015,0.0,0.0,24.325666783590812,175.65393093559936
1529,scarce,133.11218641975864,87.24150826033535,9.466767273256496,0.16218337984541153,1.5060239239113986,427.9693650899135,1.1962893918834376,1,0,0,40,0,0,0.7709305301814755,0.3607949995213202,0.0,0.051251520312014014,100.0,46.11950237270106,0.0,0.0,24.325666783590812,176.5551916013679
1530,scarce,132.99677778136555,87.28307228806418,9.457676534320907,0.15828360081637,1.6069195558587588,423.1981504395517,1.2254880866278,1,0,0,40,0,0,0.7713967787275208,0.35961646306471995,0.0,0.051251606996643134,100.0,46.11958037725456,0.0,0.0,24.325666783590812,177.444735594016
1531,scarce,132.87682977994828,87.30292836796194,9.457706109848687,0.15790240779243905,1.7209599250309737,426.23681551356276,1.2326433723278236,1,0,0,40,0,0,0.7711193159226178,0.35843823181720513,0.0,0.05125169368112494,100.0,46.11965838167551,0.0,0.0,24.325666783590812,169.09015228360036
1532,scarce,132.75329968470982,87.30088925247617,9.466173961756299,0.16212235479133377,1.7636726568531973,426.43491572175117,1.2350410674241603,1,0,0,40,0,0,0.7706059979759855,0.3572605652194315,0.0,0.051251780365459465,100.0,46.11973638596391,0.0,0.0,24.325666783590812,178.78604109527524
1533,scarce,132.62685602277787,87.27757595892555,9.483616354132485,0.16845266502727674,1.7295928728177699,425.17029445221124,1.2369838305021577,1,0,0,40,0,0,0.7705025865534058,0.35608301237422274,0.0,0.05125186704964668,100.0,46.119814390119764,0.0,0.0,24.325666783590812,179.33949547404984
1534,scarce,132.49860940142364,87.23220714603616,9.509536735351494,0.17822870690523354,1.6579743894610417,427.1246067665561,1.2396659475178888,1,0,0,40,0,0,0.7700228613602318,0.3549059872267265,0.0,0.0512519537336866,100.0,46.119892394143065,0.0,0.0,24.325666783590812,179.86008746814394
1535,scarce,132.36982965038425,87.16315177427177,9.541702811811568,0.19217696001591408,1.7708168471897445,428.48292046185816,1.2443469980806445,1,0,0,40,0,0,0.7680780939112879,0.35373110132342406,0.0,0.05125204041757921,100.0,46.11997039803381,0.0,0.0,24.325666783590812,180.5809987765071
1536,scarce,132.24118708089853,87.07285806238534,9.582831344163964,0.20789906966179442,1.805847700572538,425.3124115033206,1.2510455981108317,1,0,0,40,0,0,0.7690172500723025,0.35255518234834454,0.0,0.05125212710132453,100.0,46.120048401792005,0.0,0.0,24.325666783590812,190.2970516066569
1537,scarce,132.11351922252305,86.9608744324336,9.63100109214311,0.22552607926998242,1.7722830729755565,425.29956829331786,1.259836199940692,1,0,0,40,0,0,0.7688506968613311,0.3513794465817971,0.0,0.051252213784922555,100.0,46.120126405417665,0.0,0.0,24.325666783590812,190.9471061478618
1538,scarce,131.98775150909825,86.82859301080383,9.685473966137568,0.243524077191342,1.8652005184707825,428.06613648476196,1.2396580337419885,1,0,0,40,0,0,0.7691745352214955,0.35020335459305346,0.0,0.05125230046837328,100.0,46.12020440891077,0.0,0.0,24.325666783590812,191.64344758846084
1539,scarce,131.86458462427166,86.67717118976063,9.744451938168616,0.2610270862040575,1.7696503011473013,432.21822529567,1.2602240484908172,1,0,0,40,0,0,0.7691583640841502,0.34902728039256087,0.0,0.05125238715167671,100.0,46.12028241227134,0.0,0.0,24.325666783590812,192.37337255446155
1540,scarce,131.7437717070672,86.50740500801979,9.80723880794558,0.27814960898120855,1.738608381803477,441.7493580169685,1.2582380483972264,1,0,0,40,0,0,0.7697968535025702,0.347850503853708,0.0,0.051252473834832835,100.0,46.12036041549934,0.0,0.0,24.325666783590812,193.09065557950095
1541,scarce,131.62676943387012,86.31901343793494,9.869935160862529,0.2960418453336251,1.8083425710833538,447.8142733362183,1.2209527389981185,1,0,0,40,0,0,0.7687993088355676,0.3466748246139889,0.0,0.05125256051784167,100.0,46.12043841859481,0.0,0.0,24.325666783590812,193.8802709004275
1542,scarce,131.51303890375272,86.11383745880684,9.93279783368467,0.312411120128525,1.7714648086679978,451.2177159507555,1.1873296747098927,1,0,0,40,0,0,0.7695692057741346,0.34549829848763736,0.0,0.0512526472007032,100.0,46.120516421557724,0.0,0.0,24.325666783590812,194.52885648689272
1543,scarce,131.4042712746862,85.89495269123017,9.992774158998001,0.3266033037766076,1.8709238250181932,451.83731024161534,1.1575273171179428,1,0,0,40,0,0,0.7693834651990168,0.34432197667591846,0.0,0.05125273388341744,100.0,46.12059442438808,0.0,0.0,24.325666783590812,195.24899018790288
1544,scarce,131.30014082978113,85.66475216550076,10.050130072576472,0.33689234447332583,1.8741395314269522,449.70317508232984,1.1309622108405157,1,0,0,40,0,0,0.7706265270546357,0.34314428749615833,0.0,0.05125282056598439,100.0,46.120672427085914,0.0,0.0,24.325666783590812,195.8778256824209
1545,scarce,131.20187531958302,85.42242028724843,10.100314596456537,0.3484181378833497,1.7483269539026574,445.3996725708348,1.1069552276640233,1,0,0,40,0,0,0.7696495763524948,0.3419676729621706,0.0,0.051252907248404034,100.0,46.12075042965119,0.0,0.0,24.325666783590812,205.57210891942685
1546,scarce,131.10982142077742,85.1717463775029,10.14431833486957,0.35490386555056924,1.878170145730942,447.34747028909624,1.0849959719520554,1,0,0,40,0,0,0.7705693432861433,0.3407900466845558,0.0,0.05125299393067639,100.0,46.12082843208392,0.0,0.0,24.325666783590812,206.1734908978579
1547,scarce,131.02537742614524,84.9131997100025,10.179268235867939,0.36095762300715717,1.9946191692517246,454.3584411200645,1.0650399161706883,1,0,0,40,0,0,0.7702257850175752,0.33961279832103647,0.0,0.05125308061280145,100.0,46.1209064343841,0.0,0.0,24.325666783590812,215.83296483108006
1548,scarce,130.9480243775877,84.64767717869435,10.203643259670093,0.36597176873749515,1.8278703807156333,458.00190462960745,1.0465675619674897,1,0,0,40,0,0,0.769501121931626,0.3384363470869117,0.0,0.0512531672947792,100.0,46.12098443655174,0.0,0.0,24.325666783590812,225.45490556382575
1549,scarce,130.8779571589424,84.37538175730995,10.217752058158306,0.37047043024149795,1.7887577566366155,458.50812688389124,1.0684663951047173,1,0,0,40,0,0,0.7697038998758391,0.33725967279704827,0.0,0.051253253976609674,100.0,46.12106243858683,0.0,0.0,24.325666783590812,226.1069197855074
1550,scarce,130.81539385151578,84.09746625295325,10.22072358147327,0.3742611408537215,1.8898469200671357,456.42307425363106,1.1006372257085844,1,0,0,40,0,0,0.7696180112302301,0.3360830929846951,0.0,0.05125334065829285,100.0,46.121140440489384,0.0,0.0,24.325666783590812,226.82877850670525
1551,scarce,130.76121225567516,83.81670487424867,10.211617064626706,0.37500985469123327,1.900635479400454,456.347880532594,1.123391796769419,1,0,0,40,0,0,0.7688651075608817,0.33490734136637806,0.0,0.051253427339828725,100.0,46.121218442259384,0.0,0.0,24.325666783590812,227.52629073263847
1552,scarce,130.7169129872471,83.53412648178495,10.191901489760484,0.37415207850517984,1.842757701349111,455.253568894419,1.1253831670421444,1,0,0,40,0,0,0.7688384284103345,0.3337316190951267,0.0,0.05125351402121732,100.0,46.121296443896846,0.0,0.0,24.325666783590812,228.2681248602205
1553,scarce,130.6808311939659,83.25131428014825,10.159923204198028,0.3725456026400735,1.729716097553218,453.9207260807234,1.10951805725864,1,0,0,40,0,0,0.7676127610171877,0.33255724505800777,0.0,0.05125360070245861,100.0,46.121374445401756,0.0,0.0,24.325666783590812,228.77126374814844
1554,scarce,130.653038817501,82.9688969908743,10.116297354887383,0.3698268559886516,1.6903191094849768,453.0216508414014,1.0759078584535493,1,0,0,40,0,0,0.7664333113526111,0.33138416841551993,0.0,0.051253687383552606,100.0,46.12145244677413,0.0,0.0,24.325666783590812,229.24815790623953
1555,scarce,130.63402247527162,82.69006570955347,10.063738764597085,0.36332803488255017,1.8121831933085566,451.9188282027244,1.0443024104165712,1,0,0,40,0,0,0.7667830291226762,0.33021070708348493,0.0,0.05125377406449931,100.0,46.12153044801395,0.0,0.0,24.325666783590812,238.7756750186897
1556,scarce,130.62340525863834,82.41545632375079,10.002488646082117,0.3563814391214138,1.6811405903179566,450.5854311231378,1.0157950553877724,1,0,0,40,0,0,0.7666863362389703,0.3290373521136221,0.0,0.05125386074529872,100.0,46.121608449121226,0.0,0.0,24.325666783590812,230.2767821762298
1557,scarce,130.62100190706022,82.14604384446953,9.93413506687671,0.34846054305861346,1.692046561057177,446.8428299084917,1.0085401100728506,1,0,0,40,0,0,0.7666489489714385,0.3278640382697535,0.0,0.05125394742595084,100.0,46.121686450095964,0.0,0.0,24.325666783590812,230.81946816878926
1558,scarce,130.62716853579678,81.8844711513836,9.860144225625149,0.3385653473835614,1.6140213590396695,440.91284076966986,1.0016754373854821,1,0,0,40,0,0,0.7665386918730774,0.32669084570869317,0.0,0.051254034106455675,100.0,46.121764450938166,0.0,0.0,24.325666783590812,231.2784384576365
1559,scarce,130.64167486517093,81.63066657631698,9.781807911394065,0.32894853738650537,1.6699012977373808,432.7543123238502,0.9951641926865727,1,0,0,40,0,0,0.7663281271539308,0.3255178847688238,0.0,0.05125412078681321,100.0,46.121842451647815,0.0,0.0,24.325666783590812,231.81393854108984
1560,scarce,130.6635556909976,81.38580799853048,9.702218931973096,0.31722256057198084,1.7593498815489461,425.68750533003185,0.9894638356845654,1,0,0,40,0,0,0.767203379964534,0.32434396105086283,0.0,0.05125420746702346,100.0,46.12192045222493,0.0,0.0,24.325666783590812,232.41297190352643
1561,scarce,130.6939170237205,81.15177428434284,9.623029678273848,0.3045604811060734,1.662441237245071,418.51090209044924,1.004699917121448,1,0,0,40,0,0,0.7677766033400097,0.3231694067871888,0.0,0.05125429414708641,100.0,46.121998452669494,0.0,0.0,24.325666783590812,232.9603999161247
1562,scarce,130.73213704310098,80.93126260374682,9.54532455292578,0.28890882122921946,1.6080943851219967,409.9190630877565,1.0392997623777043,1,0,0,40,0,0,0.7677623300838047,0.3219948682240966,0.0,0.05125438082700208,100.0,46.122076452981524,0.0,0.0,24.325666783590812,233.56842977515862
1563,scarce,130.77739432436948,80.7247661352985,9.470987231266301,0.2725883920115223,1.4101639590790542,401.3942780347934,1.0706755419992164,1,0,0,40,0,0,0.7675889186829634,0.32082052041354536,0.0,0.05125446750677046,100.0,46.122154453161016,0.0,0.0,24.325666783590812,234.1356362772498
1564,scarce,130.82919549383183,80.53393413003745,9.4023907900555,0.25499320243091866,1.4549342338169964,401.3561715936012,1.0760633353339275,1,0,0,40,0,0,0.7680772330843952,0.3196456354571525,0.0,0.05125455418639154,100.0,46.12223245320796,0.0,0.0,24.325666783590812,225.7909189795153
1565,scarce,130.88726614085198,80.36198239379307,9.339945157899635,0.23430688848717202,1.606825961953334,402.1146401358783,1.082339737388806,1,0,0,40,0,0,0.7675292205249236,0.3184713533145751,0.0,0.05125464086586533,100.0,46.12231045312235,0.0,0.0,24.325666783590812,226.38620428334247
1566,scarce,130.95285991040294,80.20985441937123,9.284810269271519,0.21332564771942156,1.6929728343324897,400.26880920446274,1.0891497717484684,1,0,0,40,0,0,0.7669562573579277,0.3172977014314814,0.0,0.05125472754519184,100.0,46.122388452904225,0.0,0.0,24.325666783590812,217.99675113359973
1567,scarce,131.0265188373896,80.07729245474484,9.239466956894319,0.19397782812033385,1.5033387612514724,397.12232155284437,1.0927982525870767,1,0,0,40,0,0,0.7672891051198746,0.31612368341584957,0.0,0.05125481422437105,100.0,46.12246645255353,0.0,0.0,24.325666783590812,209.50840696476416
1568,scarce,131.10685651684173,79.96461088495855,9.203859136738908,0.1758900913324692,1.6129154131690981,394.55718179399264,1.0804435932936318,1,0,0,40,0,0,0.7671707715771742,0.31494979556711467,0.0,0.05125490090340298,100.0,46.12254445207032,0.0,0.0,24.325666783590812,183.09699657843345
1569,scarce,131.1922459041744,79.87127947361736,9.178641728623784,0.16042145053662654,1.5027883843024394,390.01796239877876,1.0365232883754327,1,0,0,40,0,0,0.7669683420034101,0.3137761303909109,0.0,0.05125498758228762,100.0,46.12262245145456,0.0,0.0,24.325666783590812,174.8328729609985
1570,scarce,131.28324931106857,79.79852671922369,9.163760215805471,0.1468628097410692,1.465929950772054,381.4248297929007,1.0019289311371498,1,0,0,40,0,0,0.7661364377404433,0.31260338030939644,0.0,0.05125507426102497,100.0,46.12270045070626,0.0,0.0,24.325666783590812,175.53138119896025
1571,scarce,131.37900946218795,79.74666245644686,9.160496960473667,0.13735667389999576,1.422171495238618,376.7458208864773,0.9688058587300482,1,0,0,40,0,0,0.7667816347716568,0.3114299205111476,0.0,0.05125516093961504,100.0,46.12277844982543,0.0,0.0,24.325666783590812,176.1502565184326
1572,scarce,131.47927084273212,79.71481940275086,9.168527634514094,0.13292011252494432,1.6952776663199915,373.4922961979755,0.9708881557293378,1,0,0,40,0,0,0.7674965654836093,0.31025567428911566,0.0,0.0512552476180578,100.0,46.12285644881204,0.0,0.0,24.325666783590812,185.75792533328877
1573,scarce,131.5848796764717,79.70436695678889,9.185586076737774,0.13517187102403427,1.6939602469487123,373.4917571945916,0.9723718919589911,1,0,0,40,0,0,0.7668614167236442,0.3090821267307196,0.0,0.051255334296353296,100.0,46.12293444766613,0.0,0.0,24.325666783590812,177.44049799141803
1574,scarce,131.69521985010874,79.71628307518122,9.211050811068665,0.1431410626534466,1.5299553657238683,371.59670741433365,0.9735684374347039,1,0,0,40,0,0,0.7663271911325336,0.30790916682047387,0.0,0.051255420974501496,100.0,46.123012446387676,0.0,0.0,24.325666783590812,178.08806833633597
1575,scarce,131.81008024567208,79.74849909700266,9.243781192938531,0.1561729908290065,1.5837412530559412,374.7330479707234,0.9742971902235754,1,0,0,40,0,0,0.7659825938651358,0.3067365859672222,0.0,0.05125550765250241,100.0,46.12309044497668,0.0,0.0,24.325666783590812,178.7106676060068
1576,scarce,131.92787099990798,79.80130647884688,9.283303870823515,0.17093185134541333,1.5688689404717173,378.74770893956884,0.9901359762914488,1,0,0,40,0,0,0.7656250829246958,0.305564398376005,0.0,0.05125559433035603,100.0,46.123168443433144,0.0,0.0,24.325666783590812,161.43091037519335
1577,scarce,132.048951827528,79.87479412235696,9.329086533179476,0.18824942939468892,1.6596936609443442,384.1155307874578,1.0395749422830267,1,0,0,40,0,0,0.7652934039948966,0.30439257563161065,0.0,0.051255681008062375,100.0,46.123246441757075,0.0,0.0,24.325666783590812,153.00376269564822
1578,scarce,132.17006782143469,79.96826426844999,9.380010855677279,0.20516565900812211,1.727255456135719,386.85899734428676,1.07691242600329,1,0,0,40,0,0,0.7646623368471324,0.30322144706107884,0.0,0.051255767685621435,100.0,46.123324439948476,0.0,0.0,24.325666783590812,144.65633819096024
1579,scarce,132.29165139909,80.08099381405243,9.43685646667924,0.22366434242728178,1.7398981626583219,391.21011985813675,1.1142071007388616,1,0,0,40,0,0,0.7644273460970552,0.302050576980372,0.0,0.0512558543630332,100.0,46.123402438007325,0.0,0.0,24.325666783590812,136.40418259620083
1580,scarce,132.4139784857083,80.21379379668082,9.498733001140938,0.24308130414352824,1.8820578558660963,394.88267706989427,1.153201375876799,1,0,0,40,0,0,0.7639489810479689,0.30088023310121925,0.0,0.05125594104029768,100.0,46.123480435933644,0.0,0.0,24.325666783590812,137.07234821332116
1581,scarce,132.53565170029756,80.36461028534367,9.56514165114579,0.26093697104752245,1.8631592736002094,401.94145151081466,1.1578047581664503,1,0,0,40,0,0,0.7635250080008296,0.2997103555924184,0.0,0.05125602771741488,100.0,46.12355843372743,0.0,0.0,24.325666783590812,137.76323655932154
1582,scarce,132.65598936948626,80.53204435766297,9.635381481030432,0.2778702324357864,1.8913818554221653,407.3069644491552,1.158670351252115,1,0,0,40,0,0,0.7631116067400979,0.29854093282500427,0.0,0.051256114394384794,100.0,46.12363643138867,0.0,0.0,24.325666783590812,147.45860387740396
1583,scarce,132.7738436237043,80.71591846286175,9.707006689337366,0.29405149162550487,1.7688010913971461,411.4929326500278,1.163760748461608,1,0,0,40,0,0,0.7614797890066157,0.29737330505709697,0.0,0.05125620107120742,100.0,46.12371442891738,0.0,0.0,24.325666783590812,148.181143802745
1584,scarce,132.88912691721856,80.91390568680195,9.780339583011244,0.30853697195477714,1.8603020918679782,410.70705035365245,1.1540971604334012,1,0,0,40,0,0,0.7614747578510767,0.29620568282346077,0.0,0.051256287747882774,100.0,46.12379242631356,0.0,0.0,24.325666783590812,148.79326547958368
1585,scarce,133.00157262455778,81.1244035274636,9.854984892441427,0.320219312136264,1.9141843921158759,407.99604368547443,1.132342890790988,1,0,0,40,0,0,0.762172169720901,0.2950372934367678,0.0,0.05125637442441083,100.0,46.123870423577195,0.0,0.0,24.325666783590812,149.43543069214397
1586,scarce,133.10999556318907,81.34735525889772,9.92568381873375,0.33198860522745643,1.847700647061599,408.9775174281094,1.1218425253024011,1,0,0,40,0,0,0.7606739508157903,0.29387055209087043,0.0,0.051256461100791614,100.0,46.1239484207083,0.0,0.0,24.325666783590812,132.18566927407215
1587,scarce,133.2133517345597,81.58208150120386,9.991234409515977,0.3432929734613423,1.9354383639445174,408.86411118425895,1.1180774881560416,1,0,0,40,0,0,0.7596909238073358,0.29270489207468237,0.0,0.05125654777702511,100.0,46.124026417706865,0.0,0.0,24.325666783590812,132.87175591151052
1588,scarce,133.3112853553789,81.82667720538251,10.048676305952455,0.3528843483090082,1.8924596192074792,406.73659542600944,1.1146904389564574,1,0,0,40,0,0,0.758387671038394,0.29154066563654013,0.0,0.05125663445311132,100.0,46.1241044145729,0.0,0.0,24.325666783590812,124.50402173563023
1589,scarce,133.4036613383966,82.08119431836465,10.096538975884945,0.3610032916105192,1.8526093016775615,407.6128998289132,1.1118393397808488,1,0,0,40,0,0,0.7574840997781821,0.29037743312678416,0.0,0.05125672112905025,100.0,46.12418241130639,0.0,0.0,24.325666783590812,134.16946206104168
1590,scarce,133.4889547222554,82.34307720877024,10.133578425067693,0.3669891316170481,1.8172432398280853,412.5791010881876,1.109147095442196,1,0,0,40,0,0,0.7568411842169473,0.28921490782414544,0.0,0.051256807804841896,100.0,46.12426040790736,0.0,0.0,24.325666783590812,134.74237086289517
1591,scarce,133.5677709372193,82.61311939740364,10.159460357315321,0.37286145399599385,1.7144016277503913,417.14205575198866,1.10448651644608,1,0,0,40,0,0,0.7565406422516494,0.2880527131176686,0.0,0.05125689448048626,100.0,46.124338404375784,0.0,0.0,24.325666783590812,144.3182772808106
1592,scarce,133.64112997870092,82.8902786676787,10.172607781976243,0.37861933387690067,1.9043906280211182,418.50763540373737,1.0926859248696947,1,0,0,40,0,0,0.7556412770325729,0.2868915077129328,0.0,0.051256981155983344,100.0,46.12441640071168,0.0,0.0,24.325666783590812,144.85377957263617
1593,scarce,133.70757933894,83.17267260875373,10.17220025855169,0.38190844018464226,1.9095557760984225,417.72159029491013,1.0956086950477977,1,0,0,40,0,0,0.7545070851903976,0.2857315499192234,0.0,0.051257067831333145,100.0,46.12449439691504,0.0,0.0,24.325666783590812,145.56803509275298
1594,scarce,133.76619261556607,83.45850064674556,10.160245148714527,0.3836807888584338,1.8104450615894527,415.26154321794456,1.1092740873773863,1,0,0,40,0,0,0.7549266131385969,0.28457113064477096,0.0,0.05125715450653566,100.0,46.12457239298586,0.0,0.0,24.325666783590812,155.24441350909572
1595,scarce,133.81773789190615,83.74493649271437,10.136707459212317,0.3830808102903167,1.8586943073629918,412.69270097569097,1.1245857081921735,1,0,0,40,0,0,0.754966565233811,0.28341066742301374,0.0,0.051257241181590904,100.0,46.12465038892417,0.0,0.0,24.325666783590812,155.84131537082794
1596,scarce,133.86089569410228,84.0297407623257,10.104017774508407,0.37874789697191513,1.9326212073460254,412.837151599917,1.1579878691671877,1,0,0,40,0,0,0.7557020563943478,0.28224939516097997,0.0,0.05125732785649886,100.0,46.12472838472993,0.0,0.0,24.325666783590812,147.49701690078723
1597,scarce,133.89537054934647,84.31244090309843,10.061057233171566,0.37470574115319655,1.7713690883753699,412.40900078357663,1.1929390445537142,1,0,0,40,0,0,0.7551059519064216,0.2810887786138829,0.0,0.051257414531259544,100.0,46.12480638040316,0.0,0.0,24.325666783590812,139.07652035546766
1598,scarce,133.91923761804577,84.59068175314853,10.009200003192436,0.3672097849392898,1.896332477180085,410.6272490025731,1.1938693271271306,1,0,0,40,0,0,0.7548381455742076,0.27992845665375127,0.0,0.051257501205872934,100.0,46.12488437594385,0.0,0.0,24.325666783590812,139.70195320220716
1599,scarce,133.9335142696004,84.86362179090793,9.95011370488611,0.3582253842826196,1.6921735442522503,408.4867525536247,1.188289767544878,1,0,0,40,0,0,0.7551126641406225,0.27876783272319655,0.0,0.051257587880339066,100.0,46.12496237135203,0.0,0.0,24.325666783590812,140.30377932865792
1600,scarce,133.93896055190243,85.12986747994853,9.88417933328353,0.34834708010826326,1.7109240256870923,405.48687889953726,1.1909831509978435,1,0,0,40,0,0,0.754855123770102,0.2776074920870495,0.0,0.0512576745546579,100.0,46.12504036662765,0.0,0.0,24.325666783590812,140.94852508970735
1601,scarce,133.9360788777113,85.38809748805335,9.81362621681782,0.33679761203551783,1.9120283441550705,401.37718798517017,1.1976283388952165,1,0,0,40,0,0,0.7552156334304144,0.27644675489027604,0.0,0.051257761228829454,100.0,46.12511836177075,0.0,0.0,24.325666783590812,141.49751238840085
1602,scarce,133.92364070387063,85.63687591229699,9.739647162444374,0.3240705351786914,1.8140707550659088,394.4757145640615,1.186787564172426,1,0,0,40,0,0,0.7553886536567422,0.2752858273712536,0.0,0.05125784790285375,100.0,46.12519635678133,0.0,0.0,24.325666783590812,142.16632030678943
1603,scarce,133.90070049880342,85.87400102827715,9.664341635467116,0.30888903088825104,1.5398115422573533,384.89485974672425,1.176520891002998,1,0,0,40,0,0,0.755915838099894,0.2741243199493437,0.0,0.05125793457673075,100.0,46.12527435165937,0.0,0.0,24.325666783590812,142.79549591548428
1604,scarce,133.86895104609874,86.09761694265585,9.58770182446526,0.2919016109203432,1.4345138239007202,375.02347405840555,1.1676751999687163,1,0,0,40,0,0,0.7555726729431521,0.27296319000910624,0.0,0.05125802125046048,100.0,46.12535234640489,0.0,0.0,24.325666783590812,152.41198988427243
1605,scarce,133.82846418670107,86.30519073858521,9.510266913563573,0.2728730416346154,1.6052649114993112,372.9111265935935,1.1353420835652155,1,0,0,40,0,0,0.7547648512578168,0.2718029486727226,0.0,0.05125810792404292,100.0,46.12543034101786,0.0,0.0,24.325666783590812,161.97963595977217
1606,scarce,133.77932039314368,86.49790540079889,9.436398983164764,0.2553601315713314,1.902460603779763,383.10057226776553,1.1096753377491722,1,0,0,40,0,0,0.7560080955477935,0.27064133976762006,0.0,0.05125819459747809,100.0,46.1255083354983,0.0,0.0,24.325666783590812,162.46801075787357
1607,scarce,133.72237982139046,86.67432651375252,9.366256872325337,0.23695825443846266,1.862588684576306,394.25438553327695,1.0892923584615224,1,0,0,40,0,0,0.7561098886243103,0.2694796188901333,0.0,0.05125828127076599,100.0,46.12558632984623,0.0,0.0,24.325666783590812,163.06304219455052
1608,scarce,133.65681420013527,86.83537618322549,9.301164949784702,0.2202463018318779,1.5568964076438214,402.2457325280411,1.069845877400039,1,0,0,40,0,0,0.7562478496015366,0.2683177462555716,0.0,0.051258367943906605,100.0,46.125664324061624,0.0,0.0,24.325666783590812,163.61936944571653
1609,scarce,133.58255663258828,86.97827052259487,9.24155076322857,0.20246538223315175,1.7153976862610925,407.3800524430262,1.051328671126141,1,0,0,40,0,0,0.7553275473514,0.2671568859534851,0.0,0.05125845461689994,100.0,46.12574231814448,0.0,0.0,24.325666783590812,164.23452995829658
1610,scarce,133.50112687847536,87.10329927945995,9.19013843938445,0.18650966169399694,1.924627405988625,413.20371148522827,1.043354408315499,1,0,0,40,0,0,0.7556003377991458,0.26599572558190604,0.0,0.05125854128974601,100.0,46.12582031209482,0.0,0.0,24.325666783590812,164.83364125238776
1611,scarce,133.41259930245863,87.20905247479344,9.148136424702548,0.17188636955549072,1.8328503880232745,415.89527657583676,1.0373537816198495,1,0,0,40,0,0,0.7555498008189767,0.26483462080100517,0.0,0.05125862796244479,100.0,46.125898305912614,0.0,0.0,24.325666783590812,174.48830570746185
1612,scarce,133.31654691912587,87.29311710300635,9.11493518172227,0.1593483696756459,1.792977358749635,414.3756004485185,1.0309924568898388,1,0,0,40,0,0,0.7541841403977019,0.26367501824656764,0.0,0.0512587146349963,100.0,46.12597629959789,0.0,0.0,24.325666783590812,175.18168251646352
1613,scarce,133.21466944375368,87.3551305047795,9.090428849735883,0.15041189944650576,1.8278958942371386,413.12852418672264,1.0250926287745026,1,0,0,40,0,0,0.7524791111412604,0.2625172912243123,0.0,0.051258801307400535,100.0,46.12605429315063,0.0,0.0,24.325666783590812,175.9172212880297
1614,scarce,133.10529728958815,87.39605275235805,9.075666882824006,0.14689796409393702,1.830628479953339,410.3627077232377,1.043772150842471,1,0,0,40,0,0,0.7516504215838984,0.26136047576057003,0.0,0.051258887979657504,100.0,46.12613228657086,0.0,0.0,24.325666783590812,185.50663242582223
1615,scarce,132.98981988226882,87.41520359837197,9.06944450070938,0.14983705093821123,1.9011732788416276,410.8800632489656,1.0627583686632516,1,0,0,40,0,0,0.7503636164488606,0.2602050757824762,0.0,0.05125897465176718,100.0,46.12621027985854,0.0,0.0,24.325666783590812,186.15754991163462
1616,scarce,132.86940706273944,87.41313239875049,9.071155813521983,0.15706985599394216,1.9203718904732205,413.22255048587976,1.0824507544639477,1,0,0,40,0,0,0.7493067715083775,0.25905083833381704,0.0,0.0512590613237296,100.0,46.126288273013714,0.0,0.0,24.325666783590812,186.87518854564718
1617,scarce,132.7450515509143,87.39038317678026,9.08123935132556,0.16758943284708064,1.8145021280737736,414.17326664482243,1.095959140586412,1,0,0,40,0,0,0.7488821104208749,0.2578970680123541,0.0,0.051259147995544735,100.0,46.12636626603634,0.0,0.0,24.325666783590812,187.56887606891164
1618,scarce,132.61648721369642,87.34696733726287,9.099791519903695,0.1821418058695261,1.75500237911642,413.50851450966,1.1015791521620635,1,0,0,40,0,0,0.748508074328472,0.25674370913059275,0.0,0.0512592346672126,100.0,46.126444258926455,0.0,0.0,24.325666783590812,188.31529974027575
1619,scarce,132.48458621306958,87.2834796545595,9.126693698457384,0.1979002975232212,1.7893339089271418,411.16991426188906,1.10860570709363,1,0,0,40,0,0,0.7487050138031828,0.2555901336154093,0.0,0.05125932133873319,100.0,46.126522251684044,0.0,0.0,24.325666783590812,179.8259774397806
1620,scarce,132.35120113531354,87.20030547747051,9.161084922449632,0.21364068142966555,1.8209588245836223,407.32509712639876,1.1167956494484967,1,0,0,40,0,0,0.7485573196584818,0.2544367205637849,0.0,0.051259408010106505,100.0,46.1266002443091,0.0,0.0,24.325666783590812,180.55360173211437
1621,scarce,132.21596092302042,87.09770549999266,9.205561593385076,0.22957748103348208,1.8284326329897993,405.5466703511047,1.1483107920257596,1,0,0,40,0,0,0.7503744558916103,0.2532813086623042,0.0,0.05125949468133254,100.0,46.126678236801624,0.0,0.0,24.325666783590812,190.241361733283
1622,scarce,132.07958597271832,86.97542736751795,9.256816556498737,0.24752722358560714,1.9066987450840056,411.4546948603165,1.1951770914159354,1,0,0,40,0,0,0.7506325377586918,0.25212561287076957,0.0,0.05125958135241132,100.0,46.126756229161636,0.0,0.0,24.325666783590812,190.9279492935725
1623,scarce,131.9431118734954,86.83454724677354,9.313530023606617,0.26532847861252035,1.8425306598594844,417.0305965753796,1.19314204462898,1,0,0,40,0,0,0.7505463593100135,0.2509700118755286,0.0,0.05125966802334282,100.0,46.12683422138912,0.0,0.0,24.325666783590812,191.68746293393215
1624,scarce,131.8082911260202,86.67673808687785,9.37577928652546,0.28055106906901467,1.8686837535458998,421.79759432165883,1.170730560492286,1,0,0,40,0,0,0.7513630761760313,0.24981351249173495,0.0,0.05125975469412704,100.0,46.12691221348407,0.0,0.0,24.325666783590812,192.40169441116058
1625,scarce,131.67523530778107,86.50214671240059,9.442316601624949,0.2968453645490535,1.9367724987762238,427.1795457818589,1.15061595710788,1,0,0,40,0,0,0.7520569409421377,0.2486562498566986,0.0,0.05125984136476399,100.0,46.126990205446496,0.0,0.0,24.325666783590812,193.1046809292988
1626,scarce,131.5434380941685,86.31074588007394,9.510739630389086,0.31288626899798005,1.9495814161028318,430.6906243503763,1.1508463826349156,1,0,0,40,0,0,0.752066581412553,0.2474989766171448,0.0,0.05125992803525367,100.0,46.1270681972764,0.0,0.0,24.325666783590812,193.78656855291234
1627,scarce,131.41510160570022,86.10280186925932,9.579129968351083,0.32827778534758867,1.9964579041802875,433.99631051205506,1.1650230845880607,1,0,0,40,0,0,0.7516359667629424,0.24634217705370554,0.0,0.05126001470559609,100.0,46.12714618897378,0.0,0.0,24.325666783590812,194.5195676750489
1628,scarce,131.2895975725672,85.88029696617153,9.643689713949858,0.3427540350633489,1.9577440408472178,435.04322526402393,1.1792253791382001,1,0,0,40,0,0,0.7502071971684192,0.24518694913682032,0.0,0.05126010137579123,100.0,46.12722418053864,0.0,0.0,24.325666783590812,204.22741450921856
1629,scarce,131.16722698523995,85.64487501877872,9.704312081114269,0.35517317295475387,1.9298298677684058,436.45976886615244,1.193725311204529,1,0,0,40,0,0,0.7500952307515109,0.24403184438299358,0.0,0.051260188045839095,100.0,46.12730217197097,0.0,0.0,24.325666783590812,195.93390028817302
1630,scarce,131.05012208616037,85.3988053366042,9.758972175030456,0.3646313959600033,2.0079910502070972,438.3810781218999,1.2098258427002502,1,0,0,40,0,0,0.7497716192800187,0.2428770956017856,0.0,0.05126027471573969,100.0,46.12738016327078,0.0,0.0,24.325666783590812,196.7557167503283
1631,scarce,130.9385850519591,85.14322504527591,9.805815748863973,0.3730301678104233,1.9913203080837127,441.88299704404926,1.227091270671492,1,0,0,40,0,0,0.749508584579155,0.24172263615874856,0.0,0.05126036138549302,100.0,46.12745815443806,0.0,0.0,24.325666783590812,197.4070681160159
1632,scarce,130.83111853503993,84.87783188236553,9.842364375300093,0.381787240233943,1.9329216410097907,445.78035614886176,1.2458634586446955,1,0,0,40,0,0,0.7485495861145587,0.24056923161402252,0.0,0.05126044805509908,100.0,46.127536145472824,0.0,0.0,24.325666783590812,206.93972595945797
1633,scarce,130.7290127509948,84.60261344227146,9.866369659036925,0.39046340491178455,2.053601432671049,448.4856493094412,1.2660186843932044,1,0,0,40,0,0,0.746990282383327,0.23941754230340084,0.0,0.05126053472455786,100.0,46.12761413637506,0.0,0.0,24.325666783590812,216.54814873733076
1634,scarce,130.63318147553005,84.31981696442541,9.878224888025718,0.3959318810591935,1.9630629446613637,455.6929408418364,1.2867924937291841,1,0,0,40,0,0,0.7463009810988819,0.2382666112241921,0.0,0.051260621393869395,100.0,46.12769212714479,0.0,0.0,24.325666783590812,217.15999173791897
1635,scarce,130.5443669398571,84.03122331094809,9.876393864958493,0.40050994139121165,1.9034345145909697,460.59377464572026,1.2994951152458334,1,0,0,40,0,0,0.7449068791859377,0.23711721365708754,0.0,0.05126070806303364,100.0,46.12777011778198,0.0,0.0,24.325666783590812,235.89091838702615
1636,scarce,130.4621571481602,83.7377955299983,9.861346807705914,0.40358866246828523,2.0068393023645803,462.65697156629903,1.3048405354063777,1,0,0,40,0,0,0.7440059685553686,0.23596880709167664,0.0,0.05126079473205063,100.0,46.12784810828665,0.0,0.0,24.325666783590812,236.54842066424143
1637,scarce,130.3874163749612,83.44137843621158,9.835070633126158,0.40388432217812603,1.933394816089257,462.086273298999,1.3078570902106088,1,0,0,40,0,0,0.7444343875149099,0.2348199292654103,0.0,0.05126088140092035,100.0,46.127926098658804,0.0,0.0,24.325666783590812,237.2050573859271
1638,scarce,130.32101994317017,83.14406449273025,9.797096366032845,0.40192245194299053,1.8478663331803484,459.36284219005756,1.312710883677478,1,0,0,40,0,0,0.7437376924219561,0.2336718178037461,0.0,0.05126096806964278,100.0,46.12800408889843,0.0,0.0,24.325666783590812,228.793782140652
1639,scarce,130.26174031324518,82.84814870480847,9.748751376001959,0.39822351524883115,1.922857184500279,457.2981084043422,1.3092272819560884,1,0,0,40,0,0,0.7434955974516535,0.23252397264654928,0.0,0.051261054738217966,100.0,46.12808207900554,0.0,0.0,24.325666783590812,229.38142802960965
1640,scarce,130.21229526138046,82.55551379420638,9.692111221213858,0.3912898006081301,2.075003976458551,453.25952066971513,1.2674026462744623,1,0,0,40,0,0,0.7439320345343065,0.2313756474085616,0.0,0.05126114140664588,100.0,46.12816006898013,0.0,0.0,24.325666783590812,230.09398766642622
1641,scarce,130.17293416187619,82.26849856958296,9.627570048957994,0.3822258011349162,1.9423170499807931,447.0829167927295,1.2291447391961277,1,0,0,40,0,0,0.7433140874568516,0.23022800191235904,0.0,0.05126122807492652,100.0,46.1282380588222,0.0,0.0,24.325666783590812,230.64645588909306
1642,scarce,130.1437519832976,81.9887238186647,9.556376493806813,0.3714983229285708,1.8915258589696848,438.74743824860343,1.1935602578774809,1,0,0,40,0,0,0.7427012179598396,0.2290810305726032,0.0,0.051261314743059894,100.0,46.12831604853174,0.0,0.0,24.325666783590812,231.2629363935079
1643,scarce,130.1244990389717,81.7172305369615,9.481621728472865,0.358595033210648,1.8164450318906198,428.4351661868859,1.167757219725901,1,0,0,40,0,0,0.743243277954759,0.22793346296685296,0.0,0.05126140141104601,100.0,46.128394038108766,0.0,0.0,24.325666783590812,231.73579683593454
1644,scarce,130.1160114616597,81.45534919565281,9.403609472315631,0.34393197634538447,1.5874384071304852,421.92240166203555,1.1571294952202946,1,0,0,40,0,0,0.7427874335589233,0.22678639678993812,0.0,0.05126148807888486,100.0,46.12847202755327,0.0,0.0,24.325666783590812,232.17819977517834
1645,scarce,130.11822102162597,81.20489998231889,9.323596008452014,0.32762893690686923,1.5769051130933458,414.7518387613309,1.179387201438428,1,0,0,40,0,0,0.7421906811972192,0.22563998704062121,0.0,0.05126157474657644,100.0,46.12855001686526,0.0,0.0,24.325666783590812,232.67264198027146
1646,scarce,130.1314855440202,80.96817303861755,9.244259422747344,0.309599956895398,1.7220016168735532,410.1197673450224,1.2463289405967912,1,0,0,40,0,0,0.7419610564353982,0.22449382987854224,0.0,0.05126166141412075,100.0,46.12862800604473,0.0,0.0,24.325666783590812,233.17991864747205
1647,scarce,130.1559943364922,80.74489021152043,9.168466631779609,0.2925986589420524,1.7764127432636527,410.90767079735815,1.3403660928481136,1,0,0,40,0,0,0.7421684915594903,0.22334744453782687,0.0,0.051261748081517795,100.0,46.12870599509167,0.0,0.0,24.325666783590812,224.701038723184
1648,scarce,130.19128069795724,80.53656207847298,9.098677474541452,0.2741136182180107,1.719355366517617,414.3237799470444,1.341704308131231,1,0,0,40,0,0,0.7429363933339166,0.22220021450515953,0.0,0.05126183474876758,100.0,46.12878398400611,0.0,0.0,24.325666783590812,225.1630922408699
1649,scarce,130.23796210258269,80.34571715217692,9.035933253913337,0.25311219903023335,1.7081322960279102,416.44636930133856,1.3237947495370332,1,0,0,40,0,0,0.7427997824399742,0.22105313474447558,0.0,0.0512619214158701,100.0,46.128861972788016,0.0,0.0,24.325666783590812,225.54673674129845
1650,scarce,130.29674843440358,80.17308829417392,8.981928651888463,0.23377617231921916,1.6768827045502896,415.9259165843032,1.3061132181938326,1,0,0,40,0,0,0.7426262324616861,0.21990624588876767,0.0,0.051262008082825355,100.0,46.12893996143742,0.0,0.0,24.325666783590812,217.00975852977155
1651,scarce,130.36708131746656,80.01957694051897,8.937660799694795,0.2151161658075846,1.7843765816348287,412.1226525634338,1.2890092287622905,1,0,0,40,0,0,0.7425950388550672,0.21875939134602715,0.0,0.05126209474963334,100.0,46.12901794995429,0.0,0.0,24.325666783590812,208.5196913035789
1652,scarce,130.44895107806056,79.8853847299338,8.903694910938935,0.1989788192174686,1.654003134822565,408.18552981549146,1.273921404159092,1,0,0,40,0,0,0.7423874746826586,0.21761276512387617,0.0,0.051262181416294066,100.0,46.129095938338644,0.0,0.0,24.325666783590812,209.06600823139178
1653,scarce,130.5417168925461,79.77141972358294,8.880027511703446,0.1847849048538492,1.5904083639548925,400.9678872853183,1.2600122796345863,1,0,0,40,0,0,0.7421136915768023,0.2164664400631417,0.0,0.05126226808280753,100.0,46.12917392659048,0.0,0.0,24.325666783590812,200.55894052836032
1654,scarce,130.64350502631265,79.67873457673423,8.8661355832195,0.1738922120062228,1.7289458745058333,398.8762886541299,1.2482692262861126,1,0,0,40,0,0,0.7416367630797669,0.21532063962375397,0.0,0.05126235474917373,100.0,46.129251914709805,0.0,0.0,24.325666783590812,201.21857965910743
1655,scarce,130.7527422026388,79.60646822781901,8.862061972105945,0.16652492513938374,1.7392743794716925,406.03079765806615,1.2383965536543586,1,0,0,40,0,0,0.7417283134677571,0.21417473847893942,0.0,0.05126244141539267,100.0,46.12932990269661,0.0,0.0,24.325666783590812,192.85475624759744
1656,scarce,130.87091087322418,79.55528120507961,8.867032808286364,0.16492882675840498,1.7714540814085145,408.6074484948549,1.2295079394781556,1,0,0,40,0,0,0.7412567536066259,0.21302935604997214,0.0,0.051262528081464344,100.0,46.12940789055091,0.0,0.0,24.325666783590812,193.55954669361773
1657,scarce,130.99721268509225,79.52683141661684,8.879957626800543,0.16788615923516714,1.6986899240584008,409.5448061565112,1.222804252825062,1,0,0,40,0,0,0.7402632582842859,0.21188506646585942,0.0,0.05126261474738875,100.0,46.129485878272675,0.0,0.0,24.325666783590812,194.20833243960072
1658,scarce,131.1298579400655,79.51936788662516,8.900727641746313,0.17545467225490408,1.617854193443986,407.9707530870437,1.2174399976253463,1,0,0,40,0,0,0.7405919971376118,0.21074041526900808,0.0,0.05126270141316591,100.0,46.12956386586194,0.0,0.0,24.325666783590812,176.93761664107794
1659,scarce,131.2684232754463,79.53353475298718,8.929808922068059,0.18585180028132464,1.659520712610858,404.532706613114,1.2131386192573244,1,0,0,40,0,0,0.740929401176776,0.20959539292771362,0.0,0.05126278807879579,100.0,46.129641853318674,0.0,0.0,24.325666783590812,177.6022085159319
1660,scarce,131.4120427463326,79.56944682610315,8.965211935268455,0.20040232113020495,1.610581768133344,395.82298295279907,1.2099550714573561,1,0,0,40,0,0,0.7401264416883172,0.2084512538418565,0.0,0.05126287474427842,100.0,46.1297198406429,0.0,0.0,24.325666783590812,169.3545603049435
1661,scarce,131.56030009254886,79.62694912073587,9.008337881379136,0.21606386520454426,1.3559718750298715,387.32031832022767,1.2053930943806308,1,0,0,40,0,0,0.740291281328805,0.20730693343239476,0.0,0.05126296140961378,100.0,46.129797827834615,0.0,0.0,24.325666783590812,161.00500535106903
1662,scarce,131.71276381070538,79.70488241983338,9.059260432760805,0.23348172309609258,1.3307053173041328,376.87466783957643,1.1933330118021028,1,0,0,40,0,0,0.7405691966808827,0.20616230731604582,0.0,0.051263048074801885,100.0,46.1298758148938,0.0,0.0,24.325666783590812,152.70339489257088
1663,scarce,131.86871195465773,79.80239469994004,9.117960105506677,0.2508492792390392,1.518752482408749,373.5854020801344,1.1492959932314883,1,0,0,40,0,0,0.7405334634331362,0.20501772050626937,0.0,0.05126313473984273,100.0,46.129953801820484,0.0,0.0,24.325666783590812,144.32910521720356
1664,scarce,132.0281054945182,79.9185396747592,9.184001630230224,0.26851858808599394,1.6114516406969386,381.4686197330884,1.1065854173955787,1,0,0,40,0,0,0.7403232210213802,0.20387336496314584,0.0,0.05126322140473631,100.0,46.130031788614644,0.0,0.0,24.325666783590812,144.79345449155875
1665,scarce,132.18893464520036,80.05362778816156,9.25717613019467,0.2859165129873875,1.4354347740017066,388.4752899607338,1.0756365347681593,1,0,0,40,0,0,0.7400332395681399,0.2027293283996209,0.0,0.05126330806948264,100.0,46.13010977527631,0.0,0.0,24.325666783590812,145.51580434131108
1666,scarce,132.35055821893465,80.20737367031046,9.337025551014898,0.30344593544500925,1.5388549344601246,392.24224530727224,1.0452479776194472,1,0,0,40,0,0,0.7399757179380607,0.20158535510988904,0.0,0.0512633947340817,100.0,46.130187761805445,0.0,0.0,24.325666783590812,155.07472029319229
1667,scarce,132.51191468194224,80.37911159314818,9.422234431500915,0.32000483405257735,1.6316884920523265,393.6784042841464,1.019905747054944,1,0,0,40,0,0,0.7399071195842769,0.2004414572783463,0.0,0.05126348139853351,100.0,46.13026574820206,0.0,0.0,24.325666783590812,146.67872206803744
1668,scarce,132.6730803068406,80.56825017447524,9.510400471716915,0.3364736029097804,1.7101355750521972,395.5391992165314,1.0410528439400495,1,0,0,40,0,0,0.7394163442557847,0.19929809929966497,0.0,0.05126356806283806,100.0,46.13034373446618,0.0,0.0,24.325666783590812,138.17879089532002
1669,scarce,132.8338817941953,80.7732628032674,9.59918641011112,0.35121520544486906,1.8496011881773413,395.9541560552898,1.071882377239854,1,0,0,40,0,0,0.7391293922179232,0.19815505696822525,0.0,0.05126365472699534,100.0,46.13042172059777,0.0,0.0,24.325666783590812,138.78709545097686
1670,scarce,132.99228494977308,80.99223385876333,9.685345650638325,0.36345446774984347,1.8125259614122462,394.8639522076119,1.0914643057605455,1,0,0,40,0,0,0.7385976466789634,0.1970125995568784,0.0,0.05126374139100537,100.0,46.13049970659686,0.0,0.0,24.325666783590812,139.40855967711258
1671,scarce,133.14790217308484,81.22267248827299,9.766640257920846,0.37399630255512983,1.6899814923118377,396.27766226074164,1.0805798977021297,1,0,0,40,0,0,0.7384735905521996,0.19587027860727096,0.0,0.05126382805486814,100.0,46.13057769246343,0.0,0.0,24.325666783590812,139.98142977234565
1672,scarce,133.2999832045569,81.46500779823148,9.842461232628779,0.3835743308932286,1.5682681570128403,393.62311952462915,1.0711200667145269,1,0,0,40,0,0,0.7390842082014484,0.19472728597824934,0.0,0.05126391471858365,100.0,46.13065567819749,0.0,0.0,24.325666783590812,140.60158636696528
1673,scarce,133.4476195468154,81.71766185698003,9.910826929452977,0.39093779802047773,1.6249637533765864,390.53320593231183,1.071036716163677,1,0,0,40,0,0,0.7395953591138438,0.19358373108322413,0.0,0.05126400138215191,100.0,46.13073366379904,0.0,0.0,24.325666783590812,141.26378411461076
1674,scarce,133.59015857445144,81.97875184629748,9.969032241131817,0.3973872541629705,1.802543915843738,388.40303411149944,1.069062233760954,1,0,0,40,0,0,0.7396353463736485,0.19244013220221312,0.0,0.051264088045572906,100.0,46.130811649268075,0.0,0.0,24.325666783590812,141.89122965352016
1675,scarce,133.72768816341073,82.24728433569712,10.016466012434655,0.4017030381488857,1.6666278168274034,386.2776809548741,1.0668627833653113,1,0,0,40,0,0,0.7400877225991209,0.19129603570735407,0.0,0.05126417470884665,100.0,46.1308896346046,0.0,0.0,24.325666783590812,124.45784939096902
1676,scarce,133.85913298956035,82.52212691884223,10.05056545333159,0.40546275201990717,1.670862581728004,392.6398649238399,1.064396253079234,1,0,0,40,0,0,0.7394561513384167,0.19015263394088183,0.0,0.05126426137197314,100.0,46.130967619808615,0.0,0.0,24.325666783590812,116.07805798661293
1677,scarce,133.9828302639575,82.80160377335157,10.07256122369859,0.40661350570783744,1.671682885084556,402.09244329083594,1.0611107100240023,1,0,0,40,0,0,0.73983619372234,0.18900881412778725,0.0,0.05126434803495236,100.0,46.131045604880114,0.0,0.0,24.325666783590812,116.77626424804323
1678,scarce,134.09774607544688,83.08135578871638,10.080486882633826,0.40277556022938976,1.8118193794939963,410.2299829365511,1.0586958692399735,1,0,0,40,0,0,0.7388583954902533,0.18786606989274798,0.0,0.05126443469778434,100.0,46.13112358981911,0.0,0.0,24.325666783590812,126.35376127634413
1679,scarce,134.2047490241916,83.36198480432239,10.07434422786655,0.3998076871646284,1.9352527539720135,415.96366651524295,1.0566211849468217,1,0,0,40,0,0,0.7379287743253736,0.18672434824099007,0.0,0.05126452136046905,100.0,46.13120157462559,0.0,0.0,24.325666783590812,135.90556645470434
1680,scarce,134.30237160172146,83.6439967815055,10.05459673238039,0.3958727996293662,1.7476728572192601,419.12547166845616,1.05512035411363,1,0,0,40,0,0,0.7370022627424007,0.18558364575197342,0.0,0.05126460802300652,100.0,46.131279559299564,0.0,0.0,24.325666783590812,136.475009044378
1681,scarce,134.39053843299115,83.92516358280548,10.020413797085514,0.39074923885473617,1.7839749789392123,420.4166231998024,1.0551632589639726,1,0,0,40,0,0,0.735139252418828,0.1844449925743127,0.0,0.05126469468539672,100.0,46.13135754384102,0.0,0.0,24.325666783590812,136.95232435099624
1682,scarce,134.4695429210271,84.20464587959296,9.974856351289612,0.38427785822748756,1.883758695107506,420.55519456953334,1.056307102595889,1,0,0,40,0,0,0.7349095893734165,0.18330659202600194,0.0,0.051264781347639676,100.0,46.13143552824998,0.0,0.0,24.325666783590812,137.47675194450397
1683,scarce,134.53850062398638,84.48159385062038,9.919568320729324,0.37712636923794607,1.8558358837636455,418.98527074680896,1.067556742516142,1,0,0,40,0,0,0.7347784614569399,0.18216833571839933,0.0,0.05126486800973537,100.0,46.13151351252642,0.0,0.0,24.325666783590812,138.02176149212542
1684,scarce,134.59680592702864,84.75539259121273,9.855800428528095,0.36966342230021737,1.8439097439600456,419.03640834774706,1.0769507850873044,1,0,0,40,0,0,0.7344333325067873,0.18103045905264187,0.0,0.051264954671683814,100.0,46.13159149667035,0.0,0.0,24.325666783590812,138.5711249057657
1685,scarce,134.64488555338082,85.024111909553,9.78450586202635,0.3601638869970328,1.7155366019696277,418.7651190834731,1.0872717411227915,1,0,0,40,0,0,0.7335924006822988,0.1798935074118913,0.0,0.051265041333485,100.0,46.13166948068177,0.0,0.0,24.325666783590812,139.12562348334401
1686,scarce,134.68188079848045,85.2849223870687,9.707881947848323,0.3473625370742675,1.8267847273818414,417.03634913056885,1.0989214922544437,1,0,0,40,0,0,0.7326194443651304,0.1787576260230897,0.0,0.05126512799513894,100.0,46.131747464560696,0.0,0.0,24.325666783590812,139.5576672018438
1687,scarce,134.70839747268775,85.53766117808176,9.628325422712097,0.3349422726257078,1.7674770271022446,413.32798790649395,1.093702484039955,1,0,0,40,0,0,0.7324204711601606,0.1776219635048135,0.0,0.05126521465664561,100.0,46.1318254483071,0.0,0.0,24.325666783590812,158.12715711223512
1688,scarce,134.72419695599325,85.78012959187643,9.547499148115559,0.32011446882495104,1.6570275507627354,409.34598786781135,1.092446152219362,1,0,0,40,0,0,0.731760007256012,0.1764870274968319,0.0,0.05126530131800504,100.0,46.131903431920996,0.0,0.0,24.325666783590812,158.59175840275097
1689,scarce,134.72837992317613,86.01103978010012,9.46819652903651,0.30397049202452087,1.5680811521520055,407.76215915119246,1.1365069186502486,1,0,0,40,0,0,0.7313414779838165,0.1753525518710497,0.0,0.051265387979217224,100.0,46.13198141540239,0.0,0.0,24.325666783590812,159.2469185073599
1690,scarce,134.72113935751787,86.22999487782972,9.39266860147194,0.2873570294671277,1.5883544871709279,405.3316904538515,1.1983145932084533,1,0,0,40,0,0,0.7311751436120338,0.17421825921307646,0.0,0.051265474640282145,100.0,46.13205939875128,0.0,0.0,24.325666783590812,159.78164754534586
1691,scarce,134.7017092444241,86.43499294212691,9.323667712706158,0.26970600282518886,1.609375565375722,399.69131602304697,1.2618897907554498,1,0,0,40,0,0,0.7311980139690266,0.17308394139771052,0.0,0.051265561301199816,100.0,46.13213738196765,0.0,0.0,24.325666783590812,160.25347400661795
1692,scarce,134.67132150795425,86.62559762922076,9.263788517268058,0.2519534369618973,1.6979687014125546,393.5565327814911,1.2936572746379142,1,0,0,40,0,0,0.7319685590979995,0.17194877598270272,0.0,0.05126564796197024,100.0,46.13221536505153,0.0,0.0,24.325666783590812,160.78262250242784
1693,scarce,134.63063777517624,86.799706863185,9.211863034080888,0.2333470680063829,1.7513068165073633,393.2538480870353,1.3257549347728605,1,0,0,40,0,0,0.7307295154802379,0.17081497351567448,0.0,0.0512657346225934,100.0,46.13229334800288,0.0,0.0,24.325666783590812,161.4454726069123
1694,scarce,134.5786783973533,86.9564696185688,9.170765065323565,0.21566489376263825,1.6283816540287703,394.08963746537484,1.3132649133141816,1,0,0,40,0,0,0.7306467432276876,0.169681262098124,0.0,0.05126582128306932,100.0,46.13237133082175,0.0,0.0,24.325666783590812,171.11278174982553
1695,scarce,134.51576590162364,87.09470647902171,9.140153745172308,0.19855193810177507,1.77527556775153,392.0456506333867,1.2936815439926934,1,0,0,40,0,0,0.7301239718461953,0.1685481257290932,0.0,0.051265907943397984,100.0,46.1324493135081,0.0,0.0,24.325666783590812,180.76894989185294
1696,scarce,134.44313981448357,87.21359359788325,9.120279116684058,0.1825674801385483,1.7426045846308615,387.8996118421783,1.2643469813795605,1,0,0,40,0,0,0.7298660836113113,0.16741527303712075,0.0,0.051265994603579404,100.0,46.13252729606195,0.0,0.0,24.325666783590812,181.35691760486128
1697,scarce,134.36095592824807,87.31144623286272,9.109770582926439,0.16893164291201196,1.671525806212499,381.91297218657564,1.2364719105063107,1,0,0,40,0,0,0.7291281942416328,0.16628323202345496,0.0,0.05126608126361357,100.0,46.13260527848328,0.0,0.0,24.325666783590812,182.0340644290706
1698,scarce,134.27142517902092,87.38863529319254,9.108404846990247,0.15841998307914804,1.6623323022990388,377.4946761239771,1.2104993711042458,1,0,0,40,0,0,0.7289413270286677,0.16515139656372343,0.0,0.05126616792350048,100.0,46.13268326077212,0.0,0.0,24.325666783590812,182.74860854262562
1699,scarce,134.17435571708663,87.44528360878755,9.115165474826464,0.15303501785995616,1.6248973476737034,373.1487456696268,1.185665547163175,1,0,0,40,0,0,0.7291277623109466,0.1640193560251814,0.0,0.05126625458324015,100.0,46.13276124292845,0.0,0.0,24.325666783590812,174.46242484170733
1700,scarce,134.06962308277042,87.48152781058849,9.129752706976063,0.1532228098009098,1.6721074754875473,369.85793306838605,1.162417182456606,1,0,0,40,0,0,0.7295879198237682,0.16288680931337524,0.0,0.05126634124283256,100.0,46.13283922495227,0.0,0.0,24.325666783590812,175.11687849870984
1701,scarce,133.95782081894924,87.49633986711237,9.149000552294336,0.15808959597942257,1.743273214467358,371.01676126001985,1.1446343092169966,1,0,0,40,0,0,0.7286840380321677,0.16175525687153985,0.0,0.05126642790227773,100.0,46.132917206843594,0.0,0.0,24.325666783590812,175.8130339344196
1702,scarce,133.83697821970225,87.49211919640234,9.17391968240167,0.16868103091152276,1.7466389182649131,370.07323366701894,1.1431797251943294,1,0,0,40,0,0,0.7291995259580222,0.16062313739298603,0.0,0.05126651456157564,100.0,46.13299518860241,0.0,0.0,24.325666783590812,176.35021252310383
1703,scarce,133.70855789321334,87.46922668838107,9.202497626147856,0.18161250932575249,1.7257079007698954,366.6539462285,1.1433961839575257,1,0,0,40,0,0,0.7286009437880081,0.15949167635481923,0.0,0.051266601220726314,100.0,46.13307317022872,0.0,0.0,24.325666783590812,176.8162291207676
1704,scarce,133.57478194087795,87.4268785719594,9.235013232095522,0.19601668331764877,1.808768989218655,369.0764701389853,1.1455432382529491,1,0,0,40,0,0,0.7285162927518998,0.1583603084327921,0.0,0.05126668787972973,100.0,46.13315115172252,0.0,0.0,24.325666783590812,177.39928499252855
1705,scarce,133.43652612381533,87.36604655876957,9.270211255926501,0.21169609011495547,1.828732733688751,372.6920980315481,1.1487446437786328,1,0,0,40,0,0,0.7279107523004231,0.15722960660526167,0.0,0.0512667745385859,100.0,46.13322913308382,0.0,0.0,24.325666783590812,177.96146086459407
1706,scarce,133.29317677371964,87.286936687346,9.308743725100474,0.22888224366549814,1.8835064188074995,375.28248055878794,1.1120411411814926,1,0,0,40,0,0,0.7277609323072295,0.1560990695797237,0.0,0.05126686119729483,100.0,46.133307114312636,0.0,0.0,24.325666783590812,178.50898062050152
1707,scarce,133.14617854544855,87.19108652664276,9.351092112078021,0.2456434961589107,1.9051124335340113,375.26904723161715,1.0788995049622463,1,0,0,40,0,0,0.7284374771035383,0.15496778835490982,0.0,0.051266947855856504,100.0,46.13338509540893,0.0,0.0,24.325666783590812,179.0893515908736
1708,scarce,132.9953697686094,87.07918983591145,9.397561975699764,0.2612063149917083,1.7431682875995922,372.9405753928004,1.0595206937489483,1,0,0,40,0,0,0.7292056600508954,0.15383566212885383,0.0,0.051267034514270934,100.0,46.13346307637272,0.0,0.0,24.325666783590812,197.5806143729272
1709,scarce,132.84178608722505,86.95137536403396,9.447343414475547,0.2771803862702409,1.6817021745280747,377.88482994385413,1.0397000657637447,1,0,0,40,0,0,0.7296833020984143,0.1527030104965456,0.0,0.051267121172538115,100.0,46.13354105720401,0.0,0.0,24.325666783590812,198.0669081419283
1710,scarce,132.68639386202454,86.8092763608567,9.499136569355928,0.2915074318392266,1.6373943385337135,385.5939767765376,1.047251644180816,1,0,0,40,0,0,0.7299991657558287,0.15157001141421417,0.0,0.05126720783065805,100.0,46.133619037902804,0.0,0.0,24.325666783590812,198.49950430612498
1711,scarce,132.53134004223617,86.65124173219698,9.550750426484466,0.30586130755988994,1.7896127602233007,393.112077689977,1.076085867177354,1,0,0,40,0,0,0.7291462056860434,0.1504379505879595,0.0,0.05126729448863075,100.0,46.13369701846911,0.0,0.0,24.325666783590812,199.09461419264562
1712,scarce,132.37684013409068,86.47905731932266,9.600599634713689,0.32001914849535673,1.881711449685529,399.3662334056062,1.1025111857202423,1,0,0,40,0,0,0.7282188819235678,0.14930690981784359,0.0,0.051267381146456195,100.0,46.13377499890289,0.0,0.0,24.325666783590812,199.66746504582912
1713,scarce,132.22386343676175,86.29287361848444,9.649513347040047,0.3330847455614258,1.8547872799149592,403.19648559489724,1.1063454861770943,1,0,0,40,0,0,0.728054778610717,0.14817604956137181,0.0,0.05126746780413439,100.0,46.13385297920417,0.0,0.0,24.325666783590812,200.24937597870797
1714,scarce,132.07199776816327,86.09537365440625,9.697008837698109,0.3437225803375051,1.8751230870181512,405.5884031303576,1.1097065514509492,1,0,0,40,0,0,0.728216685967082,0.14704501120680802,0.0,0.051267554461665345,100.0,46.13393095937296,0.0,0.0,24.325666783590812,200.86411252881425
1715,scarce,131.92201275950916,85.88660621497094,9.741052149601638,0.35365205134970495,1.8141907583905876,411.27645450147975,1.112847042379686,1,0,0,40,0,0,0.7274878717170958,0.1459147745479192,0.0,0.05126764111904905,100.0,46.13400893940924,0.0,0.0,24.325666783590812,192.4878500566248
1716,scarce,131.7751871023905,85.6682122226665,9.780301563053161,0.3610066831108064,1.971940498651088,415.44744801525667,1.1121098352014176,1,0,0,40,0,0,0.7265312717024083,0.14478559014904657,0.0,0.051267727776285514,100.0,46.13408691931302,0.0,0.0,24.325666783590812,202.10552216329035
1717,scarce,131.6317073957268,85.44132431184227,9.813553655818207,0.36796703167239564,1.8475567065292207,418.1490648382096,1.1034395454744987,1,0,0,40,0,0,0.7255435620806432,0.14365749223075786,0.0,0.05126781443337474,100.0,46.13416489908431,0.0,0.0,24.325666783590812,202.6725701311034
1718,scarce,131.49313440326557,85.20605642277886,9.839907795892938,0.3741912288825431,1.9262999124144513,421.7236754541518,1.0764754493379944,1,0,0,40,0,0,0.7246664588616628,0.14253035912601003,0.0,0.05126790109031671,100.0,46.13424287872309,0.0,0.0,24.325666783590812,212.37648951025935
1719,scarce,131.3599559575684,84.9636804807624,9.860484851858876,0.37800675817298457,1.9465748029607248,426.9324651626812,1.061403613427347,1,0,0,40,0,0,0.725131813956427,0.1414027141306579,0.0,0.05126798774711144,100.0,46.13432085822938,0.0,0.0,24.325666783590812,213.03096070988423
1720,scarce,131.23244378382483,84.71557583828556,9.87402750305625,0.38047057083402336,2.126822591361397,430.8945443635894,1.0609274572867151,1,0,0,40,0,0,0.725214553040486,0.14027497812231343,0.0,0.05126807440375894,100.0,46.13439883760317,0.0,0.0,24.325666783590812,213.73469163067298
1721,scarce,131.11072860841924,84.46195052582387,9.877955454159524,0.38276263721715154,1.932586288932253,433.51200160179724,1.0620665811678336,1,0,0,40,0,0,0.7238528120122114,0.1391487400291,0.0,0.051268161060259186,100.0,46.134476816844455,0.0,0.0,24.325666783590812,214.28595626350642
1722,scarce,130.99540465490765,84.20495213360314,9.871569681198057,0.38239266351084683,1.781508354918493,436.93602447389276,1.0643258544983925,1,0,0,40,0,0,0.7225788598392288,0.13802390328327682,0.0,0.05126824771661218,100.0,46.134554795953235,0.0,0.0,24.325666783590812,232.8817473210291
1723,scarce,130.88700373509397,83.94505577017992,9.85604149075262,0.3811676664996501,1.7338796754568677,438.12323907832615,1.071045642668304,1,0,0,40,0,0,0.7221725096681861,0.13689951352264182,0.0,0.05126833437281795,100.0,46.134632774929536,0.0,0.0,24.325666783590812,233.50159158646085
1724,scarce,130.7859062219697,83.68392971628924,9.830882209398762,0.37965615194944324,1.8651266814569767,437.12714787556615,1.107329260440866,1,0,0,40,0,0,0.7210862558216583,0.13577631864123801,0.0,0.05126842102887646,100.0,46.13471075377332,0.0,0.0,24.325666783590812,234.00104026940488
1725,scarce,130.69315334618608,83.42348076039096,9.795895255194614,0.375143638186586,1.933633734874429,433.9308462684712,1.1434390176960567,1,0,0,40,0,0,0.7198084509198411,0.1346545293452262,0.0,0.05126850768478774,100.0,46.13478873248461,0.0,0.0,24.325666783590812,225.56380682586968
1726,scarce,130.60933121226054,83.16395346240273,9.753950013831178,0.3691995845647744,1.9694358367702924,430.00717664082913,1.182092308885958,1,0,0,40,0,0,0.7201561636594702,0.13353235756520077,0.0,0.05126859434055177,100.0,46.1348667110634,0.0,0.0,24.325666783590812,226.08726466382964
1727,scarce,130.5344829702089,82.90755052691424,9.70452477033469,0.36167824435683593,1.8660135433614866,429.45332900076755,1.223020466407486,1,0,0,40,0,0,0.7191957297269485,0.13241124226250112,0.0,0.05126868099616856,100.0,46.1349446895097,0.0,0.0,24.325666783590812,226.53825907970585
1728,scarce,130.46941828130616,82.65610430095559,9.649504617420385,0.35163722345696885,1.8476713500494129,427.36129786809033,1.253491727902565,1,0,0,40,0,0,0.7190597163547947,0.13129027657451084,0.0,0.05126876765163811,100.0,46.13502266782349,0.0,0.0,24.325666783590812,227.06729701932608
1729,scarce,130.41484840590127,82.4106072135489,9.590263007154348,0.3401684687802967,1.8109302716684617,423.5032159270777,1.2714581335968493,1,0,0,40,0,0,0.718912961065563,0.13016947231733872,0.0,0.051268854306960425,100.0,46.1351006460048,0.0,0.0,24.325666783590812,227.4946061502671
1730,scarce,130.37093985051303,82.17297398050098,9.526942863836481,0.3265794298907896,1.7144575738221626,417.9057300134009,1.2924654848136383,1,0,0,40,0,0,0.7181629438505739,0.12904949307910307,0.0,0.0512689409621355,100.0,46.135178624053616,0.0,0.0,24.325666783590812,227.94180416087505
1731,scarce,130.33805097332086,81.9445265672515,9.460498114705889,0.31226976872260914,1.8643640356841107,411.7806402746937,1.3029618206169504,1,0,0,40,0,0,0.7173256693856352,0.1279304348427789,0.0,0.05126902761716332,100.0,46.135256601969914,0.0,0.0,24.325666783590812,228.38819382303691
1732,scarce,130.3159587350346,81.72585892987061,9.39295494779499,0.2964028110985791,1.8760023131432746,412.19038959409227,1.3087481006268151,1,0,0,40,0,0,0.7172678350297067,0.12681144022424623,0.0,0.05126911427204392,100.0,46.13533457975373,0.0,0.0,24.325666783590812,228.82889158075227
1733,scarce,130.3050340695716,81.51892712156165,9.325158539780244,0.27850944377896,1.8652121303346945,411.31007592913375,1.3198332065000107,1,0,0,40,0,0,0.7169263645026233,0.12569282122329334,0.0,0.05126920092677727,100.0,46.13541255740505,0.0,0.0,24.325666783590812,229.38333001719585
1734,scarce,130.30471244566712,81.3253356787968,9.25806651328564,0.2593981195311529,1.9013328303674668,407.6907734755223,1.3223077803872814,1,0,0,40,0,0,0.7165126840459193,0.12457465727084283,0.0,0.05126928758136338,100.0,46.13549053492387,0.0,0.0,24.325666783590812,211.89486558935033
1735,scarce,130.3152400859524,81.14542502320438,9.19283429465924,0.23963919321066135,1.760848636810326,401.3727495043713,1.2768153186473028,1,0,0,40,0,0,0.716269140949982,0.12345676121579785,0.0,0.05126937423580225,100.0,46.1355685123102,0.0,0.0,24.325666783590812,212.28211919729247
1736,scarce,130.33731741323663,80.98112952037903,9.129656833297997,0.21920778863841284,1.6146167072443256,392.92465355641616,1.248047983059087,1,0,0,40,0,0,0.7150981756587704,0.12234015322257322,0.0,0.05126946089009388,100.0,46.135646489564024,0.0,0.0,24.325666783590812,203.76950012326967
1737,scarce,130.37073584105855,80.83269037404062,9.070715326485455,0.19962215451637672,1.6310398081050472,387.1088551443172,1.234379996330696,1,0,0,40,0,0,0.7149673134619954,0.121223689177765,0.0,0.051269547544238285,100.0,46.13572446668537,0.0,0.0,24.325666783590812,204.20897631062502
1738,scarce,130.41334502647072,80.70135106470926,9.016101073049398,0.1801855482415394,1.4597939114567542,383.0489199763324,1.2213398715724166,1,0,0,40,0,0,0.7144266861295095,0.12010781982302254,0.0,0.051269634198235436,100.0,46.13580244367421,0.0,0.0,24.325666783590812,204.78463117321436
1739,scarce,130.46680739597534,80.58630685002028,8.966899488788453,0.16301175840754226,1.5002124739986074,383.69770494169643,1.2088474531688862,1,0,0,40,0,0,0.7141157985691879,0.11899229244459644,0.0,0.05126972085208536,100.0,46.135880420530555,0.0,0.0,24.325666783590812,187.28028815907342
1740,scarce,130.53084559383458,80.48771528124608,8.924947265356511,0.14956713021243503,1.589312019596298,382.08465771069314,1.1965366408305231,1,0,0,40,0,0,0.714373187649256,0.11787648193818226,0.0,0.05126980750578804,100.0,46.135958397254406,0.0,0.0,24.325666783590812,187.81672805804587
1741,scarce,130.60467359872854,80.40615849144257,8.89066551981292,0.1402323727430887,1.6880757423048671,383.59098968172475,1.184599520119091,1,0,0,40,0,0,0.714169297185791,0.11676089571127787,0.0,0.05126989415934348,100.0,46.13603637384576,0.0,0.0,24.325666783590812,188.39122686578702
1742,scarce,130.6874334466004,80.34201183818398,8.865669322546154,0.13561274818741847,1.8339411153317062,385.7854213565879,1.1738898800074253,1,0,0,40,0,0,0.7145845366801395,0.11564485272092973,0.0,0.05126998081275169,100.0,46.13611435030464,0.0,0.0,24.325666783590812,189.0428677908552
1743,scarce,130.77771742350203,80.29566078472004,8.850029375065048,0.13474490193957847,1.9363281226591706,393.1475007287154,1.150021352714443,1,0,0,40,0,0,0.7144718927876454,0.11452893363886334,0.0,0.05127006746601266,100.0,46.136192326631004,0.0,0.0,24.325666783590812,189.70758295216245
1744,scarce,130.8754066951467,80.26730400514616,8.844339446234754,0.13902809177586256,1.7956156350638648,398.96588250575587,1.121009062814943,1,0,0,40,0,0,0.7142964366853812,0.1134132075585094,0.0,0.0512701541191264,100.0,46.13627030282489,0.0,0.0,24.325666783590812,181.3048599777149
1745,scarce,130.9806625425089,80.25702692707647,8.846394715817114,0.14749943533116672,1.6486302355307079,401.12045854840835,1.0937047452025328,1,0,0,40,0,0,0.7127445470005539,0.1122991885568088,0.0,0.0512702407720929,100.0,46.136348278886274,0.0,0.0,24.325666783590812,172.85760256519387
1746,scarce,131.0939924108123,80.26613822769602,8.856948976282574,0.16098401595729983,1.5256652310664491,404.33463086961274,1.0684698646595079,1,0,0,40,0,0,0.7119360449017373,0.11118605890741688,0.0,0.051270327424912165,100.0,46.13642625481517,0.0,0.0,24.325666783590812,173.4468083900713
1747,scarce,131.21473665159235,80.29308436610954,8.875068068347368,0.1767208277031775,1.5672840342683307,404.8138190734753,1.0445019198679122,1,0,0,40,0,0,0.7112836891421673,0.1100736468493605,0.0,0.05127041407758419,100.0,46.13650423061158,0.0,0.0,24.325666783590812,174.00470750300536
1748,scarce,131.34228270196996,80.33831844289082,8.89998660998931,0.1932514634702954,1.6776354971875915,400.738419058609,1.0222184527804927,1,0,0,40,0,0,0.7106362465307421,0.10896194697817667,0.0,0.05127050073010897,100.0,46.13658220627547,0.0,0.0,24.325666783590812,165.55530343844356
1749,scarce,131.47510548115685,80.40255182236493,8.931206281503488,0.21095014111952018,1.6338396952666572,393.3362407375753,1.000364032966056,1,0,0,40,0,0,0.710053593823254,0.10785088802497109,0.0,0.05127058738248654,100.0,46.1366601818069,0.0,0.0,24.325666783590812,157.16327763769155
1750,scarce,131.61146389208704,80.4838606740403,8.967174103831935,0.22797884429566928,1.6508803255144784,386.961173228774,1.0016051130144377,1,0,0,40,0,0,0.7092088682463302,0.10674075826990012,0.0,0.051270674034716864,100.0,46.13673815720583,0.0,0.0,24.325666783590812,157.8376995792859
1751,scarce,131.7511162749017,80.58139551168992,9.009572768656117,0.24470596937458042,1.7407223247034203,381.6360718300857,1.0153250829051748,1,0,0,40,0,0,0.7099208264860117,0.10562984536076554,0.0,0.051270760686799956,100.0,46.13681613247227,0.0,0.0,24.325666783590812,158.59514742707364
1752,scarce,131.8933268596113,80.69426482728798,9.055620062202703,0.26082910240853063,1.718561425287114,375.64601190223766,1.0254135043051615,1,0,0,40,0,0,0.7090366185940695,0.10451990508031206,0.0,0.051270847338735805,100.0,46.13689410760621,0.0,0.0,24.325666783590812,159.17318094565923
1753,scarce,132.0365893665774,80.82142816335563,9.104743331534863,0.27631764372538364,1.660603792857285,367.0942518807424,1.0390964738060322,1,0,0,40,0,0,0.7083620155507349,0.10341070686320623,0.0,0.05127093399052443,100.0,46.13697208260768,0.0,0.0,24.325666783590812,159.81619162872857
1754,scarce,132.1803217193976,80.96337374864491,9.154267667447176,0.29130411606042883,1.4126652653618632,357.6163383496023,1.0477020055277864,1,0,0,40,0,0,0.7067782708839196,0.10230325076523394,0.0,0.05127102064216582,100.0,46.137050057476635,0.0,0.0,24.325666783590812,151.48358463402607
1755,scarce,132.3246721894988,81.11943962732717,9.20448555389622,0.30506463059708944,1.2699107963230467,353.82544225001766,1.0499085452128234,1,0,0,40,0,0,0.7063770875865083,0.10119623596888876,0.0,0.051271107293659975,100.0,46.13712803221311,0.0,0.0,24.325666783590812,152.0339346740677
1756,scarce,132.47100935960253,81.28964776904101,9.252538638145424,0.31993146401797123,1.608142833612969,357.68136032199254,1.067299510067693,1,0,0,40,0,0,0.7051742270277291,0.10009054431915827,0.0,0.05127119394500689,100.0,46.137206006817095,0.0,0.0,24.325666783590812,143.49985627419522
1757,scarce,132.61794017113266,81.47298852022723,9.297950077189881,0.332784801843117,1.7782278251890589,365.7756818525668,1.1214699522192397,1,0,0,40,0,0,0.7051113548836148,0.0989849218287863,0.0,0.05127128059620658,100.0,46.13728398128858,0.0,0.0,24.325666783590812,143.99697677478156
1758,scarce,132.76400696140405,81.66974487432952,9.336412271680711,0.34613442991299176,1.8650289098374777,370.88596783006506,1.1764968265674263,1,0,0,40,0,0,0.703681202690899,0.0978808725058263,0.0,0.051271367247259045,100.0,46.137361955627604,0.0,0.0,24.325666783590812,144.57383087569536
1759,scarce,132.9098641269694,81.87791952000919,9.367062326586233,0.35719889131765886,1.8238169032859806,374.3326108346446,1.1946933578367729,1,0,0,40,0,0,0.7030010926064573,0.0967775713039592,0.0,0.051271453898164274,100.0,46.13743992983412,0.0,0.0,24.325666783590812,145.129562159365
1760,scarce,133.05402427902297,82.09688585861815,9.38790781212818,0.3674448448536276,1.8126914740293294,378.07872692579986,1.201531957503738,1,0,0,40,0,0,0.7021824431567383,0.09567517061648678,0.0,0.05127154054892226,100.0,46.13751790390814,0.0,0.0,24.325666783590812,145.72821517170902
1761,scarce,133.19536244438171,82.32574632151541,9.399243360851745,0.3763809680798743,1.6826546688645387,381.17933530371374,1.20867551430295,1,0,0,40,0,0,0.7022276829506298,0.0945727201652411,0.0,0.05127162719953303,100.0,46.13759587784969,0.0,0.0,24.325666783590812,146.41037580416435
1762,scarce,133.33366579384216,82.56329191178752,9.39976902598592,0.38395464518297545,1.6434160085808664,381.4077569844667,1.2157869382811923,1,0,0,40,0,0,0.7021896404456293,0.09347031156075089,0.0,0.051271713849996556,100.0,46.13767385165874,0.0,0.0,24.325666783590812,138.02927160253884
1763,scarce,133.46918081958987,82.80852809979494,9.390084672516462,0.39077469088291056,1.7645951039002938,379.0581994806562,1.222743385746587,1,0,0,40,0,0,0.7028376602477998,0.09236719013447832,0.0,0.05127180050031286,100.0,46.13775182533531,0.0,0.0,24.325666783590812,129.56820604176113
1764,scarce,133.59992917994725,83.05963494291237,9.369836086077227,0.39511015996107496,1.8760474732874048,377.55349679099163,1.229759373235252,1,0,0,40,0,0,0.7033076815972992,0.09126355168472129,0.0,0.051271887150481935,100.0,46.13782979887939,0.0,0.0,24.325666783590812,121.17387322590267
1765,scarce,133.72514974002218,83.31534316579953,9.338712406759907,0.39740396508983716,1.7918128472842187,375.5352005374443,1.2371783264999896,1,0,0,40,0,0,0.7032826905687808,0.09015994072509563,0.0,0.05127197380050377,100.0,46.13790777229097,0.0,0.0,24.325666783590812,121.72871042407004
1766,scarce,133.84424527498635,83.57320119679422,9.298827803111106,0.3967305982204929,1.7798996978739432,376.05644860563916,1.2226839811739532,1,0,0,40,0,0,0.70431909749161,0.08905518971785487,0.0,0.05127206045037839,100.0,46.137985745570084,0.0,0.0,24.325666783590812,122.22413827792079
1767,scarce,133.9568266240276,83.8323508973836,9.249833438332363,0.3942722567273583,1.790707983416097,375.2730783406005,1.1896619492751868,1,0,0,40,0,0,0.704624448047384,0.08795010282500275,0.0,0.05127214710010577,100.0,46.138063718716694,0.0,0.0,24.325666783590812,122.78379974531472
1768,scarce,134.06236784822786,84.09015510987048,9.191650138040751,0.38884916972209305,1.9772577605905226,373.3851472683309,1.1599217928464545,1,0,0,40,0,0,0.7040440105876742,0.0868456544133563,0.0,0.051272233749685925,100.0,46.13814169173083,0.0,0.0,24.325666783590812,141.19653352830397
1769,scarce,134.1592357746702,84.34556352021464,9.125416912535716,0.38136738872655723,2.0281194159209237,372.12677593747503,1.1330249753463266,1,0,0,40,0,0,0.7032983162141698,0.08574202626552072,0.0,0.051272320399118845,100.0,46.138219664612464,0.0,0.0,24.325666783590812,150.60198751636094
1770,scarce,134.24565510318982,84.59757618317664,9.051573651392847,0.3724596856900906,1.8986007084668237,369.94050051341037,1.1081431568110158,1,0,0,40,0,0,0.7020580008382138,0.08463976246459867,0.0,0.05127240704840454,100.0,46.138297637361624,0.0,0.0,24.325666783590812,151.08651009385022
1771,scarce,134.3210071456762,84.84517964454191,8.971147179661514,0.36194276360786676,1.7511816395564357,366.0566536410479,1.0878278108693373,1,0,0,40,0,0,0.7010596529470352,0.08353859684635694,0.0,0.05127249369754301,100.0,46.1383756099783,0.0,0.0,24.325666783590812,151.6359951178801
1772,scarce,134.38533751658912,85.08715566367817,8.886946639090263,0.3499988062719811,1.6969810063431645,362.3735127601467,1.0768516060663484,1,0,0,40,0,0,0.7009430508692844,0.08243755949040074,0.0,0.051272580346534244,100.0,46.13845358246248,0.0,0.0,24.325666783590812,152.04899881335902
1773,scarce,134.43835042953592,85.32163060597878,8.799028817345947,0.3353413960849989,1.654120874523804,359.4432461717224,1.0516299080311815,1,0,0,40,0,0,0.7001110422399732,0.08133743734393675,0.0,0.051272666995378254,100.0,46.13853155481418,0.0,0.0,24.325666783590812,143.62322398869225
1774,scarce,134.47883421606238,85.54756561525734,8.710376340507636,0.3197861466587461,1.640431263544039,353.4345347940689,1.0264359345464407,1,0,0,40,0,0,0.6999320576686714,0.08023751208050121,0.0,0.05127275364407504,100.0,46.138609527033395,0.0,0.0,24.325666783590812,144.15246628704978
1775,scarce,134.5072820544555,85.76277085227328,8.623834920449664,0.30229702235540157,1.59482239896532,344.6528061615609,1.0008521857792456,1,0,0,40,0,0,0.7001332580647265,0.07913736549663002,0.0,0.0512728402926246,100.0,46.13868749912013,0.0,0.0,24.325666783590812,153.57800394839538
1776,scarce,134.5245495828361,85.9673522419824,8.541821553340995,0.28415054134703893,1.7256263004436783,338.88198819397803,0.9795600411912472,1,0,0,40,0,0,0.7009059180493326,0.07803636898677575,0.0,0.05127292694102693,100.0,46.13876547107438,0.0,0.0,24.325666783590812,163.09047677242617
1777,scarce,134.5303810625951,86.15919163169187,8.46559772648782,0.26428203142721285,1.6443046191475084,345.73907264049194,0.9855270436806322,1,0,0,40,0,0,0.7010024021481828,0.07693526634441275,0.0,0.05127301358928203,100.0,46.13884344289614,0.0,0.0,24.325666783590812,163.6151065144903
1778,scarce,134.52422488276008,86.33779518975427,8.396800692444929,0.24414936549890837,1.5606137656282226,353.575300427241,0.9975906027464729,1,0,0,40,0,0,0.7010971218796812,0.07583810174604035,0.0,0.051273100237389915,100.0,46.13892141458542,0.0,0.0,24.325666783590812,164.18371029381365
1779,scarce,134.5045386814926,86.5013247650388,8.335873250609927,0.22336986697575315,1.7520026306645815,356.88491501132376,0.9956509735173148,1,0,0,40,0,0,0.7004482448100557,0.07479455783734232,0.0,0.05127318688535056,100.0,46.13899938614222,0.0,0.0,24.325666783590812,164.65157177476735
1780,scarce,134.47195789650195,86.64958237887203,8.28543403167512,0.20467923410965544,1.8336894934367653,358.2117545341098,1.0036918867215043,1,0,0,40,0,0,0.7008568893546275,0.07379343625650897,0.0,0.051273273533163986,100.0,46.13907735756653,0.0,0.0,24.325666783590812,165.17646869330105
1781,scarce,134.42778672737043,86.78257262568357,8.247407421652412,0.18788881786721592,1.8942678380807814,357.7841285011309,1.0116967694221504,1,0,0,40,0,0,0.7022971384988912,0.0728115778059871,0.0,0.05127336018083019,100.0,46.13915532885836,0.0,0.0,24.325666783590812,165.69321430554902
1782,scarce,134.37058112563034,86.89860768894914,8.2193367951995,0.1722799388051006,1.7409045796670308,355.32756581769354,1.0192652531064303,1,0,0,40,0,0,0.7010448579796047,0.07183346064036716,0.0,0.05127344682834916,100.0,46.13923330001769,0.0,0.0,24.325666783590812,184.2598450079669
1783,scarce,134.30159087972453,86.99669321818536,8.202892196147015,0.15951145425034852,1.7546926417468895,351.30567258419615,1.0263487002378326,1,0,0,40,0,0,0.7004095914417314,0.07091346569921635,0.0,0.05127353347572092,100.0,46.13931127104456,0.0,0.0,24.325666783590812,175.82047987419978
1784,scarce,134.2211434673126,87.07421003636517,8.19689940132274,0.15032819281318663,1.6717983043862497,347.5958530265052,1.0313114662892051,1,0,0,40,0,0,0.6987060857632588,0.06999511386799162,0.0,0.051273620122945444,100.0,46.13938924193895,0.0,0.0,24.325666783590812,176.51339819598192
1785,scarce,134.1301729119471,87.13184411200362,8.202024285420425,0.14720974553053867,1.6962291674646426,342.4889081342408,1.0176954716944906,1,0,0,40,0,0,0.6980296747614604,0.06907726510822787,0.0,0.05127370677002275,100.0,46.13946721270085,0.0,0.0,24.325666783590812,186.211429998342
1786,scarce,134.11874046658758,87.13882053002084,8.206759066786487,0.14703201820345047,1.6890242790566916,342.3916803426255,1.0160119681761468,1,0,0,0,0,40,0.0878002884129248,0.07765068479097366,0.0,0.05127379341695283,100.0,46.13954518333027,0.0,0.0,24.325666783590812,186.2402665426066
1787,scarce,134.11528755273324,87.14071572329924,8.208461875877624,0.14533633535900348,1.6864495744526766,342.3428840206252,1.0155148969157781,1,0,0,0,0,40,0.026779095398524917,0.08629122778603529,0.0,0.051273880063735684,100.0,46.13962315382721,0.0,0.0,24.325666783590812,186.42968571268767
1788,scarce,134.11258025062656,87.14210039198218,8.209858558490955,0.14684764599912634,1.6852989748429905,342.299869377297,1.0151480850853423,1,0,0,0,0,40,0.02067741803689469,0.0949384826261947,0.0,0.051273966710371315,100.0,46.13970112419166,0.0,0.0,24.325666783590812,186.31817455289
1789,scarce,134.1099372567625,87.14330639250178,8.211191172557744,0.14474576681336243,1.684662228177589,342.2574165500555,1.0147878455356991,1,0,0,0,0,40,0.020067386157495603,0.10358640850142145,0.0,0.05127405335685972,100.0,46.13977909442363,0.0,0.0,24.325666783590812,186.46432756649574
1790,scarce,134.10735137575318,87.1444560416438,8.212496982767586,0.14145094463116611,1.683917964551376,342.20871162794356,1.0144092241991494,1,0,0,0,0,40,0.020006361955004874,0.11223440150327094,0.0,0.051274140003200915,100.0,46.139857064523135,0.0,0.0,24.325666783590812,186.45967073473315
1791,scarce,134.1048620981963,87.14555659414256,8.213827085224088,0.13608925248680254,1.6835229513562937,342.1559542719042,1.0140398272324065,1,0,0,0,0,40,0.020000222882284868,0.12088240125810046,0.0,0.05127422664939488,100.0,46.13993503449014,0.0,0.0,24.325666783590812,186.3562893134073
1792,scarce,134.10230019554322,87.14662897725898,8.215183133179833,0.13887055837837595,1.6820922731220815,342.1075488823917,1.0136960430589692,1,0,0,0,0,40,0.0199995685343989,0.12953040173271263,0.0,0.051274313295441624,100.0,46.14001300432468,0.0,0.0,24.325666783590812,186.6535938100298
1793,scarce,134.09978709578826,87.14762128054086,8.216571566947541,0.13509694262061356,1.6797221529398834,342.0555241204638,1.0133925868480533,1,0,0,0,0,40,0.01999957273165978,0.13817840220270777,0.0,0.05127439994134115,100.0,46.140090974026734,0.0,0.0,24.325666783590812,186.71478707461148
1794,scarce,134.0973343793244,87.14853244861449,8.21792777090728,0.13082810809069476,1.6776246536609982,342.07505574901006,1.0130794993788497,1,0,0,0,0,40,0.0199994473191313,0.14682640281065673,0.0,0.051274486587093444,100.0,46.14016894359631,0.0,0.0,24.325666783590812,186.91447106797918
1795,scarce,134.09488910298327,87.14943985279432,8.219336000580984,0.13041368940911366,1.6758944400391365,342.2076772275832,1.012798045853919,1,0,0,0,0,40,0.019999621282201025,0.15547440322724632,0.0,0.05127457323269853,100.0,46.14024691303341,0.0,0.0,24.325666783590812,186.79792130993343
1796,scarce,134.0924358494837,87.15029258237486,8.220804259725293,0.12986569512780854,1.6736944350819847,342.3445435202666,1.0124959537992213,1,0,0,0,0,40,0.019999562169422315,0.16412240370885994,0.0,0.05127465987815638,100.0,46.14032488233802,0.0,0.0,24.325666783590812,186.72521716457183
1797,scarce,134.09001004913827,87.1510638786264,8.222247220601798,0.12728147922922034,1.6711249306595317,342.48567634715437,1.0122085477132527,1,0,0,0,0,40,0.019999578973142335,0.17277040417198952,0.0,0.051274746523467016,100.0,46.14040285151016,0.0,0.0,24.325666783590812,186.98205070088926
1798,scarce,134.08759489067012,87.15183879888467,8.22377328064181,0.12682228838187798,1.6681527182485163,342.63502096941374,1.0119446039363813,1,0,0,0,0,40,0.019999746341737394,0.1814184044510136,0.0,0.051274833168630435,100.0,46.14048082054982,0.0,0.0,24.325666783590812,187.0911378248304
1799,scarce,134.08513502845625,87.15247069266195,8.225251576986732,0.12699108503646087,1.6652086209416268,342.78229521337926,1.0116668248116518,1,0,0,0,0,40,0.019999617961722598,0.1900664048712557,0.0,0.05127491981364664,100.0,46.140558789457,0.0,0.0,24.325666783590812,187.24524397588772
1800,scarce,134.08261266617998,87.15305727521981,8.226692498718178,0.12949037699783703,1.6620055766487627,342.9241230765256,1.0113861197792162,1,0,0,0,0,40,0.019999557523242638,0.19871440535798013,0.0,0.05127500645851561,100.0,46.14063675823171,0.0,0.0,24.325666783590812,187.57472422195113
1801,scarce,134.0800933037794,87.153609808237,8.228117818534825,0.1289668181938638,1.6568600246791878,343.0837364957915,1.0111096390571035,1,0,0,0,0,40,0.019999676339720697,0.20736240571400644,0.0,0.05127509310323737,100.0,46.140714726873924,0.0,0.0,24.325666783590812,187.59897223993798
1802,scarce,134.07759241064895,87.15407063021307,8.22952553313406,0.12715456172471112,1.6517840383752294,343.2427620016024,1.0108397384326648,1,0,0,0,0,40,0.019999698749325872,0.2160104060453822,0.0,0.05127517974781192,100.0,46.14079269538369,0.0,0.0,24.325666783590812,187.7560366493502
1803,scarce,134.07511760562494,87.15445868817633,8.230943755924523,0.12525138624555432,1.6470631673282585,343.40114807642385,1.010549449184181,1,0,0,0,0,40,0.01999957289612745,0.2246584065151965,0.0,0.051275266392239234,100.0,46.14087066376095,0.0,0.0,24.325666783590812,187.73836774439
1804,scarce,134.0726334862008,87.15476239465869,8.2323420951715,0.125135188201584,1.642582493605841,343.5557963795727,1.0102105489005755,1,0,0,0,0,40,0.019999498982871972,0.23330640706631528,0.0,0.051275353036519346,100.0,46.14094863200575,0.0,0.0,24.325666783590812,187.9135678944633
1805,scarce,134.07013369281145,87.15500355651677,8.233753662219787,0.125571711134259,1.638341678070279,343.69994362595753,1.0098729319880622,1,0,0,0,0,40,0.019999514359169124,0.24195440760052023,0.0,0.05127543968065222,100.0,46.14102660011806,0.0,0.0,24.325666783590812,187.6140606666745
1806,scarce,134.06759797167243,87.15525396093355,8.23520027512874,0.1274069107242322,1.6331407862161391,343.84106919678743,1.0095340310131709,1,0,0,0,0,40,0.019999589602432644,0.2506024080519576,0.0,0.05127552632463789,100.0,46.14110456809791,0.0,0.0,24.325666783590812,187.54722257729887
1807,scarce,134.06503686752677,87.15540697747004,8.236620574892509,0.12828586477861395,1.628383577872641,343.9711674390783,1.009175003457671,1,0,0,0,0,40,0.01999963769842942,0.2592504084504893,0.0,0.05127561296847634,100.0,46.141182535945276,0.0,0.0,24.325666783590812,187.5843305562273
1808,scarce,134.06242967561184,87.1555192270848,8.238030029376342,0.13047830629571094,1.624118769800453,344.0903279850827,1.008850904122872,1,0,0,0,0,40,0.019999626464634424,0.26789840886137817,0.0,0.051275699612167575,100.0,46.14126050366016,0.0,0.0,24.325666783590812,187.32425049551335
1809,scarce,134.0597945382013,87.1554888734191,8.239316685423464,0.13177316916486992,1.6206145286759501,344.19636314257514,1.0085669542913929,1,0,0,0,0,40,0.019999460088882225,0.2765464094552804,0.0,0.051275786255711595,100.0,46.141338471242584,0.0,0.0,24.325666783590812,187.67636174468808
1810,scarce,134.05723249622054,87.15538385547907,8.240641608906975,0.1282111879267636,1.6177872727406162,344.3090613624154,1.0082663371993021,1,0,0,0,0,40,0.0199995967481658,0.28519440989885747,0.0,0.05127587289910839,100.0,46.141416438692524,0.0,0.0,24.325666783590812,187.99903308748745
1811,scarce,134.05472484975866,87.15523272833039,8.24191319379583,0.12560962459829067,1.6165434080490175,344.41550821391866,1.007981810534727,1,0,0,0,0,40,0.01999961226710102,0.2938424103253637,0.0,0.05127595954235797,100.0,46.14149440600998,0.0,0.0,24.325666783590812,188.07451340616817
1812,scarce,134.0522300323533,87.15501698050358,8.243137853682187,0.1252099958540645,1.6163428091710166,344.5012344341885,1.007696606255691,1,0,0,0,0,40,0.01999955371719572,0.30249041081627476,0.0,0.05127604618546033,100.0,46.141572373194975,0.0,0.0,24.325666783590812,188.59200635778092
1813,scarce,134.04979188722936,87.15465759913633,8.244226693866567,0.1232347253980571,1.6166963349523633,344.57894594540994,1.0074055376109001,1,0,0,0,0,40,0.019999395807458173,0.31113841148088656,0.0,0.051276132828415484,100.0,46.14165034024749,0.0,0.0,24.325666783590812,188.84247956514687
1814,scarce,134.04739323485268,87.15418911345054,8.245275488788621,0.12220513773275737,1.6174439727090495,344.64545003259263,1.0071544978683609,1,0,0,0,0,40,0.01999946129282006,0.3197864120734645,0.0,0.05127621947122342,100.0,46.141728307167526,0.0,0.0,24.325666783590812,188.82576313115285
1815,scarce,134.04499950984845,87.15366819942469,8.246336743782427,0.12249267217372004,1.6186649175009635,344.71102034824435,1.0069379070470814,1,0,0,0,0,40,0.019999413613471434,0.32843441271848967,0.0,0.05127630611388414,100.0,46.14180627395509,0.0,0.0,24.325666783590812,188.80770473138736
1816,scarce,134.04262374743828,87.15305942407596,8.247333578649265,0.12262967714405427,1.6201382969502447,344.7708005778695,1.006717922021025,1,0,0,0,0,40,0.019999609234476745,0.33708241314833176,0.0,0.05127639275639764,100.0,46.14188424061019,0.0,0.0,24.325666783590812,188.82067699763985
1817,scarce,134.0402382903876,87.1524346210877,8.248288121841616,0.1233015245413355,1.6209653404235997,344.8117431462815,1.0065514866091734,1,0,0,0,0,40,0.01999963440953189,0.34573041355048123,0.0,0.051276479398763945,100.0,46.14196220713281,0.0,0.0,24.325666783590812,188.626999954037
1818,scarce,134.03791964082376,87.1516384469972,8.249226445182803,0.12257769964560741,1.6203455218877132,344.8589642767838,1.0064034858504731,1,0,0,0,0,40,0.01999946308282598,0.35437841414109017,0.0,0.05127656604098301,100.0,46.14204017352295,0.0,0.0,24.325666783590812,188.5766704664315
1819,scarce,134.03559039107193,87.15076544732338,8.250166071631398,0.12437760427062351,1.6177459649587704,344.9031804648257,1.006244836444671,1,0,0,0,0,40,0.01999965597169418,0.36302641451952133,0.0,0.051276652683054876,100.0,46.14211813978063,0.0,0.0,24.325666783590812,188.77991023962164
1820,scarce,134.03314459467293,87.14981800005796,8.251111632089414,0.13115136609284592,1.6154834832584881,344.9581000094331,1.0061100082138141,1,0,0,0,0,40,0.019999536875239428,0.37167441502895854,0.0,0.051276739324979524,100.0,46.14219610590583,0.0,0.0,24.325666783590812,188.78319496664307
1821,scarce,134.03076868206682,87.14882363693444,8.252157200255544,0.12878202867008612,1.6132940057523886,345.01730590370425,1.005936032735461,1,0,0,0,0,40,0.01999961233216055,0.38032241545539314,0.0,0.051276825966756964,100.0,46.14227407189856,0.0,0.0,24.325666783590812,188.66904145628374
1822,scarce,134.028317981631,87.14774990825022,8.253125575547799,0.13378070085211094,1.6113667491626422,345.0730009942854,1.0057417644592632,1,0,0,0,0,40,0.019999587364803943,0.38897041590929193,0.0,0.05127691260838718,100.0,46.14235203775882,0.0,0.0,24.325666783590812,189.08318999358326
1823,scarce,134.02585157394043,87.14656296346625,8.254093928475012,0.13686605673833516,1.6093893146439282,345.12376308604144,1.0055803883781562,1,0,0,0,0,40,0.01999953149576575,0.3976184164246466,0.0,0.0512769992498702,100.0,46.14243000348661,0.0,0.0,24.325666783590812,189.5945181512605
1824,scarce,134.02333570777574,87.1453177544474,8.25506454446695,0.14036560112452634,1.6069829370152398,345.17276511477394,1.0054099735893796,1,0,0,0,0,40,0.019999552640338352,0.4062664169167422,0.0,0.05127708589120599,100.0,46.14250796908192,0.0,0.0,24.325666783590812,189.7379630064361
1825,scarce,134.02074443052115,87.14401798663087,8.256044374203103,0.1449500160751112,1.6041117571143855,345.21864618395193,1.005292264731763,1,0,0,0,0,40,0.019999562258427386,0.4149144173982579,0.0,0.051277172532394576,100.0,46.14258593454476,0.0,0.0,24.325666783590812,189.5460090302575
1826,scarce,134.01818621149616,87.14265763976206,8.257053830108061,0.1448735100521444,1.6011416528315063,345.25550217390264,1.0052436377853646,1,0,0,0,0,40,0.019999519346184935,0.4235624179269772,0.0,0.05127725917343595,100.0,46.14266389987514,0.0,0.0,24.325666783590812,189.4594394009261
1827,scarce,134.01566260739162,87.14121149402254,8.258026207530174,0.1454332437776603,1.595946803936338,345.29952506985865,1.0052690141277023,1,0,0,0,0,40,0.0199995942503096,0.43221041837330176,0.0,0.05127734581433012,100.0,46.14274186507304,0.0,0.0,24.325666783590812,189.48847618111526
1828,scarce,134.01313741603258,87.13964463227833,8.258933025758395,0.14859660392397198,1.5911260008095405,345.3673981803222,1.0052822173029987,1,0,0,0,0,40,0.019999541618392742,0.44085841887752164,0.0,0.051277432455077064,100.0,46.142819830138464,0.0,0.0,24.325666783590812,189.42534684410197
1829,scarce,134.01055003607706,87.13797639963636,8.259829031111403,0.1539301706323577,1.5867298031383896,345.44305199867813,1.0052318980232333,1,0,0,0,0,40,0.019999563834381062,0.4495064193573038,0.0,0.0512775190956768,100.0,46.14289779507143,0.0,0.0,24.325666783590812,189.30051131618097
1830,scarce,134.00796360742044,87.13625651013552,8.260709104390212,0.1553089966545297,1.5811260052141685,345.5106732297718,1.0052303226488362,1,0,0,0,0,40,0.019999606333984735,0.4581544197903364,0.0,0.051277605736129335,100.0,46.142975759871916,0.0,0.0,24.325666783590812,189.1465345671917
1831,scarce,134.00539830512975,87.13452734846517,8.261646906355011,0.15468389741706717,1.5745179027515284,345.5729681110024,1.0051801769068185,1,0,0,0,0,40,0.019999733719236325,0.4668024200832452,0.0,0.051277692376434654,100.0,46.14305372453994,0.0,0.0,24.325666783590812,189.12853300019287
1832,scarce,134.0028068701986,87.13276775655898,8.262687193009354,0.15661914584417297,1.5684502617745373,345.64215378463996,1.0050870760675894,1,0,0,0,0,40,0.019999588365863942,0.4754504205360428,0.0,0.051277779016592764,100.0,46.143131689075496,0.0,0.0,24.325666783590812,189.1265964487446
1833,scarce,134.00025167861335,87.13092543610009,8.263700325234728,0.15751254568705686,1.562842184362341,345.705452440161,1.0049725322411895,1,0,0,0,0,40,0.019999530977577583,0.48409842105196754,0.0,0.05127786565660366,100.0,46.14320965347857,0.0,0.0,24.325666783590812,189.22431171221186
1834,scarce,133.99763553540126,87.12903514241239,8.264745768809552,0.16137887542099258,1.557666688252413,345.7701439180819,1.0048746576970684,1,0,0,0,0,40,0.019999490219624393,0.49274642161272586,0.0,0.05127795229646736,100.0,46.1432876177492,0.0,0.0,24.325666783590812,189.47883493384268
1835,scarce,133.99504694166956,87.12710536033886,8.265816700948491,0.16144466715706404,1.5526445175945536,345.8365751374731,1.004786374007667,1,0,0,0,0,40,0.019999639410950648,0.5013944220093738,0.0,0.05127803893618384,100.0,46.14336558188734,0.0,0.0,24.325666783590812,189.65213991003404
1836,scarce,133.992534712938,87.12508577387139,8.266902148177504,0.16117443826529798,1.5469791485368305,345.89711407570576,1.0047097185863043,1,0,0,0,0,40,0.01999957904189285,0.5100424224724278,0.0,0.0512781255757531,100.0,46.14344354589301,0.0,0.0,24.325666783590812,189.8440212678345
1837,scarce,133.99008003655337,87.12303905054708,8.26793466919914,0.15980770540941708,1.540833144146157,345.95778781580157,1.0046087924867444,1,0,0,0,0,40,0.019999493368262823,0.5186904230297227,0.0,0.051278212215175166,100.0,46.143521509766224,0.0,0.0,24.325666783590812,189.9156689941047
1838,scarce,133.98763166525242,87.1209605006799,8.269023138285462,0.16058995154952974,1.535066047162871,346.0307099938218,1.004468608420822,1,0,0,0,0,40,0.01999970381499257,0.5273384233555263,0.0,0.051278298854450025,100.0,46.14359947350697,0.0,0.0,24.325666783590812,189.92798904902907
1839,scarce,133.98514267167528,87.11885170194691,8.270142782622539,0.16311538845519444,1.5298829759566732,346.10571341739706,1.0043392558419943,1,0,0,0,0,40,0.019999547453344268,0.5359864238533276,0.0,0.05127838549357767,100.0,46.143677437115244,0.0,0.0,24.325666783590812,189.92677807901674
1840,scarce,133.98262040955444,87.11671205358677,8.271354279174053,0.16537890427957103,1.5254628199856626,346.18227813272097,1.004245873888403,1,0,0,0,0,40,0.019999616169237115,0.5446344242755414,0.0,0.05127847213255811,100.0,46.143755400591054,0.0,0.0,24.325666783590812,189.88844343962134
1841,scarce,133.98013623461128,87.11450460712966,8.272532809497616,0.1661625807003667,1.5210679021505484,346.26062348206324,1.0041781845079687,1,0,0,0,0,40,0.01999954930226751,0.5532824247713088,0.0,0.05127855877139134,100.0,46.14383336393439,0.0,0.0,24.325666783590812,189.9690297080596
1842,scarce,133.97758432707406,87.11218756266068,8.273646985413256,0.1723502457942432,1.5171921151003567,346.33301937695796,1.0041015024850446,1,0,0,0,0,40,0.019999653686711673,0.5619304251522536,0.0,0.051278645410077366,100.0,46.14391132714527,0.0,0.0,24.325666783590812,190.0422097683533
1843,scarce,133.97505585943588,87.1097908143532,8.274656768768647,0.17419775540475244,1.5144018755547428,346.4035797137476,1.0040862485814308,1,0,0,0,0,40,0.019999611259730543,0.5705784255798678,0.0,0.05127873204861619,100.0,46.14398929022367,0.0,0.0,24.325666783590812,190.2218189066676
1844,scarce,133.9725700595623,87.10733773775345,8.275686520252826,0.17461985569683164,1.5125100269941498,346.46864520400413,1.0040536522109689,1,0,0,0,0,40,0.019999691578828194,0.5792264259191311,0.0,0.0512788186870078,100.0,46.14406725316962,0.0,0.0,24.325666783590812,190.40420774416492
1845,scarce,133.97011548159915,87.10477849839945,8.276678023255078,0.17731171166035042,1.5115039234477219,346.5262890459635,1.0040332309806244,1,0,0,0,0,40,0.019999626263703062,0.5878744263302411,0.0,0.05127890532525221,100.0,46.144145215983094,0.0,0.0,24.325666783590812,190.45558331723555
1846,scarce,133.96761347376824,87.10214382378004,8.2776843524846,0.18167277469371523,1.51059049709659,346.5818627951521,1.003929760686028,1,0,0,0,0,40,0.01999955853334556,0.5965224268158544,0.0,0.05127899196334941,100.0,46.144223178664106,0.0,0.0,24.325666783590812,190.3715361788648
1847,scarce,133.965100628263,87.09944229661042,8.27863684310768,0.18448099489205821,1.5107854950944617,346.62681318279647,1.0038195535336059,1,0,0,0,0,40,0.019999538192311362,0.6051704273238429,0.0,0.051279078601299405,100.0,46.14430114121265,0.0,0.0,24.325666783590812,190.15143917238075
1848,scarce,133.96263570491578,87.09665680957025,8.279584646930763,0.18597667370441065,1.5130183347199482,346.6820418662828,1.003729544491448,1,0,0,0,0,40,0.019999556623356427,0.6138184278115573,0.0,0.05127916523910219,100.0,46.14437910362873,0.0,0.0,24.325666783590812,199.33986700852918
1849,scarce,133.96016799699697,87.09379867496378,8.280487689413437,0.1888064647336617,1.516159678080261,346.73451709384244,1.003603955718857,1,0,0,0,0,40,0.01999946043548375,0.6224664284050782,0.0,0.05127925187675777,100.0,46.14445706591234,0.0,0.0,24.325666783590812,190.37623867082544
1850,scarce,133.95768512746147,87.09087808596897,8.281375565617676,0.19166925336409565,1.5203099794212163,346.77427273643116,1.0034550028398355,1,0,0,0,0,40,0.019999656879710316,0.6311144287825105,0.0,0.05127933851426615,100.0,46.144535028063494,0.0,0.0,24.325666783590812,190.31896067462594
1851,scarce,133.95520232992547,87.08788656356323,8.282199687506195,0.19438947801270448,1.5254027034453794,346.8062842487998,1.0033067064924532,1,0,0,0,0,40,0.019999620285784624,0.6397624292001962,0.0,0.05127942515162733,100.0,46.14461299008219,0.0,0.0,24.325666783590812,190.71920633760777
1852,scarce,133.95268037250145,87.08487228812223,8.283074639426244,0.19651341031186745,1.530754973467656,346.82588517238764,1.0031409157596158,1,0,0,0,0,40,0.019999598697211407,0.6484104296416293,0.0,0.0512795117888413,100.0,46.1446909519684,0.0,0.0,24.325666783590812,190.3774732744549
1853,scarce,133.9500928279577,87.08182157109417,8.283982319955033,0.20001892272818203,1.5359257994138278,346.8547523225643,1.002970712418564,1,0,0,0,0,40,0.019999633727445787,0.657058430044529,0.0,0.05127959842590807,100.0,46.14476891372217,0.0,0.0,24.325666783590812,190.30738584421175
1854,scarce,133.94751367406337,87.07872828270737,8.284907306126778,0.2013805180707048,1.5408333682411295,346.88528636250703,1.0028010547086392,1,0,0,0,0,40,0.019999597951440528,0.6657064304867826,0.0,0.05127968506282764,100.0,46.14484687534347,0.0,0.0,24.325666783590812,190.41187037391677
1855,scarce,133.9449318925444,87.07558916673699,8.285838558214119,0.20322290108122612,1.5445143632698932,346.92120415550016,1.0026592613029797,1,0,0,0,0,40,0.01999977323001313,0.6743544307362295,0.0,0.0512797716996,100.0,46.144924836832296,0.0,0.0,24.325666783590812,190.57878071620294
1856,scarce,133.94237967013177,87.07235496183479,8.286739020146237,0.20599980568296786,1.5483149458077354,346.94594791221607,1.0024752909088588,1,0,0,0,0,40,0.01999947662696151,0.6830024313119398,0.0,0.051279858336225156,100.0,46.14500279818866,0.0,0.0,24.325666783590812,190.50737400937868
1857,scarce,133.93989564136606,87.0690965387033,8.287645173844808,0.20487050855990485,1.5525651672404137,346.96400394866214,1.0023102967040092,1,0,0,0,0,40,0.019999563296234514,0.691650431792314,0.0,0.051279944972703106,100.0,46.14508075941257,0.0,0.0,24.325666783590812,190.7316600317633
1858,scarce,133.9374475582916,87.06575793818737,8.288517037351067,0.2070009252235417,1.5572581498208353,346.98807978761033,1.0021117584458041,1,0,0,0,0,40,0.019999407776221462,0.7002984324437602,0.0,0.05128003160903386,100.0,46.145158720504014,0.0,0.0,24.325666783590812,199.55510427873998
1859,scarce,133.93498326255582,87.06232468102363,8.289442815145549,0.21130838485679365,1.561873237225352,347.0101662499801,1.0018898846617235,1,0,0,0,0,40,0.019999397802667306,0.7089464331061772,0.0,0.05128011824521741,100.0,46.145236681463,0.0,0.0,24.325666783590812,199.9276415357107
1860,scarce,133.93256042040738,87.05883477090421,8.290304133014562,0.21242805836749212,1.5654269549943138,347.02813684132707,1.0017250892749807,1,0,0,0,0,40,0.0199994519868186,0.7175944337089917,0.0,0.05128020488125375,100.0,46.14531464228951,0.0,0.0,24.325666783590812,191.2334985034825
1861,scarce,133.93015314335793,87.05527756171291,8.291200163463504,0.21476117072567932,1.5692998417026227,347.0461942381953,1.001582179937552,1,0,0,0,0,40,0.01999976085498532,0.7262424339720512,0.0,0.05128029151714291,100.0,46.145392602983584,0.0,0.0,24.325666783590812,191.15880646226628
1862,scarce,133.92774198403532,87.05171871373238,8.292114384353562,0.2149369170932176,1.57252369457546,347.06197254255676,1.0014725352034686,1,0,0,0,0,40,0.01999951491604341,0.7348904345056436,0.0,0.05128037815288486,100.0,46.145470563545175,0.0,0.0,24.325666783590812,191.0663779546224
1863,scarce,133.92530903881382,87.04811714497384,8.293043830854186,0.21731798245080194,1.5752468620472004,347.07869289507653,1.001373304918698,1,0,0,0,0,40,0.01999961025350628,0.7435384349343648,0.0,0.051280464788479606,100.0,46.14554852397432,0.0,0.0,24.325666783590812,191.03372508818182
1864,scarce,133.92295097658032,87.04442972908487,8.293976730442674,0.21885662605190262,1.578376222936918,347.09586597404996,1.0012587132371196,1,0,0,0,0,40,0.019999515107877373,0.7521864354677461,0.0,0.05128055142392715,100.0,46.14562648427099,0.0,0.0,24.325666783590812,191.5050665642435
1865,scarce,133.92054717291575,87.04070503941789,8.294897538397203,0.2216563259377449,1.5817978154121193,347.10035656589025,1.0011785137502747,1,0,0,0,0,40,0.01999959317095621,0.760834435915258,0.0,0.051280638059227494,100.0,46.14570444443521,0.0,0.0,24.325666783590812,191.5255748375324
1866,scarce,133.91815306280384,87.03689950453665,8.2958155258513,0.22480723679651288,1.5837083120330804,347.1152516240618,1.001083153291266,1,0,0,0,0,40,0.01999950877365622,0.769482436455607,0.0,0.05128072469438064,100.0,46.14578240446697,0.0,0.0,24.325666783590812,192.06234751158289
1867,scarce,133.91576134647764,87.03300592812283,8.296707372859128,0.2284818556895758,1.5858714916631285,347.1280211325575,1.0009443184407196,1,0,0,0,0,40,0.019999576126944266,0.7781304369218673,0.0,0.0512808113293866,100.0,46.14586036436627,0.0,0.0,24.325666783590812,192.11779446801106
1868,scarce,133.9133790452677,87.02902208818429,8.297492007514728,0.23209847326654032,1.5882856157399972,347.14548937391373,1.0007985060468882,1,0,0,0,0,40,0.019999516665664727,0.7867784374535353,0.0,0.05128089796424534,100.0,46.1459383241331,0.0,0.0,24.325666783590812,192.20416879354545
1869,scarce,133.9109159405462,87.0249806170248,8.298206167333964,0.23665747756490396,1.5906153275802872,347.15456522441673,1.0006592615785181,1,0,0,0,0,40,0.019999478089459188,0.7954264380276368,0.0,0.051280984598956886,100.0,46.14601628376748,0.0,0.0,24.325666783590812,192.42323086108985
1870,scarce,133.908420581872,87.02089030994844,8.298912249987032,0.2395746178590341,1.593057950380659,347.1650951522315,1.0005130800539328,1,0,0,0,0,40,0.019999604296354397,0.8040744384629107,0.0,0.051281071233521235,100.0,46.146094243269395,0.0,0.0,24.325666783590812,192.54173979098832
1871,scarce,133.9059924648639,87.01672501536642,8.299640594556172,0.24107034585012316,1.5955980003537007,347.174586260051,1.000334710965547,1,0,0,0,0,40,0.019999720724475496,0.8127224387701139,0.0,0.05128115786793839,100.0,46.14617220263886,0.0,0.0,24.325666783590812,192.6593233827357
1872,scarce,133.90358814883143,87.01251594562208,8.300302504139562,0.2423769356516501,1.5983125173766448,347.16802519168414,1.0001763381272983,1,0,0,0,0,40,0.019999543555274536,0.8213704392722031,0.0,0.05128124450220834,100.0,46.146250161875855,0.0,0.0,24.325666783590812,193.00636000024272
1873,scarce,133.90117326097337,87.00822854129373,8.300895967640264,0.24604654979075288,1.6003870214686788,347.1516603364653,1.0000149416116484,1,0,0,0,0,40,0.019999419969750028,0.8300184399102364,0.0,0.0512813311363311,100.0,46.1463281209804,0.0,0.0,24.325666783590812,193.09876268686827
1874,scarce,133.89872131826266,87.00390560089872,8.301546787023815,0.24849541867164243,1.602135282737312,347.1393168666473,0.9998403880697705,1,0,0,0,0,40,0.019999641471699282,0.8386664403046176,0.0,0.051281417770306655,100.0,46.146406079952484,0.0,0.0,24.325666783590812,193.06166243068932
1875,scarce,133.89622616069917,86.99951088599052,8.302231204995516,0.2526859771004544,1.6036573042996571,347.12462530395715,0.9996604566767286,1,0,0,0,0,40,0.019999557658070762,0.8473144407911934,0.0,0.05128150440413501,100.0,46.14648403879211,0.0,0.0,24.325666783590812,192.97647688398976
1876,scarce,133.89375167875244,86.99509688469377,8.302902843930466,0.2530255857347685,1.6052793886339594,347.11329759848013,0.9994810380479243,1,0,0,0,0,40,0.01999941737368915,0.8559624414320826,0.0,0.05128159103781618,100.0,46.14656199749928,0.0,0.0,24.325666783590812,193.2916494189372
1877,scarce,133.89122256386548,86.99059380043794,8.303549058700645,0.25824544544886463,1.6073243680891356,347.09922025840206,0.9993134928341716,1,0,0,0,0,40,0.019999601153688578,0.8646104418708134,0.0,0.05128167767135014,100.0,46.14663995607399,0.0,0.0,24.325666783590812,193.041679302192
1878,scarce,133.8886943179168,86.98598423225947,8.30409631904243,0.2628705928875607,1.6081316574176305,347.07328295979096,0.9991147022065943,1,0,0,0,0,40,0.01999943625612901,0.873258442490932,0.0,0.05128176430473691,100.0,46.14671791451624,0.0,0.0,24.325666783590812,192.91713490167882
1879,scarce,133.88617760274647,86.98126808745434,8.304606516069883,0.26728969301309224,1.6094995700586932,347.04853476200515,0.9989232115923135,1,0,0,0,0,40,0.019999588484578966,0.8819064429435987,0.0,0.05128185093797649,100.0,46.14679587282605,0.0,0.0,24.325666783590812,193.09734520966512
1880,scarce,133.88361215752383,86.9764295007753,8.305009136911428,0.273835931274446,1.6116112758153078,347.02187257540936,0.9987721925037268,1,0,0,0,0,40,0.019999593828890574,0.890554443390387,0.0,0.05128193757106887,100.0,46.14687383100339,0.0,0.0,24.325666783590812,193.2898146195509
1881,scarce,133.8810449691975,86.97151201710254,8.305397756617776,0.277371215297618,1.6141108741749648,346.9861896058792,0.9986684709977891,1,0,0,0,0,40,0.019999530740692516,0.8992024439065723,0.0,0.05128202420401406,100.0,46.14695178904828,0.0,0.0,24.325666783590812,193.49430269308903
1882,scarce,133.87846392497536,86.9665311030979,8.305787193474645,0.2804997823150276,1.616780278325468,346.9358584985239,0.9986157307733083,1,0,0,0,0,40,0.019999444246470655,0.9078093126380612,0.0,0.051282110836812035,100.0,46.1470297469607,0.0,0.0,24.325666783590812,193.3603040109864
1883,scarce,133.87593084133465,86.96154454355177,8.306190740430015,0.27965340845456305,1.6182761532520817,346.8862132666545,0.9985662477466255,1,0,0,0,0,40,0.01999965815064824,0.9160747533392346,0.0,0.05128219746946284,100.0,46.147107704740684,0.0,0.0,24.325666783590812,193.17221925476306
1884,scarce,133.87341197974047,86.95656494145555,8.306634551325793,0.2790265075816219,1.6208209186677371,346.8450904151978,0.9984934552810333,1,0,0,0,0,40,0.01999966074955726,0.9239596297921052,0.0,0.05128228410196643,100.0,46.147185662388196,0.0,0.0,24.325666783590812,193.16032158328147
1885,scarce,133.87092223542186,86.95152432168268,8.307025230627449,0.2811055631955218,1.624043853561652,346.79525204399397,0.9984346116892941,1,0,0,0,0,40,0.019999644748249203,0.9316359679265365,0.0,0.05128237073432284,100.0,46.14726361990326,0.0,0.0,24.325666783590812,193.263966114139
1886,scarce,133.8684387435424,86.94641268434354,8.30736400549184,0.2841509199927899,1.6273503332765302,346.74387002934236,0.9983838590054073,1,0,0,0,0,40,0.019999745245007763,0.9389258947458157,0.0,0.05128245736653205,100.0,46.14734157728587,0.0,0.0,24.325666783590812,193.42674899892296
1887,scarce,133.8659298211145,86.94124996190533,8.307599166112041,0.2870087173636082,1.630894145867289,346.6802456837395,0.9983181615222962,1,0,0,0,0,40,0.01999947059191671,0.9459592511879104,0.0,0.05128254399859407,100.0,46.14741953453602,0.0,0.0,24.325666783590812,193.39604028982995
1888,scarce,133.86344828019895,86.9360108100404,8.307858971431836,0.2898679553188817,1.6350245001600343,346.6163945560693,0.9982028296445811,1,0,0,0,0,40,0.019999540601855048,0.9526630888968676,0.0,0.05128263063050889,100.0,46.14749749165372,0.0,0.0,24.325666783590812,193.4714980360793
1889,scarce,133.86094905950773,86.93070813478526,8.308162657221532,0.2931120692998262,1.639850600338002,346.55836716255,0.9980404861272253,1,0,0,0,0,40,0.019999463527160276,0.9592615144511754,0.0,0.051282717262276525,100.0,46.147575448638975,0.0,0.0,24.325666783590812,193.33637067441447
1890,scarce,133.85850440322633,86.92538898159364,8.30848786855546,0.2927075819890191,1.6435760544733604,346.50954082129465,0.9978873465404499,1,0,0,0,0,40,0.01999965384648363,0.9650099753278477,0.0,0.05128280389389696,100.0,46.14765340549176,0.0,0.0,24.325666783590812,193.41808553037112
1891,scarce,133.85613272023159,86.91995969607399,8.30885546174018,0.29624562194313,1.6477126093512227,346.4511802840716,0.9977303101268263,1,0,0,0,0,40,0.019999481886467916,0.9698866522728394,0.0,0.05128289052537021,100.0,46.1477313622121,0.0,0.0,24.325666783590812,193.6342708324224
1892,scarce,133.85384142367803,86.91446684180326,8.309237738426365,0.297576433702241,1.6515651161448939,346.3881126129054,0.9975626216246699,1,0,0,0,0,40,0.019999487325807665,0.9744116000415424,0.0,0.05128297715669627,100.0,46.14780931879999,0.0,0.0,24.325666783590812,202.3792181795356
1893,scarce,133.8515799814008,86.90892634871045,8.30964205668501,0.2992182066591708,1.6538034670182475,346.3240555053053,0.9973280516559763,1,0,0,0,0,40,0.019999577059495174,0.9784920951165859,0.0,0.05128306378787513,100.0,46.14788727525543,0.0,0.0,24.325666783590812,202.32221736362837
1894,scarce,133.84934409758026,86.90327632017473,8.310085018090257,0.30382527042413515,1.6538087764185712,346.2595135188094,0.9970870735097093,1,0,0,0,0,40,0.019999625553174593,0.9821944989313618,0.0,0.051283150418906805,100.0,46.14796523157841,0.0,0.0,24.325666783590812,202.4131275779954
1895,scarce,133.847183584933,86.89746807904065,8.310516325835788,0.30985225440996345,1.6534057929219834,346.1911862096822,0.9968526623898962,1,0,0,0,0,40,0.01999955197534887,0.9856536990638707,0.0,0.051283237049791285,100.0,46.14804318776894,0.0,0.0,24.325666783590812,202.42805860492354
1896,scarce,133.8450343612117,86.89160217900094,8.311042453566799,0.3123729657294784,1.6531699132799134,346.1216461314907,0.9966051439529038,1,0,0,0,0,40,0.019999468437856955,0.9889071348033809,0.0,0.05128332368052857,100.0,46.14812114382701,0.0,0.0,24.325666783590812,211.3884623027885
1897,scarce,133.8428470145497,86.88567975586378,8.311591689570497,0.3156802750539033,1.6515067269457728,346.0599121715495,0.9963717596518128,1,0,0,0,0,40,0.019999568644459054,0.9921309458099487,0.0,0.05128341031111866,100.0,46.14819909975263,0.0,0.0,24.325666783590812,211.50369579018388
1898,scarce,133.84061428423834,86.87970650913388,8.312091370082197,0.3188485146190833,1.648569445632352,345.99304275125905,0.9961125823706035,1,0,0,0,0,40,0.01999968772051063,0.9948157034085898,0.0,0.05128349694156157,100.0,46.148277055545805,0.0,0.0,24.325666783590812,211.40241087470014
1899,scarce,133.83833668046742,86.87365310578741,8.312521236781459,0.32339664749928115,1.6458965730545922,345.9254035005433,0.9958508413169103,1,0,0,0,0,40,0.019999506767331737,0.9971617928593428,0.0,0.051283583571857284,100.0,46.14835501120652,0.0,0.0,24.325666783590812,211.24939336420897
1900,scarce,133.8360546694065,86.86747572687446,8.31286507016785,0.3292820711677372,1.6435314703261121,345.92136834649136,0.995567344685129,1,0,0,0,0,40,0.01999951243132478,0.998973827452674,0.0,0.05128367020200581,100.0,46.148432966734795,0.0,0.0,24.325666783590812,211.49587740158168
1901,scarce,133.83383026595274,86.86124091881949,8.313216724495573,0.3310009897365027,1.6413800907006149,345.9145686050251,0.9952794799227813,1,0,0,0,0,40,0.019999559319775678,1.0,0.0,0.05128375683200715,100.0,46.14851092213061,0.0,0.0,24.325666783590812,211.7467893446406
1902,scarce,133.83160412630858,86.8548917087256,8.313541330084906,0.33641697702122425,1.639539978986273,345.90846165928815,0.9950249654958405,1,0,0,0,0,40,0.019999579376050822,1.0,0.0,0.0512838434618613,100.0,46.14858887739398,0.0,0.0,24.325666783590812,211.59176236575772
1903,scarce,133.8294386065705,86.84846972146386,8.313920463211527,0.33886994285177585,1.637699156951637,345.8986117875829,0.9947626159498777,1,0,0,0,0,40,0.01999957152817767,1.0,0.0,0.051283930091568265,100.0,46.1486668325249,0.0,0.0,24.325666783590812,211.60752812471537
1904,scarce,133.82727301510906,86.84197708072614,8.314315409086339,0.3422236292842354,1.6350977640679396,345.88772873538255,0.9944874197083019,1,0,0,0,0,40,0.019999543614358226,1.0,0.0,0.05128401672112804,100.0,46.14874478752338,0.0,0.0,24.325666783590812,211.76052295865742
1905,scarce,133.82507020091367,86.83542494932571,8.314718327136617,0.3456302880292305,1.6315446396731752,345.87729801951355,0.9942212769161505,1,0,0,0,0,40,0.019999614087969693,1.0,0.0,0.05128410335054062,100.0,46.14882274238939,0.0,0.0,24.325666783590812,211.8911725021588
1906,scarce,133.8229097904649,86.82877869920404,8.315060766522928,0.34943830972404555,1.6266969850955995,345.86121957407886,0.9939459059062408,1,0,0,0,0,40,0.019999625685807508,1.0,0.0,0.051284189979806015,100.0,46.14890069712296,0.0,0.0,24.325666783590812,212.1253844733341
1907,scarce,133.8207203375151,86.82210088530165,8.315391908748747,0.3513866346318053,1.6221296072654323,345.84988009301014,0.9936698079126897,1,0,0,0,0,40,0.019999680773998958,1.0,0.0,0.05128427660892423,100.0,46.148978651724086,0.0,0.0,24.325666783590812,211.94213163896788
1908,scarce,133.81854952415492,86.81532354005321,8.315655205072428,0.3558344041866998,1.6177607919063788,345.8417628279858,0.9933733741185966,1,0,0,0,0,40,0.019999673418571284,1.0,0.0,0.05128436323789525,100.0,46.149056606192765,0.0,0.0,24.325666783590812,212.0358403804365
1909,scarce,133.816372702418,86.808466594412,8.315976197341948,0.3597126112091678,1.6135044797191518,345.8368573716434,0.9930161411305921,1,0,0,0,0,40,0.019999553189137372,1.0,0.0,0.05128444986671909,100.0,46.149134560528985,0.0,0.0,24.325666783590812,212.1224585951176
1910,scarce,133.8142066918063,86.80155000260955,8.316294448305694,0.3623994524044744,1.609636794809219,345.82927740432933,0.9926331722532339,1,0,0,0,0,40,0.019999689365423276,1.0,0.0,0.05128453649539573,100.0,46.14921251473276,0.0,0.0,24.325666783590812,212.10362500065693
1911,scarce,133.81203176285229,86.7946424897901,8.316639323716666,0.36210308959533605,1.6061692331863437,345.82914870537934,0.9922686582532875,1,0,0,0,0,40,0.01999961970779883,1.0,0.0,0.05128462312392519,100.0,46.14929046880408,0.0,0.0,24.325666783590812,212.05118648946217
1912,scarce,133.80984447426425,86.78763916414746,8.316999105834842,0.3668573846854978,1.60314822822149,345.8216293259611,0.991854618686381,1,0,0,0,0,40,0.019999545038382444,1.0,0.0,0.051284709752307464,100.0,46.14936842274296,0.0,0.0,24.325666783590812,211.868229111035
1913,scarce,133.80765148468515,86.78056578326354,8.317447611240597,0.3702795703576428,1.600894769880285,345.8262226577717,0.9914474002856453,1,0,0,0,0,40,0.019999578405993014,1.0,0.0,0.051284796380542556,100.0,46.1494463765494,0.0,0.0,24.325666783590812,211.98610538732856
1914,scarce,133.80535520676318,86.77344642330281,8.317862143962058,0.374036585349843,1.5995861722487896,345.8250943827152,0.9910197189811701,1,0,0,0,0,40,0.019999555954750236,1.0,0.0,0.051284883008630454,100.0,46.14952433022337,0.0,0.0,24.325666783590812,211.60099972781728
1915,scarce,133.80308167425,86.76633303947764,8.318335037922253,0.3734009032141582,1.599387665997286,345.8221564645937,0.990604287661899,1,0,0,0,0,40,0.01999968286881564,1.0,0.0,0.05128496963657118,100.0,46.14960228376492,0.0,0.0,24.325666783590812,211.5617656297185
1916,scarce,133.80073849933586,86.7591233734723,8.318765456370446,0.37904780615486816,1.5999571696715407,345.814436052322,0.9901462250380768,1,0,0,0,0,40,0.019999601687979346,1.0,0.0,0.05128505626436471,100.0,46.14968023717401,0.0,0.0,24.325666783590812,211.24998091881625
1917,scarce,133.79843479821096,86.75189196741165,8.3192315271405,0.37948259914136867,1.5999801513894834,345.8058610487715,0.9896466000335556,1,0,0,0,0,40,0.019999648493090612,1.0,0.0,0.051285142892011054,100.0,46.14975819045065,0.0,0.0,24.325666783590812,211.29654912138093
1918,scarce,133.7961411652682,86.74458521583334,8.31966069711503,0.38291878561904846,1.5990934509751162,345.78647635340167,0.9891096850470509,1,0,0,0,0,40,0.019999539606203827,1.0,0.0,0.05128522951951022,100.0,46.14983614359485,0.0,0.0,24.325666783590812,211.22285503760523
1919,scarce,133.79386291267593,86.73724127898933,8.319999407405678,0.38446995621687974,1.5977341996976602,345.7650328133459,0.9885577362092651,1,0,0,0,0,40,0.01999951959572192,1.0,0.0,0.0512853161468622,100.0,46.1499140966066,0.0,0.0,24.325666783590812,211.63427508796462
1920,scarce,133.7916014389788,86.72984346331832,8.32036091959596,0.3867965474304187,1.5967843384986047,345.74340951612976,0.9879805846692591,1,0,0,0,0,40,0.019999530535120602,1.0,0.0,0.051285402774067,100.0,46.1499920494859,0.0,0.0,24.325666783590812,211.81883039346675
1921,scarce,133.78939483203828,86.72238272223248,8.3206214760476,0.38902436829780923,1.5961610843265888,345.71268791026523,0.9873906633462436,1,0,0,0,0,40,0.01999945934790314,1.0,0.0,0.051285489401124616,100.0,46.150070002232766,0.0,0.0,24.325666783590812,211.96878822131438
1922,scarce,133.78722598389385,86.71486189722897,8.320942248055603,0.39137306999124805,1.596054279565458,345.69319439218816,0.9868161978592482,1,0,0,0,0,40,0.019999581937485692,1.0,0.0,0.05128557602803504,100.0,46.150147954847185,0.0,0.0,24.325666783590812,212.03359100178014
1923,scarce,133.78515393815718,86.70727451433599,8.32130326834848,0.39327356366135985,1.596305228175673,345.6731412785084,0.9862394794857778,1,0,0,0,0,40,0.019999531294961924,1.0,0.0,0.05128566265479829,100.0,46.15022590732915,0.0,0.0,24.325666783590812,212.42734696933448
1924,scarce,133.78311592625545,86.69964820467536,8.321662090870054,0.39470592826972223,1.5966007084247509,345.7440122035332,0.9856804315027654,1,0,0,0,0,40,0.01999959045444803,1.0,0.0,0.051285749281414356,100.0,46.15030385967868,0.0,0.0,24.325666783590812,212.60138862880058
1925,scarce,133.7811019004858,86.69200955351934,8.322019382579077,0.39499648646476143,1.5972007180880892,345.8763997148344,0.9851230548291042,1,0,0,0,0,40,0.01999952445900858,1.0,0.0,0.05128583590788323,100.0,46.150381811895755,0.0,0.0,24.325666783590812,212.55486755810466
1926,scarce,133.7791601349469,86.6843141308121,8.322354666356091,0.3968361598254589,1.598110566662521,346.0107744905181,0.9845897318518749,1,0,0,0,0,40,0.019999612218035163,1.0,0.0,0.05128592253420494,100.0,46.15045976398041,0.0,0.0,24.325666783590812,212.77103775658824
1927,scarce,133.77720118780456,86.67659252665241,8.322641674909903,0.3983120525981207,1.5992006036760427,346.14582288362726,0.9840336453419614,1,0,0,0,0,40,0.01999964279644977,1.0,0.0,0.05128600916037945,100.0,46.15053771593259,0.0,0.0,24.325666783590812,212.77486994394468
1928,scarce,133.77522953247302,86.66881601346766,8.322940909573934,0.40113798031384573,1.6006060777091988,346.2813256548179,0.9834905416463148,1,0,0,0,0,40,0.019999547938586222,1.0,0.0,0.05128609578640679,100.0,46.15061566775234,0.0,0.0,24.325666783590812,212.729909383161
1929,scarce,133.77332371219714,86.66095342771636,8.323234456813106,0.4045201841560311,1.6019966108214034,346.411333458891,0.9829521851037762,1,0,0,0,0,40,0.019999587253047825,1.0,0.0,0.051286182412286954,100.0,46.15069361943966,0.0,0.0,24.325666783590812,221.87422131339818
1930,scarce,133.7714456969162,86.652999116595,8.323530702114908,0.40866150767343323,1.6031959554958664,346.5366188371554,0.9824254161959379,1,0,0,0,0,40,0.01999953681257068,1.0,0.0,0.05128626903801993,100.0,46.15077157099453,0.0,0.0,24.325666783590812,221.86984524571076
1931,scarce,133.7695528981282,86.64494909511174,8.32377150229994,0.41348886858282685,1.6046553496735538,346.6634200221306,0.9819156341100009,1,0,0,0,0,40,0.01999952037230479,1.0,0.0,0.051286355663605725,100.0,46.15084952241695,0.0,0.0,24.325666783590812,221.86468461458117
1932,scarce,133.76762746564592,86.6368291386572,8.323917545698588,0.41726798568182794,1.6062785894481408,346.7886644550017,0.9814780725686134,1,0,0,0,0,40,0.019999442233748922,1.0,0.0,0.05128644228904433,100.0,46.15092747370692,0.0,0.0,24.325666783590812,221.93066508866005
1933,scarce,133.76573346054187,86.6285660317461,8.324031965189722,0.42389363481081055,1.6068557505491747,346.91484371139813,0.9810894192580627,1,0,0,0,0,40,0.019999176238076854,1.0,0.0,0.051286528914335765,100.0,46.15100542486446,0.0,0.0,24.325666783590812,221.96028040799328
1934,scarce,133.76384689358082,86.62027317217179,8.324184398391553,0.42524451936117746,1.607719063160977,347.0438901171801,0.9817401290965916,1,0,0,0,0,40,0.019999685349844375,1.0,0.0,0.05128661553948002,100.0,46.15108337588955,0.0,0.0,24.325666783590812,221.9487213859442
1935,scarce,133.76195895452332,86.61190337327609,8.324341268483419,0.4290158730050224,1.6086347690781555,347.1689835040088,0.9824280317891336,1,0,0,0,0,40,0.019999598653272287,1.0,0.0,0.0512867021644771,100.0,46.15116132678221,0.0,0.0,24.325666783590812,221.86452213017628
1936,scarce,133.76016489832537,86.60349059650866,8.324498705062485,0.4301045766344232,1.6093258881122119,347.29879492751934,0.9831644330838943,1,0,0,0,0,40,0.01999957601949607,1.0,0.0,0.05128678878932699,100.0,46.151239277542416,0.0,0.0,24.325666783590812,222.06477022582462
1937,scarce,133.75840134616138,86.59499473656707,8.324711969582038,0.43385617265903953,1.6097034420986844,347.4331778641499,0.9838916343004832,1,0,0,0,0,40,0.01999968778715706,1.0,0.0,0.051286875414029716,100.0,46.15131722817019,0.0,0.0,24.325666783590812,222.18083161075987
1938,scarce,133.75668490285352,86.5864859496136,8.325009723963259,0.4340162603029324,1.6098062553102686,347.5688503235506,0.9846079699784761,1,0,0,0,0,40,0.019999680110064366,1.0,0.0,0.05128696203858525,100.0,46.15139517866552,0.0,0.0,24.325666783590812,222.16234476844966
1939,scarce,133.75499439741998,86.5779528638622,8.32529017922819,0.4349502989978559,1.6097467512521106,347.70277007425466,0.9853274934458419,1,0,0,0,0,40,0.019999395229517096,1.0,0.0,0.05128704866299361,100.0,46.15147312902841,0.0,0.0,24.325666783590812,222.23473140683456
1940,scarce,133.75333940887793,86.56934548194405,8.325511763901352,0.43826546019717694,1.6088745415395729,347.8704573394134,0.9860221267520577,1,0,0,0,0,40,0.019999520822288685,1.0,0.0,0.05128713528725481,100.0,46.151551079258866,0.0,0.0,24.325666783590812,222.29307655011354
1941,scarce,133.75179904946702,86.56070068140153,8.325761984753253,0.43905984309140317,1.6079373277733677,348.051681546116,0.9866824787177906,1,0,0,0,0,40,0.01999954416494034,1.0,0.0,0.05128722191136881,100.0,46.15162902935687,0.0,0.0,24.325666783590812,222.68754221563046
1942,scarce,133.75032392763953,86.55200696825531,8.325966082017107,0.4409112013419331,1.607502107029021,348.2205267474128,0.9873241282114664,1,0,0,0,0,40,0.019999492377779902,1.0,0.0,0.05128730853533564,100.0,46.15170697932244,0.0,0.0,24.325666783590812,222.63811271071646
1943,scarce,133.74885937281775,86.5432741475428,8.326141001396527,0.4427449650892573,1.6070595533014498,348.38145386979886,0.9879527593816216,1,0,0,0,0,40,0.01999976212132331,1.0,0.0,0.05128739515915529,100.0,46.15178492915557,0.0,0.0,24.325666783590812,222.60049937349467
1944,scarce,133.74748821040262,86.53452828675536,8.326400648535891,0.4426436152182444,1.6060366485914195,348.54633927179384,0.9885828049941088,1,0,0,0,0,40,0.01999962619251029,1.0,0.0,0.051287481782827764,100.0,46.15186287885626,0.0,0.0,24.325666783590812,222.7833632615484
1945,scarce,133.746265713294,86.52567785271832,8.326639032060568,0.44673867505547804,1.604725648598078,348.7065777999742,0.9892034015094434,1,0,0,0,0,40,0.01999940648512011,1.0,0.0,0.051287568406353075,100.0,46.15194082842452,0.0,0.0,24.325666783590812,223.03151710125366
1946,scarce,133.74511532556238,86.51675828211128,8.32682549390259,0.4496830185127092,1.6026600658515728,348.86368327562377,0.9897882436216477,1,0,0,0,0,40,0.019999470335559127,1.0,0.0,0.05128765502973119,100.0,46.15201877786033,0.0,0.0,24.325666783590812,223.182903646756
1947,scarce,133.74393687275477,86.5077819572085,8.32697362218271,0.45267591394433776,1.5997794766885673,349.01729906402034,0.990379895379774,1,0,0,0,0,40,0.019999633521366352,1.0,0.0,0.05128774165296214,100.0,46.1520967271637,0.0,0.0,24.325666783590812,223.08780739736375
1948,scarce,133.74277128711498,86.498781672807,8.327127091339804,0.4537822242700501,1.596919947471553,349.1760521811375,0.9910097551789163,1,0,0,0,0,40,0.019999603791188793,1.0,0.0,0.05128782827604591,100.0,46.15217467633464,0.0,0.0,24.325666783590812,223.12684346496863
1949,scarce,133.74165207998314,86.48969592337866,8.32728395173009,0.45772946199644454,1.5936239556969114,349.33701252553146,0.9916448372834653,1,0,0,0,0,40,0.01999949481045548,1.0,0.0,0.05128791489898251,100.0,46.152252625373144,0.0,0.0,24.325666783590812,223.10765794722147
1950,scarce,133.74057629341797,86.48054037128679,8.327408150959608,0.46093641122373846,1.5902223272325189,349.4967118146669,0.9922869778256738,1,0,0,0,0,40,0.01999953012355284,1.0,0.0,0.051288001521771924,100.0,46.15233057427919,0.0,0.0,24.325666783590812,223.19227300560965
1951,scarce,133.73959969952065,86.47130769857492,8.327531229117662,0.464215983526529,1.5867674553893967,349.65956154837477,0.9929572089529209,1,0,0,0,0,40,0.0199996339869496,1.0,0.0,0.051288088144414185,100.0,46.15240852305283,0.0,0.0,24.325666783590812,223.2826534181483
1952,scarce,133.7386213466409,86.4619828246235,8.327625561453104,0.46881103001767527,1.582452721559931,349.8239534033273,0.9936474276906826,1,0,0,0,0,40,0.01999951143621568,1.0,0.0,0.05128817476690926,100.0,46.15248647169402,0.0,0.0,24.325666783590812,223.28404149257796
1953,scarce,133.73761735912407,86.45260072631429,8.327724402796523,0.4717938889755027,1.5781257745162667,349.98915416158707,0.9943268967399587,1,0,0,0,0,40,0.019999451657485012,1.0,0.0,0.051288261389257156,100.0,46.152564420202765,0.0,0.0,24.325666783590812,222.9681393786961
1954,scarce,133.73663406171747,86.4431145166496,8.32783297527026,0.47685713670880564,1.5736205987292888,350.16282339097233,0.9950415749837697,1,0,0,0,0,40,0.01999961465649302,1.0,0.0,0.05128834801145788,100.0,46.15264236857908,0.0,0.0,24.325666783590812,223.0088526137253
1955,scarce,133.73563813712803,86.43358369148129,8.327932830264189,0.4791374592274179,1.5686751333873759,350.3373822596768,0.9957490727129217,1,0,0,0,0,40,0.019999652332754726,1.0,0.0,0.05128843463351144,100.0,46.15272031682296,0.0,0.0,24.325666783590812,222.77530942964145
1956,scarce,133.73468924964055,86.42401502335628,8.328058299350797,0.48079146450463695,1.5640182010859722,350.5097685001092,0.9964754724670937,1,0,0,0,0,40,0.019999606845728657,1.0,0.0,0.05128852125541782,100.0,46.152798264934404,0.0,0.0,24.325666783590812,222.77723675310898
1957,scarce,133.73377113567636,86.41442036323274,8.328219846906133,0.48193827333742545,1.5596949755135792,350.6812259936996,0.9972387431893837,1,0,0,0,0,40,0.019999562885076795,1.0,0.0,0.051288607877177025,100.0,46.152876212913405,0.0,0.0,24.325666783590812,222.6560463168816
1958,scarce,133.73290276832248,86.40467839841253,8.328458853220123,0.48903929548977026,1.5557127892337945,350.85031758688274,0.9979963614611713,1,0,0,0,0,40,0.019999309290163282,1.0,0.0,0.05128869449878906,100.0,46.152954160759975,0.0,0.0,24.325666783590812,222.49944530330777
1959,scarce,133.7320438921675,86.39485600505998,8.328783398749115,0.49300356591972777,1.5520524564489164,351.0305039369123,0.9987654387789673,1,0,0,0,0,40,0.019999548284208652,1.0,0.0,0.05128878112025392,100.0,46.153032108474115,0.0,0.0,24.325666783590812,222.4225627498894
1960,scarce,133.73117108453016,86.38503055647365,8.329166718390573,0.49321401286951555,1.5486242024806731,351.20988860908983,0.9995497418399655,1,0,0,0,0,40,0.0199996485474118,1.0,0.0,0.05128886774157161,100.0,46.15311005605581,0.0,0.0,24.325666783590812,222.5293933267876
1961,scarce,133.7302868691803,86.37509397693148,8.329500525811264,0.4988031617094807,1.545425375713789,351.3804762334621,1.0003147582965526,1,0,0,0,0,40,0.019999570148244227,1.0,0.0,0.05128895436274213,100.0,46.15318800350507,0.0,0.0,24.325666783590812,222.5669329190186
1962,scarce,133.72936243506678,86.36515033108428,8.329884651808282,0.4993310016634464,1.54246240442239,351.5506285906158,1.0010887853258879,1,0,0,0,0,40,0.019999560537209315,1.0,0.0,0.05128904098376549,100.0,46.15326595082191,0.0,0.0,24.325666783590812,222.41252377652012
1963,scarce,133.72838431288346,86.3551827576591,8.33018973080693,0.5007817803032998,1.539740910036888,351.7159674915165,1.0018719597773615,1,0,0,0,0,40,0.019999609718091265,1.0,0.0,0.05128912760464167,100.0,46.15334389800631,0.0,0.0,24.325666783590812,222.2309492998239
1964,scarce,133.7273943070598,86.34517672061683,8.330482723238314,0.5027551321895984,1.536167020021861,351.8762893760213,1.0026495483052704,1,0,0,0,0,40,0.019999602866264045,1.0,0.0,0.051289214225370666,100.0,46.15342184505827,0.0,0.0,24.325666783590812,222.31806039723006
1965,scarce,133.7264244482006,86.33516134150058,8.33071175409634,0.503125707141544,1.5329912524613678,352.03955740886886,1.0034174260157376,1,0,0,0,0,40,0.019999569320335087,1.0,0.0,0.051289300845952505,100.0,46.1534997919778,0.0,0.0,24.325666783590812,222.34881146901108
1966,scarce,133.7254763647271,86.3251145922259,8.330923329315022,0.504578475402745,1.5302940064963753,352.20419033782673,1.0042185750577501,1,0,0,0,0,40,0.019999635093404838,1.0,0.0,0.05128938746638717,100.0,46.153577738764895,0.0,0.0,24.325666783590812,222.46642098967814
1967,scarce,133.72445732396102,86.31505406876632,8.33115625765374,0.5056121396645463,1.5273768526607128,352.36914914893714,1.0049824750885192,1,0,0,0,0,40,0.01999966754754246,1.0,0.0,0.05128947408667466,100.0,46.15365568541955,0.0,0.0,24.325666783590812,222.42847362639085
1968,scarce,133.7233579588242,86.30495465183317,8.331397164101055,0.5079669969676138,1.523830800858714,352.5284409895903,1.005689737214373,1,0,0,0,0,40,0.019999559557373266,1.0,0.0,0.05128956070681499,100.0,46.15373363194178,0.0,0.0,24.325666783590812,221.9819883080605
1969,scarce,133.72229077170678,86.29475916467688,8.331651600652759,0.5125664328168384,1.5210079213880499,352.69245580482675,1.0063612168216924,1,0,0,0,0,40,0.019999680377992022,1.0,0.0,0.05128964732680816,100.0,46.15381157833159,0.0,0.0,24.325666783590812,221.96256905542592
1970,scarce,133.721186157844,86.28454841266539,8.331896072198248,0.5135281566587728,1.5187263413857497,352.850783705464,1.0070146781184952,1,0,0,0,0,40,0.019999629344558466,1.0,0.0,0.05128973394665415,100.0,46.15388952458896,0.0,0.0,24.325666783590812,221.88270991536447
1971,scarce,133.72009960679264,86.27429718947198,8.33213508532296,0.5154423086061888,1.517040754792458,353.0095013762693,1.0076520557219186,1,0,0,0,0,40,0.019999682593462565,1.0,0.0,0.05128982056635297,100.0,46.153967470713894,0.0,0.0,24.325666783590812,221.91779320684154
1972,scarce,133.71902071652767,86.26400863690859,8.332365565720917,0.517251514644351,1.5156187198977153,353.1705920923778,1.0083277330062284,1,0,0,0,0,40,0.01999967117011809,1.0,0.0,0.05128990718590462,100.0,46.15404541670639,0.0,0.0,24.325666783590812,221.90586385870037
1973,scarce,133.71791516529044,86.25368703563632,8.332628987576765,0.5190446263870244,1.5148124964674103,353.3294900847759,1.0090024340768209,1,0,0,0,0,40,0.019999558440315774,1.0,0.0,0.05128999380530911,100.0,46.154123362566466,0.0,0.0,24.325666783590812,221.8668039072133
1974,scarce,133.71683429289223,86.24336212876068,8.332999929435061,0.5190828436589949,1.514067883635203,353.4912287296902,1.0096839210686162,1,0,0,0,0,40,0.019999524409959425,1.0,0.0,0.05129008042456642,100.0,46.1542013082941,0.0,0.0,24.325666783590812,221.8311561801075
1975,scarce,133.7157852099429,86.23297707893686,8.333410566809528,0.5219122771795929,1.5137028095440914,353.6553102131147,1.0103477294817338,1,0,0,0,0,40,0.019999418850321044,1.0,0.0,0.051290167043676574,100.0,46.154279253889314,0.0,0.0,24.325666783590812,221.93569568531447
1976,scarce,133.71476517313536,86.22257910588543,8.33378080706708,0.5224022242204545,1.5137658224139696,353.81676114075526,1.0110141619673056,1,0,0,0,0,40,0.019999673068032714,1.0,0.0,0.051290253662639555,100.0,46.15435719935209,0.0,0.0,24.325666783590812,222.11430296789476
1977,scarce,133.7137186461881,86.21211297960193,8.334180777146784,0.5259268257309919,1.5143476535586422,353.9824533712963,1.011686985090666,1,0,0,0,0,40,0.0199996540601516,1.0,0.0,0.05129034028145538,100.0,46.154435144682445,0.0,0.0,24.325666783590812,222.0805983861257
1978,scarce,133.71262983205878,86.20160038067834,8.33459707534451,0.528455346061724,1.5153635552831328,354.1451274457431,1.0123451985530616,1,0,0,0,0,40,0.019999592749938098,1.0,0.0,0.051290426900124024,100.0,46.15451308988035,0.0,0.0,24.325666783590812,221.81097750806634
1979,scarce,133.711554499954,86.19100253932581,8.335039652140996,0.5326180917237959,1.5156687142301928,354.3062154745785,1.0129956794723403,1,0,0,0,0,40,0.01999966337510061,1.0,0.0,0.05129051351864551,100.0,46.15459103494585,0.0,0.0,24.325666783590812,221.75701797447732
1980,scarce,133.71047317591942,86.180386124979,8.335470614109472,0.5335786801517403,1.5160904133888295,354.4731698947289,1.013694968819198,1,0,0,0,0,40,0.019999610797527906,1.0,0.0,0.05129060013701983,100.0,46.15466897987891,0.0,0.0,24.325666783590812,221.84726031990948
1981,scarce,133.70926502975058,86.16972520876584,8.335900627587998,0.536468199232291,1.5168900930062672,354.6391867404891,1.0143991136507293,1,0,0,0,0,40,0.019999530791777298,1.0,0.0,0.05129068675524698,100.0,46.154746924679536,0.0,0.0,24.325666783590812,230.6486172394706
1982,scarce,133.70807314286006,86.1589863006623,8.336309854414868,0.5402581326550621,1.5180236627834032,354.80290706169035,1.0150981713430973,1,0,0,0,0,40,0.019999480166132882,1.0,0.0,0.05129077337332697,100.0,46.154824869347735,0.0,0.0,24.325666783590812,230.51740019176378
1983,scarce,133.70690670980645,86.14821808187065,8.33672328137387,0.5415676936482369,1.5187289811307934,354.96869254623743,1.0158378967883193,1,0,0,0,0,40,0.019999726837343614,1.0,0.0,0.05129085999125979,100.0,46.15490281388351,0.0,0.0,24.325666783590812,230.63357190759908
1984,scarce,133.70585068814657,86.13741304026244,8.337132707842414,0.5428319684107588,1.518780798315953,355.1397946414654,1.0165689369151882,1,0,0,0,0,40,0.01999966091204665,1.0,0.0,0.05129094660904545,100.0,46.154980758286854,0.0,0.0,24.325666783590812,230.9369688134745
1985,scarce,133.70487469082798,86.12654252893152,8.33755950817365,0.5457233468595558,1.517643667926912,355.310311064306,1.0172987062451948,1,0,0,0,0,40,0.019999592021952443,1.0,0.0,0.05129103322668394,100.0,46.15505870255777,0.0,0.0,24.325666783590812,231.06216707995318
1986,scarce,133.70388875760074,86.11564699595321,8.33796553704979,0.5470123139398477,1.5169362728756508,355.48325428977114,1.0180003417167716,1,0,0,0,0,40,0.01999969525417968,1.0,0.0,0.051291119844175274,100.0,46.15513664669626,0.0,0.0,24.325666783590812,231.09107952421272
1987,scarce,133.70295045931763,86.10471608124053,8.338453576614949,0.5485621525815169,1.515566553773718,355.65959226017003,1.0187417683848436,1,0,0,0,0,40,0.019999731915333382,1.0,0.0,0.05129120646151943,100.0,46.15521459070231,0.0,0.0,24.325666783590812,231.1620535972043
1988,scarce,133.7019727153242,86.09374737844684,8.339025597286788,0.5506183694701169,1.5140147926400538,355.844604705635,1.0195061487491546,1,0,0,0,0,40,0.01999967961262414,1.0,0.0,0.051291293078716445,100.0,46.155292534575956,0.0,0.0,24.325666783590812,230.88520660616095
1989,scarce,133.70096886225627,86.08281004971245,8.339613214871358,0.5491758133229186,1.511998945553072,356.03775302321446,1.0202945083728374,1,0,0,0,0,40,0.019999432461905754,1.0,0.0,0.05129137969576628,100.0,46.15537047831716,0.0,0.0,24.325666783590812,231.00766120383645
1990,scarce,133.69999661081297,86.07179501410052,8.34016735365024,0.5529046834195612,1.510440926827061,356.2361420949819,1.0211306538856695,1,0,0,0,0,40,0.019999535428941395,1.0,0.0,0.05129146631266895,100.0,46.155448421925925,0.0,0.0,24.325666783590812,231.1388523050178
1991,scarce,133.69907891528322,86.06074960642661,8.340775245358454,0.5541804273523857,1.5093448817715815,356.44120521395234,1.02197515451265,1,0,0,0,0,40,0.019999716717776908,1.0,0.0,0.051291552929424465,100.0,46.15552636540228,0.0,0.0,24.325666783590812,231.3931665873246
1992,scarce,133.6981579549308,86.04961486394586,8.341341681931112,0.5586492636465286,1.5087308854617856,356.63391958683496,1.0227843792382156,1,0,0,0,0,40,0.01999956985150132,1.0,0.0,0.05129163954603282,100.0,46.15560430874621,0.0,0.0,24.325666783590812,231.42273149625422
1993,scarce,133.69728129100727,86.03844690939601,8.341928762314314,0.5601255129107786,1.5085847098422795,356.8258738935401,1.0235933755917863,1,0,0,0,0,40,0.019999636395155135,1.0,0.0,0.051291726162494014,100.0,46.155682251957714,0.0,0.0,24.325666783590812,231.37524913653496
1994,scarce,133.69640473553596,86.02716437041059,8.3424794217951,0.5658367122404889,1.5089304347459165,357.01813020660484,1.0244468161780096,1,0,0,0,0,40,0.019999528020361486,1.0,0.0,0.051291812778808045,100.0,46.15576019503679,0.0,0.0,24.325666783590812,231.37437343188995
1995,scarce,133.69561401519903,86.01584276770492,8.343001414891601,0.567469684121779,1.5097959368618818,357.2022709391167,1.0252682462641274,1,0,0,0,0,40,0.01999956614920733,1.0,0.0,0.0512918993949749,100.0,46.15583813798343,0.0,0.0,24.325666783590812,231.53691359978475
1996,scarce,133.69490388021765,86.0045310735753,8.343603919126354,0.5667081524118995,1.5111634153264508,357.38441709089966,1.0260668526297592,1,0,0,0,0,40,0.019999679855037304,1.0,0.0,0.05129198601099461,100.0,46.15591608079765,0.0,0.0,24.325666783590812,231.66585290556333
1997,scarce,133.6942202782842,85.99321892632943,8.344300970245119,0.5666496660695381,1.512550321137436,357.5703894762046,1.0268792821161514,1,0,0,0,0,40,0.019999564197830146,1.0,0.0,0.05129207262686715,100.0,46.155994023479444,0.0,0.0,24.325666783590812,231.53714778070798
1998,scarce,133.69357318797194,85.98186239327113,8.345069364973986,0.568762669104877,1.5144700097046944,357.756300449204,1.0276808321093098,1,0,0,0,0,40,0.01999949206676186,1.0,0.0,0.05129215924259254,100.0,46.156071966028826,0.0,0.0,24.325666783590812,231.45233502144447
1999,scarce,133.69300278879496,85.97040453164325,8.345881085836734,0.5736126135290874,1.5168984949590558,357.9449065659792,1.0284502030723046,1,0,0,0,0,40,0.01999957496413911,1.0,0.0,0.051292245858170764,100.0,46.15614990844578,0.0,0.0,24.325666783590812,231.6784387476455
2000,scarce,133.69245720620944,85.95890086681399,8.34668630059103,0.5758500744181836,1.5199219464668476,358.13454799169995,1.0292173971400544,1,0,0,0,0,40,0.019999418661762514,1.0,0.0,0.05129233247360183,100.0,46.156227850730296,0.0,0.0,24.325666783590812,231.9233486249087
2001,scarce,133.69190471400833,85.94734027055415,8.347524095887803,0.5787076083341947,1.5233608302648103,358.32245731625153,1.030002811237315,1,0,0,0,0,40,0.019999413331578085,1.0,0.0,0.05129241908888573,100.0,46.1563057928824,0.0,0.0,24.325666783590812,232.02205965607249
2002,scarce,133.69134882238504,85.9357436686634,8.348361761293173,0.5805076485155324,1.5274538539562694,358.5143450124742,1.0308165780565957,1,0,0,0,0,40,0.019999559556320053,1.0,0.0,0.051292505704022474,100.0,46.15638373490207,0.0,0.0,24.325666783590812,231.91913919124508
2003,scarce,133.69086201663686,85.92416090034767,8.349205743239915,0.5796648518164673,1.5323708056642273,358.70352004921006,1.0316599144789294,1,0,0,0,0,40,0.01999955800013641,1.0,0.0,0.051292592319012065,100.0,46.15646167678933,0.0,0.0,24.325666783590812,232.21681298212002
2004,scarce,133.6903048052549,85.91259933398376,8.350034733325511,0.5787623508735429,1.5381495325481653,358.8945658019438,1.0325070913367744,1,0,0,0,0,40,0.01999958140656899,1.0,0.0,0.0512926789338545,100.0,46.156539618544166,0.0,0.0,24.325666783590812,232.164596841422
2005,scarce,133.6898346471509,85.90102658814897,8.350852833708945,0.5791251431138911,1.5448106342152088,359.08506984176347,1.033348428637785,1,0,0,0,0,40,0.019999715144022448,1.0,0.0,0.051292765548549765,100.0,46.15661756016657,0.0,0.0,24.325666783590812,232.42734189976755
2006,scarce,133.68938270351677,85.88938885236527,8.351722506148056,0.5823346363690555,1.5522923170227387,359.2817246516788,1.0342040210942192,1,0,0,0,0,40,0.019999671865375386,1.0,0.0,0.05129285216309788,100.0,46.156695501656564,0.0,0.0,24.325666783590812,232.42712334095194
2007,scarce,133.68891341834265,85.87772781983492,8.352589128338263,0.5835354518943978,1.559775082147886,359.47957155061886,1.035046142046805,1,0,0,0,0,40,0.01999969790087907,1.0,0.0,0.051292938777498825,100.0,46.15677344301412,0.0,0.0,24.325666783590812,232.41419666164802
2008,scarce,133.68843591330932,85.86603182434263,8.353487122772638,0.5852986733922114,1.567059347902445,359.676732536027,1.0359300913760303,1,0,0,0,0,40,0.019999532402596547,1.0,0.0,0.05129302539175263,100.0,46.15685138423926,0.0,0.0,24.325666783590812,232.47149571321998
2009,scarce,133.68792575146836,85.85431393071839,8.354402518108,0.5864618161057469,1.5737355023789878,359.8737351456293,1.0368318091706146,1,0,0,0,0,40,0.01999960984548465,1.0,0.0,0.051293112005859266,100.0,46.15692932533198,0.0,0.0,24.325666783590812,232.29477174182267
2010,scarce,133.68741285612293,85.84253836535808,8.355282938758739,0.5893486260804781,1.5800014998352414,360.06233794811124,1.0376808289967154,1,0,0,0,0,40,0.019999649792567124,1.0,0.0,0.05129319861981875,100.0,46.15700726629228,0.0,0.0,24.325666783590812,232.43192210984216
2011,scarce,133.68689432177788,85.83073287796341,8.356212208379883,0.5908592735636224,1.5860530903136776,360.25543820720486,1.0384975713607865,1,0,0,0,0,40,0.01999952181506366,1.0,0.0,0.051293285233631074,100.0,46.157085207120154,0.0,0.0,24.325666783590812,232.40981219810828
2012,scarce,133.68637492831888,85.81889986678576,8.357133162268966,0.592231663332328,1.5918197649536374,360.43867744840827,1.0392999332868145,1,0,0,0,0,40,0.019999665058342313,1.0,0.0,0.05129337184729624,100.0,46.1571631478156,0.0,0.0,24.325666783590812,232.4743218908681
2013,scarce,133.6857984438019,85.80701631635152,8.358059924590487,0.5948901603159364,1.5961607878905788,360.6199547858705,1.0400990125767482,1,0,0,0,0,40,0.019999571962024565,1.0,0.0,0.05129345846081425,100.0,46.15724108837863,0.0,0.0,24.325666783590812,232.19860676138418
2014,scarce,133.68520163858693,85.79509404544024,8.359002999663343,0.5968704832891234,1.6007978945079102,360.80183119026333,1.0409059463749444,1,0,0,0,0,40,0.019999653317727552,1.0,0.0,0.051293545074185105,100.0,46.157319028809255,0.0,0.0,24.325666783590812,241.0424858556674
2015,scarce,133.68466223038567,85.78310574887347,8.359944495218926,0.6000316567660942,1.6057144995706025,360.97692431918404,1.041704078356355,1,0,0,0,0,40,0.019999678865003125,1.0,0.0,0.05129363168740882,100.0,46.15739696910745,0.0,0.0,24.325666783590812,241.05636485979585
2016,scarce,133.6841193757923,85.77102974511328,8.360893382406783,0.6044203295452796,1.60984656070764,361.1576607494935,1.0425044980304878,1,0,0,0,0,40,0.019999582143807197,1.0,0.0,0.05129371830048537,100.0,46.15747490927323,0.0,0.0,24.325666783590812,241.01562424994927
2017,scarce,133.6835145838904,85.7589101175639,8.361869655685691,0.6067478313518629,1.6130811999635764,361.33526453185186,1.0432563236808343,1,0,0,0,0,40,0.019999545845818433,1.0,0.0,0.05129380491341476,100.0,46.15755284930659,0.0,0.0,24.325666783590812,240.83191503981135
2018,scarce,133.68299770942502,85.74670189722318,8.362812306028847,0.6109671389354131,1.6161852973937763,361.5129973751391,1.0440033587046271,1,0,0,0,0,40,0.019999523390253054,1.0,0.0,0.051293891526197,100.0,46.15763078920752,0.0,0.0,24.325666783590812,240.98824948903243
2019,scarce,133.68239572292273,85.73450977794683,8.363853309528452,0.6103593213184338,1.61954832261165,361.69981969535,1.0447517742097268,1,0,0,0,0,40,0.019999568773289154,1.0,0.0,0.051293978138832075,100.0,46.15770872897604,0.0,0.0,24.325666783590812,240.5560237527236
2020,scarce,133.68179279558436,85.72223181556083,8.364920018897962,0.6146502121682021,1.623092850370132,361.88617891637114,1.045459105671668,1,0,0,0,0,40,0.019999617707411585,1.0,0.0,0.05129406475132001,100.0,46.15778666861213,0.0,0.0,24.325666783590812,240.47169656891293
2021,scarce,133.68121125672926,85.70987387003014,8.365965722252525,0.6185928509539482,1.6268201005473562,362.07690088830714,1.046165488662694,1,0,0,0,0,40,0.019999597665662717,1.0,0.0,0.051294151363660785,100.0,46.157864608115815,0.0,0.0,24.325666783590812,240.42062166355612
2022,scarce,133.68075190950177,85.69743991007368,8.367011214008432,0.6221323154776928,1.6308179115473151,362.2643397827633,1.0468557292536036,1,0,0,0,0,40,0.01999966059083993,1.0,0.0,0.051294237975854404,100.0,46.157942547487075,0.0,0.0,24.325666783590812,240.7070429844138
2023,scarce,133.68023330425936,85.6849972293515,8.368069117179786,0.62268995559566,1.6349815425306506,362.4545126981029,1.047603049744201,1,0,0,0,0,40,0.019999556295464262,1.0,0.0,0.051294324587900876,100.0,46.15802048672592,0.0,0.0,24.325666783590812,240.56583723424183
2024,scarce,133.6797079883333,85.67257618327783,8.369110624614153,0.6216162570854045,1.6394265161639994,362.6486960186521,1.0483975098264846,1,0,0,0,0,40,0.019999642877613695,1.0,0.0,0.051294411199800195,100.0,46.15809842583234,0.0,0.0,24.325666783590812,240.38923390732603
2025,scarce,133.6792563718276,85.66009058936956,8.370097237965007,0.6247023945025104,1.64252059294774,362.832621715359,1.0491812567705845,1,0,0,0,0,40,0.019999511273965216,1.0,0.0,0.05129449781155236,100.0,46.15817636480636,0.0,0.0,24.325666783590812,240.4537247435092
2026,scarce,133.67878504104823,85.64751853767987,8.37118729530578,0.6290563545150542,1.6453603623118487,363.01024796111597,1.0499159750573648,1,0,0,0,0,40,0.019999380905898183,1.0,0.0,0.051294584423157374,100.0,46.15825430364795,0.0,0.0,24.325666783590812,240.34845271267113
2027,scarce,133.67819696327842,85.63485556780414,8.372295775987002,0.6338434962815904,1.6482176702312832,363.2636816374943,1.0506642629004252,1,0,0,0,0,40,0.019999440067146473,1.0,0.0,0.051294671034615234,100.0,46.15833224235712,0.0,0.0,24.325666783590812,240.15670962218073
2028,scarce,133.67764901251874,85.62216457851613,8.373476982775262,0.6351503524318456,1.6513100637662574,363.5611462480301,1.051395040814928,1,0,0,0,0,40,0.01999968661858593,1.0,0.0,0.05129475764592594,100.0,46.15841018093387,0.0,0.0,24.325666783590812,240.15640172752416
2029,scarce,133.6771528809012,85.60945839915867,8.374673346127633,0.6358023342571167,1.6546358417006488,363.85362428260123,1.052136822235503,1,0,0,0,0,40,0.01999964065176953,1.0,0.0,0.0512948442570895,100.0,46.15848811937822,0.0,0.0,24.325666783590812,240.28854140109087
2030,scarce,133.67668598467927,85.59676198885607,8.375934312041935,0.6352609068086281,1.6582239740358116,364.1461722216991,1.0528745151772547,1,0,0,0,0,40,0.019999708738276844,1.0,0.0,0.05129493086810591,100.0,46.158566057690145,0.0,0.0,24.325666783590812,240.3043880338032
2031,scarce,133.67622102160013,85.5840166493443,8.377122957140894,0.6377066440552187,1.662074925469828,364.42643770084396,1.0535641158420526,1,0,0,0,0,40,0.019999569823967667,1.0,0.0,0.05129501747897516,100.0,46.15864399586965,0.0,0.0,24.325666783590812,240.49567306327853
2032,scarce,133.6757499403255,85.57131437755915,8.378276748654832,0.635563832581914,1.6656387020818215,364.77945976305637,1.0542279000937576,1,0,0,0,0,40,0.01999959498208618,1.0,0.0,0.05129510408969727,100.0,46.158721933916745,0.0,0.0,24.325666783590812,240.5391940860023
2033,scarce,133.67528762427494,85.55859312061341,8.379527634304214,0.6365000375036923,1.6694504607935847,365.1433108692654,1.055275978615354,1,0,0,0,0,40,0.01999951741800794,1.0,0.0,0.05129519070027223,100.0,46.15879987183143,0.0,0.0,24.325666783590812,240.37793793908259
2034,scarce,133.67487636103738,85.54584092861401,8.38083452514552,0.6379546093773902,1.673289673645329,365.51175854785106,1.0567041119514176,1,0,0,0,0,40,0.019999479841687214,1.0,0.0,0.051295277310700035,100.0,46.158877809613685,0.0,0.0,24.325666783590812,240.3156023552755
2035,scarce,133.6744194125135,85.53306051836712,8.382174114000374,0.6394416359414555,1.6767928816732325,365.8805429328495,1.0581636353866466,1,0,0,0,0,40,0.01999959029552109,1.0,0.0,0.051295363920980684,100.0,46.158955747263526,0.0,0.0,24.325666783590812,240.1650462160997
2036,scarce,133.67397891575618,85.52024445670699,8.3836174579123,0.64120175813207,1.68038707650305,366.26089725526253,1.0596809983984783,1,0,0,0,0,40,0.01999941217942064,1.0,0.0,0.0512954505311142,100.0,46.15903368478097,0.0,0.0,24.325666783590812,240.05764442523105
2037,scarce,133.6735154836721,85.50733834292397,8.385017571665127,0.6457344627855424,1.6841740669069778,366.64500116728595,1.06120850311004,1,0,0,0,0,40,0.019999552716192543,1.0,0.0,0.051295537141100564,100.0,46.159111622165995,0.0,0.0,24.325666783590812,240.02785925325944
2038,scarce,133.6730126842169,85.4944232498043,8.386426933410826,0.646255175209047,1.688058556540004,367.0229155138077,1.0627383722223247,1,0,0,0,0,40,0.019999688457613036,1.0,0.0,0.05129562375093977,100.0,46.15918955941859,0.0,0.0,24.325666783590812,239.82395102101108
2039,scarce,133.67249094789568,85.48145859345018,8.387921297486468,0.6487723584845853,1.6911813082941625,367.41276453288447,1.0642903507689603,1,0,0,0,0,40,0.019999453958438173,1.0,0.0,0.05129571036063183,100.0,46.15926749653879,0.0,0.0,24.325666783590812,239.97361744690335
2040,scarce,133.67196548608047,85.46845541979826,8.389444971845412,0.6506992279135156,1.6936993599959203,367.80483155148977,1.065823252714796,1,0,0,0,0,40,0.01999967314711894,1.0,0.0,0.05129579697017675,100.0,46.15934543352657,0.0,0.0,24.325666783590812,239.93257305642956
2041,scarce,133.67144097639422,85.45542186752921,8.390955094604015,0.6522178009444168,1.6955067485301591,368.1895714594066,1.0673460394684102,1,0,0,0,0,40,0.019999625287676993,1.0,0.0,0.051295883579574514,100.0,46.15942337038193,0.0,0.0,24.325666783590812,240.10942339028406
2042,scarce,133.67096513728845,85.44239983509411,8.392495749881265,0.6515472856221499,1.6969728507487776,368.5720175170063,1.0688597598879477,1,0,0,0,0,40,0.01999969686195287,1.0,0.0,0.05129597018882513,100.0,46.15950130710488,0.0,0.0,24.325666783590812,240.25130930116975
2043,scarce,133.67048689354687,85.42932817982606,8.39407014479059,0.6540309628345848,1.697947149885953,368.95707913913066,1.0703717751106416,1,0,0,0,0,40,0.019999662180978355,1.0,0.0,0.05129605679792861,100.0,46.159579243695426,0.0,0.0,24.325666783590812,240.23541603613768
2044,scarce,133.6699480542914,85.41621167247082,8.395692271956232,0.6563937696338731,1.698862128665255,369.3459180813661,1.0719210562547934,1,0,0,0,0,40,0.01999959224339474,1.0,0.0,0.05129614340688494,100.0,46.15965718015355,0.0,0.0,24.325666783590812,239.9117302976866
2045,scarce,133.66940994959364,85.40307321161009,8.397373371722058,0.6574859102593913,1.6998838920900845,369.7361102880386,1.0734792348048354,1,0,0,0,0,40,0.019999677609945504,1.0,0.0,0.05129623001569412,100.0,46.159735116479276,0.0,0.0,24.325666783590812,239.86901733596096
2046,scarce,133.66892842134155,85.38993625076868,8.399059738811328,0.6573022336648335,1.7010166251539762,370.1489653965982,1.0750030835032456,1,0,0,0,0,40,0.019999581190660854,1.0,0.0,0.051296316624356145,100.0,46.15981305267257,0.0,0.0,24.325666783590812,240.01648312796505
2047,scarce,133.66844449649764,85.37678720380121,8.400739816952534,0.6579099153800272,1.7013935153664217,370.57732442313863,1.0765389410936435,1,0,0,0,0,40,0.019999701142951874,1.0,0.0,0.05129640323287103,100.0,46.15989098873346,0.0,0.0,24.325666783590812,240.00175182560383
2048,scarce,133.66804855103322,85.36365603343715,8.402472083985552,0.6568623236384113,1.7014943225921417,371.00375709155924,1.0780712395759362,1,0,0,0,0,40,0.019999682527901012,1.0,0.0,0.05129648984123878,100.0,46.159968924661946,0.0,0.0,24.325666783590812,240.04421759816682
2049,scarce,133.66774101874256,85.35043731020731,8.40425281186101,0.6611236366590455,1.701524346896265,371.4433149888282,1.0795850077244649,1,0,0,0,0,40,0.019999635537933956,1.0,0.0,0.051296576449459376,100.0,46.16004686045802,0.0,0.0,24.325666783590812,240.29960102363015
2050,scarce,133.66744040574898,85.33716811856821,8.406039070169664,0.6636404246702382,1.7016036066786693,371.92251748726267,1.0811210822906125,1,0,0,0,0,40,0.01999971329786967,1.0,0.0,0.051296663057532825,100.0,46.16012479612167,0.0,0.0,24.325666783590812,240.30002725946346
2051,scarce,133.66712571197098,85.32388172289309,8.407839871219412,0.6645153292028223,1.7017780668332443,372.40568693745445,1.0826680073072437,1,0,0,0,0,40,0.01999968522790471,1.0,0.0,0.051296749665459135,100.0,46.16020273165292,0.0,0.0,24.325666783590812,240.1796391121265
2052,scarce,133.6667935623821,85.3105602514629,8.40960471899783,0.6662860817303191,1.7020865698520915,372.8877562441048,1.0842031655808102,1,0,0,0,0,40,0.019999690106204292,1.0,0.0,0.05129683627323829,100.0,46.16028066705176,0.0,0.0,24.325666783590812,240.36487010224346
2053,scarce,133.66645268196962,85.2972425533842,8.411333951402332,0.6661113882912685,1.7026058337073544,373.36765235397615,1.0857299325765573,1,0,0,0,0,40,0.01999973335697348,1.0,0.0,0.051296922880870316,100.0,46.16035860231819,0.0,0.0,24.325666783590812,240.40616786169267
2054,scarce,133.66607025055814,85.2839007699067,8.413038124939888,0.6673754902844502,1.703341992223256,373.8457050731231,1.0872343704505683,1,0,0,0,0,40,0.019999652473071783,1.0,0.0,0.051297009488355194,100.0,46.16043653745221,0.0,0.0,24.325666783590812,240.33136419202168
2055,scarce,133.66576422318005,85.27049916158032,8.414776564676949,0.6702654582795556,1.704271495987951,374.33337087661494,1.0887321212630119,1,0,0,0,0,40,0.01999954286382598,1.0,0.0,0.05129709609569292,100.0,46.16051447245382,0.0,0.0,24.325666783590812,240.55604552550986
2056,scarce,133.6654523765653,85.25706579816168,8.416488171350286,0.6718622607298268,1.7055057570188286,374.8190413499178,1.090251241731141,1,0,0,0,0,40,0.019999610099483707,1.0,0.0,0.05129718270288351,100.0,46.16059240732302,0.0,0.0,24.325666783590812,240.5014099167484
2057,scarce,133.66514422867618,85.24362383394724,8.418187382825607,0.6722889524493602,1.7060198979103454,375.3022562618571,1.0917833884753805,1,0,0,0,0,40,0.019999501272399932,1.0,0.0,0.051297269309926966,100.0,46.16067034205982,0.0,0.0,24.325666783590812,240.6001323457257
2058,scarce,133.6649012024546,85.23013557745422,8.41981459536549,0.6745402089271724,1.7062787534352268,375.7791050197775,1.0933158691201459,1,0,0,0,0,40,0.019999504139159234,1.0,0.0,0.05129735591682326,100.0,46.160748276664194,0.0,0.0,24.325666783590812,240.90083014156818
2059,scarce,133.6647061079609,85.21660463742214,8.421451380561901,0.6766359482519387,1.706660827484935,376.25827213977027,1.0948408974061092,1,0,0,0,0,40,0.019999516898058123,1.0,0.0,0.05129744252357243,100.0,46.160826211136175,0.0,0.0,24.325666783590812,241.0513023721548
2060,scarce,133.66451745581065,85.20302840298895,8.423074729895067,0.6788976169119989,1.7072575651950843,376.7331468937409,1.096365150274186,1,0,0,0,0,40,0.019999471314317185,1.0,0.0,0.05129752913017444,100.0,46.16090414547573,0.0,0.0,24.325666783590812,241.10086228156396
2061,scarce,133.66428669045678,85.18943403232646,8.424726400583285,0.679831377890994,1.7082000571967324,377.2071925580458,1.0978752195119041,1,0,0,0,0,40,0.01999953065562977,1.0,0.0,0.05129761573662932,100.0,46.160982079682896,0.0,0.0,24.325666783590812,240.84762503455858
2062,scarce,133.66408444448007,85.17581971952272,8.426378029884892,0.6808084965884605,1.709420368226138,377.68320603068423,1.099386507086101,1,0,0,0,0,40,0.0199995670690507,1.0,0.0,0.051297702342937054,100.0,46.16106001375764,0.0,0.0,24.325666783590812,240.95387146094717
2063,scarce,133.66383926181774,85.16212060007668,8.428016450607299,0.6850798961873272,1.7108896012954555,378.1538464298792,1.1008983435301167,1,0,0,0,0,40,0.019999604233044005,1.0,0.0,0.05129778894909765,100.0,46.16113794769999,0.0,0.0,24.325666783590812,240.74801999386688
2064,scarce,133.66361832691723,85.14840953055906,8.429707227728533,0.6856534625668724,1.7125741112863289,378.618110160598,1.1029887546026085,1,0,0,0,0,40,0.019999562384592964,1.0,0.0,0.05129787555511111,100.0,46.16121588150993,0.0,0.0,24.325666783590812,240.79874932171614
2065,scarce,133.6634541091676,85.13464832586557,8.431407073846042,0.6881182263972487,1.7144113025819823,379.0768687841555,1.1051030791726315,1,0,0,0,0,40,0.01999963148115212,1.0,0.0,0.05129796216097742,100.0,46.16129381518746,0.0,0.0,24.325666783590812,249.9661864616898
2066,scarce,133.6633279242982,85.12085072372182,8.433085075908124,0.6899266295931173,1.7163788581191377,379.54038849208155,1.1072270511993763,1,0,0,0,0,40,0.019999568535197115,1.0,0.0,0.0512980487666966,100.0,46.16137174873259,0.0,0.0,24.325666783590812,250.0666175584509
2067,scarce,133.66316745282126,85.10704192816824,8.434703109073428,0.6904963554796058,1.7187191068754175,379.9965454812409,1.1093496593693855,1,0,0,0,0,40,0.01999975091289689,1.0,0.0,0.051298135372268634,100.0,46.1614496821453,0.0,0.0,24.325666783590812,250.028066008267
2068,scarce,133.66301505066141,85.0932746025619,8.436318124497912,0.6884210330475394,1.7215175133119196,380.45016891809064,1.1115003112712378,1,0,0,0,0,40,0.019999646332562473,1.0,0.0,0.05129822197769352,100.0,46.16152761542561,0.0,0.0,24.325666783590812,250.13495663814894
2069,scarce,133.6628479662925,85.07948531103337,8.437985885934532,0.6895293805137753,1.7246110963536707,380.90915255236905,1.113649374402075,1,0,0,0,0,40,0.01999960094572669,1.0,0.0,0.05129830858297128,100.0,46.161605548573526,0.0,0.0,24.325666783590812,250.00147922981122
2070,scarce,133.66266807178081,85.06570555586168,8.43962191940849,0.6890643924814659,1.7282100736461934,381.35805695254385,1.1157868993529534,1,0,0,0,0,40,0.019999451926063175,1.0,0.0,0.05129839518810189,100.0,46.16168348158902,0.0,0.0,24.325666783590812,249.98765205909763
2071,scarce,133.6625339427564,85.05191714583694,8.441235379496224,0.6894635840630673,1.731449432966174,381.80557111196686,1.1179242906074496,1,0,0,0,0,40,0.01999973202187885,1.0,0.0,0.05129848179308537,100.0,46.16176141447212,0.0,0.0,24.325666783590812,250.12069901633018
2072,scarce,133.66243671282837,85.03812405151061,8.442843520705278,0.6896830518540177,1.7350472698933914,382.2600254406716,1.1200723798931522,1,0,0,0,0,40,0.019999692727939895,1.0,0.0,0.05129856839792171,100.0,46.16183934722281,0.0,0.0,24.325666783590812,250.37161170112228
2073,scarce,133.66233479999855,85.02431287308652,8.444493135409894,0.690587156677459,1.739001066908679,382.7112653591248,1.1222362286136978,1,0,0,0,0,40,0.01999968178266929,1.0,0.0,0.05129865500261092,100.0,46.161917279841106,0.0,0.0,24.325666783590812,250.12767637412836
2074,scarce,133.66230816584581,85.01046768998829,8.446134014398675,0.6922771649567,1.7432252816571983,383.1589883138222,1.1243886030643258,1,0,0,0,0,40,0.019999521918044032,1.0,0.0,0.05129874160715298,100.0,46.16199521232699,0.0,0.0,24.325666783590812,250.4893757236633
2075,scarce,133.66231904477937,84.99661567728934,8.447753733001727,0.6926123916019788,1.747736100911781,383.6028159858324,1.12576256407677,1,0,0,0,0,40,0.019999672468772833,1.0,0.0,0.0512988282115479,100.0,46.16207314468046,0.0,0.0,24.325666783590812,250.73831549851457
2076,scarce,133.66230208199153,84.98272693528254,8.449349071527433,0.6944487472583759,1.7525931367950278,384.04836508347944,1.1256002260574356,1,0,0,0,0,40,0.01999963603702386,1.0,0.0,0.05129891481579568,100.0,46.16215107690152,0.0,0.0,24.325666783590812,250.91465675811884
2077,scarce,133.66226703059084,84.968829559573,8.450916459026152,0.6948897247188637,1.7577168569149273,384.4979623622421,1.1254875621987381,1,0,0,0,0,40,0.019999510716726294,1.0,0.0,0.05129900141989634,100.0,46.1622290089902,0.0,0.0,24.325666783590812,250.9548012912479
2078,scarce,133.6623145285596,84.95486084133947,8.45250917198642,0.6984538658024405,1.762960192925733,384.9371570712392,1.1254561916805903,1,0,0,0,0,40,0.01999944963651945,1.0,0.0,0.05129908802384985,100.0,46.162306940946465,0.0,0.0,24.325666783590812,250.97887250413652
2079,scarce,133.66230551005492,84.94086880900758,8.454104666037226,0.6996167520310907,1.7679079410620193,385.3747093485799,1.1254355610079654,1,0,0,0,0,40,0.019999632344878913,1.0,0.0,0.05129917462765624,100.0,46.162384872770346,0.0,0.0,24.325666783590812,250.7719617130525
2080,scarce,133.66229463944762,84.92683943011625,8.455716331845082,0.7014845667022902,1.7716718226320556,385.9337255068094,1.1254660383461956,1,0,0,0,0,40,0.01999955178727452,1.0,0.0,0.05129926123131548,100.0,46.1624628044618,0.0,0.0,24.325666783590812,250.7670652773908
2081,scarce,133.66228894320588,84.91276781479522,8.4572701343162,0.7035993658327473,1.7755879045067964,386.5539260751975,1.1254888228725184,1,0,0,0,0,40,0.019999519758383905,1.0,0.0,0.051299347834827584,100.0,46.16254073602086,0.0,0.0,24.325666783590812,250.88319046060693
2082,scarce,133.66234798389206,84.8986780659473,8.458856486338863,0.7045067297672466,1.7796641249389313,387.17389117509447,1.1254856197384955,1,0,0,0,0,40,0.019999660425052957,1.0,0.0,0.05129943443819256,100.0,46.16261866744752,0.0,0.0,24.325666783590812,251.08999863103992
2083,scarce,133.66241869261063,84.88454577363919,8.460417135573072,0.7066344980085805,1.7839999479850182,387.7965252834256,1.1254707724796507,1,0,0,0,0,40,0.019999685141992955,1.0,0.0,0.05129952104141038,100.0,46.16269659874177,0.0,0.0,24.325666783590812,251.1912006850692
2084,scarce,133.66257086049433,84.87042639843456,8.461953613085297,0.7060279833175231,1.7885561142072455,388.40965775773657,1.1254306241209393,1,0,0,0,0,40,0.019999553314946072,1.0,0.0,0.0512996076444811,100.0,46.162774529903636,0.0,0.0,24.325666783590812,251.3590093177133
2085,scarce,133.66277815698385,84.8562345162179,8.463467854296205,0.7096827765547471,1.792865857895518,389.00754678556405,1.1253906644992084,1,0,0,0,0,40,0.019999495612731,1.0,0.0,0.051299694247404666,100.0,46.16285246093309,0.0,0.0,24.325666783590812,251.31245603902806
2086,scarce,133.66305716874174,84.84200633336931,8.464970331151246,0.7115595056553431,1.7971809807434418,389.5968610249256,1.1253381567411531,1,0,0,0,0,40,0.019999497441991764,1.0,0.0,0.051299780850181095,100.0,46.16293039183013,0.0,0.0,24.325666783590812,251.55674414016116
2087,scarce,133.663304827967,84.82776000394502,8.466455034622971,0.7124363852515977,1.8016185700929603,390.17763329781883,1.1253295685827178,1,0,0,0,0,40,0.019999653326795375,1.0,0.0,0.05129986745281039,100.0,46.163008322594784,0.0,0.0,24.325666783590812,251.41582486231323
2088,scarce,133.6635020013205,84.81343927417606,8.467947465470017,0.716116846701935,1.8060816914642885,390.74494578102895,1.1253350573397525,1,0,0,0,0,40,0.019999567663630792,1.0,0.0,0.05129995405529256,100.0,46.16308625322703,0.0,0.0,24.325666783590812,251.30684372906018
2089,scarce,133.6637695236123,84.79912735621683,8.46945669309461,0.7157284222382211,1.8106922892968886,391.3103339813388,1.1253384742660735,1,0,0,0,0,40,0.01999976650430299,1.0,0.0,0.051300040657627596,100.0,46.16316418372689,0.0,0.0,24.325666783590812,251.43238596696756
2090,scarce,133.66398935214352,84.78481318989476,8.47098179309923,0.7158078178253384,1.815342415687412,391.8712294806028,1.1253165607400306,1,0,0,0,0,40,0.019999588277330976,1.0,0.0,0.05130012725981549,100.0,46.16324211409433,0.0,0.0,24.325666783590812,251.31682291924062
2091,scarce,133.66426826877634,84.7704739367552,8.472574766749286,0.7171160854173346,1.82019992746154,392.4396429450717,1.1252683479919672,1,0,0,0,0,40,0.019999545665533414,1.0,0.0,0.051300213861856264,100.0,46.163320044329396,0.0,0.0,24.325666783590812,251.43251236905508
2092,scarce,133.6644949941793,84.7561062187331,8.474159513020759,0.7184929425337978,1.825262865134902,393.0019127251144,1.125236476674031,1,0,0,0,0,40,0.019999547207301585,1.0,0.0,0.0513003004637499,100.0,46.163397974432044,0.0,0.0,24.325666783590812,251.3144766872888
2093,scarce,133.66471091649055,84.74169767831484,8.475721104133255,0.720521855125491,1.8304678920779185,393.55754557219916,1.1251841202044206,1,0,0,0,0,40,0.019999585306714345,1.0,0.0,0.051300387065496396,100.0,46.16347590440229,0.0,0.0,24.325666783590812,251.2794342037092
2094,scarce,133.66492481950303,84.72729124742908,8.477307634365596,0.7204180892496125,1.835224138869276,394.1085052404451,1.1251552824459485,1,0,0,0,0,40,0.019999404755826625,1.0,0.0,0.05130047366709577,100.0,46.16355383424015,0.0,0.0,24.325666783590812,251.35215468824396
2095,scarce,133.66514258970273,84.71282136047216,8.478915728500533,0.7235895363140035,1.8395966322001236,394.66259452876693,1.1251115000586078,1,0,0,0,0,40,0.019999659057822944,1.0,0.0,0.05130056026854801,100.0,46.16363176394561,0.0,0.0,24.325666783590812,251.3319964589785
2096,scarce,133.6654036587769,84.69833285789203,8.480545273400683,0.7245593106577796,1.8435217659265,395.221796765225,1.1250534851111689,1,0,0,0,0,40,0.01999952371045847,1.0,0.0,0.05130064686985312,100.0,46.163709693518655,0.0,0.0,24.325666783590812,251.52831266468337
2097,scarce,133.6656089298631,84.68387478248135,8.482256781021416,0.7229910392051654,1.847576471546848,395.7870075589599,1.125000028312653,1,0,0,0,0,40,0.019999664944301145,1.0,0.0,0.05130073347101109,100.0,46.16378762295931,0.0,0.0,24.325666783590812,251.33952386517686
2098,scarce,133.66583774252396,84.66938364837132,8.48393042536337,0.7246609311115633,1.8518174351170913,396.3520380429909,1.1249259805400291,1,0,0,0,0,40,0.01999965837096897,1.0,0.0,0.051300820072021934,100.0,46.163865552267566,0.0,0.0,24.325666783590812,251.5478711568297
2099,scarce,133.66607952435947,84.65482518841836,8.485569752748185,0.7280400690204929,1.8560856977542286,396.90497306754696,1.124864914874588,1,0,0,0,0,40,0.019999560374927387,1.0,0.0,0.05130090667288566,100.0,46.16394348144344,0.0,0.0,24.325666783590812,251.59910423566853
2100,scarce,133.66622534685524,84.64021850513475,8.487204416892096,0.730387368602769,1.8602552165960133,397.46867421097704,1.1247692876328994,1,0,0,0,0,40,0.019999549583458825,1.0,0.0,0.05130099327360224,100.0,46.1640214104869,0.0,0.0,24.325666783590812,251.38386733343978
2101,scarce,133.66638066748584,84.62557840905649,8.488881374889598,0.7320601580405093,1.8635821511010975,398.0374584245292,1.1246583327316602,1,0,0,0,0,40,0.019999646588910524,1.0,0.0,0.0513010798741717,100.0,46.16409933939797,0.0,0.0,24.325666783590812,251.31607342814678
2102,scarce,133.66658796005703,84.61089420605376,8.490531489442313,0.7342990521340504,1.8666196867680953,398.6038080406579,1.1245551386068455,1,0,0,0,0,40,0.019999626176311885,1.0,0.0,0.051301166474594026,100.0,46.164177268176644,0.0,0.0,24.325666783590812,251.49778456832456
2103,scarce,133.66661290373045,84.59625187756004,8.492176036629619,0.7321323094481081,1.869461550424294,399.168160893234,1.1244867148998372,1,0,0,0,0,40,0.019999638868470025,1.0,0.0,0.05130125307486922,100.0,46.164255196822914,0.0,0.0,24.325666783590812,251.0015563049209
2104,scarce,133.66658070057554,84.58156513412726,8.493884551989066,0.734352109481019,1.8719704716082468,399.74088061077055,1.1243886151015794,1,0,0,0,0,40,0.019999664421000644,1.0,0.0,0.0513013396749973,100.0,46.16433312533681,0.0,0.0,24.325666783590812,250.84797838599917
2105,scarce,133.66656124864085,84.56685596923896,8.49561057912543,0.7354682461157624,1.8745902543625088,400.31215642153984,1.1242606614662785,1,0,0,0,0,40,0.019999681223861483,1.0,0.0,0.05130142627497824,100.0,46.16441105371828,0.0,0.0,24.325666783590812,250.80120373185582
2106,scarce,133.66656871258652,84.5521265432819,8.49727102298868,0.7364882688696334,1.8773103068904198,400.8721188353811,1.1241453584069285,1,0,0,0,0,40,0.019999554870878268,1.0,0.0,0.05130151287481204,100.0,46.16448898196737,0.0,0.0,24.325666783590812,250.86993029822915
2107,scarce,133.66659996583442,84.53735316159803,8.498948523116946,0.738680423905287,1.8799939477505152,401.42810375119734,1.1239705375381548,1,0,0,0,0,40,0.01999962204204353,1.0,0.0,0.05130159947449873,100.0,46.16456691008406,0.0,0.0,24.325666783590812,250.98182275797961
2108,scarce,133.6666854480505,84.52256226241211,8.500635538211844,0.7395683218454842,1.8825477148954444,401.9781456881683,1.1237711758782654,1,0,0,0,0,40,0.019999706746649942,1.0,0.0,0.05130168607403829,100.0,46.164644838068355,0.0,0.0,24.325666783590812,251.16110309619162
2109,scarce,133.66682034915507,84.50775067328814,8.50239329419509,0.7406185642672497,1.8851601556237685,402.5301582414759,1.1235657886023969,1,0,0,0,0,40,0.019999704233380135,1.0,0.0,0.051301772673430716,100.0,46.16472276592026,0.0,0.0,24.325666783590812,251.09393852027497
2110,scarce,133.66698000913445,84.4929022687663,8.504154962511867,0.7424770102206693,1.8880015237348704,403.08471549693786,1.1233680363136551,1,0,0,0,0,40,0.019999674446602615,1.0,0.0,0.05130185927267601,100.0,46.16480069363976,0.0,0.0,24.325666783590812,251.16523502508124
2111,scarce,133.66715292372848,84.47799589009631,8.505930890258018,0.7453837252233673,1.8909322870361378,403.62880082153424,1.1232009566322332,1,0,0,0,0,40,0.019999548826223894,1.0,0.0,0.051301945871774196,100.0,46.16487862122688,0.0,0.0,24.325666783590812,251.14946148116178
2112,scarce,133.6673381026947,84.46307074807405,8.507765632424434,0.7463280756909407,1.8940608874405622,404.17872966676805,1.1230334705146523,1,0,0,0,0,40,0.019999570599364944,1.0,0.0,0.05130203247072525,100.0,46.1649565486816,0.0,0.0,24.325666783590812,251.00440244535721
2113,scarce,133.66759567705316,84.44808825678176,8.509640260899264,0.7492462071637256,1.8970169951827454,404.7254592557656,1.1228110025110114,1,0,0,0,0,40,0.01999968888522103,1.0,0.0,0.05130211906952917,100.0,46.165034476003925,0.0,0.0,24.325666783590812,251.17056484331025
2114,scarce,133.66778699107738,84.43308737139043,8.511436959595883,0.7501190377078435,1.8999087761426978,405.26304798218916,1.1225870816181391,1,0,0,0,0,40,0.01999959741806176,1.0,0.0,0.05130220566818596,100.0,46.16511240319385,0.0,0.0,24.325666783590812,251.06740873168746
2115,scarce,133.66796101965667,84.41802107183548,8.513189047445508,0.7533806370696747,1.90266368310195,405.8027099663086,1.122332212545863,1,0,0,0,0,40,0.019999592184486964,1.0,0.0,0.051302292266695644,100.0,46.165190330251406,0.0,0.0,24.325666783590812,250.9654810062857
2116,scarce,133.66814711118246,84.40290539998735,8.514989534937248,0.7558605167074157,1.9053109830248374,406.3406317611516,1.122036495569504,1,0,0,0,0,40,0.019999511830056,1.0,0.0,0.05130237886505818,100.0,46.16526825717654,0.0,0.0,24.325666783590812,251.02458826142166
2117,scarce,133.66836267233484,84.38776238598547,8.5167798927967,0.757244281394102,1.9073413299866253,406.87782893693657,1.1217359091850823,1,0,0,0,0,40,0.01999958347642849,1.0,0.0,0.051302465463273605,100.0,46.16534618396929,0.0,0.0,24.325666783590812,251.1417608636244
2118,scarce,133.66846199138382,84.37263563395229,8.51853235503295,0.7563702151039741,1.9093840503691406,407.41379022438196,1.1214395667602444,1,0,0,0,0,40,0.01999953477544387,1.0,0.0,0.0513025520613419,100.0,46.16542411062965,0.0,0.0,24.325666783590812,250.88406338280848
2119,scarce,133.66852605312937,84.35749729077048,8.520255492224148,0.7569439554663316,1.9115045938466033,407.9395685322452,1.1211833313015054,1,0,0,0,0,40,0.01999953314572387,1.0,0.0,0.05130263865926307,100.0,46.165502037157616,0.0,0.0,24.325666783590812,250.7342154894453
2120,scarce,133.66856498405804,84.34235146222161,8.521942735042327,0.7573131548604495,1.9137741746551598,408.46113772705576,1.1208941885744454,1,0,0,0,0,40,0.01999942407473664,1.0,0.0,0.05130272525703712,100.0,46.16557996355319,0.0,0.0,24.325666783590812,250.76515538392232
2121,scarce,133.668553485855,84.32719236806975,8.5235601755806,0.7579719615345124,1.9161692089435043,408.9818546802271,1.1205849133380887,1,0,0,0,0,40,0.01999952905769064,1.0,0.0,0.05130281185466405,100.0,46.16565788981639,0.0,0.0,24.325666783590812,250.80393868251312
2122,scarce,133.66857947257694,84.31200468961522,8.525130016608466,0.7593972656112628,1.9186253663232862,409.49690857323003,1.1202527816252175,1,0,0,0,0,40,0.01999964056767149,1.0,0.0,0.05130289845214386,100.0,46.16573581594718,0.0,0.0,24.325666783590812,250.93806144172268
2123,scarce,133.6685278786247,84.29685382468669,8.52677274829431,0.757568389935642,1.9211117057529659,410.00776310483343,1.1199589390210747,1,0,0,0,0,40,0.019999503858576184,1.0,0.0,0.05130298504947653,100.0,46.16581374194558,0.0,0.0,24.325666783590812,250.69979298756274
2124,scarce,133.6684798143652,84.2816904609073,8.528473611980425,0.7581889119947698,1.9236824666857906,410.5237807183221,1.1196677585164854,1,0,0,0,0,40,0.019999564781366275,1.0,0.0,0.05130307164666208,100.0,46.16589166781158,0.0,0.0,24.325666783590812,250.53204768904942
2125,scarce,133.66839165943293,84.26645668523065,8.530137476918128,0.7617126449374412,1.9263117925025852,411.0346034388931,1.1193420211043164,1,0,0,0,0,40,0.01999960756732295,1.0,0.0,0.05130315824370052,100.0,46.165969593545206,0.0,0.0,24.325666783590812,250.46417092563124
2126,scarce,133.66822722212686,84.25115019681718,8.531789676931647,0.7653823795044346,1.929029843969849,411.5437553433512,1.1190282810990677,1,0,0,0,0,40,0.01999957200047836,1.0,0.0,0.05130324484059183,100.0,46.16604751914644,0.0,0.0,24.325666783590812,250.06002910708202
2127,scarce,133.66803813328744,84.23581684970146,8.533449604951489,0.7667361561538734,1.9318578935033621,412.05083740856935,1.1187071176574626,1,0,0,0,0,40,0.01999970665481985,1.0,0.0,0.051303331437336015,100.0,46.16612544461528,0.0,0.0,24.325666783590812,250.13804954538926
2128,scarce,133.66783583262347,84.2204320478617,8.535162563786153,0.7693200115020556,1.934805555563378,412.56089981718105,1.1183866850550157,1,0,0,0,0,40,0.01999968313173808,1.0,0.0,0.05130341803393308,100.0,46.16620336995173,0.0,0.0,24.325666783590812,250.06939648967818
2129,scarce,133.6675423221947,84.20503020666266,8.536912791530407,0.7702444430961901,1.9379138708855546,413.07593041363725,1.118086426709103,1,0,0,0,0,40,0.01999969208354984,1.0,0.0,0.05130350463038303,100.0,46.16628129515579,0.0,0.0,24.325666783590812,249.6821489085588
2130,scarce,133.66727093131684,84.18965078481422,8.538621198524382,0.769105726049756,1.9408443149971415,413.5849173710667,1.1177992846972489,1,0,0,0,0,40,0.019999644040258845,1.0,0.0,0.05130359122668585,100.0,46.16635922022746,0.0,0.0,24.325666783590812,249.72858166821734
2131,scarce,133.6670078750132,84.17426451544085,8.540305098054848,0.7694412096127272,1.943712089441613,414.08693981842225,1.117504947803001,1,0,0,0,0,40,0.0199996488646935,1.0,0.0,0.05130367782284156,100.0,46.166437145166746,0.0,0.0,24.325666783590812,249.81292150426407
2132,scarce,133.66671457963093,84.1588890962307,8.541904035297943,0.7689285916059447,1.9465092331052234,414.58438618478976,1.117226377679123,1,0,0,0,0,40,0.01999959157146563,1.0,0.0,0.051303764418850144,100.0,46.16651506997364,0.0,0.0,24.325666783590812,249.6807074631035
2133,scarce,133.66647267358195,84.14348416067847,8.543455498494179,0.7703554098382962,1.9490740987432091,415.07863650046056,1.1169344824472542,1,0,0,0,0,40,0.019999628189224527,1.0,0.0,0.05130385101471161,100.0,46.16659299464815,0.0,0.0,24.325666783590812,250.0251322839059
2134,scarce,133.6662560334824,84.12808015340443,8.545035404003485,0.7702839306363616,1.9512686187253336,415.57795286500186,1.1166692140376142,1,0,0,0,0,40,0.019999731330250455,1.0,0.0,0.051303937610425954,100.0,46.16667091919027,0.0,0.0,24.325666783590812,250.07356232165202
2135,scarce,133.66606515070276,84.1126627580093,8.546587108698189,0.7709393832435977,1.953551369766695,416.0761514904443,1.1163777582796977,1,0,0,0,0,40,0.019999718875169804,1.0,0.0,0.05130402420599318,100.0,46.1667488436,0.0,0.0,24.325666783590812,250.0899619132054
2136,scarce,133.66596966284095,84.09716495622439,8.54816539733479,0.7749274052469491,1.9557218977187052,416.56898748401727,1.1160691998490735,1,0,0,0,0,40,0.01999944471475143,1.0,0.0,0.051304110801413276,100.0,46.16682676787733,0.0,0.0,24.325666783590812,250.40126388445296
2137,scarce,133.66585856922077,84.08160907825393,8.54979663910053,0.777834960810795,1.9577533644783827,417.06667405385815,1.1157376702323707,1,0,0,0,0,40,0.019999422159125136,1.0,0.0,0.05130419739668626,100.0,46.166904692022285,0.0,0.0,24.325666783590812,250.22112853404505
2138,scarce,133.66576222960424,84.06601553514294,8.551416073041484,0.7797099235788157,1.9598592836289632,417.5543434043211,1.1153871363793064,1,0,0,0,0,40,0.019999584082689138,1.0,0.0,0.05130428399181213,100.0,46.16698261603486,0.0,0.0,24.325666783590812,250.26597765494088
2139,scarce,133.66569714536095,84.05035253882036,8.553058323422452,0.7831724366840053,1.9620545604403983,418.03576648564194,1.1150271162989975,1,0,0,0,0,40,0.01999960869988322,1.0,0.0,0.05130437058679088,100.0,46.16706053991504,0.0,0.0,24.325666783590812,250.23250599948307
2140,scarce,133.66564869500192,84.03466812775329,8.554755168402286,0.7842430622486206,1.9642007302797766,418.5192728180118,1.1146589902013548,1,0,0,0,0,40,0.019999530614992763,1.0,0.0,0.051304457181622506,100.0,46.16713846366282,0.0,0.0,24.325666783590812,250.1958895609771
2141,scarce,133.6655362561545,84.01892282867261,8.556483813526778,0.7873007636834853,1.9656680220353788,418.9987037404644,1.114260952447229,1,0,0,0,0,40,0.019999564365464306,1.0,0.0,0.05130454377630703,100.0,46.167216387278245,0.0,0.0,24.325666783590812,249.9490701905857
2142,scarce,133.66539306704163,84.00311324242293,8.558219252208161,0.7905347134408507,1.9673440069736283,419.47553095843614,1.1138408299245048,1,0,0,0,0,40,0.01999943960515731,1.0,0.0,0.051304630370844415,100.0,46.16729431076125,0.0,0.0,24.325666783590812,249.88215368308096
2143,scarce,133.66529452435606,83.98725100707769,8.55993048590698,0.7931484695272045,1.9689101335480743,419.94239824575925,1.1134070068824353,1,0,0,0,0,40,0.019999325812597363,1.0,0.0,0.051304716965234705,100.0,46.1673722341119,0.0,0.0,24.325666783590812,249.7898783453073
2144,scarce,133.66520188139447,83.97135679929812,8.561647546514283,0.7947398344288419,1.9705589668760743,420.4065731727169,1.1129852955699933,1,0,0,0,0,40,0.01999960765018933,1.0,0.0,0.05130480355947786,100.0,46.16745015733015,0.0,0.0,24.325666783590812,249.7282990892313
2145,scarce,133.66506157148655,83.95548141199096,8.563457206078006,0.7938155406318176,1.9723139862735337,420.8788550903264,1.112563682383768,1,0,0,0,0,40,0.019999644885164997,1.0,0.0,0.051304890153573895,100.0,46.167528080416005,0.0,0.0,24.325666783590812,249.53028634226212
2146,scarce,133.66496343662226,83.93959731705564,8.565267161908967,0.7942392796353114,1.9739372809689175,421.35473179681867,1.1121489893640597,1,0,0,0,0,40,0.019999563658628212,1.0,0.0,0.05130497674752283,100.0,46.167606003369485,0.0,0.0,24.325666783590812,249.65278523833817
2147,scarce,133.6649325880527,83.9236812738225,8.567056537759706,0.7958201735650097,1.975621191154461,421.83680672464834,1.1117564774103248,1,0,0,0,0,40,0.01999962514146192,1.0,0.0,0.05130506334132464,100.0,46.167683926190584,0.0,0.0,24.325666783590812,249.81398165180545
2148,scarce,133.66490041465332,83.90774628723817,8.568836638961884,0.7967713594615808,1.9773691100776785,422.30681775657285,1.1113774558496066,1,0,0,0,0,40,0.019999483335361452,1.0,0.0,0.05130514993497934,100.0,46.167761848879294,0.0,0.0,24.325666783590812,249.83687140496514
2149,scarce,133.66483459057548,83.89180707025143,8.570661618728494,0.7969803193062357,1.9792328732832416,422.7788169657215,1.1109937219518524,1,0,0,0,0,40,0.019999634686246343,1.0,0.0,0.05130523652848692,100.0,46.167839771435624,0.0,0.0,24.325666783590812,249.55142509712522
2150,scarce,133.66479450960784,83.87583798950331,8.572479569911286,0.798470657473912,1.9811387649022207,423.25101019322756,1.110620108887454,1,0,0,0,0,40,0.019999607407672204,1.0,0.0,0.05130532312184739,100.0,46.16791769385957,0.0,0.0,24.325666783590812,249.77387583681508
2151,scarce,133.66464747919258,83.8598777718915,8.574264661013444,0.7980618098862327,1.9830876139781453,423.72603670182434,1.1102644081946789,1,0,0,0,0,40,0.019999597709195256,1.0,0.0,0.05130540971506074,100.0,46.16799561615113,0.0,0.0,24.325666783590812,249.3506311268374
2152,scarce,133.66455050461377,83.84389890490485,8.576050170994183,0.7989732278482017,1.9849849183438153,424.1970830187711,1.1099115547747338,1,0,0,0,0,40,0.019999621968340296,1.0,0.0,0.051305496308126974,100.0,46.1680735383103,0.0,0.0,24.325666783590812,249.5035964314621
2153,scarce,133.66438768649343,83.82788540951545,8.577858518443609,0.8007310292856648,1.9867316013730751,424.6702815970493,1.109558879001368,1,0,0,0,0,40,0.01999965295822316,1.0,0.0,0.0513055829010461,100.0,46.1681514603371,0.0,0.0,24.325666783590812,249.2547828661497
2154,scarce,133.66415526510747,83.81185120531653,8.579708740968252,0.8018085444562952,1.9886055470281554,425.14851039690257,1.1091974866246421,1,0,0,0,0,40,0.019999646042787984,1.0,0.0,0.05130566949381812,100.0,46.168229382231516,0.0,0.0,24.325666783590812,248.91218960911957
2155,scarce,133.66396632458222,83.79578282442125,8.581550779622514,0.8034934318582222,1.9903196373084,425.6181909050356,1.1088400416028579,1,0,0,0,0,40,0.019999582739500088,1.0,0.0,0.051305756086443007,100.0,46.16830730399354,0.0,0.0,24.325666783590812,249.02513537488548
2156,scarce,133.66369523093,83.77969601403969,8.583384081898146,0.8044720357051444,1.9914124944800975,426.09002933016745,1.108500750265809,1,0,0,0,0,40,0.019999555753107523,1.0,0.0,0.051305842678920785,100.0,46.16838522562318,0.0,0.0,24.325666783590812,248.69083592762559
2157,scarce,133.6633887048043,83.76360590464627,8.58525088093611,0.8046672460885079,1.9925630295840904,426.56445921980776,1.1081848850241764,1,0,0,0,0,40,0.01999962433034897,1.0,0.0,0.05130592927125146,100.0,46.16846314712045,0.0,0.0,24.325666783590812,248.67472806611198
2158,scarce,133.66311415136943,83.74750596872137,8.587107535881668,0.8051291010811383,1.9937493808690352,427.0417064689391,1.1078298435976548,1,0,0,0,0,40,0.019999638905440997,1.0,0.0,0.051306015863435014,100.0,46.16854106848533,0.0,0.0,24.325666783590812,248.69898811781914
2159,scarce,133.6628982193891,83.73140343457553,8.588961378313888,0.8052139944000856,1.9950254920064943,427.5186830334933,1.1074901667549,1,0,0,0,0,40,0.019999640382644256,1.0,0.0,0.05130610245547146,100.0,46.16861898971783,0.0,0.0,24.325666783590812,248.81868241253724
2160,scarce,133.66266807944186,83.71525704998987,8.59079053597505,0.8074121456276271,1.9963886813498815,427.99439251385775,1.107154535717684,1,0,0,0,0,40,0.019999730060081537,1.0,0.0,0.05130618904736079,100.0,46.16869691081795,0.0,0.0,24.325666783590812,257.6910664638629
2161,scarce,133.6624803716706,83.69909200784818,8.59261980404218,0.8083149167925905,1.9977643516580315,428.46923741195496,1.1068095002129683,1,0,0,0,0,40,0.019999775958512593,1.0,0.0,0.05130627563910301,100.0,46.16877483178569,0.0,0.0,24.325666783590812,257.8204872205565
2162,scarce,133.66235926821153,83.68293744772868,8.594471826718747,0.8077608027208814,1.9991775283331048,428.9468631464406,1.10646872314545,1,0,0,0,0,40,0.01999974493494902,1.0,0.0,0.05130636223069812,100.0,46.16885275262105,0.0,0.0,24.325666783590812,258.05126801029826
2163,scarce,133.66223616422104,83.66679604939316,8.59622924387899,0.8071032230240696,2.000550155027782,429.41707051253616,1.1061043901935015,1,0,0,0,0,40,0.019999756488640216,1.0,0.0,0.05130644882214612,100.0,46.16893067332403,0.0,0.0,24.325666783590812,258.0519755666017
2164,scarce,133.66225067236775,83.65061227982808,8.597958967611683,0.8092084318062855,2.001493304308948,429.87921731460665,1.1057493540514076,1,0,0,0,0,40,0.019999497847035308,1.0,0.0,0.051306535413447,100.0,46.16900859389462,0.0,0.0,24.325666783590812,258.3308110521255
2165,scarce,133.66232421676628,83.63439157763317,8.599658886156456,0.8110571405962743,2.002402778863126,430.3394866778399,1.1054033761500213,1,0,0,0,0,40,0.019999680747580864,1.0,0.0,0.051306622004600774,100.0,46.16908651433283,0.0,0.0,24.325666783590812,258.52525326101056
2166,scarce,133.66230871712747,83.61816812106028,8.601378954472086,0.8111910486597467,2.003251327782711,430.8036574971411,1.105091216139993,1,0,0,0,0,40,0.019999578556701543,1.0,0.0,0.051306708595607445,100.0,46.169164434638674,0.0,0.0,24.325666783590812,258.2602288494753
2167,scarce,133.6622564781496,83.60189677651455,8.6030795330348,0.8135886563792666,2.0040030455357503,431.27350750657934,1.1047741741129973,1,0,0,0,0,40,0.019999606657203045,1.0,0.0,0.051306795186467004,100.0,46.16924235481214,0.0,0.0,24.325666783590812,258.106065830607
2168,scarce,133.66218746937,83.58558485102385,8.604863214289617,0.815626899608548,2.0046614993013114,431.7508137722034,1.1044601923189465,1,0,0,0,0,40,0.019999493907487443,1.0,0.0,0.051306881777179444,100.0,46.169320274853206,0.0,0.0,24.325666783590812,258.03918127291394
2169,scarce,133.66208328590565,83.56924855380517,8.606587713913106,0.8168515839489631,2.0053824456737366,432.22269696191506,1.1041568956186278,1,0,0,0,0,40,0.019999553831799403,1.0,0.0,0.05130696836774479,100.0,46.16939819476192,0.0,0.0,24.325666783590812,257.965863168619
2170,scarce,133.6619830900648,83.55290585663997,8.608259240061079,0.8171647162298789,2.0062055605457507,432.71342668779835,1.103852122335645,1,0,0,0,0,40,0.01999966280811448,1.0,0.0,0.05130705495816302,100.0,46.16947611453824,0.0,0.0,24.325666783590812,257.9551020080654
2171,scarce,133.66195724428763,83.53651878676149,8.609969537068855,0.8193710532323225,2.0069131081950595,433.2538073437172,1.1035474847566475,1,0,0,0,0,40,0.019999582473935268,1.0,0.0,0.05130714154843412,100.0,46.16955403418217,0.0,0.0,24.325666783590812,258.06979919750756
2172,scarce,133.6619667186132,83.52011814205414,8.611639806764694,0.8200450484248227,2.007595477730614,433.7938650053111,1.1032250079804906,1,0,0,0,0,40,0.01999969442520767,1.0,0.0,0.05130722813855814,100.0,46.169631953693745,0.0,0.0,24.325666783590812,258.16220301896294
2173,scarce,133.66197032198676,83.5036908747211,8.613273520989575,0.8213752682666478,2.0083159877426757,434.33523349943425,1.1028935433626654,1,0,0,0,0,40,0.019999723312036928,1.0,0.0,0.05130731472853504,100.0,46.16970987307293,0.0,0.0,24.325666783590812,258.0902134841275
2174,scarce,133.66200107483127,83.48725421807131,8.614940223165457,0.8218539730819169,2.009135247017534,434.8787419456203,1.1025631812218386,1,0,0,0,0,40,0.019999560941152825,1.0,0.0,0.05130740131836484,100.0,46.16978779231975,0.0,0.0,24.325666783590812,258.0983248247677
2175,scarce,133.65947791762872,83.41443270145007,8.591462292174219,0.718935769085499,2.0024290147017063,435.84871045077307,1.104316227099297,1,0,0,40,0,0,0.10118065930456441,0.9995587012747649,0.0,0.05130748790804752,100.0,46.16986571143418,0.0,0.0,24.325666783590812,256.74695024368754
2176,scarce,133.6523586820078,83.30616678904097,8.52352835852071,0.62273822207284,1.9966069644673616,435.96206115621317,1.1124215949385599,1,0,0,40,0,0,0.17141433688682445,0.9990401455041894,0.0,0.051307574497583094,100.0,46.169943630416235,0.0,0.0,24.325666783590812,264.04848691563876
2177,scarce,133.6415513311491,83.17199272275383,8.407703220849593,0.555730696557899,1.977285781298746,434.55335344278865,1.1269924422138846,1,0,0,40,0,0,0.23503930432944262,0.9984516022694271,0.0,0.05130766108697157,100.0,46.17002154926592,0.0,0.0,24.325666783590812,245.3171130879428
2178,scarce,133.62696459160054,83.0172435689979,8.245276874549898,0.510404038531631,1.946361132137699,432.08127783705277,1.1467430727919725,1,0,0,40,0,0,0.29281064030529824,0.9977995105650912,0.0,0.05130774767621294,100.0,46.17009946798323,0.0,0.0,24.325666783590812,244.62585264977224
2179,scarce,133.60837793717502,82.84635052634624,8.039659347297654,0.4762066988932959,1.9089914337116518,427.4269616090605,1.1703017222928245,1,0,0,40,0,0,0.3454101408592388,0.9970895594101462,0.0,0.051307834265307196,100.0,46.17017738656815,0.0,0.0,24.325666783590812,243.7938856065894
2180,scarce,133.587055824417,82.66333980384309,7.793810371853941,0.4473846819539404,1.8730191331994703,420.1205749554356,1.1967009765566254,1,0,0,40,0,0,0.3930428724709524,0.9963272122504281,0.0,0.051307920854254355,100.0,46.17025530502071,0.0,0.0,24.325666783590812,243.28705537142568
2181,scarce,133.56077022738424,82.4708578252474,7.512508934050731,0.42455577964620045,1.8394886030154964,410.5050519700817,1.2233867289727622,1,0,0,40,0,0,0.43536782392717416,0.9955183076441081,0.0,0.051308007443054394,100.0,46.170333223340876,0.0,0.0,24.325666783590812,233.56458407235496
2182,scarce,133.5287642561009,82.27183630160808,7.201027043974269,0.4039472183860417,1.825951254675313,399.3646640927436,1.2508672367148288,1,0,0,40,0,0,0.47376019868897307,0.9946671714255503,0.0,0.05130809403170734,100.0,46.170411141528675,0.0,0.0,24.325666783590812,232.90919501845502
2183,scarce,133.48996361021892,82.06751921803198,6.864566167004014,0.38850217598645903,1.8559473908959518,386.51311668005656,1.2778277460453156,1,0,0,40,0,0,0.5082605112665181,0.9937780848631572,0.0,0.05130818062021317,100.0,46.1704890595841,0.0,0.0,24.325666783590812,232.23365805173057
2184,scarce,133.4445454320199,81.85717712688225,6.508860134293469,0.3793562949847509,1.9257910959677473,374.5880795030607,1.2928492536297735,1,0,0,40,0,0,0.5393187445446325,0.992854834244158,0.0,0.05130826720857191,100.0,46.17056697750716,0.0,0.0,24.325666783590812,231.69640492933792
2185,scarce,133.39555831194485,81.64158750412001,6.138542852587627,0.37145823566914743,1.974119624613501,361.0339441748474,1.307216640653947,1,0,0,40,0,0,0.5669134099560008,0.9919012294932064,0.0,0.051308353796783536,100.0,46.17064489529784,0.0,0.0,24.325666783590812,231.58929661037706
2186,scarce,133.3431483004,81.42340493193316,5.760802408944424,0.3612175040174834,1.9247714797767763,345.42138658838667,1.3222309238608618,1,0,0,40,0,0,0.5916109983519509,0.9909204573950191,0.0,0.05130844038484805,100.0,46.170722812956136,0.0,0.0,24.325666783590812,231.53619508368746
2187,scarce,133.28509472095712,81.20441521086336,5.3871942092502625,0.3518977016777787,1.8320968832378763,328.79035746798036,1.3368672082564026,1,0,0,40,0,0,0.6138932985409264,0.9899151747666242,0.0,0.05130852697276547,100.0,46.17080073048207,0.0,0.0,24.325666783590812,231.0331937639565
2188,scarce,133.2176302805503,80.98561051088124,5.028649027686056,0.34589759712785684,1.736979841686153,314.98945422964607,1.3517413111577992,1,0,0,40,0,0,0.6330932421810959,0.9888887722002251,0.0,0.05130861356053579,100.0,46.170878647875625,0.0,0.0,24.325666783590812,230.1587314420869
2189,scarce,133.14180190314684,80.7650214662167,4.695374412021183,0.34469128026417717,1.727546515600325,307.0083823902605,1.3676738396763028,1,0,0,40,0,0,0.6496622841268795,0.9878441436876855,0.0,0.051308700148159,100.0,46.170956565136805,0.0,0.0,24.325666783590812,229.6293929718442
2190,scarce,133.0594025151058,80.545665705174,4.402002627946337,0.3384585479407105,1.713946425449954,301.7562305270476,1.3824452213812908,1,0,0,40,0,0,0.6648073220205184,0.9867828556334628,0.0,0.05130878673563511,100.0,46.17103448226562,0.0,0.0,24.325666783590812,229.0714247777708
2191,scarce,132.9730423305836,80.32907988834519,4.17454233557944,0.33069067141253206,1.7990058332504435,294.0004764089026,1.3972598690969853,1,0,0,40,0,0,0.6778155340244706,0.985707258546036,0.0,0.051308873322964105,100.0,46.17111239926204,0.0,0.0,24.325666783590812,228.93433453813878
2192,scarce,132.8786613821248,80.11855508115408,4.0642665799032835,0.3215718273637595,1.7954042018810124,288.7499722530556,1.4119928030772937,2,0,0,40,0,0,0.6870366938799591,0.9846215181827681,0.0,0.051308959910146015,100.0,46.171190316126115,0.0,0.0,24.325666783590812,219.78601358545293
2193,scarce,132.77979141848454,79.91338915436211,4.05909945371084,0.31058089689737095,1.6696571763851533,283.1678657465418,1.427014127632965,2,0,0,40,0,0,0.695202047982567,0.9835267959299872,0.0,0.051309046497180814,100.0,46.171268232857805,0.0,0.0,24.325666783590812,202.08248857214969
2194,scarce,132.6765118027104,79.71675706196947,4.166471108751498,0.2975018580619794,1.535414730065773,275.2832346440737,1.4183890214835582,2,0,0,40,0,0,0.7022007408678037,0.9824243751150327,0.0,0.05130913308406851,100.0,46.17134614945712,0.0,0.0,24.325666783590812,202.28779662121354
2195,scarce,132.5667510971077,79.5318349791689,4.362210258802454,0.2818161076961417,1.5561205859562162,270.59200257089833,1.3719079378959171,2,0,0,40,0,0,0.7066119489101413,0.9813171019712315,0.0,0.05130921967080911,100.0,46.17142406592408,0.0,0.0,24.325666783590812,202.4559588727624
2196,scarce,132.45760714267868,79.3630772154278,4.646131966625177,0.2564364009975834,1.5509139407840915,279.3096608122032,1.3254387928152311,2,0,0,40,0,0,0.7087148089574489,0.9802075156813782,0.0,0.0513093062574026,100.0,46.17150198225865,0.0,0.0,24.325666783590812,193.68511629800219
2197,scarce,132.34692725267996,79.21237654693621,4.9876484605372,0.23062768559897764,1.6979503701601206,286.9806873670568,1.2783571350374545,2,0,0,40,0,0,0.7109771087836266,0.9790954408617163,0.0,0.05130939284384899,100.0,46.17157989846085,0.0,0.0,24.325666783590812,184.69570527338976
2198,scarce,132.23831797032722,79.08085754831434,5.377220850220882,0.20537317198154584,1.8210063322056478,292.33004742350386,1.2332611118747965,1,0,0,40,0,0,0.7116729422029529,0.9779826006252931,0.0,0.0513094794301483,100.0,46.17165781453069,0.0,0.0,24.325666783590812,184.5237149649562
2199,scarce,132.13058248180602,78.9690828937855,5.799899611023692,0.1824578209676985,1.6898646061459968,295.3888354598894,1.189630307866739,1,0,0,40,0,0,0.7117017126950687,0.9768697287413286,0.0,0.05130956601630048,100.0,46.17173573046815,0.0,0.0,24.325666783590812,184.33960576541378
2200,scarce,132.02544145460632,78.88027363650072,6.241093753078005,0.15714801955815563,1.654693182780735,296.2102303802276,1.134945865397376,1,0,0,40,0,0,0.7109323419027462,0.9757577031652354,0.0,0.05130965260230558,100.0,46.17181364627324,0.0,0.0,24.325666783590812,184.20913877350807
2201,scarce,131.92424136139897,78.81451128931424,6.6923955454213155,0.13373449275106208,1.7288811835944977,295.99379456324823,1.071696237499767,1,0,0,40,0,0,0.7091238864791564,0.9746476668901083,0.0,0.051309739188163575,100.0,46.17189156194597,0.0,0.0,24.325666783590812,184.19437945909323
2202,scarce,131.828143859397,78.7727407890459,7.149520636062347,0.11670459751068608,1.8446846108412012,297.68883548436133,1.009202651500045,1,0,0,40,0,0,0.7067969506054199,0.9735401902444423,0.0,0.05130982577387446,100.0,46.171969477486314,0.0,0.0,24.325666783590812,183.97936676136771
2203,scarce,131.73769439072333,78.75430483175437,7.607081646053627,0.10744028502540731,1.926131362189522,301.67241776914307,0.9625452515789561,1,0,0,40,0,0,0.7031135883367607,0.9724367652972721,0.0,0.051309912359438256,100.0,46.1720473928943,0.0,0.0,24.325666783590812,183.95012613209502
2204,scarce,131.6525351180463,78.75894760119446,8.061180426004434,0.10949082998390294,1.8878651443171897,312.5422158818765,0.9501561680237017,1,0,0,40,0,0,0.6993015820139048,0.9713375335570568,0.0,0.051309998944854954,100.0,46.17212530816992,0.0,0.0,24.325666783590812,183.8791028646799
2205,scarce,131.57295762751815,78.78664259834026,8.50870168804542,0.12161589347096757,1.8350584796960425,328.0277135269207,1.0076873366161316,1,0,0,40,0,0,0.6959998855632558,0.9702419336829372,0.0,0.05131008553012455,100.0,46.172203223313154,0.0,0.0,24.325666783590812,183.8658655206322
2206,scarce,131.4997462389166,78.83882737473603,8.947078577222902,0.14276396193429566,1.6697516813983213,347.2404733294243,1.0711199278536476,1,0,0,40,0,0,0.6928695807066289,0.9691497771441597,0.0,0.05131017211524704,100.0,46.17228113832403,0.0,0.0,24.325666783590812,183.86683384041345
2207,scarce,131.43272253396384,78.91311366928173,9.372948920577764,0.167331655144776,1.7454905567295007,377.0817357501073,1.0896959840543574,1,0,0,40,0,0,0.6894351920680143,0.9680613984328849,0.0,0.05131025870022245,100.0,46.17235905320254,0.0,0.0,24.325666783590812,165.8092876984815
2208,scarce,131.37264061912003,79.01140317295555,9.787410158991262,0.1966517646543674,1.8634145028774474,413.80586119107465,1.0849063037798017,1,0,0,40,0,0,0.6862014472789646,0.966976576840878,0.0,0.051310345285050754,100.0,46.172436967948684,0.0,0.0,24.325666783590812,165.9586604912542
2209,scarce,131.31830760234274,79.13337718889322,10.19072659901337,0.2269824088586482,1.969160935459674,454.1791091116611,1.0818878913460592,1,0,0,40,0,0,0.6835374259032271,0.9658946856723846,0.0,0.05131043186973196,100.0,46.172514882562446,0.0,0.0,24.325666783590812,166.15382528645566
2210,scarce,131.27054279302078,79.27636316462532,10.577203431066856,0.2549343669218617,1.9499556196217047,496.828309235294,1.0795912431919599,1,0,0,40,0,0,0.6795832632796316,0.9648171440827771,0.0,0.051310518454266055,100.0,46.17259279704384,0.0,0.0,24.325666783590812,157.01986440841355
2211,scarce,131.23011749234522,79.4399223997302,10.94416482748294,0.28164557481329916,1.9527667952588879,538.8960550306801,1.0786575762725377,1,0,0,40,0,0,0.6766426770512142,0.9637428371380207,0.0,0.051310605038653076,100.0,46.17267071139289,0.0,0.0,24.325666783590812,147.77355572408402
2212,scarce,131.19766103209344,79.62165675509547,11.287424770131253,0.30669533864762794,2.1687889956864366,579.8678708657535,1.0788314485526924,1,0,0,40,0,0,0.6733018745409716,0.9626722050760256,0.0,0.051310691622892986,100.0,46.17274862560956,0.0,0.0,24.325666783590812,138.58485237554046
2213,scarce,131.17313468362755,79.81979647317934,11.605059974883545,0.32874926575799573,2.3713797143206596,619.0680523266492,1.0808888742248017,1,0,0,40,0,0,0.6706389882641339,0.961604502188935,0.0,0.05131077820698581,100.0,46.172826539693865,0.0,0.0,24.325666783590812,129.353591651841
2214,scarce,131.1562571377679,80.03249503522069,11.897551664628722,0.3484224645867661,2.5273341698366645,658.7663969840287,1.0826652571562925,1,0,0,40,0,0,0.669844765077551,0.9605376729473498,0.0,0.051310864790931526,100.0,46.17290445364579,0.0,0.0,24.325666783590812,120.00613966247374
2215,scarce,131.14643857419142,80.25772205115072,12.165755210108248,0.3644171396227267,2.512602995358429,699.5277997486846,1.0842006197713443,1,0,0,40,0,0,0.6702615462084046,0.9594703852465205,0.0,0.05131095137473016,100.0,46.17298236746536,0.0,0.0,24.325666783590812,119.7241552580941
2216,scarce,131.1435301752913,80.49343561731277,12.407971367934264,0.37726835042343604,2.5282903995106203,741.1936317575164,1.08633303127472,1,0,0,40,0,0,0.6702384208655084,0.9584031229835684,0.0,0.05131103795838168,100.0,46.17306028115256,0.0,0.0,24.325666783590812,128.36141139906846
2217,scarce,131.1473386067716,80.7378505340502,12.623665407994523,0.38738122358834415,2.6373301843993366,782.2559643535496,1.0887405070130618,1,0,0,40,0,0,0.6701421703456893,0.9573359665961881,0.0,0.05131112454188612,100.0,46.1731381947074,0.0,0.0,24.325666783590812,128.03798459764388
2218,scarce,131.1588030747186,80.98792724400946,12.813181389199219,0.3944728007681983,2.778474500845983,823.0605028977734,1.0905885978694652,1,0,0,40,0,0,0.6700906881533388,0.9562688668392194,0.0,0.05131121112524346,100.0,46.173216108129864,0.0,0.0,24.325666783590812,127.73731694814906
2219,scarce,131.17693396436064,81.24137335246029,12.979867923692476,0.39700608438243934,2.868113149649804,865.734157202678,1.0935496597604168,1,0,0,40,0,0,0.6720242087482996,0.9551996402095962,0.0,0.051311297708453704,100.0,46.17329402141997,0.0,0.0,24.325666783590812,118.59687865937823
2220,scarce,131.20114177631498,81.4969257882677,13.122955686631268,0.3976954812197491,2.9570718562309892,907.0919666628906,1.107345762796308,1,0,0,40,0,0,0.6734567203195978,0.9541288378172448,0.0,0.05131138429151686,100.0,46.17337193457771,0.0,0.0,24.325666783590812,118.43428397675711
2221,scarce,131.2313263994318,81.75135637919563,13.242377720876627,0.3931584156839039,3.1047850849735106,948.4376610990294,1.110861272353225,2,0,0,40,0,0,0.6741697041120746,0.9530572511427214,0.0,0.05131147087443291,100.0,46.17344984760308,0.0,0.0,24.325666783590812,118.25885329569314
2222,scarce,131.26700951730004,82.00303007215238,13.340627170488151,0.3856536383883045,3.2413959163518316,988.9612916135011,1.108443742831334,2,0,0,40,0,0,0.6760263180567142,0.9519836221928589,0.0,0.05131155745720188,100.0,46.1735277604961,0.0,0.0,24.325666783590812,136.09429786164688
2223,scarce,131.3082096613736,82.25033363334111,13.419887324203268,0.37551825886664325,3.2451122371634384,1028.9212623901476,1.1037811438875627,2,0,0,40,0,0,0.6784063027892251,0.950907375259791,0.0,0.05131164403982375,100.0,46.17360567325674,0.0,0.0,24.325666783590812,144.8364784140252
2224,scarce,131.35477218768048,82.49106598422345,13.481065203383437,0.36202881848179547,3.248795993491226,1066.681232896888,1.0981801672571516,2,0,0,40,0,0,0.6803676885310429,0.9498289708024068,0.0,0.05131173062229853,100.0,46.17368358588503,0.0,0.0,24.325666783590812,153.569133519196
2225,scarce,131.40638043258735,82.72377392145641,13.524248581652348,0.3462296828556322,3.267884480566367,1103.8169821369884,1.0917397654361785,2,0,0,40,0,0,0.6814044655070108,0.9487494258903493,0.0,0.05131181720462622,100.0,46.17376149838095,0.0,0.0,24.325666783590812,153.4433566026641
2226,scarce,131.4625142616267,82.94785357276882,13.551376965086991,0.3292045245539176,3.400273461987729,1138.7010874541302,1.0843905463558305,2,0,0,40,0,0,0.683377576933793,0.9476677105557219,0.0,0.05131190378680681,100.0,46.1738394107445,0.0,0.0,24.325666783590812,162.25668077511745
2227,scarce,131.52423175375895,83.16141643010224,13.56296839985166,0.31015816740810587,3.5498923261575506,1170.6271992371258,1.076335162282739,3,0,0,40,0,0,0.6850541897106537,0.9465841509470401,0.0,0.051311990368840314,100.0,46.1739173229757,0.0,0.0,24.325666783590812,161.99719336127458
2228,scarce,131.5914199821327,83.36299276255139,13.559514043019835,0.29038214904280424,3.551361622624698,1199.503024967642,1.0675571137624997,3,0,0,40,0,0,0.6866441578564123,0.945498842373398,0.0,0.05131207695072672,100.0,46.173995235074514,0.0,0.0,24.325666783590812,161.72151527286908
2229,scarce,131.66272756167842,83.55240083708789,13.541898531425971,0.27004633856560994,3.5354709943737697,1225.45996790941,1.0576399281510804,3,0,0,40,0,0,0.6887771776030422,0.9444111874780348,0.0,0.05131216353246604,100.0,46.174073147040986,0.0,0.0,24.325666783590812,179.44774669217213
2230,scarce,131.7382239261172,83.72961836928637,13.510597873767399,0.25016514413104224,3.587302716811595,1248.2599681298525,1.047322317609676,3,0,0,40,0,0,0.6910240396875442,0.9433210610343785,0.0,0.05131225011405827,100.0,46.1741510588751,0.0,0.0,24.325666783590812,179.31030609371
2231,scarce,131.80849879656347,83.90271583663103,13.455031301356911,0.24016246413540032,3.590932078399473,1259.5215782486994,1.0438700834538084,3,0,0,39,1,0,0.6822463568286029,0.9422405900418671,0.0,0.0513123366955034,100.0,46.17422897057683,0.0,0.0,24.325666783590812,161.53848743720516
2232,scarce,131.87800957199482,84.06713863833576,13.381736761758443,0.2365669713446891,3.6070514450045223,1263.3162983305592,1.0433756825538478,4,0,0,39,1,0,0.6818635572033269,0.9411605401289431,0.0,0.051312423276801446,100.0,46.17430688214621,0.0,0.0,24.325666783590812,153.42955629677672
2233,scarce,131.94712987071102,84.21976074460858,13.29549684698883,0.21957282373833822,3.558686277441075,1261.2567318935762,1.0436115056815267,4,0,0,39,1,0,0.6856276293404691,0.940076349736669,0.0,0.051312509857952396,100.0,46.17438479358323,0.0,0.0,24.325666783590812,163.08833666513763
2234,scarce,132.0166360474509,84.35927558503667,13.197499841704133,0.19862994344009974,3.499547507012899,1254.6994749688965,1.0436526098052221,4,0,0,39,1,0,0.6889128057963743,0.9389885456502929,0.0,0.05131259643895627,100.0,46.174462704887894,0.0,0.0,24.325666783590812,163.21688270071618
2235,scarce,132.08575359808333,84.48444405159476,13.090596244716476,0.1761650486147955,3.39195311634599,1244.3682779644369,1.0430241076526168,4,0,0,39,1,0,0.6926269998082845,0.9378966559505038,0.0,0.05131268301981304,100.0,46.174540616060185,0.0,0.0,24.325666783590812,172.2223789617738
2236,scarce,132.1555795461765,84.59463988259536,12.976408840019905,0.1543503945938281,3.2015751159359325,1234.039193760087,1.0411850064661818,4,0,0,39,1,0,0.6963002881679394,0.936800725633519,0.0,0.05131276960052273,100.0,46.17461852710012,0.0,0.0,24.325666783590812,172.2124775214876
2237,scarce,132.22509520277185,84.68877345824968,12.854649550103684,0.13318153946943534,3.165129331567601,1223.8122395884493,1.0383328227235054,4,0,0,39,1,0,0.6987170632070339,0.9357021368639911,0.0,0.05131285618108533,100.0,46.1746964380077,0.0,0.0,24.325666783590812,172.1303420905095
2238,scarce,132.29481572159702,84.76879021897251,12.727092492514037,0.11599853455986826,3.1527403607308004,1210.0114169640292,1.0344224413604728,4,0,0,39,1,0,0.7018609592327064,0.9346000898088352,0.0,0.051312942761500835,100.0,46.17477434878292,0.0,0.0,24.325666783590812,171.90500510656605
2239,scarce,132.364003082669,84.8337817232988,12.595286156418789,0.10018682097926128,3.144821990487794,1191.7661064904096,1.0286122951541594,4,0,0,39,1,0,0.7050727895451863,0.9334945097403355,0.0,0.05131302934176925,100.0,46.17485225942576,0.0,0.0,24.325666783590812,171.7104319135885
2240,scarce,132.4345566116013,84.88399682073899,12.459280615688163,0.08978917968746213,3.2205242055669165,1169.371820879911,1.019882778995521,4,0,0,39,1,0,0.707819928776715,0.9323859078186812,0.0,0.05131311592189058,100.0,46.17493016993626,0.0,0.0,24.325666783590812,171.50458546037038
2241,scarce,132.50426496338542,84.92068128766641,12.320283045822206,0.08136880579055895,3.190908436951766,1143.200035585105,1.01022630146709,4,0,0,39,1,0,0.7108495327999119,0.9312739733326012,0.0,0.05131320250186483,100.0,46.1750080803144,0.0,0.0,24.325666783590812,171.36076774774375
2242,scarce,132.57281916727672,84.94288316787225,12.177665052038282,0.07742069263370296,3.1772966527687863,1113.4724337238222,1.0010951845385228,3,0,0,39,1,0,0.7124999543159461,0.9301602233828536,0.0,0.05131328908169198,100.0,46.17508599056016,0.0,0.0,24.325666783590812,171.10369874248104
2243,scarce,132.63976691468315,84.9506223257957,12.033577979589936,0.07777607113711596,3.1080666375971795,1080.7100827436298,0.9905693990173169,3,0,0,39,1,0,0.7149562059785712,0.9290437715562773,0.0,0.05131337566137205,100.0,46.17516390067359,0.0,0.0,24.325666783590812,170.83515240177704
2244,scarce,132.70351978075786,84.94415372498794,11.887588772372766,0.08066309762981322,3.0868688265131823,1046.946870048887,0.9789285447337978,3,0,0,39,1,0,0.7163301289268856,0.9279258084144578,0.0,0.051313462240905036,100.0,46.175241810654654,0.0,0.0,24.325666783590812,170.6394119448275
2245,scarce,132.76463210587954,84.92213531174886,11.741576216879324,0.08845624455030877,3.0026223117129964,1017.5942124517314,0.9696427297545923,4,0,0,39,1,0,0.7183031770500559,0.9268056749197026,0.0,0.05131354882029092,100.0,46.175319720503346,0.0,0.0,24.325666783590812,179.4301375890131
2246,scarce,132.82121765816095,84.88690458262471,11.595997218886442,0.09599725511243755,2.9402253915229952,990.7600768678822,0.9636076404572447,3,0,0,39,1,0,0.7200155379792031,0.9256836578279255,0.0,0.05131363539952974,100.0,46.17539763021969,0.0,0.0,24.325666783590812,179.39513917319815
2247,scarce,132.87371146904914,84.83954287532114,11.450705924255594,0.10681183946882142,2.9627944096108236,967.544469420609,0.9442904761300184,3,0,0,40,0,0,0.7231832838333576,0.9245581562157088,0.0,0.051313721978621454,100.0,46.17547553980368,0.0,0.0,24.325666783590812,179.25375624608697
2248,scarce,132.9204711487619,84.78000695877581,11.306537864535159,0.11762220238196017,2.7707888259809517,941.298916242853,0.9243994242172779,3,0,0,40,0,0,0.7258502442429176,0.9234297209470416,0.0,0.05131380855756609,100.0,46.17555344925531,0.0,0.0,24.325666783590812,179.13687016601563
2249,scarce,132.96206789347715,84.70872700381916,11.16330960193444,0.12966342703963055,2.6361427791469416,915.7594572167218,0.9188418419945875,3,0,0,40,0,0,0.7274761142965087,0.9222994972213154,0.0,0.05131389513636364,100.0,46.17563135857458,0.0,0.0,24.325666783590812,178.95579873034686
2250,scarce,132.9977089735969,84.62595539881518,11.021587087568108,0.14139297133941323,2.650274245590681,893.6787981156231,0.9357193845967231,3,0,0,40,0,0,0.7288196605645363,0.9211677955946946,0.0,0.051313981715014105,100.0,46.17570926776148,0.0,0.0,24.325666783590812,178.73502943348018
2251,scarce,133.0283517589827,84.53304393934816,10.883294246094888,0.15233869604883635,2.6937525062669025,868.9766914497814,0.9507695602361188,3,0,0,40,0,0,0.7312149573193357,0.9200334591416433,0.0,0.05131406829351749,100.0,46.175787176816044,0.0,0.0,24.325666783590812,178.55932589343712
2252,scarce,133.0528857486253,84.430683354518,10.748798459550823,0.1626136630310153,2.517530537991943,843.0540000822584,0.964166456863103,3,0,0,40,0,0,0.733427468436713,0.9188966889263629,0.0,0.05131415487187378,100.0,46.175865085738245,0.0,0.0,24.325666783590812,187.3556625886691
2253,scarce,133.07167051971024,84.32147020950819,10.618912457831522,0.1708388660814315,2.4984170792573734,818.1148360212756,0.9675878560759777,3,0,0,40,0,0,0.7357790558535408,0.9177573319649239,0.0,0.051314241450083,100.0,46.17594299452809,0.0,0.0,24.325666783590812,187.1189955692326
2254,scarce,133.0847993904225,84.20457246791507,10.493740633936886,0.1791862008257807,2.5309881732857793,791.386121587755,0.9699871015387638,3,0,0,40,0,0,0.7375753264269594,0.9166159991058542,0.0,0.051314328028145124,100.0,46.176020903185574,0.0,0.0,24.325666783590812,213.858545714289
2255,scarce,133.09182625207177,84.08009905043133,10.372881826936183,0.1875421231754409,2.5527518594077825,763.3703646723006,0.9714024922379277,3,0,0,40,0,0,0.7388176958027797,0.9154732996404713,0.0,0.05131441460606016,100.0,46.1760988117107,0.0,0.0,24.325666783590812,213.57422942386384
2256,scarce,133.09314013629967,83.94861275500008,10.257662104040334,0.1954068957500003,2.5436240153433425,734.0141158355909,0.9720234994191373,2,0,0,40,0,0,0.7407862111803307,0.9143284348081728,0.0,0.051314501183828125,100.0,46.17617672010348,0.0,0.0,24.325666783590812,213.36947320163728
2257,scarce,133.08743072972857,83.81091659442677,10.147171920562878,0.20260089517907715,2.4559852088622036,703.2880315683287,0.9721205658526734,2,0,0,40,0,0,0.7420144600660723,0.9131822189021002,0.0,0.051314587761449,100.0,46.17625462836391,0.0,0.0,24.325666783590812,213.00987333622533
2258,scarce,133.07614052273271,83.66933390706662,10.040488272305383,0.2073218001324623,2.3803080800813583,671.2363874512521,0.9717373163842253,1,0,0,40,0,0,0.7427519752000491,0.9120351917293801,0.0,0.0513146743389228,100.0,46.17633253649197,0.0,0.0,24.325666783590812,212.71381753663346
2259,scarce,133.05899516205778,83.52352269547532,9.9385612940226,0.21187868892898523,2.240539614401971,638.0246478256668,0.9710650516804997,1,0,0,40,0,0,0.7438263832481576,0.9108869827078072,0.0,0.05131476091624951,100.0,46.17641044448768,0.0,0.0,24.325666783590812,212.35763907644196
2260,scarce,133.03613402591304,83.37379047720421,9.840376918002523,0.21622332299950606,2.2656625501808185,610.3705504717946,0.9695844691372292,1,0,0,40,0,0,0.7443083388974708,0.9097382435350199,0.0,0.05131484749342914,100.0,46.17648835235104,0.0,0.0,24.325666783590812,211.99523342605463
2261,scarce,133.00682315820387,83.22075288780067,9.745728551753027,0.22067004654977723,2.25829078807343,583.4670872172283,0.9676950644966067,1,0,0,40,0,0,0.7443914721155729,0.9085894129156926,0.0,0.051314934070461685,100.0,46.17656626008204,0.0,0.0,24.325666783590812,211.6548144511071
2262,scarce,132.97113388390278,83.06390554681145,9.654745049855384,0.22612515776756953,2.1239018468319393,555.829909203625,0.9683107521397022,1,0,0,40,0,0,0.7445901097824189,0.907440363794932,0.0,0.05131502064734715,100.0,46.17664416768069,0.0,0.0,24.325666783590812,211.40466809924305
2263,scarce,132.93023638843195,82.90460238724219,9.567687848956089,0.22959408147463223,2.1354452501383276,527.4519274947525,0.9726986292855586,1,0,0,40,0,0,0.7449408500620954,0.9062909288598637,0.0,0.051315107224085534,100.0,46.176722075146984,0.0,0.0,24.325666783590812,229.23840157399837
2264,scarce,132.88405614550067,82.74280997189047,9.486486473293123,0.23277451255632742,2.0496220312722144,501.29316430395556,0.9767755199505636,1,0,0,40,0,0,0.7460765619634868,0.905140244641704,0.0,0.05131519380067684,100.0,46.17679998248093,0.0,0.0,24.325666783590812,220.03149316966565
2265,scarce,132.83255963461878,82.58168210830482,9.41095825856166,0.2330017397223423,1.9730007479098088,485.6383725668129,0.9805141958787669,1,0,0,40,0,0,0.7464346885766509,0.9039891664842697,0.0,0.05131528037712106,100.0,46.17687788968252,0.0,0.0,24.325666783590812,219.8052633364582
2266,scarce,132.7760935638499,82.42120780730262,9.340272604486168,0.23311523431352485,1.8223168027046417,468.7621092593836,0.9843874265262765,1,0,0,40,0,0,0.7460239061174946,0.9028385401875404,0.0,0.05131536695341819,100.0,46.17695579675175,0.0,0.0,24.325666783590812,210.73048531255944
2267,scarce,132.71494580112852,82.26254374614956,9.275554411095241,0.23170129225530117,1.8399835950683503,450.7478331038874,1.0078243451413273,1,0,0,40,0,0,0.7462889858032039,0.901687622303157,0.0,0.05131545352956826,100.0,46.17703370368864,0.0,0.0,24.325666783590812,210.59699618199323
2268,scarce,132.64934432075378,82.10752645956651,9.2167864567907,0.22750514284145373,1.804051302865684,432.4771842517148,1.0383587029312369,1,0,0,40,0,0,0.7460140104377493,0.9005370068916754,0.0,0.051315540105571246,100.0,46.17711161049318,0.0,0.0,24.325666783590812,201.51086635731656
2269,scarce,132.5797995166517,81.95747136542353,9.163676237674897,0.22213883590234604,1.7296394047154848,417.3869187938326,1.0703229333516968,1,0,0,40,0,0,0.7451616766040299,0.8993873290474109,0.0,0.051315626681427154,100.0,46.17718951716536,0.0,0.0,24.325666783590812,192.49913681468462
2270,scarce,132.50736784527004,81.81387868882602,9.117186835794891,0.21517869936373224,1.7406976052227545,402.25422607088694,1.1044113024808135,1,0,0,40,0,0,0.7444452830569368,0.8982384392360483,0.0,0.05131571325713597,100.0,46.17726742370519,0.0,0.0,24.325666783590812,192.40329902136682
2271,scarce,132.4330743020236,81.6767676267913,9.077311347074437,0.2071066800821682,1.7588729891730517,391.32000375687494,1.1268569861162772,1,0,0,40,0,0,0.7437245426749645,0.8970903422391057,0.0,0.05131579983269771,100.0,46.17734533011266,0.0,0.0,24.325666783590812,192.33208502257835
2272,scarce,132.3568292422568,81.54626185640657,9.0445320819525,0.197984410762595,1.828098480468671,386.4492031133268,1.1417651458471056,1,0,0,40,0,0,0.743271496479821,0.8959427435929781,0.0,0.05131588640811238,100.0,46.177423236387796,0.0,0.0,24.325666783590812,192.27558298758302
2273,scarce,132.27801770077502,81.42354169060346,9.018818490063284,0.1886986299114976,1.8024483189852867,383.17517197073175,1.1391755693929995,1,0,0,40,0,0,0.7427109582610604,0.8947957615388908,0.0,0.05131597298337996,100.0,46.17750114253056,0.0,0.0,24.325666783590812,201.12862209633855
2274,scarce,132.19772041172808,81.31031720520954,8.998631277166222,0.1781684613755117,1.7565713913079648,377.4394608903167,1.1194735858097358,1,0,0,40,0,0,0.7412607664890494,0.893650374695753,0.0,0.051316059558500465,100.0,46.17757904854098,0.0,0.0,24.325666783590812,192.0078298363196
2275,scarce,132.11691646455924,81.20675401473741,8.984438357652246,0.1666940157561364,1.812776051521885,369.41328585671727,1.0999625152686163,1,0,0,40,0,0,0.7405188193506257,0.8925058039944673,0.0,0.051316146133473906,100.0,46.177656954419064,0.0,0.0,24.325666783590812,191.8971034286394
2276,scarce,132.03542058736082,81.11437656590395,8.975785852328945,0.1540293289604844,1.8059329629725849,362.9888563282293,1.1160708269904391,1,0,0,40,0,0,0.7394804883108254,0.8913623754573253,0.0,0.051316232708300255,100.0,46.17773486016478,0.0,0.0,24.325666783590812,191.74964771773816
2277,scarce,131.952878438063,81.03318094402808,8.971322762938538,0.14279187942714122,1.5519109872596502,361.71874592552194,1.1571936734527606,1,0,0,40,0,0,0.7377666738568744,0.8902208321160827,0.0,0.051316319282979535,100.0,46.17781276577816,0.0,0.0,24.325666783590812,191.44186472325455
2278,scarce,131.87100817953132,80.96413788291974,8.970212362728464,0.130275614690868,1.5743883057797485,365.48967585287755,1.160645500917532,1,0,0,40,0,0,0.7358273160555079,0.8890814220684217,0.0,0.05131640585751174,100.0,46.17789067125919,0.0,0.0,24.325666783590812,191.2234012353424
2279,scarce,131.79062057701393,80.90825862770126,8.972501872954231,0.11776533536488074,1.7292286149725544,370.0378239161728,1.1645019428282772,1,0,0,40,0,0,0.7340329862662341,0.8879439857835288,0.0,0.051316492431896864,100.0,46.17796857660787,0.0,0.0,24.325666783590812,190.86145135262706
2280,scarce,131.71170351401048,80.86614591935155,8.976795855908076,0.10606849150543267,1.7839634612613224,372.414578244141,1.1706517362099187,1,0,0,40,0,0,0.7309988346335489,0.8868098870654322,0.0,0.051316579006134906,100.0,46.17804648182419,0.0,0.0,24.325666783590812,190.53872713799947
2281,scarce,131.6342396555279,80.83916345750703,8.984840017618328,0.09590859543803613,1.8445398075899786,374.0488983951873,1.1791663118088085,1,0,0,40,0,0,0.7276354364759955,0.8856794880853084,0.0,0.05131666558022588,100.0,46.17812438690817,0.0,0.0,24.325666783590812,181.2756644495061
2282,scarce,131.55747870834796,80.82657384796889,9.003815696552172,0.0900191299614922,1.8713557440736395,371.85292471727007,1.1903114987599543,1,0,0,40,0,0,0.725163113599967,0.8845518086603483,0.0,0.051316752154169774,100.0,46.178202291859805,0.0,0.0,24.325666783590812,181.12853079728046
2283,scarce,131.48243264822165,80.82852957056258,9.034457059786437,0.08812227201400685,1.7675438863666002,366.4483865391667,1.204122338126841,1,0,0,40,0,0,0.7231752939062649,0.8834263158370514,0.0,0.05131683872796659,100.0,46.17828019667908,0.0,0.0,24.325666783590812,180.99689009318195
2284,scarce,131.41080865646836,80.84526882512785,9.070760613635576,0.09057431272371376,1.8036677232097855,364.0483076141827,1.2206854589044909,1,0,0,40,0,0,0.7221483696739522,0.8823019526304101,0.0,0.051316925301616335,100.0,46.178358101366015,0.0,0.0,24.325666783590812,171.75662063168238
2285,scarce,131.3408800498354,80.87761401315593,9.108096769590217,0.09987475210686174,1.8222560751174761,362.1498684516191,1.256714270709855,1,0,0,40,0,0,0.7204900564842222,0.8811794135682774,0.0,0.051317011875119,100.0,46.178436005920595,0.0,0.0,24.325666783590812,180.51982748538788
2286,scarce,131.27219545291825,80.9236292539626,9.147174430164126,0.11237489439476474,1.8960855427593308,358.3663816078988,1.299958591376068,1,0,0,40,0,0,0.7203434688640118,0.880057035752527,0.0,0.051317098448474596,100.0,46.178513910342836,0.0,0.0,24.325666783590812,180.37713050319377
2287,scarce,131.20618848490946,80.98486904276783,9.18761103174325,0.12618472635397773,1.8697924407911308,363.77158657782275,1.3341584478759942,1,0,0,40,0,0,0.7196140019147925,0.8789354603504208,0.0,0.05131718502168312,100.0,46.17859181463274,0.0,0.0,24.325666783590812,171.10287116218575
2288,scarce,131.14326309725993,81.05892612230026,9.229843371934027,0.13979500385291346,1.7045569573388086,367.6804680424102,1.3291250435699293,1,0,0,40,0,0,0.7197367107909154,0.877813749968551,0.0,0.05131727159474457,100.0,46.17866971879028,0.0,0.0,24.325666783590812,170.8457850093455
2289,scarce,131.08316858778858,81.14624527797933,9.274862236392028,0.15485319730775132,1.6970550651765612,370.01649436016305,1.315111935557946,1,0,0,40,0,0,0.720214454271301,0.8766915140688525,0.0,0.05131735816765895,100.0,46.178747622815486,0.0,0.0,24.325666783590812,170.62251782058283
2290,scarce,131.0266711534402,81.24624103090808,9.32245300163961,0.16957002575675906,1.8071455849445268,369.96983386434295,1.2831026486867863,1,0,0,40,0,0,0.7211267305295388,0.8755682746652699,0.0,0.051317444740426245,100.0,46.17882552670834,0.0,0.0,24.325666783590812,170.43951850989203
2291,scarce,130.97774567914124,81.35932818804912,9.372528326894564,0.18401566932707453,1.7846310464041593,371.7223871506794,1.2530883805093753,1,0,0,40,0,0,0.7212869921580003,0.8744448589738962,0.0,0.05131753131304646,100.0,46.17890343046883,0.0,0.0,24.325666783590812,160.91057517432827
2292,scarce,130.93494706635516,81.48501489438164,9.424013738464462,0.1991648523509683,1.743921408913349,372.8619387050567,1.2260927416421368,1,0,0,40,0,0,0.7217417574261459,0.8733209430407275,0.0,0.051317617885519626,100.0,46.178981334097,0.0,0.0,24.325666783590812,160.5130233840626
2293,scarce,130.89891602322677,81.62277713808825,9.476273745548161,0.21313208647472184,1.7256782172671659,383.05836757698125,1.2022852467011411,1,0,0,40,0,0,0.722230345028526,0.8721964896611961,0.0,0.051317704457845705,100.0,46.17905923759281,0.0,0.0,24.325666783590812,160.06535479043458
2294,scarce,130.86980437344215,81.77301541039186,9.52831672230187,0.22740411641611064,1.5241606555217404,389.6759161717782,1.1993128929204822,1,0,0,40,0,0,0.7224873273258929,0.8710717536011376,0.0,0.05131779103002471,100.0,46.179137140956286,0.0,0.0,24.325666783590812,159.50180933338606
2295,scarce,130.84893859515347,81.93458183793679,9.57696460425328,0.24139784250497262,1.3616261821456235,392.9532114607573,1.1973334183585147,1,0,0,40,0,0,0.7213060734662337,0.8699483169203248,0.0,0.05131787760205665,100.0,46.1792150441874,0.0,0.0,24.325666783590812,149.96636207291994
2296,scarce,130.83329363174062,82.10690869888874,9.623397953072242,0.25383383093206696,1.5498976896744554,395.48715543826984,1.1859931589883048,1,0,0,40,0,0,0.7221922765589435,0.8688239054161098,0.0,0.051317964173941515,100.0,46.179292947286186,0.0,0.0,24.325666783590812,158.57593148931522
2297,scarce,130.8243094197386,82.28843219036398,9.667024153806683,0.26487443015743806,1.6159292876403335,392.83188412644813,1.1757021729291313,1,0,0,40,0,0,0.7232489013694692,0.8676983316246034,0.0,0.05131805074567932,100.0,46.17937085025263,0.0,0.0,24.325666783590812,158.08473624167132
2298,scarce,130.82204087811454,82.47963281343978,9.706535949872674,0.2761886826837946,1.6609888040473813,387.07844027531974,1.1639371894887642,1,0,0,40,0,0,0.7240067133900185,0.8665719242398744,0.0,0.05131813731727004,100.0,46.179448753086724,0.0,0.0,24.325666783590812,148.54562245187705
2299,scarce,130.8287818503479,82.67875493712855,9.740876224210805,0.2860158496122304,1.6637131479937157,378.84092374236934,1.1516491193800626,1,0,0,40,0,0,0.7245709793820835,0.865444896162554,0.0,0.051318223888713696,100.0,46.179526655788464,0.0,0.0,24.325666783590812,147.94285335061835
2300,scarce,130.84356959505735,82.88518531056539,9.768479869459501,0.29503395723637627,1.5895285359529847,376.3065826015154,1.1178634221033856,1,0,0,40,0,0,0.724859857765341,0.8643175503190124,0.0,0.05131831046001028,100.0,46.17960455835787,0.0,0.0,24.325666783590812,147.45769084158073
2301,scarce,130.86555913635848,83.09664045476454,9.78922896154557,0.30140431325283995,1.5040180178165328,379.5081448103083,1.055696033065333,1,0,0,40,0,0,0.7258973001383094,0.86318906328886,0.0,0.05131839703115979,100.0,46.17968246079493,0.0,0.0,24.325666783590812,128.89020726403572
2302,scarce,130.89609263834208,83.31249966898413,9.803051806389018,0.3068430772414275,1.682290892764272,383.64576673351985,0.9957241075088382,1,0,0,40,0,0,0.7270096591786765,0.8620593526637634,0.0,0.051318483602162235,100.0,46.179760363099646,0.0,0.0,24.325666783590812,137.21643448357503
2303,scarce,130.93411777074107,83.53141154968571,9.80928310092391,0.31074780341513647,1.6581842769784796,384.8861078008049,0.9374620368515603,1,0,0,40,0,0,0.72769106370996,0.8609288924936827,0.0,0.05131857017301761,100.0,46.179838265272025,0.0,0.0,24.325666783590812,136.492329237408
2304,scarce,130.98000270643428,83.75131757853299,9.80746542820896,0.31181412807622055,1.5768329401255805,385.4268495378492,0.8786964122398274,1,0,0,40,0,0,0.7282100284563068,0.8597978614623806,0.0,0.05131865674372591,100.0,46.17991616731205,0.0,0.0,24.325666783590812,135.91404328202253
2305,scarce,131.03429361276815,83.97054175520444,9.797687842916469,0.3113367638428231,1.6993356261879007,387.1228042011935,0.8039621883494459,1,0,0,40,0,0,0.7289804718349054,0.8586659829433623,0.0,0.05131874331428715,100.0,46.179994069219745,0.0,0.0,24.325666783590812,135.30123071102685
2306,scarce,131.09606213711476,84.18715026605423,9.778206491338278,0.30811820887826225,1.79267034842634,386.93207048851764,0.7587261189197515,1,0,0,40,0,0,0.7283981329308187,0.8575347449971383,0.0,0.05131882988470132,100.0,46.1800719709951,0.0,0.0,24.325666783590812,134.82608810621326
2307,scarce,131.16552444722663,84.40089339304922,9.751010751106033,0.30456851649964856,1.7478094143772533,384.57984101928014,0.7189853992857836,1,0,0,40,0,0,0.729000418899191,0.8564028445363492,0.0,0.05131891645496842,100.0,46.18014987263811,0.0,0.0,24.325666783590812,143.21089741563986
2308,scarce,131.24217371383224,84.61153003557665,9.71509225445681,0.301236796173461,1.6386360958895636,387.20914529223955,0.6936332227628418,1,0,0,40,0,0,0.7285158923494192,0.8552714770547649,0.0,0.051319003025088454,100.0,46.180227774148776,0.0,0.0,24.325666783590812,151.6105063162708
2309,scarce,131.32555178450818,84.81697806952926,9.671089229573663,0.29640655142603606,1.8179540466220114,390.6815910607038,0.6785158584419183,1,0,0,40,0,0,0.7281387812048286,0.8541405243954395,0.0,0.051319089595061415,100.0,46.180305675527094,0.0,0.0,24.325666783590812,160.01252200772993
2310,scarce,131.41361727866348,85.01645404925036,9.621171551020492,0.2899287194350698,1.8439171281532922,395.4657683276455,0.6625058639737826,1,0,0,40,0,0,0.7287000209052551,0.8530089543724438,0.0,0.051319176164887306,100.0,46.18038357677307,0.0,0.0,24.325666783590812,159.429274274641
2311,scarce,131.50691411080095,85.2092868057461,9.565095489175231,0.2819623390599332,1.7667954199875127,402.26489670414594,0.6515474572084288,1,0,0,40,0,0,0.7285346302573968,0.8518775662791607,0.0,0.05131926273456615,100.0,46.18046147788672,0.0,0.0,24.325666783590812,158.90896933895758
2312,scarce,131.6056517478839,85.39320966672396,9.505140840031071,0.2718711349182246,1.5898296568203985,407.57978469133377,0.645568655832352,1,0,0,40,0,0,0.7291721554230758,0.8507454769081952,0.0,0.0513193493040979,100.0,46.18053937886802,0.0,0.0,24.325666783590812,158.41835398936718
2313,scarce,131.70672454228804,85.56833505427052,9.441557041333457,0.26110212388039544,1.5913922905061024,411.4679894696892,0.6485302895570996,1,0,0,40,0,0,0.7292806054213745,0.8496132682422317,0.0,0.0513194358734826,100.0,46.180617279716984,0.0,0.0,24.325666783590812,157.9217151866951
2314,scarce,131.81028982686396,85.7329868451442,9.375105568656187,0.24951831283439896,1.668100315980596,413.80683313056943,0.658020932825151,1,0,0,40,0,0,0.7290941524258482,0.8484812646745633,0.0,0.05131952244272023,100.0,46.18069518043361,0.0,0.0,24.325666783590812,157.33929253254283
2315,scarce,131.9158980738604,85.88686483956435,9.307640746340777,0.23690215576925341,1.6916336583754332,414.5332259354327,0.6668837072096054,1,0,0,40,0,0,0.7297786266692803,0.8473485081852271,0.0,0.0513196090118108,100.0,46.18077308101789,0.0,0.0,24.325666783590812,156.83693462447974
2316,scarce,132.0224810334875,86.02881854041703,9.240343121132991,0.22266665087472864,1.7038695951195941,414.2723311935042,0.6747716143605021,1,0,0,40,0,0,0.7305572422699017,0.8462148952187303,0.0,0.0513196955807543,100.0,46.18085098146983,0.0,0.0,24.325666783590812,156.29890707470466
2317,scarce,132.1298289831313,86.15872211624993,9.174640334114844,0.20879436426364759,1.7774263676459925,416.90168713469757,0.6820015987576166,2,0,0,40,0,0,0.7316081690566727,0.845080126232768,0.0,0.051319782149550734,100.0,46.18092888178944,0.0,0.0,24.325666783590812,155.7753815458148
2318,scarce,132.23823818756986,86.27471416790573,9.112094787839105,0.1943757537330776,1.9080372275428163,426.0794588844583,0.6882046864235448,2,0,0,40,0,0,0.7325549788657378,0.8439443157560156,0.0,0.051319868718200094,100.0,46.181006781976706,0.0,0.0,24.325666783590812,155.2260355115783
2319,scarce,132.34715006041029,86.37751254818595,9.053771075999093,0.18141033101999451,1.9454579869550859,436.20110462384764,0.6925911036168401,2,0,0,40,0,0,0.733490635114126,0.8428074760573899,0.0,0.0513199552867024,100.0,46.18108468203163,0.0,0.0,24.325666783590812,154.85920531927803
2320,scarce,132.45460086019705,86.4662279416435,9.000098542965626,0.16814958822475312,2.105093455404829,448.18420566081477,0.6977661510837919,2,0,0,40,0,0,0.7339045240690059,0.8416701810809141,0.0,0.05132004185505764,100.0,46.18116258195422,0.0,0.0,24.325666783590812,154.50874803921528
2321,scarce,132.55938332971678,86.54044783013066,8.953740574614272,0.15353211419781745,2.1134106128677184,461.8865513916535,0.7018334242246146,1,0,0,40,0,0,0.7352453499853409,0.8405314111959303,0.0,0.05132012842326582,100.0,46.181240481744474,0.0,0.0,24.325666783590812,145.09406811234103
2322,scarce,132.66150091342905,86.59934981606314,8.915418128075235,0.14057800928657282,2.1189800017262552,471.00862199784024,0.7058163260331829,1,0,0,40,0,0,0.7361090348693172,0.8393916912575741,0.0,0.051320214991326926,100.0,46.18131838140238,0.0,0.0,24.325666783590812,171.63976515948383
2323,scarce,132.76051971589737,86.64121763848054,8.883372452500604,0.12909375221092367,2.0245397635207945,475.32956931913213,0.7167410498886385,1,0,0,40,0,0,0.7349391899594315,0.8382532581486185,0.0,0.05132030155924097,100.0,46.181396280927956,0.0,0.0,24.325666783590812,180.14525809595543
2324,scarce,132.8544643337837,86.66685435945325,8.859098896027476,0.11883438673476918,2.1487508599289256,474.80830485079787,0.7271242241223601,1,0,0,40,0,0,0.7346796103961635,0.837115110577183,0.0,0.05132038812700796,100.0,46.181474180321196,0.0,0.0,24.325666783590812,179.70814706207113
2325,scarce,132.94276321787393,86.67492124634104,8.84402880203207,0.11023451669762492,2.100820639255726,469.5909585651825,0.7365624054180194,2,0,0,40,0,0,0.734756302128711,0.8359768786448413,0.0,0.05132047469462789,100.0,46.181552079582104,0.0,0.0,24.325666783590812,179.31614178581054
2326,scarce,133.02597379539517,86.66694752854085,8.840077764555275,0.10818677076070134,2.1375908031656845,459.8201178289455,0.7451366848115447,2,0,0,40,0,0,0.7361689378737201,0.83483709281318,0.0,0.051320561262100745,100.0,46.18162997871067,0.0,0.0,24.325666783590812,178.89724423879755
2327,scarce,133.10428933530778,86.64248666557953,8.84720099698026,0.11032719511554841,2.081943255612519,449.90864934015553,0.7522466840273696,1,0,0,40,0,0,0.7369787580405138,0.8336964161793358,0.0,0.05132064782942654,100.0,46.18170787770689,0.0,0.0,24.325666783590812,187.51961277817912
2328,scarce,133.1771289370833,86.60274882515697,8.864504014531775,0.11660122195664917,2.0517882208518765,444.09845013746235,0.7601996005226553,1,0,0,40,0,0,0.7371170492177738,0.8325555874251961,0.0,0.051320734396605276,100.0,46.18178577657079,0.0,0.0,24.325666783590812,187.14374886230212
2329,scarce,133.2434389872154,86.54811675492903,8.893420234379548,0.12432567586906733,1.9786414202023508,436.0961242940393,0.7804128222295927,1,0,0,40,0,0,0.7384737089599096,0.8314132663453402,0.0,0.05132082096363695,100.0,46.181863675302345,0.0,0.0,24.325666783590812,195.68290473125782
2330,scarce,133.3021336533222,86.47870646383451,8.932215098827164,0.13434468192768287,1.8560218747214836,435.4261882319697,0.8002793900316082,1,0,0,40,0,0,0.7390781112240552,0.8302702804229938,0.0,0.05132090753052156,100.0,46.18194157390157,0.0,0.0,24.325666783590812,195.32408878873946
2331,scarce,133.35323683089408,86.39531104974901,8.981160205154652,0.145978126569811,1.8852019933519208,438.58968830921367,0.8195796380342064,1,0,0,40,0,0,0.7404599776025388,0.8291257744476308,0.0,0.05132099409725912,100.0,46.18201947236846,0.0,0.0,24.325666783590812,185.92940801550662
2332,scarce,133.39612244911024,86.29724202891967,9.038214140345438,0.15958590108727883,2.107624679330369,442.66103159979684,0.8389925148499059,1,0,0,40,0,0,0.7410073617852333,0.8279806663496672,0.0,0.051321080663849605,100.0,46.182097370703005,0.0,0.0,24.325666783590812,185.50614525922242
2333,scarce,133.43102486002473,86.1848867967702,9.103958655973187,0.1740423333656719,2.121185920530055,442.96443864077446,0.8581669684324108,1,0,0,40,0,0,0.7425795954329165,0.8268338287946909,0.0,0.051321167230293036,100.0,46.182175268905226,0.0,0.0,24.325666783590812,203.17568462023112
2334,scarce,133.45711792348868,86.05893497415552,9.17680206030052,0.18926774544808347,1.933691390192622,440.6040464154794,0.876872396923401,1,0,0,40,0,0,0.7437016397917524,0.8256857569909201,0.0,0.0513212537965894,100.0,46.1822531669751,0.0,0.0,24.325666783590812,202.74439171300432
2335,scarce,133.4745647523471,85.92028370168393,9.253918168511813,0.20385678410281532,1.7353142371666643,433.2559631939148,0.8951971517529,1,0,0,40,0,0,0.7436837389494603,0.8245377048780757,0.0,0.051321340362738714,100.0,46.18233106491265,0.0,0.0,24.325666783590812,202.2222867102586
2336,scarce,133.48320731232178,85.77064738187742,9.334849590193869,0.217488312698656,1.852567934769191,421.7885795496768,0.9132766742609234,1,0,0,40,0,0,0.7444966761337712,0.8233887585343286,0.0,0.05132142692874096,100.0,46.182408962717865,0.0,0.0,24.325666783590812,201.76513556502368
2337,scarce,133.4838248449529,85.60987216755365,9.418115838233572,0.23125160454011465,1.622989042066005,407.86454274690186,0.9210656396268686,1,0,0,40,0,0,0.7450533322381523,0.8222391998688664,0.0,0.05132151349459616,100.0,46.182486860390746,0.0,0.0,24.325666783590812,210.360538867922
2338,scarce,133.47630420825615,85.43914165780492,9.503114590638162,0.24400277841383797,1.5245375836079773,396.6497425255584,0.92417672795928,1,0,0,40,0,0,0.7459928342863587,0.8210886077511514,0.0,0.051321600060304284,100.0,46.18256475793129,0.0,0.0,24.325666783590812,209.88919777132887
2339,scarce,133.46037411591985,85.26056551690267,9.58802615826158,0.2546423603545236,1.5713896522178872,391.32964670137153,0.92627247235582,1,0,0,40,0,0,0.7463182807367454,0.8199376576423412,0.0,0.051321686625865365,100.0,46.18264265533951,0.0,0.0,24.325666783590812,209.3217195536343
2340,scarce,133.4349610111645,85.0732432124586,9.673088387632765,0.2666495255581189,1.6321812188077325,387.18767973985814,0.9346442318704388,1,0,0,40,0,0,0.7473750086477695,0.8187855451328285,0.0,0.051321773191279375,100.0,46.182720552615386,0.0,0.0,24.325666783590812,208.74945390317953
2341,scarce,133.40227557463453,84.87891328843817,9.75611629175872,0.27645516781110063,1.580835342503892,391.2122279024916,0.97097830155836,1,0,0,40,0,0,0.7477453487493875,0.8176330252492043,0.0,0.05132185975654634,100.0,46.18279844975894,0.0,0.0,24.325666783590812,208.17392650629418
2342,scarce,133.36164248508015,84.68046369225716,9.835354063829062,0.2830976945981842,1.6367445895152257,397.48177306680736,1.0077085805240393,1,0,0,40,0,0,0.7476007010798467,0.8164806644780164,0.0,0.05132194632166624,100.0,46.18287634677016,0.0,0.0,24.325666783590812,216.54916877005795
2343,scarce,133.3133953177355,84.47719819692686,9.912136972268723,0.28921285996242224,1.709714785259451,400.810578657256,1.0453006913867557,1,0,0,40,0,0,0.7486362601959817,0.8153271645918008,0.0,0.05132203288663908,100.0,46.182954243649036,0.0,0.0,24.325666783590812,215.9206487804266
2344,scarce,133.25875887281106,84.2692771112098,9.98496889391566,0.2953989579482342,1.787617117737406,400.7445935415162,1.0649639866285199,1,0,0,40,0,0,0.7492600550352988,0.814172978531262,0.0,0.051322119451464865,100.0,46.18303214039559,0.0,0.0,24.325666783590812,215.40876661055736
2345,scarce,133.19759803520117,84.05846010093735,10.052430822478902,0.2993684019365323,1.655798740836613,397.7949124819861,1.0767607655336722,1,0,0,40,0,0,0.7494285039419444,0.8130186071769259,0.0,0.05132220601614359,100.0,46.18311003700981,0.0,0.0,24.325666783590812,223.90376419963576
2346,scarce,133.13107866400176,83.84609013710947,10.112601148475958,0.3023364007120366,1.578620498927566,400.7066573660413,1.0770026818133016,1,0,0,40,0,0,0.7487041746630101,0.8118650325847966,0.0,0.05132229258067526,100.0,46.1831879334917,0.0,0.0,24.325666783590812,223.3339797075345
2347,scarce,133.05916418865326,83.63471831175856,10.16521498323215,0.3023436314293085,1.6981586612296442,402.21606065606466,1.0767324336065107,1,0,0,40,0,0,0.7482030616409493,0.8107120092169915,0.0,0.051322379145059875,100.0,46.18326582984126,0.0,0.0,24.325666783590812,213.74689946693593
2348,scarce,132.98252090949546,83.42579363291075,10.20918660498101,0.3002030046324301,1.5815197360377666,406.9595592716796,1.0774196767680078,1,0,0,40,0,0,0.7472999053219971,0.8095599793211374,0.0,0.05132246570929743,100.0,46.18334372605848,0.0,0.0,24.325666783590812,213.08522130116972
2349,scarce,132.90124547872702,83.21910826456937,10.24431772764163,0.29814655798652995,1.6003621168067952,412.54293661810516,1.078428878036775,1,0,0,40,0,0,0.7463971986686461,0.8084089424026019,0.0,0.05132255227338794,100.0,46.183421622143385,0.0,0.0,24.325666783590812,212.37705493414788
2350,scarce,132.81643146410318,83.017784891946,10.271897608309283,0.2925505490559014,1.7321432765166644,419.44709435038385,1.0778081549619731,1,0,0,40,0,0,0.7465042398583646,0.8072577877387574,0.0,0.05132263883733138,100.0,46.18349951809595,0.0,0.0,24.325666783590812,220.6751014964172
2351,scarce,132.72931528274881,82.82338409434072,10.292482275947165,0.2838757285903543,1.822128567098104,427.9185125357326,1.0718346999457777,1,0,0,40,0,0,0.7469918724497562,0.8061060966790627,0.0,0.051322725401127776,100.0,46.18357741391619,0.0,0.0,24.325666783590812,211.1483201128476
2352,scarce,132.64007951451498,82.63575424213809,10.30620127891665,0.2748948204483163,1.7656781098664946,432.4694072172133,1.0655985801679506,1,0,0,40,0,0,0.7473775174758513,0.8049539814098393,0.0,0.051322811964777115,100.0,46.18365530960409,0.0,0.0,24.325666783590812,210.5412779752948
2353,scarce,132.54951762878315,82.45595163051946,10.314368410059204,0.26382082192940415,1.8341490841200616,438.873088976703,1.0547183312900041,1,0,0,40,0,0,0.7483219129971128,0.8038008273055425,0.0,0.0513228985282794,100.0,46.18373320515967,0.0,0.0,24.325666783590812,210.0479877049551
2354,scarce,132.4585247462536,82.28436034352417,10.315371305952812,0.2519747186431441,1.7875876671575948,443.32255764966976,1.0603161999497486,1,0,0,40,0,0,0.7479468478665062,0.8026480857728895,0.0,0.051322985091634625,100.0,46.18381110058292,0.0,0.0,24.325666783590812,191.68499352768862
2355,scarce,132.3678469628272,82.12057301817092,10.309078374196346,0.23971822103924867,1.8182298986917291,446.83253513892123,1.1008449102852882,1,0,0,40,0,0,0.7472688405412111,0.801496090048294,0.0,0.0513230716548428,100.0,46.18388899587384,0.0,0.0,24.325666783590812,191.2625093475391
2356,scarce,132.27853990680126,81.9649854616711,10.297303967524524,0.2266190631785472,1.7245876190653058,451.55828553220636,1.14295941028277,1,0,0,40,0,0,0.7474510665675497,0.8003438938750698,0.0,0.05132315821790392,100.0,46.183966891032426,0.0,0.0,24.325666783590812,190.90417065404068
2357,scarce,132.19090475144054,81.81871339236119,10.280683490320014,0.21294115835313865,1.8324245674528146,456.02974606552743,1.186582607245609,1,0,0,40,0,0,0.7476318436316993,0.7991914988470749,0.0,0.051323244780818,100.0,46.184044786058706,0.0,0.0,24.325666783590812,190.62233921044762
2358,scarce,132.10466237111646,81.68262032006753,10.25995406375401,0.1976194185413713,2.1492050213947342,457.62491394060635,1.2309690959323591,1,0,0,40,0,0,0.7479600104894365,0.7980387428355364,0.0,0.05132333134358501,100.0,46.18412268095263,0.0,0.0,24.325666783590812,190.25529674897524
2359,scarce,132.0220359351349,81.5577913561092,10.2351674818613,0.1817421740594972,1.9615364790387724,457.9580594090439,1.2624593276086606,1,0,0,40,0,0,0.7478138518688828,0.7968861475984808,0.0,0.05132341790620497,100.0,46.18420057571424,0.0,0.0,24.325666783590812,189.85895785014156
2360,scarce,131.94127604155926,81.4435320210143,10.207538079862308,0.1670698975914148,1.9139040093367856,458.55240272498486,1.271136593021028,1,0,0,40,0,0,0.7481885020064809,0.7957331402462737,0.0,0.05132350446867787,100.0,46.184278470343514,0.0,0.0,24.325666783590812,189.5503130801055
2361,scarce,131.86452699876997,81.34028477904783,10.178067288429435,0.15106723626976712,1.8553512113265924,459.1438181269332,1.2725139938151546,1,0,0,40,0,0,0.7486361025824478,0.7945796405334329,0.0,0.051323591031003736,100.0,46.184356364840475,0.0,0.0,24.325666783590812,189.24438094695157
2362,scarce,131.7911288438303,81.25067471162859,10.145995483377433,0.13369761592220447,1.7837944357495623,458.0728913882267,1.2767817395005907,1,0,0,40,0,0,0.7480293861608092,0.7934268082086561,0.0,0.05132367759318254,100.0,46.184434259205105,0.0,0.0,24.325666783590812,188.89125373769198
2363,scarce,131.72303904963343,81.17536226056252,10.112347184240923,0.11460547297216583,1.90358131179067,457.70694440684747,1.309924861158362,1,0,0,40,0,0,0.7479902897293671,0.7922740188899537,0.0,0.0513237641552143,100.0,46.18451215343741,0.0,0.0,24.325666783590812,188.4511878827153
2364,scarce,131.659447831472,81.11363391780901,10.078090709230173,0.09685896173862368,1.8977051270901715,456.6024395057393,1.3459400328576048,1,0,0,40,0,0,0.7480455930396457,0.7911211687376101,0.0,0.051323850717099,100.0,46.18459004753738,0.0,0.0,24.325666783590812,188.21382788790308
2365,scarce,131.60077338994293,81.06511312853267,10.043830597068322,0.08077047325146647,1.9194225553421884,458.1300126267015,1.34746954058707,1,0,0,40,0,0,0.7482874498884916,0.7899680525427327,0.0,0.051323937278836655,100.0,46.184667941505026,0.0,0.0,24.325666783590812,187.8803507597276
2366,scarce,131.54780819922217,81.03079607492016,10.01038791284563,0.06556168818034104,1.9299734732860307,458.4651930027103,1.3556661533736154,1,0,0,40,0,0,0.7485821789881131,0.7888146121458458,0.0,0.05132402384042726,100.0,46.184745835340344,0.0,0.0,24.325666783590812,187.4840659958095
2367,scarce,131.50126402724575,81.01027315296886,9.977473002963098,0.05311601403327101,2.0543269198093324,458.23782217976986,1.35871962647988,1,0,0,40,0,0,0.74851591820241,0.7876612446358232,0.0,0.05132411040187081,100.0,46.18482372904334,0.0,0.0,24.325666783590812,187.03392741507665
2368,scarce,131.46093830975428,81.00318475289365,9.94649343654304,0.04587869689655782,2.0337381890081994,455.1319685095368,1.3515564676590177,1,0,0,40,0,0,0.7491847002923242,0.7865071414655016,0.0,0.051324196963167305,100.0,46.18490162261401,0.0,0.0,24.325666783590812,186.63005520820337
2369,scarce,131.42831154793643,81.00982761524727,9.918193215500484,0.04666514360566795,1.888746759573586,453.0319077491804,1.346281580099735,1,0,0,40,0,0,0.749571553527495,0.7853526127566214,0.0,0.051324283524316755,100.0,46.18497951605235,0.0,0.0,24.325666783590812,186.22543447649068
2370,scarce,131.40265806415115,81.03198822089237,9.892399523022537,0.05707922980963294,2.0934506109129436,450.2541096043351,1.343106402324387,1,0,0,40,0,0,0.7497039352094748,0.784197938427891,0.0,0.05132437008531917,100.0,46.18505740935838,0.0,0.0,24.325666783590812,185.84373849336814
2371,scarce,131.38370106541095,81.06871582691846,9.869067250455803,0.07175404532485197,2.0763182089818715,448.35466056028235,1.3195881669326415,1,0,0,40,0,0,0.7497430234200344,0.783043221102129,0.0,0.051324456646174514,100.0,46.18513530253207,0.0,0.0,24.325666783590812,176.3563663912641
2372,scarce,131.37102122983478,81.11930730328149,9.848834154937716,0.08848240252068401,1.857214557912099,450.63675740287727,1.2942465789589996,1,0,0,40,0,0,0.7504317931073577,0.7818877461297108,0.0,0.05132454320688282,100.0,46.18521319557344,0.0,0.0,24.325666783590812,166.89230630944581
2373,scarce,131.36418415839083,81.18517887569507,9.830745798251892,0.10753944210041785,1.8214560524188734,448.4291334173395,1.2713217920434443,1,0,0,40,0,0,0.7503978411003006,0.7807323085045004,0.0,0.05132462976744407,100.0,46.18529108848249,0.0,0.0,24.325666783590812,166.55045167177772
2374,scarce,131.36359577210666,81.26450963217405,9.817387154068891,0.12488214138575332,1.9974513618326448,444.4624118947904,1.2492484498527079,1,0,0,40,0,0,0.7522749837776812,0.7795748060223451,0.0,0.05132471632785829,100.0,46.18536898125922,0.0,0.0,24.325666783590812,166.18228698222745
2375,scarce,131.36951520644863,81.35667188544458,9.80835480132728,0.1420125360900051,2.0198757362391717,441.42272126325406,1.2283598817114836,1,0,0,40,0,0,0.7536886950497874,0.7784157484577902,0.0,0.051324802888125444,100.0,46.185446873903615,0.0,0.0,24.325666783590812,156.81034197658877
2376,scarce,131.38294231109268,81.46179962895845,9.802802287687806,0.15879911558656065,2.0029343421741714,444.4639996593687,1.2073101086933533,1,0,0,40,0,0,0.7542449139774374,0.777256079052415,0.0,0.05132488944824556,100.0,46.18552476641569,0.0,0.0,24.325666783590812,165.2430956748591
2377,scarce,131.40266556455484,81.57938283614376,9.800164642072993,0.17607472141536218,2.0407355611348947,445.60908897712943,1.1735809707705545,1,0,0,40,0,0,0.7548765687739006,0.7760957148267639,0.0,0.051324976008218615,100.0,46.185602658795446,0.0,0.0,24.325666783590812,155.69442397765928
2378,scarce,131.42840535406694,81.7081245236739,9.800957340577922,0.1906406763726249,1.9796293366742888,444.14527477967204,1.1291143944483173,1,0,0,40,0,0,0.756194148626473,0.7749339012632745,0.0,0.05132506256804463,100.0,46.18568055104287,0.0,0.0,24.325666783590812,155.22405185186798
2379,scarce,131.46099552913876,81.84775569985575,9.804665063193918,0.20543819913101913,2.0093906430974444,441.0027606915246,1.089492497065997,1,0,0,40,0,0,0.7574008644825984,0.7737707603123438,0.0,0.0513251491277236,100.0,46.18575844315798,0.0,0.0,24.325666783590812,154.7221195230743
2380,scarce,131.4996230889136,81.99575304971685,9.810665424982437,0.21787991049341557,1.840907541302172,434.6482842234982,1.0617890011256537,1,0,0,40,0,0,0.7585583778437094,0.7726063460967157,0.0,0.05132523568725553,100.0,46.18583633514077,0.0,0.0,24.325666783590812,145.26226888697164
2381,scarce,131.5457325662727,82.15301644258676,9.81920482718337,0.2298213705356277,1.7290742564241512,425.4430158973628,1.035510988106175,1,0,0,40,0,0,0.7600740002012747,0.7714402646964944,0.0,0.05132532224664041,100.0,46.18591422699124,0.0,0.0,24.325666783590812,144.70394528507032
2382,scarce,131.59933404112385,82.31901080948985,9.828185420612767,0.24189343977835248,1.7882488682970585,414.67777910188306,1.0096415407932815,1,0,0,40,0,0,0.7607379976306721,0.7702734528991007,0.0,0.05132540880587824,100.0,46.185992118709386,0.0,0.0,24.325666783590812,144.00494625013863
2383,scarce,131.65941885836938,82.49111986584572,9.83675051195425,0.2510498404408497,1.7090051931757615,404.8247456186218,0.972171032877411,1,0,0,40,0,0,0.7615867501334784,0.7691057074739538,0.0,0.051325495364969026,100.0,46.186070010295204,0.0,0.0,24.325666783590812,143.342454890025
2384,scarce,131.72487428254036,82.6697205738272,9.844719145137796,0.2597602852780074,1.6266684412267522,393.72551238334563,0.9292933395715721,1,0,0,40,0,0,0.7627785083658265,0.7679366511147514,0.0,0.051325581923912775,100.0,46.18614790174871,0.0,0.0,24.325666783590812,142.80700003722524
2385,scarce,131.79551260750054,82.85508847955586,9.851314238509561,0.26889700506414016,1.6304513955085482,380.09068570855015,0.9061179137278714,1,0,0,40,0,0,0.7637500779087694,0.7667665260290517,0.0,0.05132566848270947,100.0,46.18622579306989,0.0,0.0,24.325666783590812,142.20302567644168
2386,scarce,131.87164882446012,83.04601213363406,9.85630206292675,0.2760719625291055,1.5309380525891105,373.9104854422767,0.8826312383503329,1,0,0,40,0,0,0.7647171129336442,0.7655953372048248,0.0,0.05132575504135912,100.0,46.18630368425875,0.0,0.0,24.325666783590812,141.5606721733405
2387,scarce,131.95266789990498,83.2405610450308,9.858086053591558,0.2816377582891362,1.7220271546089052,373.5214860490378,0.8792765361969778,1,0,0,40,0,0,0.765032464960435,0.7644238014933682,0.0,0.05132584159986173,100.0,46.18638157531529,0.0,0.0,24.325666783590812,141.01459057989945
2388,scarce,132.03778115729924,83.43677201496901,9.85647411006401,0.2841277441222854,1.6944097417808102,372.54987276250904,0.8647720520393767,1,0,0,40,0,0,0.7653760673238162,0.7632518878193121,0.0,0.051325928158217286,100.0,46.186459466239505,0.0,0.0,24.325666783590812,140.55836107874376
2389,scarce,132.1264449147963,83.63458170868817,9.851099969349752,0.28626363360106016,1.7203824262959238,371.6323550824018,0.8609774136191058,1,0,0,40,0,0,0.7656033449639753,0.7620797241398517,0.0,0.051326014716425804,100.0,46.186537357031405,0.0,0.0,24.325666783590812,140.03487370624651
2390,scarce,132.21943250869796,83.83240327464947,9.842578119253108,0.286994476708729,1.5684615363570018,377.0016341435694,0.8616748938220209,1,0,0,40,0,0,0.7660387930935894,0.7609070814674487,0.0,0.05132610127448728,100.0,46.18661524769098,0.0,0.0,24.325666783590812,148.56379396787898
2391,scarce,132.31549523703004,84.02814559381947,9.828850841459886,0.28551111458524103,1.6840281045834131,382.27188068508985,0.8680979758553867,1,0,0,40,0,0,0.7651895936275308,0.7597353729144585,0.0,0.05132618783240172,100.0,46.18669313821825,0.0,0.0,24.325666783590812,157.0970221949304
2392,scarce,132.4142665230502,84.22014531013087,9.811173141174976,0.28187937949436503,1.6658947901389056,383.53986086763325,0.8804958268125054,1,0,0,40,0,0,0.7649745214337398,0.7585639009408813,0.0,0.051326274390169103,100.0,46.18677102861319,0.0,0.0,24.325666783590812,156.68103408771503
2393,scarce,132.51528580830598,84.4085414548316,9.789264009059139,0.2767760351776981,1.6164268157257315,384.9772147927579,0.8923575612966966,1,0,0,40,0,0,0.7643692981256232,0.7573930947129431,0.0,0.05132636094778946,100.0,46.186848918875825,0.0,0.0,24.325666783590812,165.22845869075712
2394,scarce,132.61751483963383,84.59062654061277,9.76357999225221,0.26890911162545045,1.6624938383860315,385.41449589408876,0.9041226971469728,1,0,0,40,0,0,0.7639921030936142,0.7562227033995401,0.0,0.05132644750526276,100.0,46.186926809006124,0.0,0.0,24.325666783590812,164.7521671615596
2395,scarce,132.7207749366157,84.76751775777846,9.7352083244104,0.2615347905027677,1.7039118175170174,383.02111604524544,0.8957418222066033,1,0,0,40,0,0,0.763941487884362,0.7550523677628673,0.0,0.051326534062589024,100.0,46.18700469900411,0.0,0.0,24.325666783590812,146.2603626278143
2396,scarce,132.82346250920006,84.93687113490407,9.704087936436466,0.25181963637060345,1.6873114473528024,381.11034838168416,0.8871665023783549,1,0,0,40,0,0,0.7634402007003288,0.753882583542097,0.0,0.05132662061976824,100.0,46.18708258886978,0.0,0.0,24.325666783590812,154.77724763814368
2397,scarce,132.9261788122171,85.09623059703051,9.67059494514842,0.2388901841445804,1.7808219125441902,379.86678236130683,0.8782524847957235,1,0,0,40,0,0,0.762883087341533,0.7527134121460213,0.0,0.05132670717680043,100.0,46.18716047860313,0.0,0.0,24.325666783590812,163.3292337933401
2398,scarce,133.028400468717,85.24568553004694,9.635624306615458,0.22589012481984622,1.615844932784873,380.4513501207839,0.8665394543753895,1,0,0,40,0,0,0.7626404807400015,0.7515445076172073,0.0,0.05132679373368556,100.0,46.18723836820416,0.0,0.0,24.325666783590812,162.9579024005871
2399,scarce,133.12976714378604,85.3837714079439,9.600742513692577,0.2111820362583547,1.5144679321082601,382.9762040688365,0.870584287705694,1,0,0,40,0,0,0.7628431662689417,0.7503753801343115,0.0,0.05132688029042366,100.0,46.18731625767289,0.0,0.0,24.325666783590812,162.5537650624886
2400,scarce,133.22878905552108,85.51159016642893,9.566380788066052,0.19623978752261653,1.7463963380725058,385.40672472548613,0.8876280268235559,1,0,0,40,0,0,0.7625932985803208,0.7492065275058731,0.0,0.05132696684701472,100.0,46.187394147009286,0.0,0.0,24.325666783590812,171.11576401902826
2401,scarce,133.32531268180585,85.62767253959966,9.533341267131828,0.1795832344532649,1.9520945363741036,387.8040213689528,0.9065210804495083,1,0,0,40,0,0,0.7621487124399486,0.7480381639221892,0.0,0.05132705340345873,100.0,46.187472036213364,0.0,0.0,24.325666783590812,170.68984264556337
2402,scarce,133.4198694366994,85.72963030214689,9.501870802037374,0.16222992931966743,2.012652069956523,392.7181442238216,0.9259921780201356,1,0,0,40,0,0,0.7609526909852148,0.7468711159621055,0.0,0.051327139959755706,100.0,46.18754992528513,0.0,0.0,24.325666783590812,170.20982389975703
2403,scarce,133.51160549219014,85.81711809174948,9.473697074793275,0.14491490770324367,1.8126623136720539,395.6921952180419,0.9460034264062431,1,0,0,40,0,0,0.7605065330102586,0.7457045587757942,0.0,0.05132722651590565,100.0,46.18762781422459,0.0,0.0,24.325666783590812,160.79130437698865
2404,scarce,133.59931152020835,85.89034145158789,9.449727622427366,0.1278200301956879,1.715322643491057,394.84468397863384,0.9733187301400351,1,0,0,40,0,0,0.7600129223542885,0.7445385445612044,0.0,0.05132731307190855,100.0,46.18770570303173,0.0,0.0,24.325666783590812,160.3162944486151
2405,scarce,133.6830895799041,85.94855800564578,9.432406955689284,0.11146031249746924,1.9434479681979782,396.19033846008824,1.0195072497488546,1,0,0,40,0,0,0.7604172095358874,0.7433720856307149,0.0,0.051327399627764406,100.0,46.18778359170655,0.0,0.0,24.325666783590812,177.9359019143526
2406,scarce,133.76178312570744,85.99286066586407,9.42249016496403,0.09609327771326497,1.9723021127818001,397.11667958516045,1.0548601803367395,1,0,0,40,0,0,0.7609185438158821,0.7422050752325176,0.0,0.051327486183473235,100.0,46.18786148024906,0.0,0.0,24.325666783590812,177.4927228305227
2407,scarce,133.83673888141817,86.02310638762167,9.421547579491438,0.08473817992082959,1.768206620440307,395.908895034896,1.0821781499820213,1,0,0,40,0,0,0.7619818400494808,0.7410368952084629,0.0,0.051327572739035016,100.0,46.18793936865925,0.0,0.0,24.325666783590812,177.1256009382766
2408,scarce,133.90564268995234,86.04025369228769,9.428645368567512,0.07422401523565168,1.6673556376719556,393.060555085176,1.1169274696388982,1,0,0,40,0,0,0.7622755510153804,0.7398683921023462,0.0,0.051327659294449754,100.0,46.18801725693712,0.0,0.0,24.325666783590812,176.72839490756695
2409,scarce,133.9687703495932,86.04221413537583,9.444153149759865,0.06864136100859344,1.6936541706915427,391.359407701937,1.159341842801729,1,0,0,40,0,0,0.7627112832716423,0.7386994096907473,0.0,0.05132774584971746,100.0,46.18809514508268,0.0,0.0,24.325666783590812,176.3098937284762
2410,scarce,134.0260267601744,86.02782882211415,9.46687418382229,0.06914908493405424,1.776692035690742,388.2007698957459,1.2031609856782421,1,0,0,40,0,0,0.762404788824726,0.7375307644230402,0.0,0.051327832404838125,100.0,46.18817303309593,0.0,0.0,24.325666783590812,175.81036092233307
2411,scarce,134.07710028684494,85.99740108938931,9.497097579640593,0.07642984704523284,1.878836890462613,386.07470473385183,1.226112445513017,1,0,0,40,0,0,0.7629089636029561,0.736361564563077,0.0,0.051327918959811765,100.0,46.18825092097687,0.0,0.0,24.325666783590812,184.47274003436638
2412,scarce,134.12071947499746,85.95236474736893,9.533706047937219,0.08786956691159069,1.866936518984565,382.9338192361174,1.2196457086234163,1,0,0,40,0,0,0.7628456842695048,0.7351924343103804,0.0,0.051328005514638356,100.0,46.18832880872549,0.0,0.0,24.325666783590812,184.0306953504842
2413,scarce,134.1582050367105,85.8925772269137,9.57611271234501,0.10218315597156297,1.8868408050821088,379.1776579422585,1.2019494298406928,1,0,0,40,0,0,0.763079578444836,0.7340230467740911,0.0,0.05132809206931792,100.0,46.1884066963418,0.0,0.0,24.325666783590812,174.71244195834902
2414,scarce,134.18880255887248,85.8188556166637,9.623788832549945,0.11740922870691538,1.7295987594717825,376.05307467283274,1.1871446696705512,1,0,0,40,0,0,0.7633223023824935,0.7328533922414704,0.0,0.051328178623850446,100.0,46.1884845838258,0.0,0.0,24.325666783590812,183.25481959424818
2415,scarce,134.21211988752174,85.73079047255217,9.674354806220112,0.13382649133660052,1.5164659776746725,372.8945776002802,1.1832286066143358,1,0,0,40,0,0,0.762625779559264,0.7316845038839552,0.0,0.051328265178235924,100.0,46.18856247117748,0.0,0.0,24.325666783590812,200.846422407392
2416,scarce,134.22844271798692,85.62835603976134,9.72880136314134,0.15154456661944748,1.5382518256000566,371.8497531453904,1.1869995750555549,1,0,0,40,0,0,0.7632833463911053,0.730514892202925,0.0,0.051328351732474374,100.0,46.188640358396846,0.0,0.0,24.325666783590812,200.29364044347676
2417,scarce,134.23990106112137,85.51220054270746,9.786408549431362,0.1680463536569186,1.7948578508285569,371.2780141918338,1.1974327034012786,1,0,0,40,0,0,0.7639829354185146,0.7293445109739646,0.0,0.051328438286565796,100.0,46.188718245483905,0.0,0.0,24.325666783590812,199.8930355615152
2418,scarce,134.24432085355255,85.38279571448354,9.847115665650866,0.18463952480968843,1.84489665652875,370.104423139288,1.2014885238101434,1,0,0,40,0,0,0.7653536506923683,0.7281726219582031,0.0,0.05132852484051017,100.0,46.18879613243865,0.0,0.0,24.325666783590812,199.45433479714106
2419,scarce,134.24094992627127,85.24310808156234,9.907678274401828,0.19925737820803566,1.6638675364775921,373.6503748053583,1.1610310616762713,1,0,0,40,0,0,0.7650500979787237,0.7270010668504264,0.0,0.05132861139430751,100.0,46.188874019261085,0.0,0.0,24.325666783590812,198.99837357700412
2420,scarce,134.2307944353135,85.09363544169533,9.967609486879118,0.21230983027350622,1.6333814253984642,378.3862053669509,1.124411698669601,1,0,0,40,0,0,0.7652798363888851,0.7258292590303986,0.0,0.05132869794795782,100.0,46.1889519059512,0.0,0.0,24.325666783590812,198.47882834880457
2421,scarce,134.21345777339042,84.93338943620255,10.025718661538592,0.22706419482786783,1.7961603075034511,379.53429287047766,1.0900363159813504,1,0,0,40,0,0,0.7653010141269776,0.724657427914859,0.0,0.051328784501461104,100.0,46.18902979250902,0.0,0.0,24.325666783590812,198.02618165826635
2422,scarce,134.18877392705997,84.76357201615444,10.081032616171129,0.23969271459945066,1.9005356405088059,381.00017925165594,1.0646010860823398,1,0,0,40,0,0,0.7653944500342804,0.7234854940198212,0.0,0.05132887105481734,100.0,46.18910767893452,0.0,0.0,24.325666783590812,197.43353096613467
2423,scarce,134.15702297704462,84.58556032875353,10.133011072560567,0.2516698684607807,1.9854818380663861,388.13693607089226,1.054518435975738,1,0,0,40,0,0,0.765506260290713,0.7223134371335014,0.0,0.051328957608026554,100.0,46.18918556522771,0.0,0.0,24.325666783590812,205.7018248869374
2424,scarce,134.11890933492205,84.4009095707229,10.181138916421254,0.26142709800148084,1.7499522875874554,393.9952652546781,1.0451126354252671,1,0,0,40,0,0,0.765941574453649,0.7211409014016025,0.0,0.05132904416108873,100.0,46.18926345138859,0.0,0.0,24.325666783590812,214.15439668970083
2425,scarce,134.073632417817,84.21070868343388,10.223784135776949,0.26975883637923087,1.5984951146852544,396.5878288599197,1.034189413837618,1,0,0,40,0,0,0.7658992729347112,0.7199684122013743,0.0,0.05132913071400387,100.0,46.189341337417154,0.0,0.0,24.325666783590812,213.50717575291006
2426,scarce,134.0221755178,84.01493081966518,10.261872323579015,0.2776280867111624,1.6046989546835042,399.6015272132645,1.0320541446749174,1,0,0,40,0,0,0.7668457062696052,0.7187948819244777,0.0,0.051329217266771976,100.0,46.189419223313415,0.0,0.0,24.325666783590812,221.82397529614826
2427,scarce,133.9641589988827,83.81531629491153,10.295101408262013,0.2830631431622587,1.741801870374023,400.80033941491274,1.0307930569827668,1,0,0,40,0,0,0.7677596144530945,0.7176203463485793,0.0,0.05132930381939306,100.0,46.18949710907737,0.0,0.0,24.325666783590812,221.12956061158366
2428,scarce,133.9003791872735,83.61351631632103,10.322111391097852,0.28706094570009816,1.7908321782700554,399.7264281398384,1.0549141395608415,1,0,0,40,0,0,0.7680442773674943,0.7164454976434751,0.0,0.0513293903718671,100.0,46.18957499470901,0.0,0.0,24.325666783590812,220.4280767129429
2429,scarce,133.83162235707545,83.41012141862237,10.341768328614009,0.2894685095634289,1.718017992407986,400.82680444770085,1.0598240125953688,1,0,0,40,0,0,0.767913200444035,0.7152707931229866,0.0,0.051329476924194116,100.0,46.18965288020834,0.0,0.0,24.325666783590812,219.73327242102306
2430,scarce,133.75922712520605,83.20561104971938,10.355948281297994,0.2901352591472263,1.6655381023397484,403.33616336621344,1.0593935041800218,1,0,0,40,0,0,0.7691281098321607,0.7140947522021712,0.0,0.051329563476374095,100.0,46.18973076557536,0.0,0.0,24.325666783590812,219.03339623370903
2431,scarce,133.6835594284781,83.00240488648055,10.363994751427738,0.2889565207751171,1.7970283259481086,406.5038871429424,1.0607303758681734,1,0,0,40,0,0,0.7698073068677269,0.7129179641646168,0.0,0.051329650028407045,100.0,46.18980865081008,0.0,0.0,24.325666783590812,218.32897980976858
2432,scarce,133.60545960525877,82.80271762613901,10.365373639372729,0.284383338179742,1.8758954639747345,412.6352113325556,1.063141658232438,1,0,0,40,0,0,0.7699424424998261,0.7117410274778669,0.0,0.05132973658029297,100.0,46.189886535912485,0.0,0.0,24.325666783590812,217.76312679492548
2433,scarce,133.52324668745754,82.6067354376821,10.35887744434928,0.28025304975714194,1.7597316015292113,417.3951014858103,1.0693557994185166,1,0,0,40,0,0,0.7692644878799768,0.710564836541199,0.0,0.05132982313203185,100.0,46.18996442088258,0.0,0.0,24.325666783590812,217.1607757762914
2434,scarce,133.4378603824457,82.41433886973712,10.345907585077915,0.27505644742939817,1.6738642703622915,422.20020372240106,1.080935035644406,1,0,0,40,0,0,0.7694468106374789,0.7093884450494977,0.0,0.05132990968362371,100.0,46.19004230572038,0.0,0.0,24.325666783590812,216.59767702098347
2435,scarce,133.34993821048528,82.22841632861767,10.325358513376653,0.2669303716513752,1.3999204506174203,423.7669001307513,1.0935558878161367,1,0,0,40,0,0,0.7685754108034858,0.7082130120976139,0.0,0.05132999623506854,100.0,46.19012019042586,0.0,0.0,24.325666783590812,207.08286337919918
2436,scarce,133.26024310010416,82.05065990107059,10.299499486854625,0.256366568573389,1.7446145753735114,424.65445762017043,1.087435463988575,1,0,0,40,0,0,0.7691492284729293,0.7070369479462937,0.0,0.05133008278636634,100.0,46.19019807499904,0.0,0.0,24.325666783590812,197.54700067476634
2437,scarce,133.1687617903095,81.88202144438218,10.268095660175865,0.24423510531880743,1.888406015465033,423.6819285868405,1.0798517769741638,1,0,0,40,0,0,0.7689428546601402,0.7058611108061676,0.0,0.05133016933751711,100.0,46.190275959439916,0.0,0.0,24.325666783590812,197.0937851376098
2438,scarce,133.07773024984562,81.72273334721835,10.230855629695945,0.23101043396396875,1.6834082337678384,423.71891557636263,1.0736199527765944,1,0,0,40,0,0,0.7680053167348225,0.7046863049577592,0.0,0.051330255888520845,100.0,46.19035384374847,0.0,0.0,24.325666783590812,187.68937565210322
2439,scarce,132.98669209341443,81.57178649813042,10.191422367901183,0.21971345808195933,1.6337559053477595,424.38870764565945,1.0680990112456008,1,0,0,40,0,0,0.7691655498274181,0.7035102228529492,0.0,0.05133034243937756,100.0,46.19043172792473,0.0,0.0,24.325666783590812,187.16768191195416
2440,scarce,132.89725962534555,81.43138289732109,10.150560107877714,0.20574149302235317,1.6613734118430301,424.097088553106,1.063054854553241,1,0,0,40,0,0,0.7699588405393133,0.7023332681283558,0.0,0.05133042899008724,100.0,46.19050961196868,0.0,0.0,24.325666783590812,186.62056843569684
2441,scarce,132.81046686766945,81.30184987515099,10.108622437999776,0.19035729139435917,1.8202628640496374,426.0082943653688,1.0592568120210677,1,0,0,40,0,0,0.7701259769115989,0.7011561295537531,0.0,0.05133051554064989,100.0,46.19058749588032,0.0,0.0,24.325666783590812,186.10910753407862
2442,scarce,132.7272457342882,81.18296577987543,10.067137948459422,0.17483287950993717,1.9295554955987513,426.5890927691362,1.0502262331910313,1,0,0,40,0,0,0.7708562722876309,0.6999781876542367,0.0,0.051330602091065526,100.0,46.19066537965967,0.0,0.0,24.325666783590812,185.68457872177956
2443,scarce,132.64644458215773,81.07658233154633,10.027076297183447,0.15859321376427477,1.839888433166191,424.61604206428456,1.0427936199997954,1,0,0,40,0,0,0.7714025343056753,0.6987996448665005,0.0,0.05133068864133412,100.0,46.1907432633067,0.0,0.0,24.325666783590812,185.22562081608766
2444,scarce,132.56985822765108,80.98257506864482,9.989644962203812,0.1417958644966399,1.7006454548707173,424.5180888495961,1.0470113442610531,1,0,0,40,0,0,0.7719508672272385,0.6976204989125505,0.0,0.05133077519145569,100.0,46.190821146821435,0.0,0.0,24.325666783590812,184.78458104911684
2445,scarce,132.4970008806394,80.90102930102867,9.956497046063182,0.12524266122799982,1.719683363505031,425.38589471737214,1.0508542745193756,1,0,0,40,0,0,0.7731908252680306,0.6964399890047557,0.0,0.05133086174143023,100.0,46.19089903020385,0.0,0.0,24.325666783590812,193.35771310984666
2446,scarce,132.42799130576947,80.83151307791881,9.928081224651336,0.10902880228895746,1.8770751813329825,422.9409299124527,1.0570765313985313,1,0,0,40,0,0,0.7742088644866478,0.6952583592538204,0.0,0.051330948291257755,100.0,46.19097691345398,0.0,0.0,24.325666783590812,193.0269742409376
2447,scarce,132.36504596163442,80.7761460885362,9.904586014181906,0.090705918869909,1.7634013090918856,418.758591681486,1.0607077817386168,1,0,0,40,0,0,0.7743607110845154,0.6940765624716274,0.0,0.05133103484093825,100.0,46.1910547965718,0.0,0.0,24.325666783590812,192.5954860315661
2448,scarce,132.30773256756908,80.73478971041179,9.88731942228841,0.073587796561683,1.7702495928147577,418.3518964326504,1.05848246790387,1,0,0,40,0,0,0.7752625911909249,0.6928937736213173,0.0,0.05133112139047171,100.0,46.19113267955731,0.0,0.0,24.325666783590812,192.10765858477268
2449,scarce,132.25813543224854,80.7083974912571,9.876660713889194,0.05641085003823727,1.7953654411907523,420.4275275018663,1.0785298200913198,1,0,0,40,0,0,0.7758038061976504,0.6917103894344999,0.0,0.05133120793985814,100.0,46.19121056241051,0.0,0.0,24.325666783590812,191.58371110077528
2450,scarce,132.21623690826644,80.69706722483058,9.872988273473435,0.044130980605977664,1.6417250823697536,420.7880644778634,1.1085838476842076,1,0,0,40,0,0,0.776336070639877,0.6905264197567961,0.0,0.05133129448909756,100.0,46.19128844513142,0.0,0.0,24.325666783590812,191.09774593462916
2451,scarce,132.18191253349647,80.70147274453608,9.876813457499368,0.04047831680763684,1.8123275887645576,423.1328591518686,1.1386265311021442,1,0,0,40,0,0,0.7769978701344188,0.6893417220996483,0.0,0.05133138103818995,100.0,46.19136632772003,0.0,0.0,24.325666783590812,190.7679753432893
2452,scarce,132.15292227214337,80.72041223733383,9.885616152140623,0.04828204233089222,1.900783094927362,422.16900031256955,1.1259897244167787,1,0,0,40,0,0,0.7762165971131,0.6881578838428238,0.0,0.05133146758713531,100.0,46.19144421017633,0.0,0.0,24.325666783590812,181.25845238239043
2453,scarce,132.13070407856577,80.7536395564241,9.900443610199554,0.06221581322335524,1.7944732100105447,420.6903812831297,1.111253192669844,1,0,0,40,0,0,0.7763296015098435,0.686973921281163,0.0,0.05133155413593365,100.0,46.19152209250033,0.0,0.0,24.325666783590812,180.6830449752944
2454,scarce,132.11635268735418,80.80158588402529,9.918796621947497,0.07875807191902,1.6738893896219715,419.36575917276787,1.0961827976542753,1,0,0,40,0,0,0.774733651581798,0.6857917142644231,0.0,0.051331640684584956,100.0,46.19159997469202,0.0,0.0,24.325666783590812,189.12583899515045
2455,scarce,132.10911437708535,80.86449323212568,9.94010717747268,0.09773842183918635,1.7345152838222746,417.25339246951626,1.0803403643743206,1,0,0,40,0,0,0.7733267452230256,0.6846110548446777,0.0,0.05133172723308925,100.0,46.19167785675141,0.0,0.0,24.325666783590812,179.60860351890517
2456,scarce,132.10995827470015,80.94057237558029,9.965499665636798,0.11492994399597457,1.69896988733407,413.5192066691088,1.062324264403913,1,0,0,40,0,0,0.7735023048600984,0.6834302023093317,0.0,0.051331813781446516,100.0,46.1917557386785,0.0,0.0,24.325666783590812,178.9836840669735
2457,scarce,132.1185145514562,81.02953100190382,9.994310066735448,0.1322631427062656,1.6232535369231123,411.29778999160044,1.0428933750394525,1,0,0,40,0,0,0.7735840726566856,0.6822492598294092,0.0,0.05133190032965676,100.0,46.1918336204733,0.0,0.0,24.325666783590812,178.4734985894874
2458,scarce,132.13398942307245,81.13113523093384,10.026929373288368,0.14938009788279322,1.8130004276564324,412.1003884435486,1.0314115193862163,1,0,0,40,0,0,0.7745099567103056,0.6810672988770279,0.0,0.05133198687771997,100.0,46.191911502135774,0.0,0.0,24.325666783590812,169.01957054344197
2459,scarce,132.1554660188164,81.24448601860419,10.064335114663592,0.1647290533336749,1.772355192740281,415.46614966243214,1.0227697808006273,1,0,0,40,0,0,0.77643494971737,0.6798832204323387,0.0,0.05133207342563618,100.0,46.19198938366598,0.0,0.0,24.325666783590812,168.54076020246293
2460,scarce,132.1833068565284,81.36989551039493,10.103813705459794,0.18094743574450747,1.7730967934110633,415.46196736732236,1.0143969180196895,1,0,0,40,0,0,0.776942760656809,0.6786985833956163,0.0,0.051332159973405345,100.0,46.192067265063855,0.0,0.0,24.325666783590812,168.03047150239001
2461,scarce,132.2178877727773,81.50474050540063,10.14324199263639,0.1949772710961574,1.6640781614802749,409.9982579328789,1.0060170286720695,1,0,0,40,0,0,0.7768193954027804,0.6775140820606733,0.0,0.051332246521027504,100.0,46.19214514632945,0.0,0.0,24.325666783590812,167.50923205645978
2462,scarce,132.25989531439546,81.65041342461517,10.181888175106728,0.2103414130978919,1.5835488212233364,407.66894614184275,0.9937779135067009,1,0,0,40,0,0,0.7765124422727719,0.6763299183741732,0.0,0.051332333068502635,100.0,46.19222302746274,0.0,0.0,24.325666783590812,166.94470652401156
2463,scarce,132.30947036422475,81.80456629903058,10.219537204010425,0.22227456248564725,1.5428305464113035,406.6191520704888,0.9893560601851432,1,0,0,40,0,0,0.7769001571682679,0.675145328201288,0.0,0.05133241961583074,100.0,46.19230090846372,0.0,0.0,24.325666783590812,148.39345641922094
2464,scarce,132.36662168466944,81.96672855358503,10.254687149768127,0.23405891212483387,1.6957867127420987,404.6737114551215,0.996522210279632,1,0,0,40,0,0,0.7768387790941046,0.6739608055442845,0.0,0.05133250616301182,100.0,46.19237878933241,0.0,0.0,24.325666783590812,138.84147228872592
2465,scarce,132.43056849301567,82.1358894361897,10.286337764646374,0.2442778687358825,1.8633193251459246,399.700292290785,1.0035848626931736,1,0,0,40,0,0,0.7766606912916306,0.6727764787838638,0.0,0.051332592710045886,100.0,46.19245667006879,0.0,0.0,24.325666783590812,138.20164598422147
2466,scarce,132.50104085584778,82.31180876513488,10.315215503200054,0.2536840627420926,1.7352952798735028,398.8764549110638,1.0024322447760527,1,0,0,40,0,0,0.7775146248302356,0.6715912126965505,0.0,0.05133267925693294,100.0,46.19253455067289,0.0,0.0,24.325666783590812,137.56880696235675
2467,scarce,132.57759088060692,82.49436771281657,10.341220606386255,0.2625958623920093,1.7361386785589445,405.27835701841104,1.0020980429516404,1,0,0,40,0,0,0.7784637384506714,0.6704049025842548,0.0,0.05133276580367296,100.0,46.192612431144674,0.0,0.0,24.325666783590812,137.02407642366083
2468,scarce,132.66051545589175,82.68126736650612,10.365729153102368,0.26918778323486714,1.89364372231011,411.76942258584313,1.002224624033327,1,0,0,40,0,0,0.7806586663652813,0.6692161780512531,0.0,0.05133285235026596,100.0,46.19269031148417,0.0,0.0,24.325666783590812,136.45631273079204
2469,scarce,132.74888627293683,82.87141171206466,10.385863224704442,0.2739539908577627,1.8627574151979833,414.93217707949225,1.0027717878333209,1,0,0,40,0,0,0.7809216562937602,0.6680271642293298,0.0,0.05133293889671194,100.0,46.192768191691364,0.0,0.0,24.325666783590812,126.90749752828076
2470,scarce,132.84227991394965,83.06441009532475,10.402267178061852,0.2785737227893851,1.9548924510494046,415.80649239802733,0.9851468284253556,1,0,0,40,0,0,0.7817980015135924,0.666837186427665,0.0,0.05133302544301092,100.0,46.19284607176626,0.0,0.0,24.325666783590812,126.35292740800148
2471,scarce,132.94094322391373,83.25808535248677,10.41385735523357,0.28049059443297664,2.038998926633878,414.96336080490437,0.9644343615525872,1,0,0,40,0,0,0.7819978194625197,0.6656469888262562,0.0,0.051333111989162857,100.0,46.192923951708856,0.0,0.0,24.325666783590812,125.77281851281646
2472,scarce,133.04475554476068,83.45053010596061,10.420655414522134,0.2804807525505211,1.8861439713463628,419.17807542335504,0.9577604006104506,1,0,0,40,0,0,0.7822127970153059,0.6644565547495394,0.0,0.05133319853516778,100.0,46.19300183151916,0.0,0.0,24.325666783590812,125.13429071109908
2473,scarce,133.15218203625727,83.64192302663353,10.421038569780194,0.28010533415920835,1.8668062568599264,424.25766592510627,0.9415608119957337,1,0,0,40,0,0,0.7815489568015804,0.6632668508970576,0.0,0.051333285081025685,100.0,46.19307971119716,0.0,0.0,24.325666783590812,142.59812333637643
2474,scarce,133.2622963413919,83.83284977044391,10.41776020250225,0.2788293157724506,1.7021967045159798,427.94426608103095,0.9476737868327462,1,0,0,40,0,0,0.7826996575864053,0.6620758812737124,0.0,0.051333371626736575,100.0,46.193157590742864,0.0,0.0,24.325666783590812,151.0813650932264
2475,scarce,133.37487364765684,84.02097975412474,10.410320442595065,0.2751596292963277,1.8373684000154422,429.7598157143293,0.9540509232441386,1,0,0,40,0,0,0.7831512898297797,0.6608844148548998,0.0,0.05133345817230045,100.0,46.19323547015628,0.0,0.0,24.325666783590812,150.6044294790278
2476,scarce,133.4885422294362,84.20548108810628,10.398476834863652,0.27062303292823053,1.913433278917217,430.2350472329272,0.9611130904127031,1,0,0,40,0,0,0.7831463224512215,0.6596929539002033,0.0,0.051333544717717304,100.0,46.193313349437396,0.0,0.0,24.325666783590812,150.06625490765614
2477,scarce,133.60346642290943,84.38560124281817,10.38158313726111,0.26557086247711165,1.5999642150091868,428.8967410449404,0.9697026190334124,1,0,0,40,0,0,0.7824294030313806,0.6585022815568689,0.0,0.05133363126298713,100.0,46.19339122858621,0.0,0.0,24.325666783590812,158.63143646545322
2478,scarce,133.71829377763393,84.56078365791497,10.360478123109994,0.25940093366197314,1.6906509739933866,429.0430167958257,0.9790080735793314,1,0,0,40,0,0,0.7820798818247224,0.6573119936868617,0.0,0.051333717808109955,100.0,46.19346910760274,0.0,0.0,24.325666783590812,176.15635770560246
2479,scarce,133.833437877265,84.72971432674608,10.336044648810505,0.2509128280080535,1.9438996008536633,429.079469210963,0.9891229746627973,1,0,0,40,0,0,0.7821126219127824,0.6561216698027577,0.0,0.05133380435308575,100.0,46.19354698648696,0.0,0.0,24.325666783590812,157.64969341050363
2480,scarce,133.94759760732484,84.89260951513053,10.30865833671382,0.24192395106413764,1.960348782778576,427.74099728514557,0.994944766489628,1,0,0,40,0,0,0.7821884354216744,0.6549312625237937,0.0,0.05133389089791454,100.0,46.19362486523889,0.0,0.0,24.325666783590812,157.18072580674823
2481,scarce,134.0591132064574,85.04600492414468,10.278301404338817,0.22981708875140064,1.8917138979298305,425.88722735816555,1.0057093623563613,1,0,0,40,0,0,0.7816199641327806,0.6537414805632477,0.0,0.05133397744259631,100.0,46.19370274385853,0.0,0.0,24.325666783590812,156.66928893871392
2482,scarce,134.16602408925007,85.18941999916673,10.245122111139887,0.21590372173681047,1.873376992829406,424.9708668843814,1.010998930647887,1,0,0,40,0,0,0.7808249159920504,0.6525525731556565,0.0,0.051334063987131064,100.0,46.19378062234587,0.0,0.0,24.325666783590812,165.17906846914082
2483,scarce,134.2680797721643,85.32244910270765,10.210605310972628,0.20107742677429163,1.8589766263847676,423.35897481957363,1.0067972417149034,1,0,0,40,0,0,0.7807141871160226,0.6513637875498288,0.0,0.051334150531518796,100.0,46.19385850070091,0.0,0.0,24.325666783590812,164.61599874660607
2484,scarce,134.36527194330148,85.44412656974063,10.176470527923609,0.18536941717477404,1.7311639345920633,424.06920885162253,1.0211665650594488,1,0,0,40,0,0,0.7811802897768254,0.6501744892310743,0.0,0.05133423707575952,100.0,46.193936378923674,0.0,0.0,24.325666783590812,164.08429154044842
2485,scarce,134.45631966698124,85.55547544513061,10.143152373371798,0.1695518285622411,1.9873116806175428,424.82374379785324,1.0444964403707295,1,0,0,40,0,0,0.7812529987637519,0.6489851109324342,0.0,0.051334323619853225,100.0,46.194014257014125,0.0,0.0,24.325666783590812,172.56451757970822
2486,scarce,134.54099738426947,85.65510478570492,10.111684814824317,0.15223230591306663,1.9065215483330942,427.5466089529946,1.0649946713385314,1,0,0,40,0,0,0.7812763511417206,0.6477957069461783,0.0,0.05133441016379991,100.0,46.19409213497229,0.0,0.0,24.325666783590812,172.06644906260658
2487,scarce,134.61790508081367,85.74258050353873,10.080864778527864,0.13350179296204473,1.8937324774359408,426.36532139885094,1.0798591543792972,1,0,0,40,0,0,0.7800968840025082,0.6466076003737755,0.0,0.05133449670759959,100.0,46.19417001279816,0.0,0.0,24.325666783590812,171.59372768327128
2488,scarce,134.68768091985655,85.81756001457708,10.053050606796068,0.11490323303155271,1.8355085974176468,426.0361681011709,1.0944688245109853,1,0,0,40,0,0,0.780174368598045,0.6454194085683177,0.0,0.05133458325125225,100.0,46.19424789049174,0.0,0.0,24.325666783590812,171.10603669176254
2489,scarce,134.75066021308476,85.87933545303402,10.028010024254025,0.09581517684122408,1.8974499137653695,431.3398796532492,1.0897575952644065,1,0,0,40,0,0,0.7797707519629535,0.6442316607411585,0.0,0.0513346697947579,100.0,46.19432576805303,0.0,0.0,24.325666783590812,170.65351876943296
2490,scarce,134.80665642749912,85.92812970526703,10.005697491095038,0.07662078779072706,1.8359719752346746,434.3608412718968,1.0821738591185557,1,0,0,40,0,0,0.7790397370936436,0.6430447170303555,0.0,0.05133475633811654,100.0,46.194403645482026,0.0,0.0,24.325666783590812,179.2303096741902
2491,scarce,134.85452957483076,85.96269099333433,9.987355185253923,0.057494328994295865,1.668018972118911,434.8505820402934,1.0749549651474244,1,0,0,40,0,0,0.778767820057546,0.6418580724282922,0.0,0.05133484288132815,100.0,46.194481522778716,0.0,0.0,24.325666783590812,178.80880807089315
2492,scarce,134.89514951950366,85.9838551416556,9.975279554397979,0.04157897997461348,1.7905111388215276,434.13246950731263,1.0698767232714865,1,0,0,40,0,0,0.7799291416649574,0.6406701503724607,0.0,0.05133492942439276,100.0,46.194559399943124,0.0,0.0,24.325666783590812,178.27751883556266
2493,scarce,134.92894385313767,85.99169645699268,9.969588643545624,0.030455544492684714,1.7896276863669691,433.3809544636679,1.0973185654515567,1,0,0,40,0,0,0.7806018133688086,0.6394814883777551,0.0,0.05133501596731036,100.0,46.19463727697525,0.0,0.0,24.325666783590812,177.72633535122426
2494,scarce,134.95350783729208,85.98479448901699,9.96972221328009,0.02983338815579563,1.8243776792009616,435.0360541529517,1.1338547124499156,1,0,0,40,0,0,0.7803864407758059,0.6382930632929016,0.0,0.051335102510080936,100.0,46.194715153875066,0.0,0.0,24.325666783590812,186.3010163911673
2495,scarce,134.96967946773023,85.96489790842381,9.9764508525789,0.04093707325530716,1.7723985426262288,436.7806078508074,1.1756483298671616,1,0,0,40,0,0,0.7809908123977604,0.6371039733992641,0.0,0.05133518905270451,100.0,46.19479303064261,0.0,0.0,24.325666783590812,185.9225667980645
2496,scarce,134.9771544871698,85.93205387167684,9.989423454487378,0.057651140870664516,1.8430308621395899,434.7149945787678,1.2175609094972408,1,0,0,40,0,0,0.7812692748683869,0.6359145771969089,0.0,0.05133527559518107,100.0,46.194870907277846,0.0,0.0,24.325666783590812,185.52214723991557
2497,scarce,134.97681607738306,85.88683264457988,10.01006678774346,0.07495498287627471,1.7097262067154557,431.78381083727436,1.207932590513409,1,0,0,40,0,0,0.7826371386723849,0.6347236763443693,0.0,0.051335362137510616,100.0,46.194948783780795,0.0,0.0,24.325666783590812,185.0921535595798
2498,scarce,134.9690368084693,85.82858610999881,10.037783309793948,0.09281967036642727,1.7925304077509836,429.94640457731293,1.187412463975588,1,0,0,40,0,0,0.7834639245521773,0.6335318660273619,0.0,0.051335448679693155,100.0,46.19502666015146,0.0,0.0,24.325666783590812,184.71043215099363
2499,scarce,134.95311978443206,85.75730542050299,10.070548863021923,0.11101764794978806,1.7105808177338004,425.95044191704073,1.1685391137688168,1,0,0,40,0,0,0.7830021691057579,0.6323405636413455,0.0,0.05133553522172867,100.0,46.19510453638983,0.0,0.0,24.325666783590812,184.34874149476707
