step,scenario,centroid_x,centroid_y,spread,polarization,mean_nearest_neighbour_distance,convex_hull_area,elongation_ratio,number_of_clusters,grazing_count,walking_count,travelling_count,regrouping_count,resting_count,mean_speed,mean_energy,mean_food_intake,field_mean_food,field_health_pct,field_biomass_pct,mean_grazing_pressure,degraded_area_pct,mean_ndvi_pct,mean_azimuth_deg
0,abundant,110.62682287579344,70.30741904082274,13.246511125681977,0.48635694365797505,4.090577500224247,1612.0227414687688,0.8966799672027906,4,40,0,0,0,0,0.16932657046251956,0.8498757407724911,0.014000000000000002,0.30260849683966196,99.99986523856889,81.96931540540953,2.045383523960292e-05,0.0,32.101638189242415,125.15408639209693
1,abundant,110.66490233779182,70.39283688484225,13.317181665900813,0.5109924412959167,4.103670453010312,1617.2690892718492,0.8982695930588684,4,40,0,0,0,0,0.18088998580994903,0.8497387617881003,0.014000000000000002,0.30249521805542195,99.99970461139402,81.9386309253269,4.090696028892312e-05,0.0,32.101638189242415,122.84929503531548
2,abundant,110.69604683962977,70.46830327737229,13.400203914371605,0.44336778421903944,4.114599531018198,1622.3780181251168,0.9000594095238865,4,40,0,0,0,0,0.18234716995405806,0.8496001799011508,0.014000000000000002,0.3023819396941827,99.99941928354926,81.90794655982494,6.135937517261957e-05,0.0,32.101638189242415,108.18021855208136
3,abundant,110.73228591603242,70.53893946118482,13.495674300469867,0.429754590501028,4.109819647213884,1628.323152702931,0.900961567981261,4,39,1,0,0,0,0.18398212150931142,0.8494499995674903,0.01365,0.30227150265684144,99.99898077613986,81.87803184017626,8.129973403436025e-05,0.0,32.101638189242415,112.66819487624491
4,abundant,110.75883106473646,70.61459868701591,13.576455589265668,0.42865410949371335,4.115793924077696,1634.1376382722592,0.9040225931885207,4,39,1,0,0,0,0.1840304051889012,0.8492997661217826,0.01365,0.30216106603640147,99.9983526261989,81.84811723345605,0.00010123940053454959,0.0,32.101638189242415,133.0253227572179
5,abundant,110.78324655814194,70.67789503489712,13.681270578560998,0.37485879125719557,4.122177673002198,1642.8090349147278,0.90425240030262,4,39,1,0,0,0,0.18425209717793653,0.8491492888148867,0.01365,0.3020506298288976,99.99758702335933,81.81820273859023,0.0001211783746972275,0.0,32.101638189242415,154.74189285097927
6,abundant,110.8003766538473,70.72729824761119,13.779821607850451,0.2788126785311221,4.130977711627895,1651.6763595974408,0.9017825841770531,4,38,2,0,0,0,0.18595242883075175,0.8489871411431729,0.013300000000000001,0.30194303494262376,99.99665106685951,81.78905788885503,0.00014060531066544294,0.0,32.101638189242415,147.11078986640615
7,abundant,110.81984088961326,70.79036167104911,13.892119982152474,0.3708172920835441,4.149081038254576,1657.5325695807878,0.8967441041265833,4,34,6,0,0,0,0.1937363095485331,0.8487772312026693,0.011899999999999999,0.30184680407503484,99.99593330954511,81.76299127664977,0.0001579861885750211,0.0,32.101638189242415,139.3875717704979
8,abundant,110.83086287680851,70.84837050965112,14.011259674999517,0.31420331630923526,4.153694453202702,1668.0907107641615,0.8950944148113058,4,32,8,0,0,0,0.2007870504191648,0.8485399654472083,0.011200000000000002,0.3017562553971496,99.99527912854846,81.73846383206501,0.00017434377123039122,0.0,32.101638189242415,138.50863938261438
9,abundant,110.84031769216469,70.90570039173217,14.152379895916733,0.3212652646341953,4.159013700253768,1680.5956104315555,0.8930421155707124,4,31,9,0,0,0,0.20607828751615226,0.8482870793309404,0.010850000000000002,0.3016685479913785,99.9946923041965,81.71470601930653,0.0001901894400430118,0.0,32.101638189242415,144.4128582070319
10,abundant,110.8482271932196,70.93983077413392,14.286226330485647,0.19969292323505441,4.15679774247257,1690.014771192269,0.8904192731379366,4,30,10,0,0,0,0.20988428107578336,0.8480202066217573,0.0105,0.30158368185578094,99.99404933646335,81.69171783784869,0.0002055232127873605,0.0,32.101638189242415,156.54252997394377
11,abundant,110.86046300475198,70.97943932066065,14.440475498250402,0.23601674947958368,4.154567400999918,1701.326383111289,0.8898399053302075,4,28,12,0,0,0,0.21521101812420396,0.8477278745018204,0.0098,0.3015044978781067,99.99342367089798,81.67026881540278,0.00021983376135630762,0.0,32.101638189242415,162.5508454915634
12,abundant,110.87960879804982,71.01729690822802,14.592118408035777,0.20999904145014428,4.122553076848243,1710.410548466145,0.887626639141391,3,26,14,0,0,0,0.22147811062594816,0.847409048580132,0.0091,0.3014309960445393,99.99285602319456,81.65035894822627,0.0002331211212778536,0.0,32.101638189242415,157.90185696894005
13,abundant,110.90391032936353,71.0646170026308,14.74723970356215,0.2702266398216877,4.095990236688456,1717.7835742528332,0.885201730673166,3,25,15,0,0,0,0.22558474820221946,0.8470759053571093,0.008749999999999999,0.3013603354301511,99.99223357669294,81.63121869853727,0.0002458966739597553,0.0,32.101638189242415,163.4913414949101
14,abundant,110.92540204695543,71.10448350810749,14.904985156367252,0.19711032528594427,4.069613210230513,1726.4327706148106,0.8842584089031685,3,22,18,0,0,0,0.2327070989915975,0.8467055275482185,0.007700000000000001,0.30129819783930983,99.99169300142073,81.61438712957805,0.00025713774541080876,0.0,32.101638189242415,167.86542705219586
15,abundant,110.9459220787849,71.15536020115874,15.06846356056364,0.25349232837211294,4.060751265911567,1732.5474286226308,0.8830019569117706,3,21,19,0,0,0,0.23724294427385334,0.8463203603095172,0.007350000000000001,0.301238901441235,99.9911373260582,81.59832517095177,0.0002678670806726675,0.0,32.101638189242415,152.88260974548396
16,abundant,110.95467972331278,71.20226249552067,15.236371674143305,0.19783562771725435,4.034718725383186,1740.387946912022,0.8818232672925732,3,19,21,0,0,0,0.24260896334006085,0.8459096904498432,0.0066500000000000005,0.3011852871188217,99.99059302678384,81.5838023490547,0.0002775733516326505,0.0,32.101638189242415,166.45019601733765
17,abundant,110.96720424939215,71.2523696132029,15.421652629196297,0.2374909933186133,4.026178199427482,1750.6486865183033,0.8809936118513848,3,16,24,0,0,0,0.24978839667800262,0.8454617232134976,0.005600000000000001,0.30114019574691464,99.99015965959643,81.57158818810247,0.0002857452479322172,0.0,32.101638189242415,154.30537848413047
18,abundant,110.9710962628427,71.30108637948857,15.603423168385552,0.19308469969196643,3.997524789375015,1756.9443074658375,0.8789347428498209,3,12,28,0,0,0,0.2587586126952385,0.8449646887395327,0.004200000000000001,0.3011064681926191,99.9898369303305,81.56245221021427,0.0002918714769663503,0.0,32.101638189242415,169.64684171919157
19,abundant,110.97467609159227,71.3398778933945,15.804154554510777,0.16009917039010482,3.972598244193672,1766.9594051457934,0.8760078228230522,3,10,30,0,0,0,0.26630274105080176,0.8444397557243768,0.0035000000000000005,0.30107842261488976,99.98966355314955,81.55485534221278,0.0002969748015259103,0.0,32.101638189242415,162.72346804926497
20,abundant,110.96735311362605,71.37045552323409,16.010496787434228,0.11322479524336083,3.939875516331913,1779.3073375709646,0.8747347231149377,3,10,30,0,0,0,0.27007965969294484,0.8439106680987145,0.0035000000000000005,0.30105037719427397,99.9894664132806,81.54725851676953,0.00030207794888977723,0.0,32.101638189242415,165.04825295750976
21,abundant,110.95997397220194,71.39999525996537,16.22217008717439,0.10879697068029695,3.9341091153724053,1792.0505279012104,0.872883292803026,3,10,30,0,0,0,0.2719316276001752,0.8433795433083542,0.0035000000000000005,0.30102233192572847,99.98927724753894,81.53966173251845,0.0003071809190641036,0.0,32.101638189242415,163.52371446399707
22,abundant,110.94800830436775,71.42576549274652,16.44159006709642,0.11229785718477805,3.9266487945893487,1804.7634584741427,0.8719023391095578,3,11,29,0,0,0,0.26987591259673555,0.842860479804498,0.0038500000000000006,0.3009914459127789,99.9890384793925,81.53129545938495,0.0003127950579360318,0.0,32.101638189242415,173.84909767235723
23,abundant,110.9287290768269,71.44938394189396,16.65437011403558,0.09427445347156066,3.9203839340939153,1816.7288710243047,0.8716378391143376,3,11,29,0,0,0,0.27004266385286924,0.8423412328742597,0.0038500000000000006,0.3009605600807744,99.98889213128712,81.52292923526508,0.0003184090018759667,0.0,32.101638189242415,181.91156928760842
24,abundant,110.91083168472178,71.47255295038315,16.86749645482375,0.10501995844928574,3.896262363758172,1826.1852946752115,0.8708424560831883,3,11,29,0,0,0,0.2689234335051255,0.841823217097404,0.0038500000000000006,0.3009296744283514,99.98872190673534,81.51456305978951,0.00032402275089067677,0.0,32.101638189242415,183.67716719837307
25,abundant,110.89809821039066,71.49555627110414,17.077954062736428,0.09510382588496616,3.8896922632589956,1838.806648941998,0.8706514844735628,2,13,27,0,0,0,0.2634148936229138,0.8413308607144188,0.00455,0.30089310716860945,99.98846483400841,81.50465787444737,0.0003306589967489102,0.0,32.101638189242415,191.70891288847028
26,abundant,110.8895870692473,71.5104278367654,17.278572465575017,0.06698968415883005,3.8915763989013095,1850.7586183955864,0.8695036158769263,2,15,25,0,0,0,0.2572582168583627,0.8408648766758745,0.00525,0.30085085832096015,99.98818923226659,81.49321368449684,0.00033831770394792077,0.0,32.101638189242415,184.53132450410072
27,abundant,110.88128531098774,71.53867155155316,17.4779902487867,0.1385277334376033,3.9065977659615805,1864.923972076449,0.8690108498807846,2,15,25,0,0,0,0.25740014461657984,0.8403987365167964,0.00525,0.3008086096933913,99.9879276554556,81.48176955416075,0.0003459761452242147,0.0,32.101638189242415,190.86183104242338
28,abundant,110.86134808504501,71.5600601750832,17.677692515160842,0.11939624333847133,3.9327751699257147,1881.3448503707186,0.8687853210613553,3,14,26,0,0,0,0.2597479560513242,0.8399202137651398,0.0049,0.30076920218732633,99.98770417372495,81.47109501485431,0.0003531229747060353,0.0,32.101638189242415,183.7713345277586
29,abundant,110.84498038785901,71.58380732686476,17.881586647679832,0.11774941961497125,3.9655094023309756,1895.0129521569506,0.8675257546408494,3,13,27,0,0,0,0.2630231573610121,0.8394282882920427,0.00455,0.30073263578805504,99.98752077845714,81.46119006259286,0.00035975821015737263,0.0,32.101638189242415,191.96157099974855
30,abundant,110.83475063722017,71.61122269331989,18.095810519768868,0.13394669229098402,3.976643635692116,1908.87069272824,0.8664972894370371,3,14,26,0,0,0,0.26101671446982355,0.8389483699061259,0.0049,0.3006932286873182,99.98732675468884,81.45051563307997,0.00036690456110357987,0.0,32.101638189242415,181.61780296180288
31,abundant,110.83075601736161,71.63709218965948,18.3100441042835,0.12856067438716662,4.008369141180085,1925.8807173724745,0.8647998956158788,3,14,26,0,0,0,0.2622640788342604,0.8384670794194081,0.0049,0.3006538217912265,99.987014906771,81.43984125900053,0.0003740506639169094,0.0,32.101638189242415,189.64523986376722
32,abundant,110.82358126682429,71.65940867318005,18.525723626542412,0.09639134512030974,4.03890420632954,1941.3581657386312,0.8639388261976964,3,13,27,0,0,0,0.26440166539706356,0.8379736375874713,0.00455,0.3006172559963848,99.986771112105,81.4299364704644,0.0003806851727249867,0.0,32.101638189242415,180.88330795747873
33,abundant,110.81349579584813,71.68804225750314,18.735010934825247,0.12510532148066472,4.053800741346422,1952.137185787782,0.8622414144430951,3,13,27,0,0,0,0.26511867053384336,0.837479407049884,0.00455,0.30058069039529367,99.986501445659,81.42003173441064,0.0003873194511721741,0.0,32.101638189242415,174.14788374999375
34,abundant,110.80686107269875,71.71067646943182,18.94038021613436,0.11470261799261178,4.093279653244508,1967.801085349205,0.8622189864492426,3,14,26,0,0,0,0.26151257541535267,0.8369989432169274,0.0049,0.3005412840901946,99.98619262399667,81.40935752041678,0.0003944648451474604,0.0,32.101638189242415,175.73102907841843
35,abundant,110.80554548483363,71.73627261243696,19.145822298321896,0.1372880533051063,4.147287473996778,1982.9551653624112,0.8622320546956742,3,14,26,0,0,0,0.2620146695057062,0.836517927080471,0.0049,0.3005018779874186,99.98586957626488,81.39868336122734,0.00040160999102309647,0.0,32.101638189242415,193.042383623053
36,abundant,110.81147852175994,71.76824096627878,19.35371655209452,0.16153181589324428,4.195382131617066,1996.3756787730126,0.8620049043091063,3,13,27,0,0,0,0.26428639647426344,0.8360246120443492,0.00455,0.30046531298566703,99.98555326070152,81.38877878752014,0.0004082435429267067,0.0,32.101638189242415,175.47390827560343
37,abundant,110.81751004726041,71.79814154111298,19.559513325546142,0.14603778110723323,4.244976922011557,2011.3193174323897,0.8621546421642002,3,13,27,0,0,0,0.26541754953601054,0.8355300527398597,0.00455,0.3004287481765,99.98531570534577,81.37887426597942,0.00041487686450265236,0.0,32.101638189242415,177.65676412901948
38,abundant,110.83085303812788,71.83297154891027,19.75764771918326,0.17318272972091397,4.2642095735378875,2024.0075312966073,0.8619261252571516,3,15,25,0,0,0,0.25962816141684625,0.8350614617623009,0.00525,0.30038650177467957,99.98508367914796,81.3674307385447,0.000422532647520911,0.0,32.101638189242415,174.76160881392488
39,abundant,110.85367749216232,71.87085860733092,19.95279333617907,0.19264134787672818,4.283594476536541,2034.0622743031927,0.8612395472267674,3,16,24,0,0,0,0.25697541471706054,0.8346055888061124,0.0056,0.30034141469888787,99.98485193468139,81.3552177413061,0.00043069951059897547,0.0,32.101638189242415,167.50856250450096
40,abundant,110.88068710494694,71.91256810212299,20.148590676712107,0.2146850556509657,4.296844001967449,2047.4959120282074,0.8600546061371144,3,16,24,0,0,0,0.256436049860323,0.834150309151266,0.005600000000000001,0.3002963278635876,99.98469492978764,81.34300480921083,0.0004388660901103284,0.0,32.101638189242415,175.01578697241956
41,abundant,110.90349233096995,71.95336522900693,20.34576040040327,0.20115357570573902,4.317639224130086,2059.8850578911843,0.8612008511505916,3,16,24,0,0,0,0.2577386502891166,0.8336935966359478,0.005600000000000001,0.3002512412745529,99.9845314148318,81.33079194382292,0.0004470323860648154,0.0,32.101638189242415,201.36232432901835
42,abundant,110.91809271228335,71.99755803120263,20.547238561682917,0.21414831979459387,4.319201812368061,2074.704384657074,0.8614203325319293,3,18,22,0,0,0,0.2524525052137899,0.8332622988802125,0.0063,0.3002004731307755,99.98428368899644,81.31704008281011,0.0004562210902342625,0.0,32.101638189242415,168.68874003604546
43,abundant,110.93704028266106,72.03434443147887,20.7450363900629,0.18510517639021903,4.314612803770343,2092.04234037935,0.8635387873188588,3,19,21,0,0,0,0.24874862946108706,0.8328448753878055,0.0066500000000000005,0.30014686435580556,99.98400290898574,81.30251876358112,0.00046592082123801074,0.0,32.101638189242415,170.04256182278257
44,abundant,110.96008432864755,72.06700985496587,20.93492448874789,0.1755861721149888,4.319255194028114,2107.880108483245,0.8649297923782648,3,19,21,0,0,0,0.24849969671964267,0.8324277257214139,0.0066500000000000005,0.3000932558561209,99.98367241820448,81.28799751892028,0.0004756202154513906,0.0,32.101638189242415,184.91507053830418
45,abundant,110.98888232731295,72.1095744969014,21.125694484444836,0.23020108029346817,4.3165047978236215,2125.1478866704238,0.8670577922659684,3,19,21,0,0,0,0.24958659257038346,0.8320093804695864,0.0066500000000000005,0.30003964762913005,99.98327517667526,81.27347634812556,0.00048531927288609594,0.0,32.101638189242415,173.47280641196897
46,abundant,111.010123090048,72.14711447861046,21.31945081216011,0.20387604110367577,4.3300529345559315,2143.954299240926,0.8704284669750868,3,20,20,0,0,0,0.24591655797203948,0.8316048722558171,0.007000000000000001,0.29998319877909435,99.98282671454129,81.25818572132172,0.0004955293394348105,0.0,32.101638189242415,166.51376396214596
47,abundant,111.033776876129,72.1842956382043,21.51008751918112,0.2033167271519887,4.315356766729619,2159.0386572165226,0.8734435909487818,3,20,20,0,0,0,0.24567740586457815,0.8312006271093659,0.007000000000000001,0.29992675021826604,99.98234503200365,81.24289517285715,0.0005057390514734803,0.0,32.101638189242415,190.75409890206416
48,abundant,111.05678868960572,72.22750180271235,21.69102733813578,0.22351471354001404,4.315590345810089,2174.6533113527003,0.878433183057894,3,21,19,0,0,0,0.24312199816282223,0.8308089929113869,0.007350000000000001,0.2998674610436175,99.98177281065068,81.22683517088217,0.0005164597548954043,0.0,32.101638189242415,172.55736261789008
49,abundant,111.07286313653321,72.28093185213905,21.88262057335342,0.25510078480081266,4.301473821685165,2189.5992899354533,0.883992535270932,3,18,22,0,0,0,0.24598440852153153,0.8303848100620133,0.0063,0.29981669486196727,99.98146232861073,81.21308384136209,0.0005256460484341739,0.0,32.101638189242415,158.45382226532345
50,abundant,111.09295137266979,72.32901493702921,22.07518556867705,0.23106894853695387,4.297463135752385,2203.670491178589,0.8890281550361093,4,18,22,0,0,0,0.24940890065732474,0.8299568602712901,0.0063,0.29976592894022075,99.98109826953096,81.19933258224363,0.0005348320230099558,0.0,32.101638189242415,155.67626941595785
51,abundant,111.11401108367643,72.3759351122031,22.26088238427452,0.22416148055637655,4.286857445147022,2215.0556902916032,0.8960171602345008,4,19,21,0,0,0,0.24807982321945193,0.8295401724657487,0.0066500000000000005,0.29971232238665774,99.98071459078731,81.18481186474001,0.0005445290245148144,0.0,32.101638189242415,173.31140213107034
52,abundant,111.1405691575313,72.42795108574315,22.448330428127328,0.2584157599363733,4.265162936516953,2227.2085442552852,0.901730702948143,4,19,21,0,0,0,0.24862635270098438,0.8291228834777776,0.0066500000000000005,0.29965871610605765,99.98029270482284,81.17029122117545,0.0005542256893240773,0.0,32.101638189242415,165.60288604419628
53,abundant,111.16072836304235,72.49376808387629,22.63972132796828,0.3106792894202314,4.252108734559609,2239.63881311383,0.9068751086356603,4,19,21,0,0,0,0.24705639137831398,0.8287073214472613,0.0066500000000000005,0.29960511010228774,99.97985869146362,81.15577065259747,0.0005639220174494351,0.0,32.101638189242415,144.90805205106668
54,abundant,111.18291260648455,72.55513505878969,22.827758069863204,0.2869631927294342,4.238999646487281,2251.8556036912596,0.9132890898649956,4,19,21,0,0,0,0.24762605256372594,0.8282911327894412,0.0066500000000000005,0.2995515043730534,99.97936165709616,81.14125015838452,0.0005736180089025781,0.0,32.101638189242415,143.5230554897772
55,abundant,111.21000254352403,72.62828787042032,23.00848569222013,0.3445380409446716,4.216018363051961,2260.5657604477674,0.9186442535773844,4,19,21,0,0,0,0.24857799463829738,0.8278738969953391,0.0066500000000000005,0.29949789893388334,99.97889328469259,81.12672974274298,0.000583313663695196,0.0,32.101638189242415,151.96942513617978
56,abundant,111.24028014668974,72.69368613494598,23.18052631074922,0.3086199568116679,4.187136934165606,2265.9774207559676,0.9243411915668112,4,20,20,0,0,0,0.2444792413218458,0.8274709698298851,0.007000000000000001,0.29944145289214114,99.97845254881584,81.11143987663785,0.0005935203277199682,0.0,32.101638189242415,151.7155422805801
57,abundant,111.26369636976543,72.76509386541088,23.3493023657285,0.33483781206856006,4.1561229501319605,2272.055746478123,0.9308425270941513,4,20,20,0,0,0,0.24139991405150507,0.8270714299244283,0.007000000000000001,0.2993850071623699,99.97797634134142,81.09615009503808,0.0006037266373528368,0.0,32.101638189242415,137.6615808329678
58,abundant,111.29095527712252,72.8281520463656,23.50913860662215,0.2971229975462361,4.140194447348358,2283.059815075838,0.9342454106446503,5,20,20,0,0,0,0.24298731128994805,0.8266701438820094,0.007000000000000001,0.2993285617533943,99.97750731443736,81.08086040033412,0.0006139325926061068,0.0,32.101638189242415,143.3558351313574
59,abundant,111.31522820529963,72.90184759951293,23.650324278393207,0.3265812567403699,4.107582203852075,2291.841165048296,0.9384702938543139,5,23,17,0,0,0,0.23546859647653218,0.8263065284258853,0.008050000000000002,0.2992635940096096,99.97723205441721,81.06326221146276,0.0006256722311350528,0.0,32.101638189242415,124.87688351735376
60,abundant,111.32761215314581,72.97643444170834,23.79877974820885,0.320776473712172,4.066047910766661,2304.0203379493832,0.9438426464185975,5,23,17,0,0,0,0.2357726854544529,0.8259425784718853,0.008050000000000002,0.2991986266589732,99.97687623528736,81.04566412908572,0.0006374114620447378,0.0,32.101638189242415,148.1043454122189
61,abundant,111.3476599282508,73.04574448169714,23.938116815828447,0.30023087697921147,4.038175346014173,2312.3321758831516,0.9492604065199154,5,23,17,0,0,0,0.23634577197330522,0.8255779981227146,0.008050000000000002,0.2991336596929415,99.97652467608539,81.0280661508888,0.000649150285349315,0.0,32.101638189242415,141.38408266221367
62,abundant,111.37149923586306,73.1200145625073,24.083951547416298,0.337652106758286,4.015616491524285,2325.9215640439943,0.9538251038892261,4,23,17,0,0,0,0.23735685987120822,0.8252123055768561,0.008050000000000002,0.2990686931065766,99.97615704602943,81.01046827553445,0.000660888701062937,0.0,32.101638189242415,133.26489364202058
63,abundant,111.40073836818388,73.20653114184267,24.228216740602967,0.4070835250142351,3.999527934627899,2340.2384415373526,0.9593789285657923,4,24,16,0,0,0,0.235135662083212,0.8248588563485647,0.008400000000000001,0.2990008860090021,99.97572834862693,80.99210097446439,0.0006731380550807463,0.0,32.101638189242415,113.24801507491479
64,abundant,111.42510387030609,73.28410703273745,24.375808205756506,0.35915331614804946,4.002289339682392,2355.0008055315193,0.9653731488685868,4,24,16,0,0,0,0.23444304059416954,0.824506169003911,0.008400000000000001,0.2989330793114592,99.97525912490354,80.97373378175323,0.000685386983781147,0.0,32.101638189242415,116.01625580780023
65,abundant,111.45869665256626,73.36676344726601,24.52476654042454,0.39965957013022413,3.989050731129096,2370.2414612637585,0.9699718842548414,4,23,17,0,0,0,0.23573548176013343,0.8241422599739749,0.008050000000000002,0.29886811391460194,99.97483422049498,80.95613622860768,0.0006971241412979174,0.0,32.101638189242415,113.66046178511908
66,abundant,111.49469812146647,73.450486091209,24.67202836425127,0.4002024818087601,3.968742886875095,2387.7753502207343,0.9750223908684815,4,24,16,0,0,0,0.2331487300653825,0.8237909963709029,0.008400000000000001,0.2988003080172076,99.97436594749865,80.93776925263737,0.0007093722371625615,0.0,32.101638189242415,139.10283109208504
67,abundant,111.52410788676994,73.52808360533213,24.82122107876461,0.3615582812150648,3.9468885828579614,2409.223059169315,0.9794094373312465,4,22,18,0,0,0,0.2369271516891885,0.8234159765040449,0.007700000000000001,0.29873818431555954,99.97396080364656,80.92094144592433,0.0007205972159915024,0.0,32.101638189242415,115.42387242833904
68,abundant,111.55768195997643,73.60013328264336,24.964778355321364,0.33918177286991114,3.9274473362675537,2432.5086001921154,0.9830066861495842,4,22,18,0,0,0,0.2390146661405667,0.8230386603712901,0.007700000000000001,0.2986760609911735,99.9734554415971,80.90411374140244,0.0007318218050710002,0.0,32.101638189242415,148.3725149865689
69,abundant,111.59612568611644,73.67498653603411,25.115138733593067,0.36271746688390233,3.903133927182023,2456.3758003984185,0.9871945268083853,4,22,18,0,0,0,0.23998476813567143,0.8226602771263408,0.007700000000000001,0.29861393804209574,99.97288770760268,80.88728613854248,0.0007430460044145881,0.0,32.101638189242415,137.3564957295094
70,abundant,111.62711130728428,73.74670784684986,25.265905505063113,0.3410487022078525,3.8698336615884643,2477.3180024057438,0.9919991803074563,4,22,18,0,0,0,0.240840717930688,0.8222809523366171,0.007700000000000001,0.2985518154679135,99.97229082983955,80.87045863723262,0.0007542698140357982,0.0,32.101638189242415,131.7431088097889
71,abundant,111.66111902746968,73.81210251924787,25.4140389705861,0.320557883448665,3.8483912560990996,2496.241214851674,0.9966233843298601,4,22,18,0,0,0,0.24035056249734846,0.8219021667178701,0.007700000000000001,0.29848969326256175,99.97170303842306,80.85363123583004,0.0007654932339481623,0.0,32.101638189242415,120.79918576110727
72,abundant,111.70061051154119,73.87505122991203,25.554512410663165,0.31495071769196703,3.8383540012681423,2512.6610865344555,1.0023627927196181,4,23,17,0,0,0,0.23818147180559973,0.8215355670988839,0.008050000000000002,0.2984247305303685,99.9710120888231,80.83603440447746,0.0007772276100462016,0.0,32.101638189242415,152.25676774877428
73,abundant,111.7357584381901,73.94132466692422,25.705055878255667,0.32822084857195233,3.855582321749714,2531.61832739479,1.0084126431389029,5,22,18,0,0,0,0.23998308322408404,0.8211571857073373,0.007700000000000001,0.29836260908118467,99.97032944018535,80.81920720790244,0.00078845023282671,0.0,32.101638189242415,129.12840688314503
74,abundant,111.78369862717996,74.00658905550166,25.860621356825725,0.33164398912251364,3.8794300456127844,2553.3184374831035,1.0134156073232528,5,19,21,0,0,0,0.24498234690648815,0.8207439051257401,0.0066500000000000005,0.29830901069813187,99.96983580490102,80.80468870359222,0.0007981384282966113,0.0,32.101638189242415,142.47654667981337
75,abundant,111.83647209314913,74.06428480001274,26.022054953221357,0.300121407466129,3.9026333925159298,2571.863586559746,1.015616201238124,6,20,20,0,0,0,0.2448498559737625,0.8203405702841688,0.007000000000000001,0.2982525717521168,99.96934050420255,80.78940075954777,0.0008083376332576667,0.0,32.101638189242415,143.4679960180561
76,abundant,111.88823298649325,74.1289265555647,26.181666681977834,0.3325141739194104,3.9226112005540537,2592.2050376084735,1.0147936799199446,6,17,23,0,0,0,0.25070126881868926,0.8199013988884684,0.00595,0.2982046558350582,99.96901576013933,80.77642149769844,0.0008170024464428388,0.0,32.101638189242415,151.5769762237077
77,abundant,111.93406829889207,74.17709370133511,26.342051859204354,0.2607235557322745,3.9406533278972224,2612.021077403122,1.0158551299768233,6,19,21,0,0,0,0.2479078293190166,0.8194849002762175,0.0066500000000000005,0.29815105843737155,99.96867699373063,80.76190326030006,0.0008266896505336454,0.0,32.101638189242415,160.933020195648
78,abundant,111.98818493214522,74.23005844481698,26.50054366264944,0.30463004110336017,3.9454517432726393,2630.1164324769998,1.0165640192715066,6,19,21,0,0,0,0.24920525506467542,0.8190669744956462,0.0066500000000000005,0.2980974613797063,99.96830265768516,80.74738511500523,0.0008363765182690386,0.0,32.101638189242415,164.0966517044416
79,abundant,112.04145846211668,74.28880436228359,26.65911832012474,0.3330992348072707,3.959382941167391,2649.0729894933465,1.0182048534127888,5,18,22,0,0,0,0.2512507196547241,0.8186369987040262,0.0063,0.2980467055494804,99.96797222442103,80.73363658943539,0.0008455517037797063,0.0,32.101638189242415,166.3689955914969
80,abundant,112.09734971084838,74.34618700898456,26.811138353526736,0.32494305066175266,3.9625978521161898,2660.4820973905153,1.0214457295759092,5,17,23,0,0,0,0.2538910362652227,0.8181943185641343,0.0059499999999999996,0.29799879092933057,99.96770428362744,80.72065767888725,0.0008542152248320853,0.0,32.101638189242415,166.39291825912937
81,abundant,112.15533247194912,74.40580533569128,26.96104897249608,0.336709826128893,3.9592382922323024,2672.8477358335876,1.0244362840375625,5,17,23,0,0,0,0.2548691861627389,0.8177505624593552,0.0059499999999999996,0.2979508766076014,99.96745134578869,80.70767884917403,0.0008628784450729831,0.0,32.101638189242415,154.02365523809064
82,abundant,112.21113926620853,74.45803937478465,27.10977453672757,0.29945581886950323,3.9586868465712697,2686.2894185995247,1.0271846213221347,5,17,23,0,0,0,0.25630534750937584,0.8173052265770948,0.0059499999999999996,0.2979029625811038,99.96717731238635,80.69470009943191,0.0008715413645128451,0.0,32.101638189242415,144.6469295965662
83,abundant,112.25951745481254,74.50824938837597,27.258786623810625,0.28757851553866925,3.952584118529407,2700.4738320014367,1.0296053253379696,5,19,21,0,0,0,0.25187912909699595,0.8168843595350882,0.0066500000000000005,0.29784936704856474,99.9668541715334,80.68018236725685,0.0008812266749240953,0.0,32.101638189242415,128.0179017923681
84,abundant,112.29610719427919,74.57363869552026,27.393306911811965,0.33764381751889916,3.935024972099863,2712.5572925297383,1.0312268973980359,5,21,19,0,0,0,0.2446134547745646,0.8164910847348363,0.007350000000000001,0.29779009006948476,99.96653887157339,80.66412566876612,0.0008919343408076636,0.0,32.101638189242415,127.51501587041835
85,abundant,112.32244939592167,74.63640085308666,27.537379962728778,0.3123156183417346,3.9089638744375668,2729.1429575534276,1.0339736546211178,5,21,19,0,0,0,0.24495439723818352,0.8160974348978742,0.007350000000000001,0.2977308134512795,99.96614822933829,80.64806906802761,0.0009026416349037324,0.0,32.101638189242415,120.66476479908556
86,abundant,112.35694235998002,74.68547874086548,27.674709337465817,0.26781100517387035,3.872357423763924,2746.097345354545,1.0353784920206655,5,24,16,0,0,0,0.23750341763232888,0.8157413811384785,0.008400000000000001,0.2976630145107562,99.96557363180004,80.62970397650525,0.0009148825948681806,0.0,32.101638189242415,136.26735190166022
87,abundant,112.39612391420019,74.7397398154591,27.80684894420009,0.3011548192846355,3.8299180564664774,2762.912295772192,1.0358169227381342,5,24,16,0,0,0,0.23725247296059648,0.8153856034182219,0.008400000000000001,0.2975952159659287,99.96505155371094,80.61133899216729,0.000927123129806676,0.0,32.101638189242415,150.85601038618702
88,abundant,112.43091461060962,74.80232919788014,27.93772201489328,0.3302154985583334,3.805116574287939,2778.1237827293517,1.0368351989103208,5,24,16,0,0,0,0.23765045576648278,0.8150293879168785,0.008400000000000001,0.29752741782409464,99.96457668664226,80.5929741169905,0.0009393632397339759,0.0,32.101638189242415,152.00479236535799
89,abundant,112.46589417230871,74.84955818290433,28.06800856471879,0.2669408881989109,3.7693945312308386,2790.9181207352012,1.0386035690143332,5,25,15,0,0,0,0.23458998312168008,0.8146863389354447,0.00875,0.2974567791980545,99.9640970877239,80.57383982341263,0.0009521142705458271,0.0,32.101638189242415,177.16717593129277
90,abundant,112.48882010183954,74.90432022363838,28.19663527725217,0.28341079037948597,3.7400835773112924,2804.4072643807012,1.041431621579825,5,26,14,0,0,0,0.23148873820867336,0.8143565013234152,0.0091,0.29738330009101754,99.96341678347846,80.55393611230298,0.0009653762045022295,0.0,32.101638189242415,134.54027544876325
91,abundant,112.50377326256014,74.95646298870378,28.328105530072015,0.2533693071776096,3.7245557408439716,2821.043597308846,1.0439857528140957,6,25,15,0,0,0,0.23291894172288025,0.81401529048752,0.00875,0.29731266231642983,99.96280820865582,80.53480204936297,0.0009781263321018184,0.0,32.101638189242415,129.3445370291068
92,abundant,112.51829644797958,75.02092796533492,28.456157519018767,0.3048931413706796,3.7148694431863603,2835.203166435618,1.0469406854909542,6,23,17,0,0,0,0.23639690916702633,0.8136506538874363,0.00805,0.2972477067390373,99.96225546730372,80.51720715607266,0.0009898533252343492,0.0,32.101638189242415,152.65396888133873
93,abundant,112.52953251605518,75.08722667459753,28.59727919761648,0.29826302335608545,3.703974750025125,2854.049281036532,1.0502919382509972,6,21,19,0,0,0,0.24119694348383874,0.813261137249604,0.007350000000000001,0.2971884333288054,99.96173582040635,80.50115142429648,0.0010005572194247071,0.0,32.101638189242415,129.4974252240101
94,abundant,112.5469107208462,75.16874037527415,28.73592166494202,0.36953782739639984,3.702819131613554,2873.155831320939,1.0539960380168947,6,21,19,0,0,0,0.24323522881585918,0.8128693784979065,0.007350000000000001,0.2971291602716607,99.96120944775181,80.48509578816306,0.0010112607419585254,0.0,32.101638189242415,125.25560028047528
95,abundant,112.5721854046603,75.2520348065552,28.871544961097026,0.3843395432735805,3.693161774483806,2892.0621579604267,1.0562733572468164,6,21,19,0,0,0,0.2449601409401118,0.8124757223428724,0.007350000000000001,0.29706988755831026,99.96065079922,80.4690402451552,0.0010219638928487074,0.0,32.101638189242415,128.99712075952925
96,abundant,112.58801632334261,75.3347084111811,29.009413638265233,0.3659084813181938,3.693613141370446,2912.617960286094,1.059671655954923,6,22,18,0,0,0,0.24286748784309378,0.8120941681062451,0.007700000000000001,0.2970077742985779,99.96008441681002,80.4522152669043,0.0010331780179891475,0.0,32.101638189242415,125.97587178745769
97,abundant,112.60599476425367,75.41236423444187,29.15247493027324,0.33423923577276626,3.710659490023242,2932.404155970813,1.0634256364090542,6,22,18,0,0,0,0.24374228513478471,0.8117116515925966,0.007700000000000001,0.29694566140325074,99.95943431182147,80.43539038736198,0.001044391753757003,0.0,32.101638189242415,148.49018679609213
98,abundant,112.62514412458799,75.48470106856381,29.297625661074296,0.31499802904106106,3.737989270104607,2953.4794934845704,1.0667728501506386,6,22,18,0,0,0,0.24397108591474223,0.8113288833980905,0.007700000000000001,0.29688354886783525,99.95871777543114,80.41856560531099,0.0010556051001657926,0.0,32.101638189242415,156.59030581149645
99,abundant,112.63907370360434,75.56417618771378,29.441548138065023,0.3433092199980293,3.751128510530253,2971.848606074571,1.0697560280000125,7,22,18,0,0,0,0.24425928116354162,0.8109457981888104,0.007700000000000001,0.296821436700621,99.95809800167777,80.40174092299681,0.001066818057229036,0.0,32.101638189242415,148.37059600340024
100,abundant,112.65806869890324,75.65544909175354,29.584473862661593,0.3956063209822046,3.7615390940894775,2992.9753571105903,1.0730012418800179,8,19,21,0,0,0,0.2485950258154487,0.8105285436604135,0.0066500000000000005,0.29676784757926156,99.95764651792402,80.3872249274551,0.0010764965873172813,0.0,32.101638189242415,133.3018269066929
101,abundant,112.67777257185881,75.74779731422532,29.72592144462659,0.40444424722205624,3.773078328280765,3014.074734575959,1.0763437291274909,8,20,20,0,0,0,0.24859224010058503,0.8101210921963029,0.007000000000000001,0.2967114178770383,99.95714617466992,80.37193948733005,0.0010866861272322789,0.0,32.101638189242415,141.2239781913791
102,abundant,112.70244367457144,75.8328493722628,29.8681899400513,0.36716167719485815,3.777562120211461,3037.9422368229643,1.0790865864432622,8,19,21,0,0,0,0.24920441436146615,0.8097031673405052,0.0066500000000000005,0.2966578294094568,99.95679749232644,80.35742366888094,0.001096363967468959,0.0,32.101638189242415,139.90678469633613
103,abundant,112.7178850270162,75.9166046715513,30.009719446402574,0.35993966340242656,3.7962371909860892,3060.755364726545,1.0823708289823608,8,20,20,0,0,0,0.2476326523384238,0.809296771422933,0.007000000000000001,0.29660140037340527,99.95649533584204,80.3421384092057,0.0011065528175563443,0.0,32.101638189242415,145.10105204838658
104,abundant,112.73620018919807,75.98911739337463,30.147796731472635,0.3133039334092125,3.820472666183254,3083.3120586142322,1.0849118479863533,8,21,19,0,0,0,0.24580550966747183,0.8089021853622986,0.007350000000000001,0.29654213078725794,99.9561309896889,80.32608371328143,0.0011172526597513443,0.0,32.101638189242415,152.57765965980508
105,abundant,112.7422402503795,76.07153936044207,30.27253728027221,0.36835902145326965,3.832280755749166,3103.325547711487,1.0884960622014075,8,22,18,0,0,0,0.24318171658413448,0.808520285474056,0.007700000000000001,0.2964800206546333,99.9556281019115,80.30925958208833,0.001128463476311486,0.0,32.101638189242415,123.5328403646397
106,abundant,112.75162502928181,76.15328642456045,30.38740724707962,0.3617361222032219,3.8390303285483163,3120.075614265341,1.092080117365052,8,22,18,0,0,0,0.24252825710073286,0.8081391043912453,0.007700000000000001,0.296417910884756,99.95508039769436,80.29243554915469,0.0011396739036139219,0.0,32.101638189242415,140.5745586880094
107,abundant,112.76374006229142,76.23932687257427,30.501289858636703,0.3793154037240987,3.857051590820255,3139.057931807227,1.0956861521243826,7,21,19,0,0,0,0.2444777929567759,0.8077459788189927,0.007350000000000001,0.2963586423643073,99.95455877776239,80.27638114190239,0.0011503725957911774,0.0,32.101638189242415,140.73903194442497
108,abundant,112.78035426538648,76.3115465391733,30.617702847839006,0.3067156596814425,3.878987428911438,3158.143212769646,1.0996483141754907,7,20,20,0,0,0,0.246245661835703,0.8073411085909734,0.007000000000000001,0.29630221508239146,99.95411191031633,80.26109635738003,0.0011605595706115244,0.0,32.101638189242415,155.22949517019066
109,abundant,112.79951022685577,76.38119641441875,30.734145492991605,0.30229689747468347,3.8898565380363124,3175.999793356743,1.104388644743568,7,19,21,0,0,0,0.2500203892641907,0.8069222861627828,0.0066500000000000005,0.2962486290238259,99.95369397655745,80.24658119147502,0.0011702348458426195,0.0,32.101638189242415,145.54671800991596
110,abundant,112.80385822460198,76.45729783010685,30.848436026141314,0.3356077057437803,3.895471488026854,3189.510623486567,1.1094101417684334,7,22,18,0,0,0,0.2428350136126339,0.806540767647809,0.0077,0.2961865205938228,99.95322913903027,80.22975752148085,0.0011814438227754596,0.0,32.101638189242415,151.56006238992805
111,abundant,112.8202957018855,76.5135867835323,30.962335135789857,0.24264685991836454,3.916074006127592,3206.505682929099,1.1131624353973728,7,21,19,0,0,0,0.24431303128714332,0.8061478233133931,0.007350000000000001,0.2961272534180556,99.95280776665759,80.21370347847022,0.0011921410646334794,0.0,32.101638189242415,179.82230724539033
112,abundant,112.82429618679882,76.57015507804262,31.089025160701805,0.25806488196108707,3.9161352515073617,3221.638585179833,1.1152974593739935,8,22,18,0,0,0,0.24298046030639062,0.805766144807056,0.007700000000000001,0.2960651456829715,99.95232189471407,80.1968799967128,0.0012033492809469285,0.0,32.101638189242415,161.08580820129254
113,abundant,112.8316765787062,76.62269451938195,31.207955197847916,0.2418398023295736,3.932523600025609,3237.157472946812,1.1178746039899137,7,23,17,0,0,0,0.24042387472613735,0.8053970785448572,0.00805,0.2960001974225993,99.9518933974205,80.17928708542615,0.0012150684539739462,0.0,32.101638189242415,168.22223649348228
114,abundant,112.83211702210579,76.6764995082905,31.33054057166646,0.25700956550028337,3.953811970460521,3251.0697317954036,1.1213716240486202,7,23,17,0,0,0,0.24047821805517647,0.8050279525049964,0.00805,0.29593524954459854,99.95142149188356,80.16169427771469,0.0012267872200922988,0.0,32.101638189242415,146.24214324577878
115,abundant,112.83654800292636,76.74084026558833,31.451313039979617,0.30059332925773463,3.9911632870968985,3271.0042945036985,1.126109789681297,8,22,18,0,0,0,0.24177822599541532,0.8046475964564014,0.0077,0.29587314294613665,99.95089760383546,80.1448711038407,0.0012379942334351235,0.0,32.101638189242415,154.03341841029655
116,abundant,112.83674051463365,76.79661285093859,31.562243391545213,0.2534118085240509,4.015652650584103,3283.6327896568837,1.1277008434171012,8,22,18,0,0,0,0.2424804664996627,0.804266467943252,0.0077,0.29581103672824927,99.95046009356419,80.12804803305514,0.0012492008576522964,0.0,32.101638189242415,141.49004641308187
117,abundant,112.82582130911487,76.85643719563083,31.682195842347692,0.30415878787346273,4.047176941258384,3294.328826516561,1.1287656743162433,8,24,16,0,0,0,0.23514335470889533,0.803913010253072,0.008400000000000001,0.2957432490941977,99.94999418615474,80.10968600418221,0.0012614297845193086,0.0,32.101638189242415,129.2388324320344
118,abundant,112.8207781803114,76.90029457892662,31.80482346834408,0.22549517996249144,4.074989477169945,3303.94005706162,1.131598275982212,8,25,15,0,0,0,0.2345950711639775,0.8035699556747916,0.008749999999999999,0.2956726209653503,99.94942430143628,80.09055455403971,0.0012741696326591663,0.0,32.101638189242415,142.79938256242673
119,abundant,112.8187956015494,76.95331359805496,31.935401755753514,0.2935588590912334,4.113207091290802,3319.4622359289788,1.1358690276390657,8,24,16,0,0,0,0.23556211178415937,0.8032160373518289,0.0084,0.29560483414398053,99.94886953268976,80.07219274530262,0.0012863976925698753,0.0,32.101638189242415,139.52816969256386
120,abundant,112.82138284711304,76.9999478940023,32.0632785319435,0.2592597706395935,4.154678059129617,3332.0045380035954,1.1347190023056795,8,23,17,0,0,0,0.23746782988109133,0.8028502227389598,0.00805,0.2955398886205558,99.94835595345053,80.05460057538879,0.001298113982021552,0.0,32.101638189242415,153.66070299612392
121,abundant,112.8311125739782,77.00871293500538,32.1968544343779,0.07393081588330944,4.160782716866902,3344.3417764835467,1.1383995451069064,8,23,17,0,0,0,0.23744516035845678,0.8024844330625654,0.00805,0.29547494348957193,99.94786403201886,80.0370085117777,0.0013098298646646858,0.0,32.101638189242415,178.63172895091012
122,abundant,112.84034775347118,77.03478859776082,32.337937245203726,0.1700014033566392,4.1799789835502255,3360.1737628204282,1.1408450210374181,8,23,17,0,0,0,0.23974918846702079,0.8021161089552518,0.00805,0.29540999874214885,99.94731484781472,80.01941655206393,0.0013215453405134006,0.0,32.101638189242415,179.39780325687633
123,abundant,112.83941361461845,77.07337608839704,32.481695193649976,0.22310350876783536,4.217200529545738,3373.788178009978,1.143956738912309,7,21,19,0,0,0,0.24218540864258067,0.8017255050057448,0.007350000000000001,0.295350736162098,99.94684426079036,80.00336375392158,0.001332237717819842,0.0,32.101638189242415,179.5603979261422
124,abundant,112.85408677208034,77.11919777303572,32.63197810273823,0.23316963057848186,4.240374838670819,3391.057389671616,1.148606166713091,8,21,19,0,0,0,0.24407848409585914,0.8013328186732395,0.007350000000000001,0.2952914739287918,99.94631803208087,79.98731104970396,0.001342929723869628,0.0,32.101638189242415,156.35001388013492
125,abundant,112.8569228053382,77.1708133712424,32.77684326307764,0.24998732199071252,4.243134936465914,3405.788934958946,1.1517637602447177,8,22,18,0,0,0,0.24064471022197315,0.8009537094919951,0.007700000000000001,0.29522937114546977,99.94581145076576,79.97048890925899,0.0013541327045566392,0.0,32.101638189242415,141.15472596476815
126,abundant,112.85211460997796,77.23944334874048,32.931482376002165,0.3375295455511807,4.253569695265824,3422.163910230476,1.1551004040659643,8,23,17,0,0,0,0.23894716086397821,0.8005862676150448,0.008050000000000002,0.29516442781562513,99.9452342720333,79.9528973335329,0.0013658466421390088,0.0,32.101638189242415,138.87014421200502
127,abundant,112.85235073034139,77.29726125128683,33.08312512033419,0.2568063872774131,4.255882011898338,3437.0203365055713,1.1591051481191437,8,23,17,0,0,0,0.23820339013431163,0.8002196438858971,0.008050000000000002,0.29509948485587895,99.94479174432833,79.93530585805753,0.0013775601729944958,0.0,32.101638189242415,151.8961412412073
128,abundant,112.84589547115013,77.37684779979672,33.23551701200999,0.37208538203884234,4.250426507000343,3454.6476180253376,1.1643716576264087,8,23,17,0,0,0,0.2391761825973296,0.79985195008504,0.008050000000000002,0.295034542258098,99.94427631028114,79.91771448062977,0.0013892732971372223,0.0,32.101638189242415,142.4958247605095
129,abundant,112.8406257653767,77.44786045382726,33.39185784237825,0.3118521939821541,4.242550459562507,3468.324580636807,1.1707301671684758,7,24,16,0,0,0,0.23635328031301403,0.7994971614766955,0.0084,0.2949667591209087,99.94375886109664,79.89935366984797,0.0014014973604623002,0.0,32.101638189242415,146.09045427879556
130,abundant,112.83221803087463,77.50870251741694,33.542833812930155,0.287191932646448,4.217345550575201,3479.7795133545806,1.1780376953035498,7,26,14,0,0,0,0.23194717831482334,0.7991668195805491,0.0091,0.2948932945737734,99.94317601135997,79.87945390266317,0.001414743691110084,0.0,32.101638189242415,135.33127967642565
131,abundant,112.82453886040715,77.57194197674687,33.67865804768645,0.31304947265035904,4.171191857786271,3489.372257386385,1.1851827795480685,7,28,12,0,0,0,0.22683571236629793,0.7988617002969463,0.0098,0.29481414863948785,99.94249205683295,79.85801518525021,0.0014290122535857968,0.0,32.101638189242415,137.82906030832265
132,abundant,112.82302218377217,77.6283664842575,33.8151540467593,0.28237829402266346,4.111607594598052,3499.717224861386,1.1903810949235618,7,27,13,0,0,0,0.22831130774224145,0.7985451578584297,0.00945,0.2947378440366741,99.94191143572608,79.8373461157421,0.0014427689747529234,0.0,32.101638189242415,156.00398099041257
133,abundant,112.82591997727965,77.66881704513794,33.949536358164295,0.22213333926153714,4.086826146659768,3511.4041322964185,1.1982652603517732,8,28,12,0,0,0,0.22392151164862556,0.7982432441956162,0.0098,0.2946586989757711,99.94138339708574,79.81590763490732,0.0014570365641454032,0.0,32.101638189242415,167.04946207521098
134,abundant,112.83128895402214,77.70516355851913,34.090813106163225,0.19990329678912633,4.03265776345207,3522.706215584636,1.2051521876864053,8,28,12,0,0,0,0.2266358099486392,0.7979383448046726,0.0098,0.29457955434704547,99.94082100697582,79.79446927113892,0.0014713036581440744,0.0,32.101638189242415,153.24097212792645
135,abundant,112.82073655990291,77.76243834815736,34.220944533313094,0.317157244689763,3.9929460604739324,3534.518770521572,1.210402788286171,8,28,12,0,0,0,0.2263707402961098,0.7976337369903469,0.0098,0.2945004101626699,99.94022858732143,79.7730310277342,0.0014855702567661377,0.0,32.101638189242415,134.49758823925305
136,abundant,112.81389010893842,77.80254518428515,34.360402244263085,0.2237576666498368,3.9404803109309183,3548.0164428715652,1.2150113471842705,8,28,12,0,0,0,0.22711988655165452,0.79732830511514,0.0098,0.29442126641120014,99.9395469767866,79.7515929015932,0.001499836360028793,0.0,32.101638189242415,148.97093141337618
137,abundant,112.80474693142192,77.8566135644148,34.49491817671166,0.2992256936909858,3.9150384483991543,3558.7326415419157,1.2166871675307698,8,27,13,0,0,0,0.22889045649657466,0.7970111256129938,0.00945,0.29434496398853,99.93880640184535,79.7309244226332,0.0015135906220682508,0.0,32.101638189242415,136.71020250808382
138,abundant,112.79534917764951,77.89367603408223,34.64536447912799,0.20074996902975228,3.8825955405527006,3573.075426286159,1.2175574225909906,8,25,15,0,0,0,0.23310596515406465,0.7966697090513243,0.00875,0.29427434377237766,99.93817754582722,79.7117951158482,0.0015263217147754762,0.0,32.101638189242415,150.0932701573155
139,abundant,112.788605446772,77.95083269501245,34.798720775964895,0.2915641143214948,3.8617354258065766,3587.317231567162,1.2182712819753263,8,26,14,0,0,0,0.23265235010229315,0.7963385914662118,0.0091,0.2942008830428041,99.93743961687898,79.69189638274847,0.0015395637113195361,0.0,32.101638189242415,129.1879376425645
140,abundant,112.78378186575071,78.01028149102977,34.967351895209625,0.2907778040603551,3.8556194463964077,3603.7394064534674,1.220405819203909,7,25,15,0,0,0,0.23501957864313403,0.7959950699297043,0.008749999999999999,0.2941302636123606,99.9366960333147,79.67276728879298,0.0015522939021990415,0.0,32.101638189242415,146.32684844488722
141,abundant,112.78171294087426,78.07100097701507,35.12924353852162,0.2842443413703599,3.8434724836875374,3617.8135105367473,1.2231718008625585,8,23,17,0,0,0,0.23935770778891952,0.7956271764511365,0.008050000000000002,0.29406532634466087,99.93605272995859,79.65517735515519,0.001564000959303724,0.0,32.101638189242415,136.6168100017478
142,abundant,112.77492619027225,78.13886842626533,35.29022613088512,0.3163409251598383,3.85496925908067,3629.0314257197897,1.2293432394555985,8,22,18,0,0,0,0.23872696941510765,0.7952501767847797,0.0077,0.2940032303402696,99.93557475236868,79.63835705095843,0.0015751962640394356,0.0,32.101638189242415,137.8269151445483
143,abundant,112.77960624553153,78.21169587802827,35.45204054094619,0.3297067353260705,3.8600733033286403,3640.7365234019817,1.2353222069778174,9,23,17,0,0,0,0.23882146681622257,0.7948828731712819,0.00805,0.2939382937875161,99.93515876974725,79.62076731098226,0.0015869025259370264,0.0,32.101638189242415,131.01254508237855
144,abundant,112.78126545799819,78.29452540784379,35.61635080221948,0.36869902486795564,3.875335527277997,3656.2302807224332,1.242289965392959,9,22,18,0,0,0,0.24071794146857842,0.7945036834356665,0.007700000000000001,0.29387619849494023,99.93465240298562,79.60394719959906,0.0015980970354932576,0.0,32.101638189242415,118.94406852731417
145,abundant,112.79461328675492,78.36373322403286,35.77694063485289,0.3020845345598382,3.868393757056128,3669.261511554003,1.2510288996658658,9,22,18,0,0,0,0.24093442029420906,0.7941242555733428,0.007700000000000001,0.2938141035485182,99.93417442203153,79.58712718198058,0.0016092911563579879,0.0,32.101638189242415,132.35364540228662
146,abundant,112.80393565897786,78.44109977864169,35.92939244787106,0.3345933326657476,3.8526510071568554,3677.921242653887,1.2608819256727994,9,22,18,0,0,0,0.24207997869701145,0.7937435675967761,0.007700000000000001,0.2937520089523995,99.93361641999184,79.57030725925077,0.0016204848885447139,0.0,32.101638189242415,120.39478309454216
147,abundant,112.81885891652453,78.50963221639378,36.08231453661223,0.286888205552015,3.8074060382681125,3684.3470969694463,1.2715334845516915,9,22,18,0,0,0,0.24048516831111147,0.7933646339116338,0.007700000000000001,0.2936899147059129,99.93300743435789,79.55348743122784,0.0016316782320669311,0.0,32.101638189242415,121.9376720804672
148,abundant,112.83425092780737,78.58880908879055,36.224737942883664,0.35476267756961755,3.7605787065252754,3694.4388081962024,1.2820820608617882,9,24,16,0,0,0,0.23638907107710802,0.7930098059334489,0.008400000000000001,0.2936221390189224,99.93233138793269,79.53512863852453,0.0016438938787001146,0.0,32.101638189242415,116.3967445182428
149,abundant,112.85494850921597,78.66332760104693,36.37225320912421,0.31714852130942706,3.7275483884004634,3705.5941182806564,1.291952756893466,9,21,19,0,0,0,0.24174795262539236,0.792619683185561,0.007350000000000001,0.2935628863854219,99.93185573255006,79.51907853466183,0.001654575063543295,0.0,32.101638189242415,132.54447919275006
150,abundant,112.86614369059905,78.72678024133539,36.52244432647951,0.263335179965298,3.6753434892521843,3715.620189265195,1.2995833000909758,9,21,19,0,0,0,0.2432438538419508,0.7922279149463348,0.007350000000000001,0.29350363408663976,99.93137484713243,79.50302852146628,0.0016652558775184399,0.0,32.101638189242415,144.87481767427636
151,abundant,112.88749913727443,78.78980811742511,36.67025885502973,0.2907226732076977,3.618754965191088,3724.94450379107,1.307222227401707,10,23,17,0,0,0,0.23937001269758218,0.7918600079323674,0.00805,0.29343870035051384,99.93083200097139,79.48543954444631,0.0016769590124004073,0.0,32.101638189242415,133.56132393100756
152,abundant,112.91041837014845,78.85391260124237,36.81822777867002,0.2947169706734629,3.590289790143106,3735.5126859578886,1.3139031942885757,9,26,14,0,0,0,0.23333169406275261,0.7915281430688984,0.0091,0.293365244311188,99.9301714062134,79.46554208182111,0.0016901957785735503,0.0,32.101638189242415,124.02767703640924
153,abundant,112.92086000836044,78.91837117787878,36.971504777326196,0.29173461396292805,3.5805958329678353,3746.310684539101,1.31827296196708,8,26,14,0,0,0,0.23046950906392089,0.7911994266089281,0.0091,0.2932917886971826,99.9295222543349,79.44564473440494,0.0017034320851447347,0.0,32.101638189242415,113.82334408319323
154,abundant,112.93732911997077,78.98543339031829,37.12174803371313,0.3206540536854403,3.5738332137274385,3764.5964484394426,1.3200286718848298,8,27,13,0,0,0,0.2285697256393302,0.7908825999107247,0.00945,0.29321549260667823,99.92875417687308,79.42497797067534,0.001717179278010911,0.0,32.101638189242415,117.31223732297713
155,abundant,112.94076179784699,79.03503612413364,37.278551477015434,0.22411946279243147,3.568148165479797,3787.971009583038,1.323404754443176,8,26,14,0,0,0,0.22943125433480543,0.7905550255309564,0.0091,0.2931420378578358,99.92825632068335,79.40508085761088,0.0017304146476712977,0.0,32.101638189242415,145.0211568404597
156,abundant,112.93667198270848,79.10099464050036,37.42325385201023,0.3065847127973638,3.5640635528398397,3815.017213812469,1.3242869058790383,9,26,14,0,0,0,0.23014844631629713,0.7902266622400085,0.0091,0.29306858354107596,99.92772012311706,79.38518386158711,0.001743649557778217,0.0,32.101638189242415,157.71105706331872
157,abundant,112.92523009735922,79.15273901763848,37.57737189228499,0.24195986248449117,3.541270016694098,3840.425182723804,1.3258057860527566,9,27,13,0,0,0,0.22797148980662266,0.7899104936012211,0.00945,0.29299228875091626,99.92702705698977,79.36451745008941,0.001757395354228614,0.0,32.101638189242415,148.12579496496278
158,abundant,112.91295986296996,79.21979969476547,37.72136646943019,0.32918525459708514,3.5460215495845935,3864.6019717023737,1.3259843975968164,9,25,15,0,0,0,0.23167226576557037,0.7895706541088789,0.008749999999999999,0.2929216761880447,99.9264976621705,79.3453902163929,0.0017701179816407185,0.0,32.101638189242415,149.46244063036283
159,abundant,112.90089092021779,79.27599803388615,37.862808164164534,0.27693815909971925,3.563005082663511,3883.9964059228005,1.3239145953110496,9,28,12,0,0,0,0.2246893727953329,0.7892678957988041,0.0098,0.29284254135032195,99.92573778466495,79.32395450477013,0.0017843742049455664,0.0,32.101638189242415,134.06201870905676
160,abundant,112.88365813925827,79.32644116029294,38.001084451742244,0.27290647286408193,3.595449882182239,3910.7314313295574,1.3203729886887972,10,28,12,0,0,0,0.22542363206254112,0.7889643298035353,0.0098,0.2927634069671934,99.92497656570805,79.30251891628592,0.001798629933251254,0.0,32.101638189242415,152.50987847140692
161,abundant,112.87355374281921,79.38574043921328,38.14585947160691,0.3136322166078048,3.589616644945676,3920.735125251864,1.3259769935908967,10,28,12,0,0,0,0.22352720920615612,0.7886628498734085,0.0098,0.29268427304188593,99.92420508141883,79.28108345181438,0.0018128851665749693,0.0,32.101638189242415,142.1120557501493
162,abundant,112.86611297820139,79.43151077419938,38.28922004535717,0.26201150597901063,3.591055860676529,3928.5538217231733,1.3246380843666714,9,28,12,0,0,0,0.22669478309707625,0.7883578856120016,0.0098,0.2926051395681863,99.92331688134009,79.25964810967245,0.001827139904933898,0.0,32.101638189242415,148.95315658776994
163,abundant,112.85985625540027,79.47353300256802,38.439043589465804,0.24525720581980587,3.5825687178102967,3936.4707191189955,1.3251619893781017,9,26,14,0,0,0,0.2283688432436355,0.7880314798844336,0.0091,0.2925316883597012,99.92257548860866,79.23975195560507,0.0018403714565832464,0.0,32.101638189242415,143.44791229928515
164,abundant,112.8565276306706,79.51988896459048,38.58825898773629,0.2543929634458525,3.591580131044252,3950.466840845045,1.3251941862629493,9,24,16,0,0,0,0.2329209177997702,0.7876804668748537,0.008400000000000001,0.2924639193791621,99.92189016496394,79.22139497951707,0.0018525798570497146,0.0,32.101638189242415,161.14425530542468
165,abundant,112.83987027611465,79.56773805730386,38.73153280456156,0.26854970832752834,3.6100573081676464,3973.228843933677,1.3274372769680294,9,23,17,0,0,0,0.23488060286651793,0.7873174982117006,0.008050000000000002,0.2923989917113412,99.92126352141784,79.20380764625402,0.0018642764877397583,0.0,32.101638189242415,158.12082186635786
166,abundant,112.81317453727858,79.61470692473694,38.86560215251149,0.2649840991484529,3.646012726262321,4003.009482043475,1.333605340478117,9,22,18,0,0,0,0.23872950365681297,0.7869404957576781,0.007700000000000001,0.29233690533182716,99.92067027510643,79.1869899492035,0.001875461366422852,0.0,32.101638189242415,140.41763699356005
167,abundant,112.77292971504684,79.67204215610813,38.99656227031138,0.34798193184811355,3.6441413034758185,4032.1979243496753,1.3398859144028954,9,22,18,0,0,0,0.24120803331938528,0.7865607669210266,0.007700000000000001,0.2922748193329972,99.9200382561011,79.17017235527105,0.001886645856748845,0.0,32.101638189242415,153.64339502194764
168,abundant,112.73370694584483,79.74178900647811,39.123714737489934,0.36144714930677324,3.6719697915328973,4062.220319727181,1.3473061041346028,9,21,19,0,0,0,0.2419700406918083,0.7861703998762657,0.007350000000000001,0.2922155746085077,99.91942103405327,79.15412439376799,0.0018973186128502316,0.0,32.101638189242415,142.82928191260623
169,abundant,112.67330982256746,79.81160357543537,39.247188687218355,0.3960510608271765,3.6883305553475267,4097.056204314613,1.3561910262071455,10,20,20,0,0,0,0.2460890737594271,0.7857657018951303,0.007000000000000001,0.2921591711531798,99.91886079389954,79.13884606329144,0.0019074796524952524,0.0,32.101638189242415,149.33647990526018
170,abundant,112.61465650322548,79.87186735236392,39.37078272955351,0.3507134146227732,3.733943919658933,4130.710220689369,1.3619459945879122,11,20,19,1,0,0,0.2476236654581386,0.7853593158631262,0.007000000000000001,0.29210276804227214,99.91821805093979,79.12356782610999,0.0019176403393325223,0.0,32.101638189242415,152.95347444590408
171,abundant,112.54121671237036,79.95055807988206,39.48813872860698,0.4539715703530934,3.7645686001442655,4158.245886652927,1.3682643338220946,9,19,20,1,0,0,0.2494579211135366,0.7849411121499014,0.0066500000000000005,0.2920492061770313,99.91773044452789,79.10905921359091,0.001927289327493301,0.0,32.101638189242415,143.17471915680147
172,abundant,112.47426346557185,80.01018711491602,39.599302489688064,0.3463723226404631,3.760237605378083,4178.567231311114,1.3780139294415727,9,18,21,1,0,0,0.2510259036662651,0.7845113836558684,0.0063,0.2919984855219883,99.91726563052326,79.09532021612651,0.0019364266347445943,0.0,32.101638189242415,152.88515879015185
173,abundant,112.4150332566531,80.06879380803629,39.72389975200947,0.3518755037639981,3.7610082381524768,4198.488817304889,1.386355229965359,10,19,20,1,0,0,0.24969361413746888,0.7840929206803173,0.0066500000000000005,0.2919449242833118,99.91682422639691,79.08081177332853,0.0019460749706147733,0.0,32.101638189242415,147.6098909766055
174,abundant,112.35948704513585,80.11319473845957,39.84235983455585,0.2899306355196936,3.7659431614139125,4229.222201534154,1.3939916032692659,10,21,18,1,0,0,0.24569293005491505,0.7836984584572567,0.007350000000000001,0.29188568157041056,99.91630339211058,79.06476435671601,0.001956745663241086,0.0,32.101638189242415,180.47431186253084
175,abundant,112.29874869981484,80.16566985558418,39.95709843253373,0.36045742076780324,3.753218937244123,4264.98106121787,1.4020544703424893,9,21,18,1,0,0,0.24394270408830615,0.7833059214827596,0.007350000000000001,0.29182643922499474,99.91592835842977,79.0487170396464,0.0019674159853636706,0.0,32.101638189242415,162.62570826219044
176,abundant,112.24143366161502,80.20720826044182,40.06394485135121,0.29050315989213554,3.7547557201744297,4297.246332594172,1.4113053352010543,9,20,19,1,0,0,0.2476695634880975,0.7828994849629227,0.007000000000000001,0.2917700381295569,99.91556141706515,79.03343934840692,0.001977574591114402,0.0,32.101638189242415,176.3623120819663
177,abundant,112.18225677694576,80.2527060413893,40.18021429768437,0.3276866838755498,3.7353182821834237,4331.17705375771,1.4211314430769664,9,21,18,1,0,0,0.2459834997577745,0.7825047031131891,0.007350000000000001,0.2917107964851003,99.91509719185309,79.01739222121019,0.00198824419002288,0.0,32.101638189242415,169.27847880210712
178,abundant,112.13053731937191,80.28020149381742,40.29272315832104,0.25156758683580666,3.7266002939562775,4364.50707436847,1.431350999398046,9,23,16,1,0,0,0.24121589711640562,0.782134765626361,0.008050000000000002,0.2916458734046638,99.91469376750287,78.99980613055851,0.0019999361102275856,0.0,32.101638189242415,182.460535211373
179,abundant,112.07598204135286,80.32911162202159,40.40557475306588,0.3562761823473767,3.720639337886431,4409.888470654922,1.430020690653958,10,23,16,1,0,0,0.2417832443564789,0.7817642040575689,0.008050000000000002,0.2915809507159653,99.9141953264204,78.98222014601917,0.0020116276244698883,0.0,32.101638189242415,151.35758101033966
180,abundant,112.02705869722138,80.36269573966787,40.518448289138874,0.28452059619738734,3.741375121635508,4455.693939117467,1.4240485127038018,10,23,16,1,0,0,0.24229704883773237,0.7813930773038473,0.008050000000000002,0.2915160284123292,99.91357783349176,78.96463426578393,0.0020233187327638826,0.0,32.101638189242415,168.8966530809311
181,abundant,111.97875679615595,80.37978594268516,40.63077978400717,0.24367235257386535,3.738263857420317,4502.337787685603,1.4180977563482025,11,21,18,1,0,0,0.24453711621688862,0.7809998864760088,0.007350000000000001,0.29145678829525096,99.9131545444343,78.94858755231701,0.002033986743361684,0.0,32.101638189242415,194.3698981700833
182,abundant,111.94003852811491,80.40424208957326,40.754246609450135,0.23927198619875995,3.721385479258133,4550.4360493690765,1.4106532474631925,11,22,17,1,0,0,0.24216867398486364,0.7806191009346254,0.007700000000000001,0.2913947076498821,99.91273888574817,78.93177140850759,0.0020451657294298722,0.0,32.101638189242415,169.3433031338639
183,abundant,111.90032077857754,80.45611298467362,40.87908314160338,0.3290333028379055,3.742396326107985,4597.136930597473,1.4071499503964349,11,23,16,1,0,0,0.24001640957535136,0.7802504828840926,0.00805,0.29132978649443325,99.91218969749869,78.91418583928845,0.00205685567322655,0.0,32.101638189242415,140.7328711262456
184,abundant,111.8598038652456,80.5069732424176,41.00444895634121,0.31676999932759126,3.7707583072647752,4639.269923282118,1.4064609654529834,11,23,16,1,0,0,0.2425179168405745,0.7798791131755678,0.00805,0.29126486573398264,99.91149858546477,78.89660037706479,0.002068545211129449,0.0,32.101638189242415,144.88185621013497
185,abundant,111.82471137630898,80.56595731027532,41.12884415355669,0.3436926532401884,3.7856817321969287,4675.853246876752,1.4071185673067412,11,24,15,1,0,0,0.23934353861036345,0.7795210352830965,0.0084,0.2911971044766752,99.91095272632951,78.87824549301324,0.002080745689033652,0.0,32.101638189242415,156.41705664263856
186,abundant,111.80415337924157,80.64756578585494,41.243574991880116,0.406105853098329,3.7917113450659343,4707.975910817688,1.4066622719234894,11,23,16,1,0,0,0.23830386172655552,0.7791543010351971,0.008050000000000002,0.29113218453905276,99.91044708269602,78.86066025367381,0.002092434397436514,0.0,32.101638189242415,142.5364579712978
187,abundant,111.78878435847771,80.74372657657355,41.35711108933831,0.4462368366871472,3.8083830226719284,4730.721438426677,1.4076799948654721,11,20,19,1,0,0,0.24439692714471298,0.7787514644153379,0.007000000000000001,0.2910757876817028,99.91009086952515,78.84538371042974,0.0021025886623455207,0.0,32.101638189242415,139.60500876883856
188,abundant,111.76415900968361,80.83920697429804,41.469780475533625,0.43330798835959466,3.8381748507384286,4745.502571668374,1.41171545757391,11,19,20,1,0,0,0.2497389136604741,0.7783329516103115,0.0066500000000000005,0.29102223207477784,99.90974606862757,78.83087679313692,0.0021122312288010163,0.0,32.101638189242415,144.27750384325287
189,abundant,111.74040715148612,80.94692470645012,41.58091450779017,0.4625592978650931,3.8433878671640356,4756.31599301313,1.415815834686761,10,17,22,1,0,0,0.2549326784696912,0.7778891256639946,0.0059499999999999996,0.2909743585990882,99.90950414470733,78.8179090276269,0.0021208507686890097,0.0,32.101638189242415,141.6245210135601
190,abundant,111.70239276093848,81.05656208781461,41.69258872871993,0.4736720862342305,3.839864081374034,4766.738347681123,1.418366252336319,10,17,22,1,0,0,0.25682762952682203,0.7774432152715152,0.0059499999999999996,0.29092648542676924,99.90921498972105,78.80494134429264,0.0021294700092926184,0.0,32.101638189242415,150.25837286654442
191,abundant,111.66222588444703,81.16103662759895,41.81332850547473,0.4656407201239933,3.8382396118938926,4783.6360867103285,1.4181180758377079,10,20,19,1,0,0,0.24873998321123336,0.7770356012899828,0.007000000000000001,0.29087008987193563,99.90880409659016,78.78966515386873,0.002139622988265206,0.0,32.101638189242415,150.67663706845224
192,abundant,111.62020942769962,81.26595408325636,41.935254785179055,0.48722325976926406,3.847669354917535,4797.726941354347,1.422043018547206,11,21,18,1,0,0,0.2479986735994933,0.7766386027490234,0.007350000000000001,0.29081085376802246,99.90833791662725,78.77361952747106,0.0021502869605909128,0.0,32.101638189242415,143.14479447255417
193,abundant,111.5846097448094,81.35459305595391,42.065031420928115,0.40073284405099335,3.8488507592083963,4809.716608383969,1.4272757698480876,11,21,18,1,0,0,0.2461833526027105,0.7762436010611603,0.007350000000000001,0.2907516180144031,99.9077418685856,78.7575739959595,0.0021609505626462295,0.0,32.101638189242415,156.2903769532717
194,abundant,111.55447453983295,81.44224879595407,42.20728157170811,0.39234966642615,3.8365808814065674,4820.432534079329,1.4355233457576937,11,19,20,1,0,0,0.250004312036184,0.7758247963179205,0.0066500000000000005,0.2906980643893689,99.90723242098156,78.74306761551291,0.002170591102682035,0.0,32.101638189242415,149.38934134738614
195,abundant,111.5236768324402,81.54098315127798,42.33543312114866,0.46465749188784544,3.8193122381949296,4831.561063818968,1.4422401810182932,11,20,19,1,0,0,0.24766449312887895,0.7754183653754787,0.007000000000000001,0.29064167018483084,99.90681155613758,78.72779179085137,0.002180742653863668,0.0,32.101638189242415,127.61508948553808
196,abundant,111.49238049264905,81.60588703570889,42.478889827223824,0.2989135865735301,3.799207518022304,4849.515441910735,1.4496009149789353,11,21,18,1,0,0,0.24794004632585703,0.7750214313245202,0.007350000000000001,0.2905824354243021,99.90643611426206,78.71174652834402,0.0021914051984479946,0.0,32.101638189242415,154.85200361476194
197,abundant,111.48628072318516,81.69115531408394,42.596854672651595,0.4043047363905819,3.756509852332722,4850.774843606654,1.4559881001571076,11,25,14,1,0,0,0.2371426444979706,0.7746755744155724,0.008749999999999999,0.2905118374664518,99.90598096467906,78.69262325079417,0.0022041127563354663,0.0,32.101638189242415,126.89699986302689
198,abundant,111.48037024009398,81.75309418899744,42.72413181797397,0.296003911566162,3.7205861704376857,4857.613129105623,1.463924426633245,11,26,13,1,0,0,0.23561764184513176,0.7743411950095428,0.0091,0.2904383990575049,99.90543904748935,78.67273056381178,0.0022173312188769403,0.0,32.101638189242415,143.6785994366839
199,abundant,111.47900973517464,81.83273737969311,42.861891566570556,0.39769409045382254,3.695025327126898,4868.229663716724,1.469828943989086,11,27,12,1,0,0,0.23261154936652995,0.7740199223052395,0.00945,0.2903621202074832,99.9048679098961,78.65206847011154,0.0022310605683329783,0.0,32.101638189242415,131.55331776732675
200,abundant,111.46515794343429,81.90895842417123,42.99787075518451,0.3875555777003275,3.660394707399631,4877.821381091031,1.476200969928644,11,26,13,1,0,0,0.23484492982860744,0.773686392882428,0.0091,0.29028868270656477,99.90429061935309,78.6321760290921,0.0022442780952027794,0.0,32.101638189242415,133.12014272036907
201,abundant,111.45104873188464,81.98011442653761,43.1360840328005,0.35589470651067423,3.6182664210577946,4891.358257225591,1.48284437117838,11,26,13,1,0,0,0.23572306185119957,0.7733518975143917,0.0091,0.29021524567160656,99.90386173614489,78.61228371428999,0.0022574951631386428,0.0,32.101638189242415,138.62917257882245
202,abundant,111.43190280857903,82.0421236431224,43.29095822548014,0.3138967210817906,3.5979206364939023,4908.100722442534,1.4919023396161981,11,26,13,1,0,0,0.23608787656442756,0.7730170008501707,0.0091,0.29014180909254744,99.9034260183955,78.5923915229799,0.0022707117721565036,0.0,32.101638189242415,166.75648433003377
203,abundant,111.43080016051707,82.10120127399799,43.42913848598803,0.27984788686068773,3.593088381275627,4917.088834222108,1.5031300936119536,11,26,13,1,0,0,0.23483735971408928,0.7726834797544853,0.0091,0.29006837297826316,99.9030016494553,78.57249945756607,0.002283927922272297,0.0,32.101638189242415,158.5562795324668
204,abundant,111.42007044563074,82.16130407493985,43.56369048529522,0.28905459691298724,3.564988371867993,4925.26475827548,1.511706882668515,11,26,13,1,0,0,0.23427908284761764,0.7723505727633528,0.0091,0.28999493731463316,99.90241376361313,78.55260751422357,0.0022971436135019547,0.0,32.101638189242415,164.15027371106473
205,abundant,111.40021270298082,82.2260558118027,43.69038474085941,0.31776935840698023,3.554601426258084,4925.132582048245,1.5234041818934059,11,25,14,1,0,0,0.23289971411772115,0.7720093830778233,0.008749999999999999,0.2899243430025715,99.90189045661104,78.53348522422961,0.0023098474999804215,0.0,32.101638189242415,152.36948071710043
206,abundant,111.3733900477173,82.29060814426728,43.83269518297,0.29734419727008343,3.5482235206928836,4940.627517699846,1.5352199504741442,11,24,15,1,0,0,0.23454081212557729,0.7716565881844851,0.008400000000000001,0.2898565900234909,99.90131677241448,78.51513258254928,0.0023220395994783876,0.0,32.101638189242415,170.06751277522352
207,abundant,111.35671066824803,82.38919024577557,43.95797427667109,0.4315099698202652,3.549654376587685,4949.435284532039,1.5499159094046027,11,23,16,1,0,0,0.23565036040436813,0.7712927727880403,0.00805,0.28979167835572955,99.90068300924504,78.49754958331499,0.0023337199297659246,0.0,32.101638189242415,132.67281597948826
208,abundant,111.33780144930407,82.48677703360349,44.09446177649475,0.4060595613980935,3.543105631385484,4973.071853481095,1.5666009483681882,11,21,18,1,0,0,0.24207472317135217,0.7709022905925519,0.007350000000000001,0.2897324488802654,99.90021837836889,78.4815057524037,0.0023443771627314983,0.0,32.101638189242415,136.53713658751732
209,abundant,111.33060366338114,82.58319024332214,44.2271766910815,0.3983046363929151,3.563509144899272,4997.23652894589,1.5767858790720324,12,22,17,1,0,0,0.2430436744994598,0.7705205425506023,0.007700000000000001,0.2896703788945997,99.89981740316242,78.46469249604976,0.0023555453715416756,0.0,32.101638189242415,136.21683830772173
210,abundant,111.32215497680083,82.66405333291097,44.36078785776918,0.3569054061983779,3.6169507297728147,5033.30615759427,1.5850483328111895,12,24,15,1,0,0,0.23321280374030132,0.770169208466488,0.008400000000000001,0.2896026275248143,99.89931276495409,78.44634029028857,0.002367735884335537,0.0,32.101638189242415,143.70219114859324
211,abundant,111.29931189862641,82.7541332689824,44.48190070796669,0.4097518287591768,3.681813313516213,5064.80093179414,1.585477487145548,12,24,15,1,0,0,0.23540841953640249,0.7698154592049979,0.008400000000000001,0.28953487658883054,99.8986803372712,78.42798820203373,0.0023799259738550523,0.0,32.101638189242415,134.72020804589752
212,abundant,111.29340638430793,82.83234642609766,44.60863724626127,0.33363193090358634,3.7767251092762293,5103.381205325699,1.5900834615844448,12,24,15,1,0,0,0.23500321148017936,0.7694621556723698,0.008400000000000001,0.2894671260837724,99.89806020919893,78.40963623050622,0.002392115640114919,0.0,32.101638189242415,147.87449950810975
213,abundant,111.28068609956586,82.93087693790736,44.70870080480715,0.43992506606741966,3.8564172774275782,5129.6641115831735,1.5900836060692514,12,24,15,1,0,0,0.23620281444356223,0.7691075325764818,0.008400000000000001,0.2893993760083104,99.8973560560466,78.39128437534589,0.0024043048831298335,0.0,32.101638189242415,128.466706385951
214,abundant,111.28257443935544,83.00820704062843,44.83300015618151,0.33431885623655677,3.9190981541070222,5172.0473877093245,1.5894944061527423,12,24,15,1,0,0,0.2363431915035595,0.7687527550658277,0.008400000000000001,0.2893316263692075,99.89666607433034,78.3729326383847,0.002416493702914491,0.0,32.101638189242415,145.64527252990084
215,abundant,111.2730277132118,83.08430599761289,44.94914222878451,0.31518949522854645,3.9604718086109996,5217.765145878904,1.5892899565563297,12,23,16,1,0,0,0.23876788983168398,0.7683855103870129,0.00805,0.28926671805406357,99.89611045066967,78.35535054729328,0.002428170753602596,0.0,32.101638189242415,151.85174027346292
216,abundant,111.26502945607183,83.18579105850284,45.05085436128547,0.4547171717303542,3.9472652292005774,5240.9577576420415,1.5900836012239261,12,23,16,1,0,0,0.23733101663477138,0.7680198462687147,0.00805,0.289201810155141,99.89553449387576,78.33776856894619,0.0024398473988445917,0.0,32.101638189242415,119.86481351697583
217,abundant,111.25449460668793,83.27938990918115,45.17189615982285,0.39890783516576567,3.952726810082715,5282.770984037794,1.5865405504694143,12,23,16,1,0,0,0.23765493381000233,0.7676538258415235,0.00805,0.2891369026755878,99.89493771075601,78.32018670419608,0.002451523638654555,0.0,32.101638189242415,112.58954078644406
218,abundant,111.23935112019596,83.39431649086553,45.27594692152114,0.5181517554367021,3.9321844508237858,5304.811323743888,1.5829671590447656,12,23,16,1,0,0,0.23848679307865012,0.7672868903691371,0.008050000000000002,0.2890719956062946,99.89427440725336,78.30260495057549,0.002463199473046564,0.0,32.101638189242415,102.73250118515791
219,abundant,111.22332930419554,83.51084301316523,45.39164355343072,0.4909280755952023,3.9577927081839173,5340.701300502224,1.5812922356135122,12,19,20,1,0,0,0.24476031201107618,0.7668738540259248,0.0066500000000000005,0.2890184525112695,99.89386393559617,78.28810142245341,0.002472829518510734,0.0,32.101638189242415,125.78268439191697
220,abundant,111.21260342883458,83.63110092962783,45.498850035513044,0.49468247548333383,4.0142262932643415,5363.266715649093,1.5818893375392842,10,17,22,1,0,0,0.2508763857819466,0.7664344900015647,0.00595,0.2889705915444367,99.8935114988399,78.27513704528985,0.002481436537842151,0.0,32.101638189242415,124.61648588486636
221,abundant,111.20275091188496,83.75568749609889,45.59261358145746,0.49123095707620507,4.09038378745832,5394.389805337938,1.5826384678814711,10,16,23,1,0,0,0.2543654075513017,0.7659814880532583,0.005600000000000001,0.28892557178432954,99.8932447416881,78.26294228224043,0.0024895319124429278,0.0,32.101638189242415,136.46544229990187
222,abundant,111.19714155037096,83.8902593966328,45.67895526252182,0.5351194022007801,4.147794495291317,5419.713623174699,1.582881793532581,9,16,23,1,0,0,0.2582883728088457,0.7655241708431685,0.005600000000000001,0.28888055232004506,99.8929613022936,78.25074759932221,0.002497627005959189,0.0,32.101638189242415,137.5639878575878
223,abundant,111.18934549355524,84.03025379200463,45.75262630765477,0.5658260075489908,4.195007528839451,5445.515200576279,1.5848706976398046,9,16,23,1,0,0,0.25862154979455043,0.7650664871383944,0.005600000000000001,0.28883553315473337,99.89271310936527,78.2385529973885,0.002505721818400694,0.0,32.101638189242415,139.7059077799317
224,abundant,111.17475543715152,84.15471830332119,45.83758773489626,0.5085853524408182,4.23025286514009,5463.2025421976505,1.5889529528458959,9,17,22,1,0,0,0.2565898486142504,0.7646208383049189,0.0059499999999999996,0.2887876733976754,99.89240673944342,78.22558894792365,0.0025143276956581923,0.0,32.101638189242415,135.5816286851337
225,abundant,111.14692607017562,84.26140431617526,45.92754349822438,0.46335247597627444,4.268610155605672,5473.0339089415575,1.596977562412286,9,19,20,1,0,0,0.2490480440237947,0.7642030854564925,0.0066500000000000005,0.28873413217399235,99.89191688167148,78.21108592670282,0.002523955965867676,0.0,32.101638189242415,131.19835256499852
226,abundant,111.13155357796511,84.37495423270674,46.020300292893225,0.5072330659709964,4.311455678487825,5477.350329093395,1.6056527351351386,9,22,17,1,0,0,0.24225645341920138,0.7638222033577314,0.007700000000000001,0.28867206861679495,99.89127676607139,78.19427441166532,0.0025351179394109955,0.0,32.101638189242415,128.42032330445636
227,abundant,111.10976252662957,84.48048328598341,46.12397420020397,0.471464774937236,4.360696214140712,5499.101404260029,1.6141559047156755,9,19,20,1,0,0,0.24841728723134757,0.763405144341777,0.0066500000000000005,0.28861852813461025,99.89083096727104,78.17977159129845,0.002544745487749548,0.0,32.101638189242415,146.10882118804903
228,abundant,111.08582949572902,84.5670490025971,46.25287295257434,0.3883762137254114,4.406966640288367,5526.075995294392,1.620463556019688,11,17,22,1,0,0,0.2516270768400541,0.7629649545572528,0.0059499999999999996,0.28857066978779683,99.89052570882045,78.16680792383471,0.0025533500100420508,0.0,32.101638189242415,161.41353924638753
229,abundant,111.06686341622019,84.63449064657605,46.39481239135487,0.3336789742453162,4.4091229717750595,5540.913064236192,1.629500575549246,11,21,18,1,0,0,0.24286413172057458,0.7625736040123602,0.007350000000000001,0.28851144819915997,99.89013295957548,78.15076622927398,0.0025639996170955665,0.0,32.101638189242415,159.54474309764453
230,abundant,111.037849506482,84.70387841331782,46.53840186566249,0.35083949669440423,4.4287915092730525,5554.829079207222,1.6407921199786941,12,23,16,1,0,0,0.23967304536283202,0.762205363662461,0.00805,0.2884465452086391,99.88969073956491,78.13318558049406,0.0025756715461394586,0.0,32.101638189242415,148.49469253170497
231,abundant,111.01651752654716,84.7671195464653,46.689570496793536,0.3132440468369867,4.436088956979767,5569.170868180976,1.650121527877723,11,23,16,1,0,0,0.24147230424046615,0.7618351441277965,0.00805,0.2883816426397095,99.88924090697247,78.115605045913,0.0025873430699150718,0.0,32.101638189242415,154.01209858403178
232,abundant,110.99061033187179,84.83238866524306,46.83090978501073,0.32952040133215005,4.441246722003845,5571.581362563884,1.663838278807994,11,23,16,1,0,0,0.2427696755708153,0.7614634974846686,0.00805,0.28831674049806233,99.88874497238986,78.0980246270724,0.002599014188436479,0.0,32.101638189242415,137.02445754960664
233,abundant,110.96147342561353,84.90608325766051,46.964251980179725,0.38431544493608516,4.482420347273265,5603.720481907905,1.675729984705374,11,22,17,1,0,0,0.24419080581613564,0.7610804875982707,0.0077,0.2882546796735422,99.88828666034635,78.08121385225101,0.002610173555836762,0.0,32.101638189242415,145.1323809484417
234,abundant,110.93576793436007,84.98179950579743,47.09266655256331,0.37392519213415876,4.527659852339842,5631.385164084604,1.6867511068473127,11,22,17,1,0,0,0.24237530310235506,0.7606994747648581,0.007700000000000001,0.2881926192562283,99.88790341587628,78.06440318773194,0.002621332535765736,0.0,32.101638189242415,143.77143574658595
235,abundant,110.90955516663432,85.068329376435,47.2112634010069,0.43239961855332365,4.573672227719828,5657.833894663876,1.6968619480641278,11,20,19,1,0,0,0.24434289154186445,0.7602966975841621,0.007000000000000001,0.28813624104007535,99.88759865322308,78.04913169393683,0.002631468436474876,0.0,32.101638189242415,143.9093144407838
236,abundant,110.88885403613695,85.1639139454351,47.33185032433225,0.44888942581294955,4.6045938390630825,5687.024694692656,1.7065925666600135,12,19,20,1,0,0,0.24817410105052568,0.7598799060730064,0.0066500000000000005,0.2880827040967258,99.88732184353644,78.03462983215472,0.002641092639368139,0.0,32.101638189242415,133.25258553030156
237,abundant,110.85087499104387,85.25327931095612,47.43572999146935,0.43803709246733197,4.639672514245889,5709.41970178076,1.7144401724496934,12,21,18,1,0,0,0.24519917473983327,0.7594859869807926,0.007350000000000001,0.2880234857257111,99.88692156232347,78.01858900916993,0.0026517391998554726,0.0,32.101638189242415,147.91657970229528
238,abundant,110.80700011210703,85.33958937052212,47.539966810030855,0.47276604330945904,4.67623194617578,5753.942286624049,1.7113734079532015,12,25,14,1,0,0,0.23587205341643874,0.7591336177051222,0.00846749939599165,0.2879551971943757,99.88631479764014,78.00009129934993,0.0026640180441431247,0.0,32.101638189242415,138.2980284166352
239,abundant,110.76681408978769,85.42046242184347,47.64115958273236,0.4415392271971776,4.717973930051718,5799.156820124896,1.7092270067691862,12,25,14,1,0,0,0.23484617292313917,0.7587902869149067,0.008749999999999999,0.2878846161003558,99.88574434527816,77.98097258980346,0.002676709192147239,0.0,32.101638189242415,136.0128616610893
240,abundant,110.72560392045975,85.50369212448047,47.74544713904707,0.4522785117806927,4.7492637361755055,5848.47500619218,1.707264698885262,12,24,15,1,0,0,0.23638560396546598,0.7584354627505447,0.0084,0.2878168763659955,99.88526293041403,77.9626235357972,0.0026888885536131522,0.0,32.101638189242415,144.63220297339154
241,abundant,110.67977372429432,85.57703969035742,47.838583730855156,0.4142499220659176,4.786376070503337,5893.141353751889,1.7023203746776452,12,25,14,1,0,0,0.2336297950510819,0.7580934699759885,0.008749999999999999,0.28774629619145203,99.88470181469147,77.94350507531462,0.0027015788380729015,0.0,32.101638189242415,147.1666374824456
242,abundant,110.64406135058042,85.65300597307578,47.93619964067409,0.40762509754024157,4.838745774493491,5944.735634368313,1.694922943193654,13,25,14,1,0,0,0.23203013637314768,0.757753236825978,0.008749999999999999,0.28767571648404694,99.88420470921001,77.92438674136852,0.002714268681905424,0.0,32.101638189242415,149.93100042970988
243,abundant,110.59976153238446,85.73607573087129,48.010481767055374,0.4527965170224737,4.877917965914731,5993.922477385087,1.6871544279965958,13,25,14,1,0,0,0.23101789632355246,0.7574141171400222,0.008749999999999999,0.2876051372428943,99.8837272989907,77.90526853371892,0.0027269580851260185,0.0,32.101638189242415,144.60511548708192
244,abundant,110.56318793080663,85.82443810589089,48.09419551129804,0.4580477638793973,4.89405791581252,6030.461135561985,1.6813738056033596,13,24,15,1,0,0,0.23224817012665958,0.7570638441528826,0.008400000000000001,0.2875373993640352,99.88326062009943,77.88691998232304,0.0027391357018689937,0.0,32.101638189242415,135.9059278231772
245,abundant,110.50468664304779,85.93959232909316,48.157514984048724,0.6117058852957283,4.900261202202207,6058.202369297462,1.675568173704381,13,25,14,1,0,0,0.22953252786251527,0.7567263583722339,0.00875,0.2874668210360594,99.88270918533289,77.86780202203093,0.002751824241666385,0.0,32.101638189242415,115.60377505643756
246,abundant,110.45791152675883,86.04131546545008,48.23138589754386,0.516925606271254,4.950254550585731,6095.546212684814,1.6698617271325276,13,25,14,1,0,0,0.23007266875978205,0.7563882784365982,0.00875,0.2873962431790769,99.88217104011655,77.8486841893195,0.0027645123408971267,0.0,32.101638189242415,119.1501939470373
247,abundant,110.40581389860658,86.15351702339026,48.2886472856135,0.5509354176821717,5.046240770270713,6108.617584958491,1.671039312308839,14,24,15,0,1,0,0.23029334287904088,0.7560401557594311,0.008400000000000001,0.28732850668166915,99.88164572687013,77.83033601212533,0.0027766886536955255,0.0,32.101638189242415,113.7083040265336
248,abundant,110.34278335065225,86.27650000474026,48.328876663973716,0.6087649433263339,5.146308320058552,6134.570871308417,1.6704323477144196,14,24,15,0,1,0,0.22979468137853432,0.7556925816099147,0.008400000000000001,0.28726077063786043,99.88110483402524,77.81198795780017,0.0027888645437126255,0.0,32.101638189242415,125.98650845249036
249,abundant,110.30792818023515,86.39469188603798,48.37966085839322,0.5284519176990407,5.241903728964298,6174.828431957649,1.6698629631789352,14,23,16,0,1,0,0.23024562507354887,0.7553347114223338,0.008050000000000002,0.28719587595873,99.88068825296736,77.79440956037467,0.002800528665082116,0.0,32.101638189242415,124.26723206806514
250,abundant,110.24723248147636,86.52643984559332,48.40255099183319,0.6430542812854213,5.34074825088244,6183.0454274820295,1.6691917950301773,14,22,17,0,1,0,0.2316012372272839,0.7549655500613837,0.007700000000000001,0.2871338226223967,99.88028932233475,77.77760081392181,0.002811681035573434,0.0,32.101638189242415,123.17678281225639
251,abundant,110.21135080971139,86.63762130839831,48.45158524479293,0.4848099261068382,5.433761497262163,6210.4799273036915,1.6731373659786044,14,22,17,0,1,0,0.23270997946035524,0.7545951690839774,0.007700000000000001,0.28707176972335363,99.87982938294478,77.76079218592028,0.0028228330188363885,0.0,32.101638189242415,138.09593440830076
252,abundant,110.1346829740792,86.75286656588753,48.4989003984463,0.6130156457832299,5.537618684277129,6233.25138482864,1.6744380713956233,14,22,17,0,1,0,0.23523141638879447,0.7542220145259496,0.007700000000000001,0.2870097172578029,99.87931164227383,77.74398367534133,0.0028339846148844237,0.0,32.101638189242415,135.8299770175131
253,abundant,110.09544496062851,86.86547541901191,48.55391067474416,0.5231508810097848,5.62149921487914,6246.6954756462,1.6753595440109548,14,24,15,0,1,0,0.23108950726019284,0.7538730160679634,0.008400000000000001,0.28694198344392985,99.87878701311003,77.72563622505174,0.002846158515492966,0.0,32.101638189242415,145.92728363778357
254,abundant,110.0583524467307,86.98405182602808,48.60340980581133,0.5832252776331547,5.660920811373937,6264.299457153073,1.67563821709271,14,26,13,0,1,0,0.22461255808869357,0.7535507422540657,0.0091,0.2868685683176254,99.87813155074933,77.70574984477351,0.002859354685165944,0.0,32.101638189242415,123.20339360485386
255,abundant,110.00201855190376,87.09572089225175,48.64638664136419,0.5942237705014406,5.698827476965307,6279.408825701212,1.677730196774062,13,26,13,0,1,0,0.2262056583571515,0.7532267160298729,0.0091,0.28679515369541175,99.87739540547734,77.68586360104128,0.002872550396646541,0.0,32.101638189242415,132.94739192778096
256,abundant,109.96483549250918,87.20375239580284,48.70841100683964,0.5244597058333779,5.752265764731196,6299.962026553963,1.6779792871955745,13,24,15,0,1,0,0.2284293074475559,0.7528806437916805,0.008400000000000001,0.286727421371691,99.87679532782502,77.66751655439786,0.002884722958188686,0.0,32.101638189242415,116.97660461843391
257,abundant,109.92800517720075,87.28922722253603,48.78709267626317,0.4437548438463976,5.742633757664533,6314.570119604614,1.682721106463252,13,27,13,0,0,0,0.22097793025087742,0.7525721680684045,0.00945,0.2866511668393324,99.87606261029863,77.6468610477638,0.0028984291347227526,0.0,32.101638189242415,131.0430999924251
258,abundant,109.90099538302611,87.36882941620071,48.86068028132931,0.3990383806651827,5.7149470718622455,6317.47168876815,1.6881490261378236,13,23,17,0,0,0,0.2280449138922506,0.752216718663123,0.008050000000000002,0.28658627641079587,99.87567567533763,77.6292838017213,0.0029100894518322134,0.0,32.101638189242415,153.86522291481862
259,abundant,109.88839983063194,87.44417517506773,48.934100230158734,0.37604243937260257,5.722478895167352,6337.276905148501,1.6898424056054098,13,23,17,0,0,0,0.23157494187878552,0.7518573862270563,0.008050000000000002,0.2865213864484561,99.87536830355995,77.61170668196021,0.002921749364076581,0.0,32.101638189242415,142.1602657117894
260,abundant,109.87223595819573,87.5003502732507,49.0147037829645,0.28900523711097365,5.722412979631573,6344.557708116219,1.6956845059629415,13,23,17,0,0,0,0.23029501965502447,0.7514994617054358,0.00805,0.28645649694864234,99.87509928594139,77.59412968748623,0.002933408871469913,0.0,32.101638189242415,130.50134107163805
261,abundant,109.84401702380114,87.56183316322974,49.08451663944402,0.3426115978392241,5.722966633591217,6355.444873498163,1.6981007253742297,11,23,17,0,0,0,0.23190419996023487,0.7511397670854795,0.00805,0.28639160791037094,99.87481833102379,77.57655281803288,0.0029450679740262676,0.0,32.101638189242415,153.4140351812023
262,abundant,109.81481872447053,87.62663917411378,49.159810682474344,0.3281202827306847,5.725566117924844,6368.094982791146,1.7025753057377,12,22,18,0,0,0,0.23335524910119482,0.7507686763114682,0.007700000000000001,0.28632956022594147,99.87456545026131,77.55974560254393,0.0029562153258787098,0.0,32.101638189242415,142.05366051231323
263,abundant,109.77566718641478,87.70050278429869,49.221165811537176,0.37950662382664146,5.754672967469862,6391.157939348312,1.701822998363024,12,22,18,0,0,0,0.23565129661744347,0.7503950598851888,0.007700000000000001,0.2862675129846948,99.87425435837501,77.54293850710246,0.002967362290677044,0.0,32.101638189242415,138.888051855886
264,abundant,109.73999561407211,87.77792061904371,49.27008733993079,0.3804850328662041,5.772746120787055,6398.473162283306,1.7080380429047548,12,22,18,0,0,0,0.23447053044311175,0.7500227423017014,0.007700000000000001,0.28620546618525855,99.87393429635263,77.52613153133673,0.002978508868434708,0.0,32.101638189242415,154.9611820950315
265,abundant,109.68528617306117,87.86157994865873,49.30981661915304,0.47304241338380215,5.813512589741133,6406.502516525543,1.710269869835516,12,22,18,0,0,0,0.2335292074769245,0.7496514601734768,0.007700000000000001,0.28614341982606023,99.87354510716929,77.5093246748208,0.002989655059165142,0.0,32.101638189242415,142.10291075610468
266,abundant,109.66481425274303,87.94079062547253,49.36938332520948,0.3640210069272581,5.851249183584974,6418.563210371023,1.7162841657609733,12,23,17,0,0,0,0.2317587380934673,0.749291925561574,0.008050000000000002,0.2860785330145724,99.87314281432374,77.49174840854923,0.003001312208762774,0.0,32.101638189242415,155.21468302337087
267,abundant,109.64712949752766,88.0189837804085,49.44087347819793,0.3531003594801663,5.923989665382992,6425.799208673408,1.7217363431024906,12,23,17,0,0,0,0.23241958603280288,0.7489316640169379,0.008050000000000002,0.2860136466635681,99.87269708818549,77.47417226701148,0.0030129689536052932,0.0,32.101638189242415,144.57959163235842
268,abundant,109.61493626013116,88.10426432168715,49.51153447373549,0.42776798501659447,5.955601892489769,6422.387078119355,1.7291561533067987,13,24,16,0,0,0,0.22846086218841927,0.7485855570685306,0.008400000000000001,0.2859459198810076,99.8722817478458,77.45582672133423,0.0030251366395877455,0.0,32.101638189242415,137.63427200860326
269,abundant,109.57921776783397,88.18799558165927,49.587189085162024,0.42380509678778616,5.978059830039552,6428.223734819534,1.7344411584003454,13,24,16,0,0,0,0.22929801334238825,0.7482385292538539,0.008400000000000001,0.2858781935745863,99.87180137662807,77.43748130463158,0.003037303903088436,0.0,32.101638189242415,142.0260773079458
270,abundant,109.54842897850313,88.2515013029798,49.66125217930683,0.34660766029947043,5.9556175426855305,6405.601031997925,1.7398591844829492,13,27,13,0,0,0,0.21990269005241475,0.7479312362947963,0.00945,0.2858019450706267,99.87112798055423,77.41682743094483,0.0030510047817650034,0.0,32.101638189242415,155.64019577228873
271,abundant,109.53856314936843,88.31573797507951,49.75574837647066,0.31726222509748314,5.984776302920227,6408.767504538671,1.7437061267177003,13,25,15,0,0,0,0.2236612042592318,0.747600208970111,0.008749999999999999,0.28573137889138606,99.8705989007132,77.39771276145096,0.003063682492962896,0.0,32.101638189242415,151.74975468217343
272,abundant,109.53141344847597,88.39567247083032,49.842024273838355,0.40606535091969187,6.020102219463162,6410.30028333114,1.7463017655177155,13,24,16,0,0,0,0.2264766535490465,0.747256284651207,0.008400000000000001,0.28566365411099437,99.87004123370582,77.37936775811278,0.0030758484180891357,0.0,32.101638189242415,133.05709719160387
273,abundant,109.52446092164159,88.46556533228673,49.926168009335264,0.34396421393604776,6.073419716921309,6413.197607190712,1.7556168252693525,13,23,17,0,0,0,0.22960561429983067,0.7468991184754772,0.00805,0.28559877071324236,99.86948206189977,77.36179241653957,0.003087502574913762,0.0,32.101638189242415,144.11399244169328
274,abundant,109.52511890954247,88.53575039126086,50.01175753479142,0.33551062953825483,6.112252203534136,6407.709890640588,1.7634090472711799,14,22,18,0,0,0,0.23065697937259602,0.7465309957981672,0.007700000000000001,0.2855367286957476,99.86900325535817,77.34498673608601,0.0030986449812062016,0.0,32.101638189242415,156.2408114914789
275,abundant,109.5098167477081,88.59977043870775,50.082386638846245,0.3303146133839997,6.154448235108127,6420.106193029191,1.7665326040579623,14,22,18,0,0,0,0.23159270216409986,0.7461618438257867,0.007700000000000001,0.28547468714733215,99.86851860655534,77.3281811826947,0.00310978700061625,0.0,32.101638189242415,142.53902000427777
276,abundant,109.48540974879275,88.65111711846458,50.14932752640392,0.294130189318723,6.149215716327598,6413.467465598165,1.7688801637536793,14,22,18,0,0,0,0.23230076135511527,0.7457919129882962,0.007700000000000001,0.28541264606535394,99.86805861270048,77.31137575564993,0.003120928633157341,0.0,32.101638189242415,142.16707767259192
277,abundant,109.45876428782294,88.70109526175087,50.22478923945537,0.3040235887599022,6.149042152253614,6411.504801726267,1.7758345279473748,14,21,19,0,0,0,0.2313965138008805,0.7454131768231151,0.007350000000000001,0.28535344633963855,99.86757093675564,77.29533998322532,0.0031315585329619172,0.0,32.101638189242415,164.68419685121003
278,abundant,109.43982041936677,88.7516441509845,50.30564504970195,0.2925671656528112,6.137661332178707,6415.831544145985,1.778095633498237,15,19,21,0,0,0,0.23592178633602917,0.7450098628581454,0.0066500000000000005,0.2852999288566802,99.86728333484287,77.28084339279204,0.0031411653719171785,0.0,32.101638189242415,172.57498251143062
279,abundant,109.40431305877492,88.79602787733549,50.379937457794185,0.3064675660888779,6.120532393909992,6404.695477901645,1.7832043300406635,16,18,22,0,0,0,0.24142934992793466,0.7445906905732247,0.0063,0.28524925269123425,99.86699817586137,77.26711644648233,0.0031502605314264434,0.0,32.101638189242415,163.8010379003913
280,abundant,109.37766775727559,88.83978036145625,50.43625333608741,0.27832928744963115,6.088981723560147,6388.42084976656,1.7875543062794543,16,17,23,0,0,0,0.24516506917431263,0.7441576089971329,0.00595,0.28520141783551634,99.8667736497809,77.25415914218763,0.0031588440292560503,0.0,32.101638189242415,169.36716651552925
281,abundant,109.33750364267507,88.90218487952197,50.48238728959509,0.37563685702712324,6.05797845760087,6361.269695264389,1.7894160883359085,16,18,22,0,0,0,0.2414734861841848,0.7437383881623303,0.0063,0.2851507424774899,99.86660074144427,77.24043241458833,0.0031679385749337034,0.0,32.101638189242415,145.87020116743687
282,abundant,109.29934301833859,88.96728492722043,50.52049622252929,0.3726265602308829,6.000175155787543,6327.168575366246,1.793612036320422,16,19,21,0,0,0,0.24194665372565324,0.7433284468432321,0.0066500000000000005,0.28509722662170345,99.86623216195379,77.22593626491651,0.0031775441507149926,0.0,32.101638189242415,141.37488940669195
283,abundant,109.24420319136046,89.03443291346787,50.559971058781635,0.428818665450502,5.940133153379174,6304.445670251371,1.7892789307928296,16,16,23,1,0,0,0.24698337078737484,0.742883565135366,0.0056,0.2850522338595487,99.86598379143041,77.21374881495878,0.003185615355332165,0.0,32.101638189242415,163.71055913388255
284,abundant,109.19264733105572,89.08545018572072,50.60234894654123,0.3632829406359912,5.849073727346147,6271.555479232149,1.7870698486726027,16,18,21,1,0,0,0.2440950906079772,0.7424614605356972,0.0063,0.28500155968381513,99.86565503613154,77.20002240761399,0.0031947089714660227,0.0,32.101638189242415,170.11972040976076
285,abundant,109.16158428669003,89.14047968841396,50.65927247895807,0.3297593819738805,5.782189247856383,6239.695943089508,1.7835157711856042,16,19,20,1,0,0,0.24264970284558815,0.742040998092279,0.006301865346857441,0.2849508707674135,99.8652317403128,77.18629200737911,0.0032038049971046083,0.0,32.101638189242415,168.88643397566096
286,abundant,109.13657376318426,89.20530721831031,50.716812218471034,0.3412860630022335,5.71056907452842,6214.928668286986,1.7797346352560082,15,16,22,2,0,0,0.24921580322755724,0.7415936607087287,0.005600000000000001,0.2849058791698326,99.86492143319592,77.17410487287623,0.0032118752899026664,0.0,32.101638189242415,167.61758061406516
287,abundant,109.12569820370273,89.29668741715273,50.784694255217914,0.38522411919212324,5.5985631038625145,6187.349689908078,1.7814738910347752,15,17,20,3,0,0,0.24794992048930017,0.7411575157961904,0.00595,0.28485804701751244,99.86444349137528,77.16114830086653,0.0032204566483680806,0.0,32.101638189242415,144.5312974154944
288,abundant,109.10927057768895,89.40354301626802,50.85151630982942,0.4506795395055276,5.507997850283461,6167.592790755705,1.7869750195799194,15,17,20,3,0,0,0.24843584183967984,0.7407208363701667,0.0059499999999999996,0.2848102152174696,99.86396474912274,77.1481918242802,0.003229037708874831,0.0,32.101638189242415,129.75882687065442
289,abundant,109.09547233344554,89.51937982766218,50.92989622530259,0.4926963328842655,5.459818936909483,6170.172443358824,1.7900487773796774,15,18,19,3,0,0,0.24975647963095637,0.7402826994418202,0.005949828544558131,0.2847623851671353,99.86344284207867,77.1352358216476,0.0032376182209388833,0.0,32.101638189242415,126.77488830275215
290,abundant,109.07423515543564,89.63807578968684,50.9951160178736,0.5159099107899889,5.4291978050211345,6174.7542002104165,1.7971575234239492,15,16,21,3,0,0,0.2529973041469919,0.7398312024072585,0.0056,0.28471739498263604,99.86310537963374,77.1230490699143,0.0032456873396870525,0.0,32.101638189242415,114.80166213985743
291,abundant,109.04853715392123,89.75600962698327,51.06193288539426,0.5050439118235818,5.402305273135875,6200.374176091034,1.8026448780118838,15,16,21,3,0,0,0.2573248332538311,0.7393749450906794,0.0056,0.2846724051393632,99.86274931885141,77.110862410611,0.0032537561782623515,0.0,32.101638189242415,125.7685018540358
292,abundant,109.04012172254791,89.87390259184302,51.125121064205054,0.4794337249966553,5.377778770578256,6214.2095364214765,1.8117152334871132,15,17,20,3,0,0,0.2551151374723516,0.7389211285427559,0.005600360832006731,0.2846274127005839,99.86226671927065,77.09867504824783,0.0032618252638458244,0.0,32.101638189242415,122.61130966787088
293,abundant,109.0386049956788,89.99262021447389,51.18908204807036,0.4866602786179625,5.374381470313843,6234.721220956475,1.8151604547254943,15,15,22,3,0,0,0.26179280286699413,0.7384501564596022,0.00525,0.2845852644217604,99.8618879850653,77.08725809995734,0.0032693821962052724,0.0,32.101638189242415,129.55026039465332
294,abundant,109.03795749967739,90.1160193138514,51.24384386104996,0.49701842485611897,5.348160674667724,6260.151597969627,1.8192460371749617,13,14,23,3,0,0,0.26667069870585786,0.7379640186910257,0.0049,0.28454595736233795,99.86159773041496,77.07661076921447,0.0032764275202948018,0.0,32.101638189242415,121.75505400100819
295,abundant,109.0260628803057,90.22500919296041,51.2987596499161,0.4292723931957901,5.301271452487462,6285.326158836819,1.829978320512168,13,14,23,3,0,0,0.2684251793084935,0.7374759509937864,0.0049,0.28450665061212776,99.86132732547959,77.0659635222297,0.00328347259975927,0.0,32.101638189242415,129.77384070904213
296,abundant,109.0266366920816,90.33625297648295,51.364633599884975,0.44182641148838425,5.256948658464841,6302.434085892019,1.8314743219731453,12,15,22,3,0,0,0.2597135905295048,0.737007266044204,0.00525,0.2844645032724288,99.8609698630453,77.05454682832531,0.0032910287804881586,0.0,32.101638189242415,137.94698327731106
297,abundant,109.03103113479631,90.45031672544556,51.43107902309346,0.4720090565736112,5.212968583641379,6309.259692698171,1.8308175429358762,13,16,21,3,0,0,0.2594395504560597,0.7365408025975441,0.005318573530067925,0.28442179965782843,99.8606176225475,77.042979453018,0.0032986848839746323,0.0,32.101638189242415,135.47151504555262
298,abundant,109.02950985167703,90.54288426053805,51.498195700984205,0.3920155165529942,5.151711783093331,6312.302246734638,1.8338876719140011,13,16,21,3,0,0,0.25904129653960445,0.7360826571713506,0.005600000000000001,0.2843768120921376,99.86026481476198,77.03079341065651,0.0033067518823893687,0.0,32.101638189242415,138.57007924933046
299,abundant,109.03032647446462,90.62291724683577,51.56105255161145,0.339997232649981,5.121362633077925,6328.783763152685,1.8397123988562392,14,16,21,3,0,0,0.2585629916528437,0.7356250378805325,0.005600000000000001,0.2843318248653165,99.85992919959213,77.01860746008663,0.0033148186007048567,0.0,32.101638189242415,136.82506205430647
300,abundant,109.02253717868648,90.67793359436389,51.628270104167584,0.24079339063998476,5.114271843489009,6339.4218782893,1.8456355838305847,14,17,20,3,0,0,0.2551701481413424,0.7351809507175769,0.00595,0.2842839970825543,99.85947269525505,77.0056520716844,0.0033233963848118115,0.0,32.101638189242415,153.02536671483614
301,abundant,109.0178455523589,90.72284070111183,51.68524081935924,0.21204610219938352,5.1803313893860805,6353.323752286386,1.8422032826271102,15,13,23,4,0,0,0.2612244640812323,0.7346910038070875,0.00455,0.28424753321142415,99.85923352021177,76.99577489181408,0.003329928487560251,0.0,32.101638189242415,164.83264712673684
302,abundant,109.02095363067887,90.74896770807955,51.75647869565434,0.14130210020902653,5.216184443903151,6385.191373097216,1.8462369249347463,15,16,21,3,0,0,0.2552982188638263,0.7342369757663373,0.0056,0.2842025469381673,99.85886354955313,76.98358919954168,0.0033379944011464754,0.0,32.101638189242415,175.5878475075489
303,abundant,109.01775382273199,90.7565193153487,51.803295785170825,0.10061149457943563,5.275049433301274,6412.133345627073,1.8520763874497594,15,15,23,2,0,0,0.25467215188640785,0.7337738363992622,0.00525,0.28416040189978836,99.85860703429044,76.97217312900916,0.003345548688790127,0.0,32.101638189242415,174.63243448939676
304,abundant,109.00271830964391,90.76645385608397,51.84624361396534,0.14129044218688416,5.334166020070767,6429.478543677891,1.8600016673553446,15,15,23,2,0,0,0.2508131094780864,0.7333051822064753,0.0049014367013949164,0.284121086416224,99.85830972738925,76.9615235163702,0.0033525934672595193,0.0,32.101638189242415,184.93829532602234
305,abundant,108.96874944946603,90.78393027174648,51.864400884311316,0.22509348668889487,5.395996696114102,6435.956680756601,1.8693262609635741,15,15,23,2,0,0,0.25083903834482657,0.732846259264296,0.00525,0.2840789420101196,99.8580052328161,76.95010761710556,0.0033601472479999534,0.0,32.101638189242415,172.06258059027246
306,abundant,108.92884439745856,90.79144309511321,51.87735242678868,0.1902162472732848,5.4272919446274654,6428.861804790227,1.8742758802947477,15,14,24,2,0,0,0.255482112165216,0.7323724289409143,0.0049,0.2840396388246383,99.8577445235192,76.93946133571954,0.003367189420579898,0.0,32.101638189242415,170.35550039021024
307,abundant,108.87486764405409,90.80597050985845,51.89256021112497,0.26957356342258304,5.4422571299197555,6419.64719056007,1.873940263983127,15,14,24,2,0,0,0.25918483039906176,0.7318945256274753,0.0049,0.28400033594768803,99.85745800435537,76.92881513790711,0.0033742313486442074,0.0,32.101638189242415,168.00255719038833
308,abundant,108.83317598097806,90.82208581883341,51.9223850107799,0.21043530576135724,5.486064404174413,6412.076578110675,1.8714182270107782,15,15,23,2,0,0,0.25972985530372517,0.7314160461076299,0.004900832892454863,0.2839610266141074,99.85710652514405,76.91816719114985,0.003381274249047444,0.0,32.101638189242415,179.14631295588714
309,abundant,108.78506424840862,90.84326471432965,51.9398593063152,0.26168682538667815,5.531765140294651,6404.318679844713,1.8772210493990864,15,14,24,2,0,0,0.2613861865734314,0.730935721302399,0.0049,0.2839217243434532,99.85681070463316,76.90752115756835,0.0033883156880636987,0.0,32.101638189242415,186.46706076997148
310,abundant,108.73871943738322,90.86300720314324,51.95248106387279,0.2328131510729003,5.555057883687594,6406.614458418335,1.8876030303640945,15,13,25,2,0,0,0.26253030797218296,0.7304443379636296,0.00455,0.2838852632762101,99.85656721956812,76.89764473720315,0.0033948455367087986,0.0,32.101638189242415,178.08062556919256
311,abundant,108.70140178004233,90.87733864633508,51.976929470574774,0.18696909101181935,5.575997564856574,6405.891885131248,1.8965358589173669,15,14,24,2,0,0,0.2601855961934085,0.7299653338078169,0.0049,0.28384596160902004,99.85632134189699,76.88699886708548,0.003401886504507968,0.0,32.101638189242415,186.4138606428349
312,abundant,108.67710442257123,90.9166315808933,52.01495181820644,0.23757618151540214,5.592454114896038,6400.276248961753,1.8948622341829284,15,16,22,2,0,0,0.254096677361216,0.7295126274627196,0.0056,0.2838009784851206,99.85598959756624,76.87481402789773,0.003409949919595314,0.0,32.101638189242415,165.62228146486783
313,abundant,108.66506224004965,90.966387891577,52.06313045869831,0.26403696339457977,5.615832058204087,6399.565135919656,1.8916432972155273,16,19,19,2,0,0,0.2450707193586817,0.729089479704614,0.006301072613893083,0.28375030522843797,99.85560337369958,76.8610878695016,0.003419037313546085,0.0,32.101638189242415,135.22236058001624
314,abundant,108.62957554031182,91.00449131573995,52.111158228248016,0.28322716693782485,5.603249180060327,6399.999326861696,1.884090027057732,15,20,18,2,0,0,0.24119071052626592,0.7286901699230351,0.007000000000000001,0.2836939592887662,99.85515439518373,76.8458251186238,0.0034291455166535274,0.0,32.101638189242415,171.29408587818466
315,abundant,108.61498549814412,91.0423365860073,52.1748635612711,0.22573803739361809,5.60205021872626,6406.375035361394,1.8829873176629603,15,21,18,1,0,0,0.23535425962486417,0.7283049911366917,0.007275389258710267,0.28363537849959103,99.85477474056613,76.82995700112298,0.003439655709253818,0.0,32.101638189242415,160.56243653549714
316,abundant,108.5830352659942,91.07948407494641,52.21426594365465,0.2535165755945389,5.605299048890133,6420.840992598234,1.8832061919388956,16,20,19,1,0,0,0.2345568896171064,0.7279129785581128,0.007000000000000001,0.28357903345409885,99.85440272649572,76.81469449245678,0.003449763196457171,0.0,32.101638189242415,164.1312812830135
317,abundant,108.5377873277954,91.10850344843418,52.255769296999155,0.2835843674626017,5.613880757263794,6454.808787296148,1.88047349097864,16,19,21,0,0,0,0.23578678485804022,0.7275098130947689,0.0066500000000000005,0.28352552974091705,99.8541334876469,76.80020163192259,0.003459358986831211,0.0,32.101638189242415,162.00761078646718
318,abundant,108.49151150334642,91.1354750386225,52.28371587910974,0.26832197364407995,5.609609770639336,6483.104157370923,1.878571204718634,16,18,22,0,0,0,0.23943382231387708,0.7270928358902236,0.0063,0.28347486734911603,99.85388291973956,76.78647841655983,0.003468443098142879,0.0,32.101638189242415,169.07215480227154
319,abundant,108.45304347708961,91.16576828475587,52.33611511996511,0.23361070613520127,5.610841249353326,6508.009697057838,1.879181354942072,16,19,21,0,0,0,0.23849226207614746,0.7266769320241705,0.006301343651095912,0.2834241944617337,99.85350165422221,76.77275235819822,0.003477528857097929,0.0,32.101638189242415,177.24186872905972
320,abundant,108.41012680424868,91.21364538977936,52.38199872447765,0.3236999564677974,5.600144347718382,6540.206639191558,1.8856398072883462,16,18,22,0,0,0,0.2387458939694434,0.7262607115408042,0.0063,0.28337353288439543,99.85320654865811,76.7590293634537,0.003486612337522277,0.0,32.101638189242415,146.2083938714432
321,abundant,108.36403592985816,91.25817682173992,52.43588853018633,0.3070391401089154,5.542457273053836,6567.294650955642,1.885122383440942,15,18,22,0,0,0,0.2380991771987951,0.7258452024458854,0.0063,0.2833228717120135,99.8528323278227,76.74530647840204,0.003495695502553475,0.0,32.101638189242415,150.39132216137457
322,abundant,108.32441143336158,91.32501189868954,52.47875353912856,0.3808202940155315,5.525694283780463,6592.678037397549,1.8929205493916843,15,20,20,0,0,0,0.23078121754250064,0.7254573431065887,0.007000000000000001,0.28326652915979167,99.85241799743673,76.73004464510242,0.0035058010439644534,0.0,32.101638189242415,134.633173891743
323,abundant,108.29324101737322,91.39954424795968,52.519049614507345,0.36561373245516626,5.463454894055601,6608.853079324283,1.9010605610289806,15,21,19,0,0,0,0.227028076199315,0.7250834122227693,0.007350000000000001,0.28320734614534543,99.85187781249174,76.71401339935602,0.003516417580375659,0.0,32.101638189242415,145.40025786098118
324,abundant,108.25640240319656,91.47841577706575,52.56311841757804,0.3902519632639948,5.403280378361406,6633.914923834869,1.8959640771140207,15,19,20,1,0,0,0.23389694621473384,0.7246725556990793,0.006301075612363577,0.28315667751342144,99.85135132123591,76.70028849369504,0.0035255012819775627,0.0,32.101638189242415,159.0195204369536
325,abundant,108.22602616732244,91.55862951285977,52.614850776393084,0.40600223453680495,5.346933181280757,6665.598877145952,1.8830437600438472,15,20,19,1,0,0,0.22975221478728985,0.7242858282628133,0.007000000000000001,0.28310033621479924,99.85081057689125,76.6850269999652,0.003535605788483612,0.0,32.101638189242415,134.82041685050038
326,abundant,108.19782858846888,91.62682436872475,52.67253821420454,0.3419605644866498,5.261893063938916,6701.764001837684,1.8766535216428577,15,18,21,1,0,0,0.23470212997365952,0.7238740559198422,0.0063,0.2830496771344131,99.85036942959059,76.67130468158456,0.0035446872523828515,0.0,32.101638189242415,144.80241367100484
327,abundant,108.14531453533291,91.67201210505034,52.70681927382776,0.3131772158956826,5.228116397846085,6726.854872795011,1.8744459335686818,15,20,19,1,0,0,0.23174463469337256,0.7234851368216795,0.007000000000000001,0.282993336673109,99.84979401806882,76.65604341466393,0.0035547910927209384,0.0,32.101638189242415,155.62562969480845
328,abundant,108.09820019402302,91.71139785197124,52.773973670263366,0.30949462074565764,5.228107415946353,6773.093552420265,1.8742056474302529,16,19,20,1,0,0,0.23512162722899435,0.7230827030317275,0.0066500000000000005,0.2829398375637131,99.84945063832872,76.64155180118387,0.0035643832363563355,0.0,32.101638189242415,147.6321992019893
329,abundant,108.04136614640177,91.72936782857218,52.82898830131478,0.28014930518908926,5.196820948541163,6805.201164840466,1.8707911610534183,16,18,21,1,0,0,0.23782226555046773,0.7226674985396221,0.0063,0.28288917978383404,99.84907388643656,76.62782983507913,0.003573463701055982,0.0,32.101638189242415,175.72298970355286
330,abundant,107.99235798596972,91.75860416401699,52.900820650853326,0.28508255778711905,5.186116829504397,6835.763976397349,1.8654301464835097,16,19,20,1,0,0,0.23680259370071796,0.7222534621199621,0.006301658336103902,0.282838508965579,99.84865598941089,76.61410433719398,0.003582546273276722,0.0,32.101638189242415,181.98776828254907
331,abundant,107.94938306095844,91.77273670115885,52.957882443234816,0.21830345647098404,5.145360193679645,6842.265451406733,1.8577054777964175,16,18,21,1,0,0,0.24125595890800672,0.7218344805651633,0.0063,0.282787852031676,99.84832618349522,76.60038260024365,0.003591626107326313,0.0,32.101638189242415,186.11223809012384
332,abundant,107.91448855931515,91.77911585606775,53.012137276445785,0.18928938913186893,5.150818028464277,6863.821052692358,1.8498937940878872,16,18,21,1,0,0,0.24020817738387695,0.7214166515700409,0.0063,0.2827371955098773,99.84800501884641,76.58666097492241,0.0036007056261093628,0.0,32.101638189242415,176.87785423439752
333,abundant,107.89349647361658,91.78053818766544,53.07091236259722,0.12927358947200468,5.150155067984102,6871.06557395104,1.8460215124740675,16,18,21,1,0,0,0.2397607170381794,0.720999314781299,0.0063,0.28268653939629973,99.8475605337918,76.57293946017839,0.0036097848296368163,0.0,32.101638189242415,187.79022047796963
334,abundant,107.89415961181689,91.80269177867802,53.1464213619087,0.18200663352956784,5.175525798740147,6883.648724120423,1.8420044843642494,16,20,19,1,0,0,0.23224865553912138,0.7206000745718765,0.006651189702521328,0.28263303314158716,99.84707463001216,76.55844591120504,0.0036193768019419934,0.0,32.101638189242415,186.54650126184896
335,abundant,107.8865038012899,91.83285744864887,53.20789587050649,0.1986512569066317,5.184687754291938,6872.666633824585,1.8399038525057876,17,18,21,1,0,0,0.23418851452825334,0.7201888672058954,0.0063,0.28258237787267665,99.84663534372557,76.54472462526087,0.003628455357175986,0.0,32.101638189242415,170.60975923152697
336,abundant,107.87657912163438,91.87048871575486,53.268977526590106,0.2145305048022409,5.19934432718755,6863.184733632552,1.837509457393464,17,20,19,1,0,0,0.23155618818739349,0.7198001553988892,0.007000000000000001,0.28252604124190156,99.84616720385887,76.52946439593781,0.0036385562889498183,0.0,32.101638189242415,173.7911110763314
337,abundant,107.85742078578207,91.91133807313358,53.31082196829938,0.24199695704332394,5.191911284712084,6868.221831966992,1.83849857836749,17,18,21,1,0,0,0.23449615137830487,0.719388609632373,0.0063,0.28247538684673057,99.84568417387723,76.51574334666851,0.003647634178240963,0.0,32.101638189242415,171.90646003452042
338,abundant,107.82479881476681,91.96106117810481,53.34805592970874,0.3071688906953478,5.209434344038284,6865.385538288436,1.840124482170915,17,16,23,1,0,0,0.24071205319349215,0.7189506263738602,0.0056,0.2824304146588298,99.8453034748275,76.50356146977806,0.0036556890605711095,0.0,32.101638189242415,152.25043421650076
339,abundant,107.78435890515509,92.03486668497357,53.37762833585634,0.4096938545958656,5.213388606670636,6853.493011111852,1.8429332732655805,16,17,22,1,0,0,0.24096943833803003,0.7185221599916884,0.0059499999999999996,0.2823826019878393,99.84500761475267,76.49061017478891,0.0036642550091036882,0.0,32.101638189242415,146.6885690410235
340,abundant,107.74798732296306,92.10154922843871,53.38616567182328,0.3544724087253097,5.2365912624169635,6841.293239737366,1.8457718929964553,16,17,23,0,0,0,0.24024704757397997,0.718094488239357,0.0059499999999999996,0.2823347897046369,99.84453574464962,76.47765898484215,0.0036728206602126617,0.0,32.101638189242415,146.0917657230063
341,abundant,107.72173715414013,92.17910047685392,53.40582334184993,0.4051052987539219,5.306957328056963,6839.413975312331,1.8534865820001554,16,17,23,0,0,0,0.23677207561820834,0.717660862168303,0.005600829004501512,0.2822898120135647,99.84417748595888,76.46547561727579,0.0036808758791931876,0.0,32.101638189242415,148.68002631996234
342,abundant,107.67898858836425,92.21049976642692,53.41793662787461,0.2588528652854027,5.39218126817654,6847.839135971037,1.8639772968973232,16,17,23,0,0,0,0.23435356015199565,0.7172396732521358,0.0059499999999999996,0.2822420005413936,99.84370492226896,76.45252464701778,0.0036894409531986355,0.0,32.101638189242415,168.16424388962338
343,abundant,107.64013876654118,92.24454684807002,53.43678720048854,0.2661886076007448,5.415653372303473,6847.133884088711,1.8767852081641538,16,17,23,0,0,0,0.23315088678995713,0.716810033718764,0.005600944360612882,0.28219702273427844,99.84336319610195,76.44034124801819,0.0036974957636295956,0.0,32.101638189242415,166.24265630632127
344,abundant,107.58700836343935,92.27893787606119,53.43175889975923,0.29685283999146533,5.4436910679944495,6844.452335909271,1.88904521947711,16,17,23,0,0,0,0.2333520134870144,0.7163899465039283,0.0059499999999999996,0.2821492120936758,99.8428930699639,76.42739050301195,0.003706060260565741,0.0,32.101638189242415,151.7360745887773
345,abundant,107.5440941026864,92.33825040105378,53.43237095796958,0.3670576101167739,5.434891875809482,6831.9447502367475,1.8935024989293083,16,18,22,0,0,0,0.23424318348069625,0.7159786790020994,0.0063,0.28209856098872094,99.84249483872337,76.41367034498255,0.003715135806009673,0.0,32.101638189242415,133.54548846975314
346,abundant,107.49231008250374,92.34979343717114,53.439804304305596,0.25607445908808446,5.399347885584463,6811.655272965072,1.901934043244097,16,19,21,0,0,0,0.22613242645768006,0.7155861333329959,0.0066500000000000005,0.28204506942394464,99.84203188519993,76.39918077515728,0.0037247223822169623,0.0,32.101638189242415,188.71761417402956
347,abundant,107.47137620385874,92.38977792994875,53.47079260878775,0.24586879896610922,5.368511925922844,6823.042580478519,1.9035740647939419,15,19,21,0,0,0,0.22770703231999428,0.7151918555974439,0.0066500000000000005,0.2819915783290066,99.84166473551493,76.38469133259983,0.0037343086255627995,0.0,32.101638189242415,179.41418527267268
348,abundant,107.44539555024328,92.40295901782099,53.496667953032784,0.1569730967854353,5.320044029005948,6827.796629638717,1.9124342277666797,15,19,21,0,0,0,0.2325871600789032,0.7147824328270593,0.006300825203649077,0.28194092186323066,99.8410357537409,76.37096972245378,0.0037433843957905733,0.0,32.101638189242415,173.78235043945014
349,abundant,107.4114752055547,92.42093218110848,53.53347228994865,0.22039960362492067,5.263044787857732,6840.988083851422,1.9156456661512036,15,18,22,0,0,0,0.23309391756406206,0.7143724295177388,0.0063,0.28189027251763454,99.84044626214924,76.35725004099208,0.0037524586452800882,0.0,32.101638189242415,171.46407864879075
350,abundant,107.36280112299474,92.43094796967577,53.565289309566786,0.24982892366672857,5.218400339888092,6839.5823566623585,1.9230058094523232,15,18,22,0,0,0,0.22997906845021757,0.7139658525424435,0.0063,0.2818396236489288,99.8400651168782,76.34353048870844,0.0037615325796969655,0.0,32.101638189242415,172.90408773517564
351,abundant,107.322086081484,92.45239693626027,53.56598910930576,0.23232163913769488,5.226183709722479,6853.413087651905,1.9262807155469006,15,18,22,0,0,0,0.23067442631543397,0.7135585106734965,0.0063,0.281788975211955,99.83952661223151,76.32981105337052,0.003770606199052145,0.0,32.101638189242415,171.6219749479489
352,abundant,107.27288811664214,92.46374909352103,53.564792859152796,0.2295367700903461,5.217222688575478,6835.376286126295,1.9362372258034612,15,17,23,0,0,0,0.23352994502723207,0.7131284408764724,0.005600469375212916,0.2817440051760294,99.83897571749806,76.31762975939802,0.003778657497346249,0.0,32.101638189242415,176.3518713866143
353,abundant,107.21668531818852,92.46582007806748,53.56201300073492,0.2456326205691054,5.243664615016633,6832.97397327995,1.9430275234551697,15,16,24,0,0,0,0.23715690766548098,0.7126943682780404,0.0056,0.2816990393527551,99.83856173024489,76.30544960653077,0.0037867078303345757,0.0,32.101638189242415,173.16600427725066
354,abundant,107.16550147449072,92.43230166616317,53.560607922702424,0.24256333725788082,5.273221016027897,6809.22926350226,1.9397543157354602,15,15,25,0,0,0,0.23869506099699195,0.7122488037109438,0.00525,0.2816569147818658,99.83808512241285,76.29403908014567,0.0037942465379213145,0.0,32.101638189242415,183.63807561869643
355,abundant,107.11839164674575,92.40624717250445,53.56781878270497,0.22800566825614127,5.288702269118522,6805.505804693639,1.9344056719229126,16,14,26,0,0,0,0.24436685513327738,0.7117872001702972,0.0049,0.2816176314293581,99.83761860256455,76.28339817103203,0.0038012736378709275,0.0,32.101638189242415,201.64020057565727
356,abundant,107.1044838199387,92.39690863999523,53.59197874572906,0.06811862354240875,5.274969139210084,6778.866749718218,1.9326196478296278,16,13,27,0,0,0,0.2438354603396573,0.7113163811639234,0.00455,0.2815811892591253,99.83717244378981,76.27352686940942,0.0038077891479472597,0.0,32.101638189242415,189.76840898377333
357,abundant,107.10787433044598,92.39453141948702,53.62899513210853,0.07302115530971345,5.244088533054308,6770.674076301562,1.933265081102441,16,11,29,0,0,0,0.25279396368729673,0.7108161078038673,0.0038500000000000006,0.2815504291614868,99.83688503309338,76.2651947036852,0.0038132817400325513,0.0,32.101638189242415,185.287396036896
358,abundant,107.12903101852535,92.39087618169904,53.65829856905094,0.08734188096128973,5.255321351269016,6746.397258997706,1.9346923577501833,16,11,29,0,0,0,0.25375390591222946,0.710314778507364,0.0038500000000000006,0.28151966931145056,99.83653703035087,76.2568626050304,0.0038187741414061503,0.0,32.101638189242415,193.70207368501465
359,abundant,107.14655839134659,92.386937740038,53.70187850244986,0.04153591798445073,5.273976433777994,6752.317000324125,1.9346276880850444,16,12,28,0,0,0,0.2522451799151276,0.7098249088094573,0.004200000000000001,0.28148606881207033,99.83620846801561,76.24776104324268,0.0038247776979556695,0.0,32.101638189242415,187.74233466511387
360,abundant,107.18316480416395,92.38201477585031,53.73789373880138,0.10064205005023404,5.256728209912742,6740.263264333698,1.9382822077268587,16,11,29,0,0,0,0.2553612233859809,0.7093218114637327,0.00385,0.2814553094729261,99.83593477414607,76.23942908297616,0.0038302697001709927,0.0,32.101638189242415,176.02255426400356
361,abundant,107.23519223704002,92.39969907054598,53.773584134070575,0.227492390762332,5.242166529275499,6758.634243152148,1.947815497081611,16,11,29,0,0,0,0.25443912781252287,0.7088197284231389,0.00385,0.28142455039097936,99.83567730331681,76.23109719237824,0.0038357615116951056,0.0,32.101638189242415,173.17732313764537
362,abundant,107.27885955417632,92.41838293142777,53.78240438297619,0.18013223017558586,5.216546931515913,6744.277331659308,1.9543200992631917,16,12,28,0,0,0,0.2424460087259555,0.7083406378135403,0.004200000000000001,0.28139095066601877,99.83527034718477,76.22199584036204,0.003841764478415619,0.0,32.101638189242415,176.82317103408027
363,abundant,107.3121223072956,92.437832101048,53.78759451777038,0.16327143400527022,5.203526383213804,6740.283653345599,1.9589061666837218,16,10,30,0,0,0,0.25086237943931133,0.707832689196157,0.0035000000000000005,0.2813630330012349,99.8350327216895,76.2144336208806,0.0038467445449414267,0.0,32.101638189242415,180.64641506984853
364,abundant,107.32411465119549,92.44969280809082,53.77936739862258,0.11128258552105827,5.185256006105758,6732.206319861245,1.9645432977814277,16,12,28,0,0,0,0.24427397291874858,0.7073515878259464,0.004200000000000001,0.2813294338028428,99.83466101956819,76.20533241149906,0.003852747130313239,0.0,32.101638189242415,164.01337845886567
365,abundant,107.33529006948477,92.47858120608126,53.77871118408469,0.1854859075459805,5.197689250550556,6721.692779761914,1.9631828156167737,16,11,29,0,0,0,0.2436929823576806,0.706861325545353,0.00385,0.28129867578149736,99.83434530951004,76.19700080819234,0.0038582381613845775,0.0,32.101638189242415,153.6621609023317
366,abundant,107.34094519070928,92.49327756196459,53.783093274695446,0.09100442074682503,5.1957241794989955,6708.238052959743,1.9561922092198387,16,14,26,0,0,0,0.2431842541466787,0.7064010228657915,0.0049,0.28125939540102374,99.8339537230455,76.18636070413078,0.003865263039441395,0.0,32.101638189242415,169.92977862721145
367,abundant,107.32396377620894,92.4962700402361,53.82246273037875,0.12821397845411955,5.234745339187857,6724.079521473919,1.94919509949504,16,14,26,0,0,0,0.24527117726643874,0.7059384245707985,0.0049,0.28122011538985553,99.83363692688859,76.1757207001051,0.00387228767358307,0.0,32.101638189242415,186.62858818317406
368,abundant,107.32764867794022,92.49245515712639,53.84321252346372,0.03758059186336916,5.257352048988691,6744.173913790022,1.9451004321703274,15,14,26,0,0,0,0.24333688402077777,0.7054779539983757,0.0049,0.2811808357298803,99.83322165769681,76.16508079120912,0.0038793120638180713,0.0,32.101638189242415,166.18816867613856
369,abundant,107.32401722130369,92.49618214322258,53.87905393890463,0.08875705447416685,5.289483354841698,6775.006160610828,1.9398994260523736,16,13,27,0,0,0,0.24583815123475414,0.7050049320320174,0.00455,0.28114439730421775,99.83283490037348,76.15521050389992,0.0038858248642738786,0.0,32.101638189242415,171.1336116035603
370,abundant,107.32780634959374,92.47951688868454,53.90344219603837,0.04329661342635789,5.270045506507927,6792.316633170391,1.9333615203763346,16,13,27,0,0,0,0.24004417725356966,0.7045285674848346,0.004203001707001796,0.2811107757394395,99.83250716992178,76.14610323600589,0.003891830478172321,0.0,32.101638189242415,184.74885255618523
371,abundant,107.35606007227652,92.48252014759376,53.908765585878726,0.1517688475210035,5.233163725496354,6795.410058432288,1.925535193854975,17,13,27,0,0,0,0.24315881853370822,0.7040584927844474,0.00455,0.28107433796059766,99.83215637920189,76.13623312390476,0.0038983428439685096,0.0,32.101638189242415,175.6257452553919
372,abundant,107.38473556859995,92.48631587028528,53.93324752528034,0.12468294728549077,5.187822270488271,6801.297711584331,1.922964670529049,17,13,27,0,0,0,0.24733848172581827,0.703583820454549,0.00455,0.281037900476614,99.8316448110404,76.12636309167358,0.0039048549836448116,0.0,32.101638189242415,184.84226373388765
373,abundant,107.41466395547529,92.52675368997161,53.96279851427603,0.23068651832338607,5.221923619917658,6803.069938417626,1.9174227779542647,17,12,27,1,0,0,0.2423689568551116,0.7030971757506121,0.003927183878709056,0.2810065185777781,99.83121723267142,76.11786249505926,0.003910456970185545,0.0,32.101638189242415,150.45592740759147
374,abundant,107.45652292207633,92.58684866678807,53.986114436309364,0.3169966319887387,5.253947585034524,6809.030195446321,1.9113116872493183,16,11,28,1,0,0,0.2488276569176862,0.7025914713730332,0.0035002158939440218,0.280978602552601,99.8307924971083,76.1103007197076,0.003915434967015307,0.0,32.101638189242415,160.7740683780984
375,abundant,107.50103136578528,92.65560932778011,54.006407671124634,0.3244483001805087,5.267956621811683,6811.363298620527,1.9133906289168139,16,12,27,1,0,0,0.24767319104419278,0.7021066308628846,0.004200000000000001,0.2809450067354854,99.8304220353061,76.101200426232,0.003921435167344429,0.0,32.101638189242415,144.54713654983374
376,abundant,107.53657845375588,92.72419691536274,54.02704438073961,0.2849296996358579,5.296735533060481,6820.8576566419,1.9174162685880958,16,13,26,1,0,0,0.24618564382334576,0.7016332266546789,0.00455,0.28090857029720906,99.83005576748634,76.09133067725762,0.0039279465052178665,0.0,32.101638189242415,162.725315575587
377,abundant,107.56603872845287,92.81143301937637,54.06309674935064,0.35405533303199455,5.345104143840014,6835.298189039015,1.9260018390585423,16,13,26,1,0,0,0.24896116743890642,0.7011469874196592,0.004200644612972244,0.28087496979348325,99.82961757695479,76.08222911429277,0.003933947212898085,0.0,32.101638189242415,160.42301216190398
378,abundant,107.59374991433671,92.88785097861076,54.07541628623379,0.3001230383626988,5.420415696957599,6850.72186988069,1.9299227556382172,16,12,27,1,0,0,0.2507063145460113,0.7006392164615132,0.0035002138519494943,0.28084705480642436,99.82915016872376,76.0746676201422,0.003938924391125252,0.0,32.101638189242415,154.50991565803963
379,abundant,107.61466695226186,92.97963040452048,54.07321450906629,0.3589412137838641,5.478753830073989,6872.247576654685,1.9281227581873397,16,10,29,1,0,0,0.2565645860118242,0.7001249954169002,0.0035000000000000005,0.28081914178763273,99.82893191503184,76.06710665914757,0.003943901084101547,0.0,32.101638189242415,148.15691552892923
380,abundant,107.61204831282896,93.05721490508816,54.050397063717675,0.2956606995885554,5.544186080382463,6897.120183704006,1.928618688629409,16,11,28,1,0,0,0.2568209315461593,0.6996105042533737,0.0035004236133662978,0.2807912255473792,99.82860009425902,76.05954482553689,0.003948878223173146,0.0,32.101638189242415,164.95746472559594
381,abundant,107.59048702954655,93.14245202984297,54.02829169287706,0.37191412362603543,5.620246035177341,6917.319431861666,1.9333359804786847,16,10,29,1,0,0,0.261540727262476,0.699090809453385,0.0035000000000000005,0.28076331296414475,99.82826912945237,76.05198398252416,0.003953854570536274,0.0,32.101638189242415,156.25217039527053
382,abundant,107.57556890065612,93.22141848077288,53.98831454397623,0.37099775838590965,5.664705190672583,6910.562279345504,1.9386990773734698,16,10,29,1,0,0,0.2559880743032893,0.6985687394229675,0.0031970304041494687,0.2807378597558588,99.82796262836571,76.0450893246416,0.003958388110098553,0.0,32.101638189242415,147.73308662168824
383,abundant,107.54632721420187,93.28605348203908,53.955044357826374,0.30611014516275836,5.695086614944627,6884.918809921335,1.945498431140598,15,11,28,1,0,0,0.2542502733689618,0.6980668641222616,0.0038500000000000006,0.28070710669226595,99.82761698900153,76.03675906427002,0.0039638754731439975,0.0,32.101638189242415,148.63327974433477
384,abundant,107.51472101789477,93.3411716077318,53.91529837226517,0.26857908089268784,5.680482999891806,6854.616593750703,1.9530377884231442,15,11,28,1,0,0,0.2548719750585192,0.6975643049496971,0.00385,0.2806763538667779,99.82726984320769,76.02842886839527,0.00396936264565931,0.0,32.101638189242415,151.35020375330777
385,abundant,107.45516091785586,93.38301814100357,53.920462236675974,0.3163735874665794,5.713370058437517,6862.496390044034,1.9609150505092139,15,13,26,1,0,0,0.24849706320288023,0.697079257170669,0.004224963946249464,0.2806425577585801,99.82676935895009,76.0192743209147,0.003975397445563776,0.0,32.101638189242415,170.91553351891292
386,abundant,107.39333359208688,93.41236409102821,53.90321263100702,0.25695053904397613,5.736027165106689,6871.804599858144,1.9679564170761932,15,11,28,1,0,0,0.2511494265132509,0.6965807928015044,0.00385,0.28061180541854247,99.82634685177997,76.01094425653672,0.003980884218017547,0.0,32.101638189242415,178.64139175589034
387,abundant,107.33286303218037,93.44026569097994,53.886221976041,0.26916571390876715,5.758973021283112,6880.997319621063,1.9724596441011104,15,10,29,1,0,0,0.25319635026976417,0.6960702768162077,0.0035000000000000005,0.28058389419915625,99.82602383684304,76.00338378295746,0.003985859454080702,0.0,32.101638189242415,161.7074984192073
388,abundant,107.2791490213867,93.47673088016265,53.896495134213545,0.28572136321553193,5.797376306608691,6902.947948438239,1.9755599853273325,15,11,28,1,0,0,0.25326971245768065,0.6955694801325043,0.0038500000000000006,0.2805531422906403,99.82558141130914,75.99505383546825,0.0039913458632765955,0.0,32.101638189242415,154.78449911193266
389,abundant,107.26365046496502,93.49824716958737,53.907194519563575,0.13729934367753363,5.818082418970373,6920.395095132786,1.9695177694822181,16,11,29,0,0,0,0.2502285376495442,0.6950720287410898,0.00385,0.280522390616007,99.82516267581299,75.98672395133218,0.003996832081975477,0.0,32.101638189242415,165.80268386416896
390,abundant,107.25425128558905,93.52487157085099,53.94137630874919,0.1457017158325406,5.864520207965001,6944.58070741425,1.9625364957226963,16,12,28,0,0,0,0.244490070294046,0.694580931503747,0.0038514942850290832,0.280491627046615,99.8246445912267,75.97839084519397,0.004002320293316802,0.0,32.101638189242415,157.65608134606933
391,abundant,107.26458858168228,93.53052999266644,53.966524404748114,0.1017299033443266,5.897603756908039,6966.340832765287,1.9572072535862683,15,12,28,0,0,0,0.24240871504731185,0.694092146837772,0.0038523185920358175,0.2804608570023447,99.8240820754554,75.97005598516799,0.004007809518401378,0.0,32.101638189242415,174.5990015700863
392,abundant,107.27252717232741,93.54468229208767,54.00825105046307,0.14674723918760685,5.9287216329779415,6987.356053003765,1.952996817572169,15,10,30,0,0,0,0.24904476690605876,0.6935861975941753,0.0035000000000000005,0.2804329469008459,99.82371768129619,75.96249581439737,0.004012783819574501,0.0,32.101638189242415,179.33111586801627
393,abundant,107.28516889053417,93.53985344235396,54.053479898523506,0.07276482846304079,5.9470966746986385,7016.333621593265,1.9538049288437997,14,10,30,0,0,0,0.2493932436614336,0.6930798650261478,0.0035000000000000005,0.2804050369999189,99.82325620002776,75.95493569795678,0.004017757948031832,0.0,32.101638189242415,183.09004703323762
394,abundant,107.33100856346012,93.53691895448804,54.07411045922191,0.23091795234205864,5.980778030490476,7023.603441849518,1.959031541003232,14,11,29,0,0,0,0.24611653558088165,0.6925869368370088,0.0038500000000000006,0.28037428642655027,99.82280527225211,75.94660611212666,0.004023243249660359,0.0,32.101638189242415,173.47862225302418
395,abundant,107.37349168713502,93.51529389107247,54.056592439452366,0.23947178823245246,6.027502329264183,7020.382618328236,1.9684684844415403,14,12,28,0,0,0,0.2385938851598735,0.6921120835633329,0.004200000000000001,0.28034069516494886,99.82217267691172,75.93750705262956,0.004029239706711318,0.0,32.101638189242415,186.6202788584526
396,abundant,107.41437684429779,93.49266378067965,54.02441210013514,0.23012462092963654,6.035506444753042,6998.690321333866,1.9792674493905977,14,9,31,0,0,0,0.24161227055732598,0.6916045100657199,0.00315,0.2803156267842601,99.82176762649489,75.93071663522608,0.00403370191791261,0.0,32.101638189242415,202.81818653334253
397,abundant,107.42539313526365,93.47105144003038,53.98634876235227,0.07524517616504674,6.048388171249977,6970.40028013321,1.9971329945672172,14,7,33,0,0,0,0.2517466231082757,0.6910466110520689,0.0017507954202931404,0.2803019156768742,99.82139706355268,75.92700262819187,0.0040361197527544294,0.0,32.101638189242415,189.6793612902871
398,abundant,107.43049598163445,93.45906725201567,53.9385258916201,0.03640686581301929,6.016879613178346,6933.372815429328,2.0148285435513444,14,4,36,0,0,0,0.2638823657033119,0.6904655404497954,0.0014,0.2802910520185916,99.82133468616978,75.92405992618079,0.00403802499566443,0.0,32.101638189242415,181.53089264880242
399,abundant,107.41584215323925,93.45174058260314,53.88563023940279,0.08653537842609267,6.014445879854213,6915.9528266300185,2.0300388058871284,15,5,35,0,0,0,0.2643001851187309,0.6898938102461646,0.0017500000000000003,0.28027734756595707,99.82124291549034,75.92034772175761,0.004040441518302301,0.0,32.101638189242415,176.0568958321339
400,abundant,107.39250673816221,93.44201876442185,53.8390489619517,0.10133786586116456,6.016574199948364,6919.329607710046,2.0328465991672364,16,7,33,0,0,0,0.2585425318414926,0.6893382189794529,0.002100197082641078,0.2802608007344346,99.82101091925585,75.91586558570991,0.004043369590851002,0.0,32.101638189242415,166.4917261920471
401,abundant,107.36644019514793,93.442764983454,53.806503134486036,0.11667284414999672,6.016909032799252,6940.169852420426,2.0349356058880463,16,7,33,0,0,0,0.2606820870340508,0.6887900686837154,0.00245,0.2802414147421314,99.82088098086233,75.910614389745,0.004046808619677853,0.0,32.101638189242415,157.67295877111223
402,abundant,107.34925809970443,93.44121535311288,53.80141513601959,0.06460303840591664,6.013695313795255,6951.912467108341,2.046479131448492,17,10,30,0,0,0,0.25167486315306126,0.6882616909428761,0.002802307451035018,0.28021916925668916,99.82045151011914,75.90458862631931,0.004050762246135852,0.0,32.101638189242415,169.6981694088515
403,abundant,107.32761452531368,93.45056893030696,53.80498046152119,0.11977970937999277,6.03313583678738,6960.7546740209145,2.057896030276136,17,7,33,0,0,0,0.2592463173994264,0.6877151199937368,0.00245,0.2801997835560167,99.82030151402623,75.89933750935013,0.00405420101827774,0.0,32.101638189242415,170.1460604863224
404,abundant,107.30547266020596,93.44736529129736,53.826946055154096,0.06882144426591591,6.037478243674403,6993.519152378511,2.0510998753743728,17,7,33,0,0,0,0.2622308395048264,0.6871652660702814,0.00245,0.2801803979997935,99.82011602162095,75.89408643150874,0.00405763967101989,0.0,32.101638189242415,173.96368015105247
405,abundant,107.28134972097261,93.44425106980752,53.861225281141245,0.07806354600853885,6.092314676598339,7025.390489979865,2.0403614918273085,16,8,32,0,0,0,0.260350931987667,0.6866175112843991,0.0024511156894318153,0.28016100352765616,99.81986440541667,75.88883293856208,0.004061079834375579,0.0,32.101638189242415,177.18594054404653
406,abundant,107.23843594681856,93.44511865759392,53.917374779022566,0.16752904825030804,6.1658773933267375,7056.968154066919,2.0304692340595434,16,9,31,0,0,0,0.2548131327831104,0.6860954168383376,0.00315,0.28013593648431784,99.81958870975123,75.88204288341446,0.004065540940036075,0.0,32.101638189242415,172.2729197813415
407,abundant,107.20499734135676,93.44627160791715,53.9575729072026,0.11867626072297127,6.249350052501645,7103.556279292556,2.020274933253239,17,10,30,0,0,0,0.25404821462639715,0.6855767196453947,0.0032412801123588965,0.28011012870080576,99.81917841954339,75.87505217968767,0.004070135249969675,0.0,32.101638189242415,176.922247744966
408,abundant,107.17256000939244,93.4690910244921,53.96180683002463,0.1701698317539865,6.31997529450047,7158.407681352743,2.0090560994674016,15,12,28,0,0,0,0.2453246044186188,0.6850944625805342,0.004200000000000001,0.280076539319264,99.81879103139791,75.86595362945322,0.004076130078854449,0.0,32.101638189242415,181.99546180172442
409,abundant,107.15956190888357,93.49673416753758,53.98429753179763,0.12819972174009864,6.367394543902993,7200.3927461435815,1.998632276369259,17,14,26,0,0,0,0.24000088591970153,0.6846180930162868,0.0042011217951572885,0.2800429410410429,99.81820237442756,75.85685266932371,0.004082126338518576,0.0,32.101638189242415,169.73248589995427
410,abundant,107.1633322481922,93.52939468316869,54.00025323881037,0.16363584818028498,6.362031669105063,7216.1397543206185,1.9896750088374433,16,13,27,0,0,0,0.24161236758507817,0.6841399268411641,0.004200265329314307,0.28000934992629384,99.81772700559168,75.84775364960537,0.004088121138696341,0.0,32.101638189242415,178.34906876214444
411,abundant,107.17024540261357,93.55602369892799,54.01696242979112,0.13646922778530757,6.3477170458528045,7219.232324932913,1.9825949213268483,16,12,28,0,0,0,0.24411389005823825,0.6836590015620999,0.004200000000000001,0.27997576119092515,99.81726796941965,75.83865527440355,0.004094115343081931,0.0,32.101638189242415,164.86810390974102
412,abundant,107.20170302329707,93.58342287967297,54.0341309314857,0.19852560493653773,6.327093645155611,7206.323757091028,1.9780164282432955,17,9,31,0,0,0,0.25360435360153316,0.6831382367731382,0.00315,0.27995069534451555,99.81696331201871,75.83186554347495,0.004098575301696067,0.0,32.101638189242415,177.4247877988588
413,abundant,107.23721330858402,93.6080674302028,54.058560434449916,0.1950918157259581,6.33040507211232,7183.922419815055,1.9765190436256288,17,7,33,0,0,0,0.25616828586184004,0.6825950516586902,0.00245,0.27993131145474703,99.81677029732084,75.82661491703578,0.004102012413691236,0.0,32.101638189242415,172.43777734563247
414,abundant,107.29223936776673,93.62818900958358,54.097863606357336,0.24214135434688666,6.335942766509595,7170.129419377779,1.9720394670025871,16,8,32,0,0,0,0.2570729397699178,0.6820509412229158,0.0024524927847309813,0.2799119074552839,99.81649483759409,75.82135884336722,0.004105453048273468,0.0,32.101638189242415,162.38448901545382
415,abundant,107.34315441564334,93.66429171591538,54.13180215745035,0.2735306655670418,6.304438435796106,7194.71186999065,1.959761010438816,17,7,33,0,0,0,0.25956455323683647,0.6815040202143553,0.00245,0.27989252382649316,99.81632284956355,75.81610828762064,0.004108889921462139,0.0,32.101638189242415,147.48881520665282
416,abundant,107.38294425991737,93.70305898322651,54.1746581291212,0.24255166823975527,6.274962708232243,7229.996139010371,1.9500018075328527,17,8,32,0,0,0,0.2561532213713349,0.6809706516708467,0.0028,0.2798702994348255,99.81603168760931,75.81008823798778,0.004112838021197997,0.0,32.101638189242415,165.6992361322965
417,abundant,107.40168265677605,93.7370050286355,54.195574088473585,0.17878703864238135,6.332439404971227,7267.94567028436,1.9397715795354238,15,9,31,0,0,0,0.24836908542950167,0.6804551929111333,0.0031338297949636855,0.27984536555265577,99.81568245316582,75.8033342529768,0.004117273705251171,0.0,32.101638189242415,172.05799765022974
418,abundant,107.42181912250221,93.77215808170641,54.2017517056924,0.18224145665835886,6.3858696174093925,7311.559619800566,1.9325082143419146,14,8,32,0,0,0,0.25097173186954713,0.6799177316435667,0.002450272767498029,0.2798259801552783,99.81542285902518,75.79808321816289,0.004120710566517594,0.0,32.101638189242415,168.89818614812984
419,abundant,107.47224059183736,93.80614662939288,54.17457716408565,0.29746793308166175,6.4264073333588785,7333.663001418332,1.9325529058690296,14,10,30,0,0,0,0.243992859126377,0.6794076060370801,0.0031523763768665823,0.27980089601988994,99.81488903026946,75.79128853319271,0.004125173073561138,0.0,32.101638189242415,172.5668184164481
420,abundant,107.5031232766041,93.83479954437055,54.156730276047504,0.19155563215065344,6.399590910830073,7342.1529640281005,1.9360368099535812,16,7,33,0,0,0,0.2510498244629086,0.6788700512301709,0.00245,0.2797815131393959,99.81461769709014,75.78603818014157,0.004128609262038597,0.0,32.101638189242415,179.99570485973072
421,abundant,107.53230124768103,93.85971346162519,54.14717296932639,0.1568121493755079,6.370615306142641,7332.97051948755,1.9431609460113806,16,9,31,0,0,0,0.2515270205142782,0.6783222297095566,0.0021020786411240374,0.2797649543907349,99.81418667321587,75.78155281602957,0.004131537022195256,0.0,32.101638189242415,172.30470889789282
422,abundant,107.56965678917727,93.8673743577487,54.14411281637329,0.14753333472998162,6.352677848345867,7321.29788849481,1.9543673091421514,16,7,33,0,0,0,0.25260539858893,0.6777634227125147,0.001752105050210779,0.27975123642652916,99.813803553092,75.77783695164888,0.004133953373397716,0.0,32.101638189242415,183.20687613340525
423,abundant,107.60094802113261,93.86900878645092,54.143947932089176,0.14136618872100917,6.309374412973613,7303.763717441299,1.9677465754713064,16,5,35,0,0,0,0.2597677766146552,0.6771966781582386,0.0017500000000000003,0.2797375356431104,99.81367410971956,75.77412574112742,0.0041363665652469645,0.0,32.101638189242415,182.0892428471198
424,abundant,107.62747376234367,93.866070915235,54.152641774398276,0.09237879863294257,6.315821645413106,7279.421704719909,1.9843873201111513,16,5,35,0,0,0,0.26444447516881403,0.6766247892355528,0.0017500000000000003,0.2797238349471267,99.81342978888563,75.77041455429001,0.004138779673306284,0.0,32.101638189242415,175.96252589912442
425,abundant,107.66590306174528,93.8567933458609,54.14940490959303,0.1519122404715983,6.311259406949189,7253.009573013056,2.0019948427081666,15,5,35,0,0,0,0.2628718124815615,0.6760546302418231,0.0017500000000000003,0.27971013434188347,99.81320451291108,75.76670339203199,0.004141192697578585,0.0,32.101638189242415,174.7906396909314
426,abundant,107.70507342925029,93.8377559980415,54.12764727563729,0.15661705655017005,6.324815387427732,7232.57826295578,2.0193794831862832,15,7,33,0,0,0,0.25918816232478187,0.6754983598721688,0.0021013074608202836,0.2796935823143567,99.8128547517045,75.76221984851253,0.004144118894132636,0.0,32.101638189242415,182.86981401790226
427,abundant,107.72847171655512,93.81994109060366,54.12504000658735,0.07004921511445533,6.310395704877921,7233.602265018268,2.031081824329766,14,6,34,0,0,0,0.26098433082342753,0.6749205614273819,0.001403011397101229,0.27968269834948883,99.81251460383314,75.75927164593912,0.004146024786753277,0.0,32.101638189242415,174.3733822349493
428,abundant,107.73858145515325,93.8094221403331,54.130679142707,0.03947035812942661,6.300623390525758,7242.181947755613,2.040668634230739,15,6,34,0,0,0,0.26080137384290153,0.6743624799161546,0.0021000000000000003,0.2796661571423503,99.81235118172016,75.75479103340086,0.004148948905344495,0.0,32.101638189242415,174.11218768447506
429,abundant,107.72214950729808,93.79354155923683,54.123485638041146,0.10108885810922354,6.3118223145310015,7247.757038389336,2.050671609022144,15,8,32,0,0,0,0.2546166304147553,0.6738112131426721,0.0021004114276339204,0.2796496126881731,99.8120174985136,75.75030954131844,0.004151873523496512,0.0,32.101638189242415,170.1318612989615
430,abundant,107.69261248844744,93.78470529410981,54.0963436846814,0.12491729613353046,6.2900039914944434,7251.861632119209,2.051561142420474,16,10,30,0,0,0,0.23716715306189418,0.6733183292743041,0.0035000000000000005,0.27962170812037573,99.81160449972562,75.74275086949355,0.00415684282253408,0.0,32.101638189242415,170.27698505676383
431,abundant,107.65331134647602,93.77090778221188,54.08464120341713,0.1646864963034365,6.266637917847982,7249.521784781675,2.054300189674396,16,10,30,0,0,0,0.23821432361155076,0.6728047371738842,0.0028015591268913866,0.27959947286618064,99.81115592369663,75.736727877465,0.004160791535133597,0.0,32.101638189242415,157.94263150373854
432,abundant,107.59566920851228,93.74059930313176,54.109878206518964,0.23943612807907785,6.249812243695672,7251.5096349402265,2.0624571432291856,16,8,32,0,0,0,0.24885613280048718,0.6722696026781549,0.00245025894111504,0.27958008920570526,99.81081942341238,75.7314773131358,0.00416422686519031,0.0,32.101638189242415,193.5534402829302
433,abundant,107.54654604860752,93.72529045771856,54.136188320034634,0.1788284866547429,6.200814096597574,7247.295881522747,2.0723325230818648,16,10,30,0,0,0,0.24791848176164227,0.6717648923482171,0.0035000000000000005,0.2795521851129704,99.81046396785189,75.72391876999384,0.0041691957352998485,0.0,32.101638189242415,187.75028983531274
434,abundant,107.52308399239101,93.73297493449891,54.17175195226751,0.07752870832746776,6.126493909256728,7233.2792591318575,2.081260421730905,16,10,30,0,0,0,0.24940866379646903,0.6712487675834777,0.003150884479883606,0.27952711493669125,99.8101098143446,75.7171278662084,0.004173654379215881,0.0,32.101638189242415,170.17867536671946
435,abundant,107.5121883142319,93.75283112639565,54.22116715763233,0.10744395812027228,6.077721912798852,7225.743271663458,2.0911712277621604,16,8,32,0,0,0,0.25636949282617716,0.6707053953575557,0.0024512220066653387,0.2795077239852661,99.80981585949404,75.71187532693743,0.004177090669681253,0.0,32.101638189242415,168.54610594716496
436,abundant,107.51453480794389,93.7749537321175,54.280322765923756,0.09801880611089457,6.0976932220270275,7247.5691350774505,2.102864702722718,15,6,34,0,0,0,0.2609137238767108,0.6701375037207699,0.0017540521242369132,0.27949399197850744,99.8096037259039,75.70815565876914,0.00417950828383954,0.0,32.101638189242415,164.27307309166207
437,abundant,107.53790999726087,93.78574417030754,54.335890386944904,0.08378720010511082,6.084108509522235,7249.708079229749,2.105749989061099,14,7,33,0,0,0,0.25584792391679734,0.6695787401567456,0.0018810411530084457,0.27947922930868235,99.80933061413667,75.70415680892931,0.0041821113435308995,0.0,32.101638189242415,174.2210319700735
438,abundant,107.59392615039921,93.79715859699515,54.39470234451251,0.24041467194109545,6.063771007769037,7242.660002364879,2.1048613110638867,14,5,35,0,0,0,0.2555431726143077,0.6690166426668698,0.0017500000000000003,0.2794655303825255,99.80932626157872,75.70044610149513,0.004184522863257437,0.0,32.101638189242415,188.97356053264602
439,abundant,107.66682073028844,93.79216761263567,54.44303907359849,0.2920913271878975,6.027245331547439,7232.158110622884,2.10939777724962,14,6,34,0,0,0,0.2549108671210078,0.6684552550974848,0.0017505137302911973,0.27945182738739105,99.80913384631053,75.69673429187344,0.0041869350498060145,0.0,32.101638189242415,190.95227108972307
440,abundant,107.73457133241493,93.79174965554144,54.48086376734924,0.2567403445701988,5.999274475572696,7208.403749426012,2.1138764548271562,13,6,34,0,0,0,0.25238594867192043,0.6678966405881246,0.0017503583635288186,0.2794381257583898,99.80893524548932,75.69302285230415,0.004189346925610558,0.0,32.101638189242415,170.2243205311323
441,abundant,107.79950795464882,93.77810626181909,54.48547702783192,0.22343371173556384,6.039622495428629,7187.503462184133,2.116974477190299,14,5,35,0,0,0,0.25012396824698585,0.6673405042230529,0.0017500000000000003,0.27942442713457005,99.80883163358922,75.6893122267658,0.004191758194105969,0.0,32.101638189242415,175.5268444890631
442,abundant,107.85302732818134,93.77064146321585,54.45739416658597,0.18504475025821623,6.058161161094144,7200.624459950708,2.1181607540378566,15,6,34,0,0,0,0.24672937966535152,0.666797901905421,0.0021000000000000003,0.27940788771401054,99.80876223799092,75.68483209816853,0.004194680724759222,0.0,32.101638189242415,171.05661822718344
443,abundant,107.89708205531818,93.76736387253993,54.42076229370169,0.1466252869593112,6.084684323727162,7227.693983632802,2.1228056836823543,14,6,34,0,0,0,0.25654868479980675,0.6662394666329559,0.001920295743381098,0.27939280703051766,99.80858314844566,75.68074710612545,0.004197340608133427,0.0,32.101638189242415,180.9054075994
444,abundant,107.93355653628058,93.7641028423952,54.37983445226801,0.13645355558367436,6.073040652928677,7263.219908914394,2.1284409309761947,15,6,34,0,0,0,0.2600413839303717,0.6656822211106325,0.0021000000000000003,0.27937626782472963,99.80839602839903,75.6762670357046,0.004200262944956226,0.0,32.101638189242415,193.81481280702621
445,abundant,107.96483586780225,93.77644052625273,54.32843693772266,0.14716758363415985,6.051661681216704,7288.2373985942395,2.1322769505726153,17,6,34,0,0,0,0.2605595203469271,0.6651146163770015,0.0017503835268110504,0.2793625665130676,99.80821447177438,75.67255568209484,0.004202674394757924,0.0,32.101638189242415,177.7727232906319
446,abundant,108.00102930031422,93.77104191894968,54.29357136100437,0.14690090009679266,6.025942880589051,7298.147650077586,2.1461250185195677,17,8,32,0,0,0,0.2506984070872381,0.6645775491281015,0.0024536071034264436,0.27934315733424697,99.80794039660947,75.66729820546372,0.00420611316219966,0.0,32.101638189242415,181.37817230987108
447,abundant,108.03726182013642,93.76144657262034,54.26719178754447,0.16112539617131247,6.001985292996977,7288.211717794686,2.1446602440259164,17,7,33,0,0,0,0.2536659328294254,0.6640273433083302,0.0021009537978965236,0.27932661070797354,99.80762418169813,75.66281612501302,0.004209036587912676,0.0,32.101638189242415,201.25326403887445
448,abundant,108.0704409748735,93.76227034830949,54.25995853364994,0.15110977096136463,5.9937590851305815,7267.699916923648,2.1432530680742956,17,6,34,0,0,0,0.25766530393944725,0.6634629350657567,0.0017508425628550866,0.27931290599154623,99.80739899409986,75.65910384913477,0.004211448403725542,0.0,32.101638189242415,174.67819958223822
449,abundant,108.10651617874446,93.76003247673933,54.28962598916198,0.14310075452063745,6.013192554747359,7246.10067797418,2.144489963012727,17,5,35,0,0,0,0.2584142538443827,0.6628967857914841,0.0017180858912928029,0.2792994672510595,99.80724353497934,75.65546361969933,0.004213812278684605,0.0,32.101638189242415,178.15639183122232
450,abundant,108.13394597923516,93.76595842541099,54.32154406010784,0.11395671132684268,6.056094771072327,7241.444468355261,2.1335240154489794,16,5,35,0,0,0,0.2588522850316252,0.6623310482779494,0.0017500000000000003,0.2792857695579452,99.80711418947173,75.65175324626654,0.004216222697703337,0.0,32.101638189242415,180.6574930770631
451,abundant,108.1561190507219,93.78548951633466,54.35445901964722,0.1600614307391722,6.111776324000348,7226.842564645045,2.119626052986721,15,5,35,0,0,0,0.2618221589320813,0.661752255490781,0.001400413844889067,0.2792749094921556,99.80694677896172,75.64881151737482,0.004218122291769941,0.0,32.101638189242415,178.37367550631546
452,abundant,108.14030104961009,93.79529163491569,54.39738364140392,0.11236861836180893,6.158786957249277,7214.214205716671,2.109207448702953,15,8,32,0,0,0,0.2510261710002327,0.661214769776097,0.0024515383362982666,0.27925551769260337,99.8066622526161,75.64355874836676,0.0042215575003912474,0.0,32.101638189242415,163.96352367824187
453,abundant,108.10590919119822,93.79648013177874,54.43174783475168,0.11869885559609113,6.222439830602786,7201.580887684642,2.1038015982639084,16,6,34,0,0,0,0.25275891968055786,0.6606558370972542,0.001753647600202969,0.27924179068108007,99.8064261842471,75.63984043328679,0.004223972979584308,0.0,32.101638189242415,168.05028883634833
454,abundant,108.05398504177424,93.77917080098781,54.461533004064336,0.19245736173349082,6.264184807394182,7181.332139539329,2.110579841742372,17,6,34,0,0,0,0.2510886403206189,0.6601084395929014,0.0021000000000000003,0.2792252524780531,99.80620339633153,75.6353606344896,0.0042268943916880415,0.0,32.101638189242415,191.72438686832436
455,abundant,108.00011441083291,93.76330248729758,54.47984004667249,0.17654223761546736,6.246444118536407,7163.08548060487,2.1189260861426473,17,4,36,0,0,0,0.2596378412179399,0.6595320379675617,0.0014,0.2792143961744388,99.80614192281699,75.6324199246801,0.004228793010593635,0.0,32.101638189242415,195.4515170321853
456,abundant,107.95944285375526,93.73529159411063,54.489869400695554,0.16237975512541764,6.244828734111199,7159.594375263376,2.1307948035910216,17,4,36,0,0,0,0.2627341342306508,0.6589522304199079,0.0014,0.2792035399474883,99.80610676563518,75.62947923563696,0.004230691563576106,0.0,32.101638189242415,197.39239637988712
457,abundant,107.92714228578113,93.71381480403002,54.48440413600607,0.10324090642377602,6.218649545486866,7159.179655301785,2.144384286262209,17,4,36,0,0,0,0.2651419339316285,0.6583697742925831,0.0014,0.27919268379970824,99.80605099801654,75.62653856803917,0.004232590050637742,0.0,32.101638189242415,197.27845433865372
458,abundant,107.90808464665159,93.68583840555337,54.49222040063281,0.10990124429510668,6.146589597162726,7170.170698896847,2.161408196169557,17,5,35,0,0,0,0.2632699844063905,0.6577991773097361,0.0017500000000000003,0.27917898683973613,99.80598297645551,75.62282839319685,0.004234999817661824,0.0,32.101638189242415,187.84884963532426
459,abundant,107.90341523923856,93.67135905713958,54.498246440404024,0.020124551399470815,6.073375800068267,7176.591818598143,2.177508706088109,16,6,34,0,0,0,0.25982341530948205,0.6572323950394756,0.0017508388064277052,0.2791652831705421,99.80581281962675,75.61911640098874,0.004237410726501211,0.0,32.101638189242415,195.8653247546991
460,abundant,107.90279082788058,93.66099411575925,54.497274844476564,0.03747561439913981,6.001511800040549,7189.307409102064,2.196326190711217,15,7,33,0,0,0,0.2563556661142556,0.6566796203599614,0.0021148769004042437,0.27914862475832164,99.80552415246231,75.61460404043142,0.00424035340700102,0.0,32.101638189242415,188.09443358170353
461,abundant,107.91070590000739,93.6616273322058,54.50297840905669,0.04003605097472498,5.951484550718257,7196.236526241173,2.2135907118615568,15,6,34,0,0,0,0.25848086920693225,0.6561143365717461,0.0017516131397301506,0.27913491500748866,99.80531288588426,75.61089040085454,0.004242765261246958,0.0,32.101638189242415,191.10815099082885
462,abundant,107.90458667186806,93.65519672577236,54.523311710626146,0.05247543362149533,5.903090926816111,7207.77547002993,2.2315677252367907,15,6,34,0,0,0,0.2582482818671492,0.6555590634616923,0.0021000000000000003,0.2791183775608776,99.80514828503692,75.60641080695213,0.0042456860208522395,0.0,32.101638189242415,215.19089735290518
463,abundant,107.91188298712991,93.6595243264972,54.522663370630994,0.07196829391557534,5.869178676518113,7217.708172157931,2.244182716093842,15,8,32,0,0,0,0.2511000563652669,0.6550312533996905,0.0028,0.27909615845951347,99.80486276449338,75.6003921903344,0.0042496293708059974,0.0,32.101638189242415,174.32603017123847
464,abundant,107.91880859072187,93.66200132103697,54.51752623870878,0.049512349724605394,5.878716257358944,7246.065388025832,2.2491325365156816,15,7,33,0,0,0,0.2547586065944697,0.6544800211864809,0.002107223358727945,0.27907956264806255,99.80458243998515,75.59589678680993,0.004252560445320372,0.0,32.101638189242415,159.80409125034095
465,abundant,107.95151220930374,93.67496161186293,54.51611440339453,0.15594773185600505,5.898986864279012,7286.02355810006,2.2428897029077084,14,8,32,0,0,0,0.24901532616487826,0.6539447532107067,0.002451745821684685,0.27906017051458876,99.80421336519858,75.59064392735061,0.004255994761326925,0.0,32.101638189242415,156.05092372153388
466,abundant,107.99765649448534,93.68647833217065,54.506924097314844,0.18283391539857435,5.92500707782673,7330.638130725471,2.2297860521952844,14,6,34,0,0,0,0.25495374391935344,0.6533735710330008,0.0014023907359050785,0.2790492959374437,99.80397545872133,75.58769826768403,0.004257895862657582,0.0,32.101638189242415,148.90018246464015
467,abundant,108.04801833483057,93.69996748190735,54.48096277741573,0.22152878116761257,5.9309669320229235,7341.318670987472,2.2164457592008175,14,7,33,0,0,0,0.2482997439084215,0.6528292643876011,0.002100824032132481,0.27903275236973224,99.80369966512771,75.58321701572372,0.0042608173008051265,0.0,32.101638189242415,149.67493939236653
468,abundant,108.10681315760228,93.71497732493569,54.458658522119414,0.23893908677180978,5.970819284995206,7361.20978993184,2.209563314243294,15,6,34,0,0,0,0.2542108176789699,0.6522588627966416,0.0014010824459762684,0.27902188858443183,99.80342211466338,75.58027427930658,0.004262716323293213,0.0,32.101638189242415,148.75515247176696
469,abundant,108.16726246874421,93.74220326183305,54.42679569219454,0.30172954380660033,5.963663577412777,7370.9933153672755,2.201455660574604,17,4,36,0,0,0,0.25786601914081764,0.6516844101755866,0.0014,0.2790110336629602,99.80334569427771,75.57733394388606,0.00426461369840333,0.0,32.101638189242415,166.36953875786537
470,abundant,108.21217715149756,93.75325806470468,54.40836395704971,0.17908526187470272,5.903994611242394,7396.917462806465,2.192792060575638,18,5,35,0,0,0,0.2612557708861753,0.6511062330596616,0.001400151144633503,0.2790001775863466,99.80317215372591,75.57439329556553,0.004266511228454043,0.0,32.101638189242415,165.53191242088639
471,abundant,108.2488823022832,93.76600251283138,54.39803243275079,0.16651016559552118,5.883884732117616,7432.220239760631,2.1768389818775478,18,5,35,0,0,0,0.26300367846643585,0.6505261347562052,0.0014002051020232953,0.27898932114818914,99.80303181905015,75.57145254931154,0.004268408771450551,0.0,32.101638189242415,168.84633145802647
472,abundant,108.27867194208102,93.77686031362497,54.40812816722007,0.14994379730787055,5.947729466684931,7477.832027418102,2.162390221858447,18,5,35,0,0,0,0.2608273359306715,0.6499582246866815,0.0017500000000000003,0.27897562556015715,99.80286495871287,75.56774274609458,0.00427081729479064,0.0,32.101638189242415,167.6398821426542
473,abundant,108.30127863616895,93.78992157931232,54.43312512671453,0.1396277254118936,6.0247791853426005,7528.4218534916,2.145577867340306,17,5,35,0,0,0,0.257792278960713,0.6493838809821815,0.0014009929413139103,0.27896476288889405,99.80268017191308,75.56480031144316,0.004272715839297483,0.0,32.101638189242415,166.75527884158106
474,abundant,108.29777082984182,93.81134716116512,54.47095435126088,0.09124901962207795,6.145043092158811,7598.742334077942,2.131476172723373,18,6,34,0,0,0,0.2584373951361575,0.6488283998475317,0.0021000000000000003,0.27894822657565876,99.80248479143728,75.56032102454482,0.004275635558970191,0.0,32.101638189242415,162.18221619424952
475,abundant,108.30293474020418,93.84876297559916,54.513783126813095,0.1707366833123924,6.251576309128731,7665.413778452072,2.1177505090028705,17,7,33,0,0,0,0.25651317217888736,0.6482848353581349,0.00245,0.27892884949055496,99.80228297366598,75.55507224132458,0.004279066523146496,0.0,32.101638189242415,171.61362410780777
476,abundant,108.29997130342363,93.88207006937218,54.56638233769246,0.14225036310650094,6.301894052195118,7734.95761580129,2.104978517858915,17,8,32,0,0,0,0.25598113111183596,0.6477516561139118,0.0028000000000000004,0.27890663164188645,99.801912352863,75.54905396403178,0.004283008714075156,0.0,32.101638189242415,165.6527901917916
477,abundant,108.29038778630563,93.91821979899676,54.60641910056487,0.1856184090555263,6.355340413980651,7772.225586464709,2.100286791374745,17,10,30,0,0,0,0.24398784879004606,0.6472318845483234,0.0028076810028769394,0.27888435160246455,99.8014312172098,75.54301884076958,0.004286961989979374,0.0,32.101638189242415,160.84793888740845
478,abundant,108.28201625697497,93.9372389402686,54.650322554812966,0.10640924873043213,6.4159410560174575,7800.671710941242,2.0980931425970035,17,8,32,0,0,0,0.24468082461848945,0.6467013427494093,0.0024502538630801563,0.2788649728906554,99.80110200656176,75.53776961691426,0.004290392931774623,0.0,32.101638189242415,175.74628470100572
479,abundant,108.27216216340923,93.95463405653452,54.677942415654954,0.10835925560179759,6.4248518636174,7796.961309983271,2.0952553781819474,17,8,32,0,0,0,0.24684434231160388,0.6461684200284287,0.0024502162700786117,0.278845594615362,99.80074930214064,75.53252051130048,0.0042938236995190854,0.0,32.101638189242415,170.2526496616164
480,abundant,108.26268606105157,93.95484074942868,54.69417314707363,0.03797065591137977,6.412731289558709,7787.135619177952,2.0974484280821564,17,6,34,0,0,0,0.2505189387440111,0.6456118702595747,0.0017507522773006427,0.2788318939135053,99.80052369622175,75.52880932287222,0.004296232439479998,0.0,32.101638189242415,173.14915180522019
481,abundant,108.27429185245376,93.95628687941363,54.69175367560505,0.04080193004695254,6.391611443496457,7766.277607048454,2.10113069830459,16,7,33,0,0,0,0.2456251143009208,0.645070504193077,0.0021007699726191295,0.2788153522717656,99.80023336901884,75.52432859261101,0.004299152467539201,0.0,32.101638189242415,176.3242967447299
482,abundant,108.30015222383517,93.94557836099284,54.666933280721835,0.1170206464151376,6.340874318212443,7737.985585538161,2.104367677549463,16,5,35,0,0,0,0.25609292951552,0.64450780197061,0.0017500000000000003,0.27880165790270117,99.80014371007472,75.52061911958285,0.004301559923408375,0.0,32.101638189242415,170.22887535987343
483,abundant,108.33266370299297,93.9295373826744,54.65133435374304,0.1473341298077615,6.262330228474931,7694.114640111184,2.113458366682307,15,9,31,0,0,0,0.24483363046364676,0.6439870266274541,0.0028050589412221354,0.2787793998871072,99.79980344996882,75.51458996204241,0.004305508724383342,0.0,32.101638189242415,183.11620276596923
484,abundant,108.37595083057253,93.90740310435798,54.62191810993435,0.1929653707024422,6.1865955311752385,7642.596561006518,2.1255262708613176,15,7,33,0,0,0,0.2529380438553643,0.6434278182359703,0.0017508377413272373,0.2787656989635982,99.79944924896581,75.5108787135739,0.004307917183483206,0.0,32.101638189242415,186.7364909754976
485,abundant,108.40559155751512,93.89649098239416,54.56899983289653,0.09593408852086883,6.074580939647495,7588.795621679572,2.1391880279206656,15,6,34,0,0,0,0.24877290402344246,0.6428634544339557,0.0014030854432498887,0.2787548207830943,99.7991519201061,75.50793207784466,0.004309817496942535,0.0,32.101638189242415,193.55708820648638
486,abundant,108.4263969551225,93.89795209337237,54.50684777414424,0.06941666234487531,5.978763243006112,7540.658776295124,2.1520398113310466,14,4,36,0,0,0,0.25706638838352047,0.6422898814067337,0.0014,0.2787439677263728,99.79901076159024,75.50499224753978,0.004311713236623629,0.0,32.101638189242415,189.45300798571992
487,abundant,108.44512629352263,93.89166423786357,54.443697906053536,0.07626975508407127,5.950048210245355,7492.83373286132,2.1648594083322408,14,4,36,0,0,0,0.26336351151259013,0.6417093815440698,0.0014,0.2787331147558704,99.79886280979422,75.50205244058961,0.0043136089104815695,0.0,32.101638189242415,178.538058891635
488,abundant,108.44411859378536,93.87957294060172,54.38734564652422,0.01654936153384378,5.9562375102940806,7455.73367355029,2.1789451982041625,14,5,35,0,0,0,0.2568238389305417,0.6411458753212462,0.0017500000000000003,0.27871942095970587,99.79859812284742,75.49834312274615,0.004316015864399633,0.0,32.101638189242415,179.77665247152223
489,abundant,108.44370556692448,93.87476458276743,54.328588404201085,0.014650212273745895,5.9810028236538235,7427.80211878119,2.1943283100459894,14,4,36,0,0,0,0.25887940421376293,0.6405676079167015,0.001303569288943868,0.27870935086646764,99.79843365737136,75.49561537829274,0.004317770504729372,0.0,32.101638189242415,172.45074022219887
490,abundant,108.43544603812362,93.87838745049348,54.306247644864314,0.0579825130829834,5.976958778853775,7406.633145128872,2.210774133454277,15,5,35,0,0,0,0.25795455104441317,0.6399930854285761,0.0014009827865553049,0.2786984901456689,99.79815757031176,75.49267347197491,0.004319667404108746,0.0,32.101638189242415,173.0615841957163
491,abundant,108.42954187574048,93.87525932454942,54.30659413554306,0.00885690155739606,6.020117390469264,7430.093992015649,2.216680417094032,16,5,35,0,0,0,0.26086520863722173,0.6394251336990753,0.0017500000000000003,0.27868479659130424,99.79792365959068,75.4889642196292,0.0043220741476661,0.0,32.101638189242415,184.54766053852643
492,abundant,108.43745369555646,93.87691835365612,54.31623413089058,0.05238766317500534,6.106035197477418,7452.47664800776,2.216440194662364,17,3,37,0,0,0,0.26598662114548943,0.6388319484158153,0.0010500000000000002,0.27867678491461606,99.7978216848906,75.48679405038332,0.004323458115895441,0.0,32.101638189242415,188.43190748603388
493,abundant,108.45557320206672,93.89310201711163,54.333114001225454,0.1361113942947122,6.230849636644865,7483.114457093696,2.204112676241973,16,4,36,0,0,0,0.263164485000762,0.6382516674823144,0.0014,0.2786659324316781,99.79774546427643,75.48385437550253,0.004325353381952154,0.0,32.101638189242415,165.7416200888787
494,abundant,108.47473035945325,93.91028400609089,54.35534023929737,0.13836485989788488,6.309727579593276,7521.572350025679,2.1935706913305473,16,4,36,0,0,0,0.2632319870371978,0.6376519595358755,0.0007088299750734048,0.2786606901342813,99.79758493253232,75.48243436405787,0.0043262387909298455,0.0,32.101638189242415,182.36963025964857
495,abundant,108.48723612050613,93.95634773051917,54.37681789096307,0.21866952995772682,6.361803751618296,7560.284180310264,2.1863780120011924,16,6,34,0,0,0,0.24844894601946726,0.6370879129249112,0.0014016867734657767,0.2786498240735645,99.79732545056551,75.4794910112855,0.0043281364247932,0.0,32.101638189242415,158.0515836496265
496,abundant,108.51307746999808,94.00940566693669,54.36625127436254,0.24851411833153908,6.404752358932652,7561.044093149372,2.1812039179726552,17,6,34,0,0,0,0.24609840761717644,0.6365166444893015,0.001051421884613995,0.27864180111962317,99.79701948623745,75.4773177873048,0.004329522259887149,0.0,32.101638189242415,142.63118501819048
497,abundant,108.54337224272486,94.0728612047783,54.341412128958815,0.2932725226745833,6.424614368484117,7552.876310234184,2.1803266505083547,15,5,35,0,0,0,0.2505382546244671,0.635950255242327,0.0014001011825878723,0.27863094804550465,99.79678776527959,75.47437795228751,0.004331417463213533,0.0,32.101638189242415,150.35150523089152
498,abundant,108.5855637697216,94.12592087915614,54.30954113797297,0.266426982642386,6.440446593537371,7551.873339413287,2.179873690465403,15,5,35,0,0,0,0.2568860212487699,0.6353768953122434,0.0014005247603595522,0.2786200916044954,99.79659699486064,75.47143720526104,0.004333313219577526,0.0,32.101638189242415,140.58403936413745
499,abundant,108.59936094256543,94.17240481066779,54.28138659920535,0.18393907588612957,6.43196834130408,7548.946348765545,2.1832881048353197,16,7,32,1,0,0,0.24168209651508293,0.6348398523161205,0.0021002610729899006,0.2786035555814174,99.796239375435,75.46695799695927,0.004336231216635626,0.0,32.101638189242415,167.91364324547735
500,abundant,108.6102980533419,94.21059976295939,54.2498833268408,0.13700686793580233,6.408677044169491,7540.287265665022,2.189086018086879,17,5,34,1,0,0,0.2543267994091638,0.634260912803814,0.001100713108700828,0.27859513281744164,99.79596400074452,75.46467647411993,0.004337688784563596,0.0,32.101638189242415,165.3137332359701
501,abundant,108.62467019871539,94.2391822514313,54.2359629025766,0.11726386014100014,6.348321953835568,7514.830054485821,2.1978359373142466,17,4,35,1,0,0,0.25873067796528854,0.6336855090580522,0.0014,0.27858428084910375,99.79579063590901,75.46173693863184,0.004339583556508447,0.0,32.101638189242415,161.55057078899108
502,abundant,108.62494153196664,94.24746510344086,54.239658995168384,0.02037832236841201,6.33485750739843,7502.405410704523,2.2130782049562363,17,5,34,1,0,0,0.2560318344642421,0.6331130949440876,0.0014007465695019862,0.2785734228918098,99.79555085391408,75.45879578088055,0.004341479353393004,0.0,32.101638189242415,180.16279572646647
503,abundant,108.61168728006433,94.26744394099015,54.25647348030877,0.1081840691597896,6.32854890822356,7500.221231496569,2.2277417947280593,16,3,36,1,0,0,0.25803363600436574,0.6325189230281951,0.0007023244183018816,0.2785682339875155,99.79545411857893,75.45739023233466,0.00434235469790897,0.0,32.101638189242415,168.81934051934354
504,abundant,108.59873730054088,94.28128060096356,54.27870968487226,0.07453611350976079,6.315717449768845,7493.345847923076,2.2410767448784648,16,2,37,1,0,0,0.2680728127131812,0.6319136429342107,0.0007,0.2785630639881874,99.79540329803417,75.45598980468641,0.004343226616083774,0.0,32.101638189242415,178.20020516913996
505,abundant,108.58825951871333,94.2855740837077,54.29690937547819,0.026905482977027186,6.340202215061643,7484.0713807582,2.245665303753191,17,2,37,1,0,0,0.2737727508296245,0.6313020929082981,0.0007,0.27855789403627934,99.79538516841207,75.45458938988308,0.004344098503984166,0.0,32.101638189242415,182.9780077363866
506,abundant,108.57606659416301,94.29015937871496,54.31991410360604,0.07425391291981331,6.373603813744138,7488.9293976859335,2.2452498994166787,17,2,37,1,0,0,0.2727814130586463,0.6306916333539336,0.0007,0.27855272412166876,99.79532703355748,75.45318898518276,0.004344970361611199,0.0,32.101638189242415,164.85412146133655
507,abundant,108.56811699677185,94.299027803901,54.32622911719161,0.07911449741667176,6.382099827980367,7497.097154376628,2.237475101054382,16,4,35,1,0,0,0.260470598471595,0.6301143156956149,0.0014,0.27854187246941825,99.79521429360055,75.45024953531508,0.004346864880727904,0.0,32.101638189242415,182.41290685536433
508,abundant,108.53395811267487,94.30615950455294,54.330520365671056,0.16985455734967694,6.399745565401339,7521.004335501209,2.228761965066268,16,5,34,1,0,0,0.256874259917958,0.6295311943369108,0.0010514402573485987,0.2785338500865755,99.79497496655576,75.44807646603114,0.004348250092381883,0.0,32.101638189242415,180.21270582859609
509,abundant,108.49485694655087,94.29268617206598,54.321712146837605,0.14396545954723647,6.37987478891445,7533.641626720437,2.2205364483252588,16,3,36,1,0,0,0.2648927655378076,0.6289294143532723,0.0007000735161797895,0.27852867974969303,99.7948583205508,75.44667594694758,0.004349121913265317,0.0,32.101638189242415,170.00419069723338
510,abundant,108.44527375149042,94.265014042414,54.31982958290907,0.20819585355141967,6.369899476868225,7550.773845217482,2.213897632929188,16,3,36,1,0,0,0.26829810248130087,0.6283239102202031,0.0007008492735786686,0.27852350314945806,99.79473139177243,75.44527373127347,0.004349994837250148,0.0,32.101638189242415,184.49349298485998
511,abundant,108.3853483263697,94.22978543107058,54.31418363011743,0.2446928750738954,6.335717088799498,7559.576048125589,2.2130253173052563,16,5,34,1,0,0,0.25425606184396193,0.6277632285521747,0.0017500000000000003,0.2785098108253178,99.79450948390709,75.44156481216575,0.004352400527789912,0.0,32.101638189242415,180.3205417209519
512,abundant,108.33082543669983,94.1930822255622,54.31120612069299,0.25910341083772526,6.313793314625941,7561.675111841614,2.215764100765936,17,4,35,1,0,0,0.2599875777214817,0.6271768826523679,0.00105858698881669,0.2785017306653632,99.79429893822831,75.43937609246105,0.004353795988527828,0.0,32.101638189242415,185.7897503009327
513,abundant,108.30447695992127,94.15772714138699,54.29778667476107,0.13846255566940296,6.329514489279499,7555.905014171491,2.2216450327657458,17,3,36,1,0,0,0.2601839920986807,0.6265803820848277,0.0007036365631520756,0.2784965316324951,99.79420718775218,75.43796780032974,0.004354672822418461,0.0,32.101638189242415,181.80396834662594
514,abundant,108.30457073522606,94.1387020169935,54.28344049960488,0.022249825551583353,6.375758908907847,7557.806443478767,2.2265935868411484,17,4,35,1,0,0,0.2593327376412334,0.6260043160734223,0.0014,0.2784856803852839,99.79408796420078,75.4350284601774,0.004356567004650013,0.0,32.101638189242415,180.6280619670466
515,abundant,108.30452196131549,94.11932741486132,54.25982534440086,0.022551197066369353,6.442999832924208,7572.276976497516,2.2364668461150607,18,7,33,0,0,0,0.2533247230613367,0.625454540576419,0.0021029177987224967,0.2784691237443531,99.79376026706709,75.43054366699849,0.004359488075744067,0.0,32.101638189242415,194.66022022116857
516,abundant,108.31035824369015,94.10374440258553,54.24009288930339,0.018199140322425582,6.518604583179427,7594.748756142857,2.2501407661076183,18,3,37,0,0,0,0.2562697372669371,0.6248623040228789,0.0007021484804846332,0.2784639370142662,99.79362208537678,75.42913870739274,0.004360362537924951,0.0,32.101638189242415,167.88330719203242
517,abundant,108.33424711494581,94.0962734067621,54.209921757407855,0.12470600813215582,6.61108121085567,7620.199178884795,2.26042278692787,18,4,36,0,0,0,0.2564505448835047,0.6242796291341043,0.0010507396641853328,0.2784559208589988,99.79345008803023,75.42696732500819,0.004361746257360045,0.0,32.101638189242415,155.98852212152906
518,abundant,108.36422403598567,94.0855687543241,54.17395334969397,0.126696031283193,6.682086445261035,7632.781631222359,2.2731043326636295,18,3,37,0,0,0,0.26178541393509563,0.6236813288840997,0.00070227519013963,0.27845073318948915,99.79334578123003,75.42556211093556,0.004362620826254521,0.0,32.101638189242415,168.77733020812198
519,abundant,108.36780768878273,94.07554263952446,54.14051896053297,0.018591171416075268,6.711566420464561,7647.354234064413,2.2744200267609838,18,5,35,0,0,0,0.25433314947657926,0.6231107778608884,0.0014005514718919507,0.2784398777629471,99.79310842303396,75.42262163870369,0.004364515538212453,0.0,32.101638189242415,179.03359583470495
520,abundant,108.38839810849454,94.06432108777936,54.13676502260405,0.1034786560993403,6.771879186577097,7669.229122522389,2.267866687775018,18,4,36,0,0,0,0.25286129100553084,0.622532039275354,0.0010503155204204708,0.2784318652102719,99.79301923592733,75.42045123217414,0.004365898493779606,0.0,32.101638189242415,206.3875047365725
521,abundant,108.41396642830753,94.0591415396125,54.13826290690061,0.11545394780123354,6.829358962129158,7689.804581547869,2.257344873845894,19,3,37,0,0,0,0.2596481565504744,0.6219360508886397,0.000700878053257765,0.27842668903094026,99.79289783953853,75.41904913051256,0.004366770877301165,0.0,32.101638189242415,190.1417038846682
522,abundant,108.448034711757,94.05454719038423,54.133915786236614,0.1506540347773589,6.853297016377814,7702.071403769347,2.2491094192708134,19,2,38,0,0,0,0.26479631993452796,0.6213245769759695,0.00035007283063631146,0.27842436031146556,99.79281022981364,75.41841833678698,0.004367130708230392,0.0,32.101638189242415,175.06379712014785
523,abundant,108.49175044902306,94.0472301120046,54.12942272355374,0.16974876316116752,6.8620121277619885,7699.506255716224,2.2439099355321552,19,2,38,0,0,0,0.26874548937078696,0.6207185569376616,0.0007,0.27841919131289905,99.79275120529951,75.41701818022081,0.004368001766141995,0.0,32.101638189242415,181.68400204553163
524,abundant,108.54328097195328,94.06703410820883,54.136298499456394,0.2417234627721642,6.854061265650304,7698.507398996517,2.2293139858746676,18,4,36,0,0,0,0.2643315258623396,0.620136992259213,0.0014,0.27840834059858316,99.79265781611943,75.41407898441692,0.004369895485571037,0.0,32.101638189242415,163.4717169905881
525,abundant,108.60291952831876,94.08821138852164,54.145578003831204,0.2670408645043589,6.829679342044315,7701.1561960730905,2.215445028295078,18,4,36,0,0,0,0.26808338863533987,0.6195318415585098,0.000705036671269113,0.2784031308373597,99.79239437169642,75.41266778623388,0.004370773806002543,0.0,32.101638189242415,175.54813510373404
526,abundant,108.64302571884468,94.1360165087908,54.14190460671773,0.25522689101397567,6.7947043694754985,7709.738473889069,2.203237866887106,17,3,37,0,0,0,0.25522609259481527,0.6189504928566555,0.0010500000000000002,0.2783951211097054,99.79228904111976,75.4104981449341,0.004372156083300882,0.0,32.101638189242415,173.36886718254047
527,abundant,108.67370227599335,94.18700561195095,54.149416640077206,0.2266955345370382,6.813150180999495,7732.310982037063,2.193120179065233,17,5,35,0,0,0,0.253046662380226,0.618361814154697,0.0007025938092789346,0.27838993126179284,99.79197826474532,75.40909234078487,0.004373030756248155,0.0,32.101638189242415,161.15858421120623
528,abundant,108.69128564708376,94.23032386729153,54.168459714752615,0.16424304315814045,6.822170836685908,7756.692261115633,2.187768754834696,17,2,38,0,0,0,0.258191217398257,0.617767403815559,0.0007,0.278384762512869,99.79195546787471,75.40769225184086,0.004373901609300536,0.0,32.101638189242415,161.46663080652326
529,abundant,108.69007797858258,94.26307784905819,54.180599963006024,0.09492395815670289,6.842525239359982,7776.392604310189,2.182942965041108,17,2,38,0,0,0,0.260330660695902,0.6171706400887935,0.0007,0.27837959380331445,99.79189157686653,75.40629217356103,0.004374772432115488,0.0,32.101638189242415,155.6718708501839
530,abundant,108.67607104436965,94.27957182625254,54.195727103570015,0.05247768786724774,6.873779839294514,7800.670656051974,2.1833441137977507,17,2,38,0,0,0,0.25804703734957174,0.6165763883477089,0.0007,0.27837442513969823,99.79190525159248,75.40489210772479,0.004375643224694062,0.0,32.101638189242415,176.72649616842014
531,abundant,108.6442911481162,94.26529164407192,54.21014035684213,0.12307045970962066,6.896236319339613,7823.454028093089,2.185639372222446,17,6,34,0,0,0,0.2481829764528448,0.6160224274977041,0.0017514437176176696,0.2783607221376031,99.79165811226665,75.40118029621762,0.0043780501339347275,0.0,32.101638189242415,176.4762784273858
532,abundant,108.60656688273089,94.24189808660091,54.24644500143182,0.17962371929490742,6.895264470444113,7847.791273932784,2.188561353624507,16,7,33,0,0,0,0.24822551952019514,0.6154879794262319,0.00245,0.27834134918714243,99.7914234654212,75.3959326329721,0.004381477542111137,0.0,32.101638189242415,187.09129595185337
533,abundant,108.56462245215434,94.21021647569651,54.28062116102164,0.19869349798053415,6.901124998575716,7870.328177367352,2.1928294536038253,17,7,33,0,0,0,0.2507382580504207,0.614921574797898,0.001407409125771491,0.27833043889607134,99.79110803739162,75.39297729926764,0.0043833816182849705,0.0,32.101638189242415,201.23180918639386
534,abundant,108.50375233842234,94.17800598621803,54.31134128471442,0.2842712113966707,6.907867753638882,7894.007933597968,2.2003809557284044,17,6,34,0,0,0,0.24936690698623415,0.6143662955553645,0.0017508698268344873,0.2783167408795325,99.7908916276274,75.38926683822696,0.004385787420388398,0.0,32.101638189242415,191.79529948195474
535,abundant,108.45089939876046,94.14334706198477,54.33527381979909,0.24074839267638068,6.876224545262559,7930.041821933901,2.2021552138845277,17,5,35,0,0,0,0.25318038621113137,0.6137969991505942,0.0014000721450688075,0.27830589033244674,99.79067142034826,75.38632768772166,0.004387680627673819,0.0,32.101638189242415,195.2890725748021
536,abundant,108.40590605879773,94.1083065385555,54.365092595840245,0.24254957125747661,6.837105341806586,7975.353174786898,2.199597059884694,17,3,37,0,0,0,0.26012122381611735,0.6132102658043964,0.0010500000000000002,0.27829788134944494,99.79060022725245,75.38415824813022,0.0043890623179399305,0.0,32.101638189242415,200.3862199832074
537,abundant,108.38280328380003,94.07505540643966,54.39173336360604,0.15779281772838696,6.826780414279338,8006.771339638759,2.200038066223608,17,2,38,0,0,0,0.26389222320610506,0.6126095843588697,0.0007,0.2782927133294191,99.7906138578761,75.38275835662702,0.004389932614350527,0.0,32.101638189242415,221.75889095569127
538,abundant,108.37327657702785,94.06528861570669,54.424186228063846,0.05600603107367115,6.823697497587913,8025.80760818224,2.203152534409891,18,3,37,0,0,0,0.2644460629058262,0.6120180936896733,0.0010500000000000002,0.27828470446703835,99.79059080846521,75.38058894970891,0.004391314226424014,0.0,32.101638189242415,185.0538344207207
539,abundant,108.38955965092605,94.06279224020611,54.43217514281254,0.07879611688013857,6.78593258869855,8019.407233549857,2.209023118265851,18,4,36,0,0,0,0.2551898201411579,0.6114465848875179,0.0014,0.27827385477859606,99.79050510194986,75.37765003178933,0.004393207136406682,0.0,32.101638189242415,194.10705441194642
540,abundant,108.41956992293936,94.07546761223867,54.43388379383155,0.12122215925829122,6.743633539471233,8009.492993360982,2.2095651617126357,18,7,33,0,0,0,0.2492523810197691,0.610891654007392,0.001758812106991153,0.2782600927457582,99.79020635335465,75.37392223028314,0.004395624200930048,0.0,32.101638189242415,175.88011462735395
541,abundant,108.48094266169801,94.08893997403615,54.43324758732389,0.27921560651602734,6.743656585310447,7999.54035394494,2.2082570056739588,18,5,35,0,0,0,0.2552805093682072,0.6103201069963731,0.0014021981887913661,0.27824922538322994,99.78997862364086,75.37097852488158,0.004397520172791376,0.0,32.101638189242415,168.10060737393033
542,abundant,108.54023339397705,94.11502708192734,54.438119220087664,0.26485115244915886,6.820977535450389,8000.339453922716,2.20364877925362,18,3,37,0,0,0,0.2590459365622816,0.6097345564661547,0.0010500000000000002,0.27824121683709957,99.78993394881877,75.36880920362803,0.004398901521412546,0.0,32.101638189242415,169.43737039077354
543,abundant,108.60016811526518,94.15251900767298,54.444968663025534,0.2747678723848949,6.848435187779758,8006.2140754092325,2.1976213313786515,17,4,36,0,0,0,0.2520194685243478,0.6091567883792391,0.001051904587907016,0.27823319289051646,99.7897988993604,75.3666357107647,0.004400285604651573,0.0,32.101638189242415,148.0954506850382
544,abundant,108.64117623300304,94.19610411922646,54.442042688608545,0.2108342683102553,6.914407051623573,8013.5282071773,2.191714513959335,17,3,37,0,0,0,0.25380911445997745,0.6085769983533332,0.0010500000000000002,0.27822518446684386,99.78971455672342,75.36446642268199,0.004401666857252471,0.0,32.101638189242415,160.06950596583735
545,abundant,108.67475074762777,94.2423453363937,54.42650930433449,0.20455161216872453,6.944361108977056,7974.134913437629,2.198357758440704,17,5,35,0,0,0,0.24431426204322798,0.608017464334407,0.0014004167614751508,0.27821433184529737,99.78954295967891,75.3615267102555,0.004403560016658641,0.0,32.101638189242415,145.1090752363234
546,abundant,108.70551857376923,94.2697559440517,54.42811017223028,0.16361833930068134,6.9180905896675355,7936.259539329996,2.2062447334494903,17,8,32,0,0,0,0.24017286767293555,0.6074822417065745,0.002105983093133782,0.278197752338273,99.78921903878123,75.35703572320543,0.004406483934438278,0.0,32.101638189242415,154.49818237464223
547,abundant,108.74829403264827,94.2861996450938,54.418839359169034,0.1871691780200611,6.899085445983358,7901.894612236236,2.2146165818714354,18,6,34,0,0,0,0.23926107131449914,0.6069283599843779,0.0014037662946180343,0.2781868726994531,99.78887463703637,75.35408869245369,0.00440838182021623,0.0,32.101638189242415,166.25022175980183
548,abundant,108.79937337935749,94.28039586701217,54.405035208916026,0.22335031817601408,6.910321935193002,7860.833996188412,2.2253001561278296,18,5,35,0,0,0,0.2443936413733721,0.6063589974277359,0.0010525160310292767,0.278178844172746,99.78862919565547,75.35191395894566,0.004409766467595136,0.0,32.101638189242415,202.5453358565168
549,abundant,108.83478879878123,94.2748445171168,54.40063394294564,0.12274029826541108,6.8613990611196956,7811.789237248027,2.235480140181317,18,5,35,0,0,0,0.24781003130819915,0.6057956382202503,0.0014011366769053656,0.2781679860020684,99.7883483302891,75.34897274339389,0.004411660397557691,0.0,32.101638189242415,195.62307230935252
550,abundant,108.86569244181445,94.25581275264989,54.40250155361508,0.11117843869216879,6.749167902635852,7774.267090078545,2.2471445803829413,18,4,36,0,0,0,0.2538301945213467,0.605215830282327,0.0010501884303630933,0.27815997648348484,99.78811693141658,75.34680315872632,0.004413041530501901,0.0,32.101638189242415,199.1433784619493
551,abundant,108.89779815490417,94.23064821286553,54.41868915698382,0.13686319603654015,6.691006362936011,7754.277977576305,2.263183467109891,17,3,37,0,0,0,0.25280720705183646,0.6046371423545699,0.0010500000000000002,0.27815196855263147,99.78803326706907,75.34463400413641,0.004414422340196396,0.0,32.101638189242415,182.16286263556609
552,abundant,108.93069410196365,94.20963730087352,54.42750014823698,0.12643814127622946,6.6848317586578645,7767.796399490311,2.2682200651438738,18,4,36,0,0,0,0.25806386586384866,0.6040526924263835,0.001050725866566064,0.27814395478324166,99.78784774382879,75.34246326802834,0.0044158041624294524,0.0,32.101638189242415,199.3744867154218
553,abundant,108.96379084565612,94.199923644287,54.43903947890899,0.10237875600643946,6.653284210461457,7770.4634221769265,2.274261005921177,18,2,38,0,0,0,0.2624529400209302,0.6034535941923604,0.0007,0.2781387878554947,99.7877956008881,75.34106367239704,0.004416673530319904,0.0,32.101638189242415,198.9658148756363
554,abundant,109.01048123929407,94.21167053170171,54.45052105774863,0.19568213657269967,6.627585509330641,7787.468130381327,2.28357362407786,18,3,37,0,0,0,0.26056497217277946,0.6028566300408782,0.0007020470681342907,0.27813360434448314,99.78767741301894,75.33965958476088,0.004417545858766946,0.0,32.101638189242415,170.65630894168498
555,abundant,109.05631972479632,94.23315031741946,54.466818794537154,0.20058118479280737,6.657622465359869,7804.964508969031,2.2948271472124926,18,3,37,0,0,0,0.2587596411047634,0.6022616206725402,0.0007009370313314262,0.27812842987800107,99.7875566455048,75.33825794706877,0.0044184165351746265,0.0,32.101638189242415,172.47902919682056
556,abundant,109.10458727595474,94.26092288734449,54.4806669033004,0.2366947382957803,6.718032200937651,7806.133493849527,2.2997098129877633,18,4,36,0,0,0,0.25044777829553927,0.6016953281164152,0.0014,0.27811758127286884,99.78736618200503,75.33531932259166,0.004420308504121244,0.0,32.101638189242415,176.92755613732373
557,abundant,109.15754120157585,94.3006027472544,54.48950421659441,0.29300805733613244,6.718793329409264,7790.670567344539,2.3106873691005347,18,2,38,0,0,0,0.2551436659363526,0.6010945109611736,0.0003514599031582635,0.27811524356314393,99.78729412140532,75.33468609362497,0.004420668502634001,0.0,32.101638189242415,169.88920329093935
558,abundant,109.21158832792973,94.36220389343411,54.484320930704904,0.335202332337304,6.73276265255343,7776.969442321177,2.3120112033118114,18,2,38,0,0,0,0.2582837476852412,0.6004999988387199,0.0007,0.2781100768436237,99.78730179343471,75.33328655439726,0.004421537701626682,0.0,32.101638189242415,161.97745788582384
559,abundant,109.26075732557877,94.43254398281434,54.47213730144033,0.3395385575660889,6.742251914342404,7769.334872804713,2.3145723985011557,18,6,34,0,0,0,0.2469131703988363,0.5999279088938441,0.0010540908058160904,0.2781020360483287,99.78698127198288,75.33110849762579,0.0044229241929395115,0.0,32.101638189242415,142.99651163099506
560,abundant,109.30391876841297,94.49500253331009,54.45455549292835,0.2709214188200459,6.766726303132158,7774.065531330809,2.3189028739288404,18,5,35,0,0,0,0.2504401581007562,0.5993484061639931,0.0009279087164304579,0.27809501950180576,99.78666242562329,75.3292078850488,0.00442412628556351,0.0,32.101638189242415,139.80369735403877
561,abundant,109.33759972222023,94.55045595072173,54.4453459635552,0.2208753269974584,6.788650105709172,7781.303888687235,2.323436596289418,17,4,36,0,0,0,0.2542145878525834,0.5987681791152768,0.001050321354341843,0.27808700940171044,99.78644038570525,75.32703814286377,0.00442550717987227,0.0,32.101638189242415,155.4313074485578
562,abundant,109.34725285311659,94.59925676722455,54.46214119209692,0.19058021157049476,6.790581599830409,7786.591754265173,2.326509432755932,16,4,36,0,0,0,0.2466488320426196,0.59820606540003,0.0014,0.27807616108055344,99.78620797289817,75.32409959530868,0.0044273989026202215,0.0,32.101638189242415,156.46183812732775
563,abundant,109.34580748666379,94.62895812756469,54.50457782348813,0.12023626506855342,6.747476392908927,7790.378445201342,2.328191051481526,16,4,36,0,0,0,0.2433844545574681,0.5976377842505081,0.0010514910889694391,0.2780681416165188,99.78602362943083,75.32192731665921,0.0044287813922669434,0.0,32.101638189242415,166.62838567307844
564,abundant,109.32078583212008,94.63155998287175,54.56832458307449,0.1582751781017108,6.683224253145047,7773.77612258459,2.335557080528905,16,5,35,0,0,0,0.24272054276430638,0.5970799548094271,0.0013986841414244074,0.2780573041051321,99.78581803415261,75.31899169720916,0.004430671078875045,0.0,32.101638189242415,173.47162692755947
565,abundant,109.30403977417295,94.61070371419656,54.628961996036175,0.13463759897523736,6.599848201560652,7762.2299244978785,2.344881803511625,16,4,36,0,0,0,0.24836414510191868,0.596515954249815,0.0014,0.2780464560133431,99.78577790709797,75.31605321178432,0.004432562622324061,0.0,32.101638189242415,196.79729083033192
566,abundant,109.28827523014847,94.5826481165445,54.67451333928041,0.16620494671193642,6.608272195536418,7763.963543430764,2.3568271979406736,16,5,35,0,0,0,0.2492359408801547,0.5959510432323393,0.0014017327675886122,0.2780355939227407,99.78552306694071,75.31311093441984,0.00443445663164868,0.0,32.101638189242415,198.60667664307587
567,abundant,109.26886527371293,94.54889601935614,54.692679209893825,0.1967864804379912,6.644007359908876,7787.352196171607,2.3649792473039244,16,6,34,0,0,0,0.24442208069059057,0.5954012016848276,0.001750812187427303,0.2780218985039233,99.78534728772031,75.309401177039,0.004436860576134436,0.0,32.101638189242415,215.1269673071732
568,abundant,109.257638127869,94.51134767466827,54.71836261929275,0.16812774180757623,6.658343686864069,7793.25340155881,2.363619561355834,16,7,33,0,0,0,0.24250909749537267,0.594853493666055,0.001751856731154082,0.2780081946877129,99.78499777538407,75.30568914500772,0.004439265963217439,0.0,32.101638189242415,210.55421496418717
569,abundant,109.24103004064207,94.4698857641637,54.74345498081076,0.15965358643753438,6.678279568832477,7787.475232755591,2.36228279503115,16,5,35,0,0,0,0.2510497220382387,0.5942963389718129,0.0017500000000000003,0.27799450603451353,99.78479698692152,75.30198122026903,0.004441668554119141,0.0,32.101638189242415,197.81097305755807
570,abundant,109.23627738595565,94.42495932638528,54.75067250273285,0.1710551501900108,6.695699550287071,7787.390096902134,2.36043741316747,17,4,36,0,0,0,0.25096043468974705,0.5937197345064958,0.0010518576014885224,0.27798648418742067,99.78468066586413,75.29980829610675,0.004443051083770931,0.0,32.101638189242415,202.58739746845313
571,abundant,109.21899255353962,94.37197938936714,54.728454287930006,0.20290897705799288,6.687399239571468,7781.861837592864,2.355636657166681,17,6,34,0,0,0,0.23604467282880498,0.5931791070584019,0.0017507747149201201,0.2779727894079239,99.78452679037905,75.29609871190242,0.0044454546750965,0.0,32.101638189242415,202.49052224987986
572,abundant,109.19133741647174,94.31396036974142,54.691211080527566,0.2419855611987587,6.651035252701756,7779.763229482382,2.347579823187937,17,6,34,0,0,0,0.2435741902581837,0.5926301774115734,0.00175007008769913,0.27795910044409117,99.78435213335266,75.29239070302064,0.004447857153513408,0.0,32.101638189242415,215.55138238403615
573,abundant,109.148576648078,94.25984703496133,54.66203386200461,0.2584975511359854,6.595546029023754,7790.7974027946875,2.3329519985674,17,5,35,0,0,0,0.2504772020848965,0.5920736524892801,0.0017500000000000003,0.2779454121425605,99.78424308319511,75.28868287354048,0.004450259446115072,0.0,32.101638189242415,208.09125058891522
574,abundant,109.14154477001011,94.1993166918775,54.64209941141094,0.22454725374080772,6.534241089720156,7793.948074680076,2.324131791890855,18,7,33,0,0,0,0.24607917213302394,0.5915318257072253,0.002102153831841534,0.2779288655606984,99.78397062790144,75.28420080511972,0.004453176147909207,0.0,32.101638189242415,199.20715138758996
575,abundant,109.14169277747328,94.12830021404253,54.62105964749969,0.29579336436133663,6.5043754345230225,7784.941278099141,2.3162976824820274,18,4,36,0,0,0,0.2531586062717502,0.5909625512403264,0.0014,0.277918018354261,99.7838461752841,75.28126255951518,0.0044550669099457825,0.0,32.101638189242415,221.0358195885765
576,abundant,109.14151351008869,94.06002507510422,54.591859401828266,0.26956072597742725,6.524121860060421,7764.946212160277,2.3078523264439563,18,3,37,0,0,0,0.25730639841462466,0.5903789142020702,0.0010500000000000002,0.27791001211180594,99.78376679933896,75.27909386227151,0.004456446260451046,0.0,32.101638189242415,220.57900045995217
577,abundant,109.14661472204398,94.02430694310331,54.55112154291216,0.1056818334262613,6.517585799011225,7741.966322065706,2.3030076189589064,18,4,36,0,0,0,0.2533152793162336,0.5898094673948224,0.0014,0.2778991650317832,99.78360787785351,75.27615565090964,0.0044583369089440175,0.0,32.101638189242415,192.83161355466135
578,abundant,109.16116412588153,94.00470785635953,54.52112295101458,0.07689770215181561,6.537865580449079,7730.183928930615,2.300375601085687,17,4,36,0,0,0,0.25525179680089655,0.5892378904183414,0.0014,0.2778883180445292,99.78353834019347,75.27321746467656,0.004460227491790611,0.0,32.101638189242415,185.16728528145592
579,abundant,109.16912774077457,93.99272317809076,54.47216932985257,0.054591824931971955,6.590548605874281,7740.587926595792,2.2996703303375217,16,6,34,0,0,0,0.24521829771653972,0.5886774730883795,0.001404385625937947,0.27787743552870886,99.78323464621771,75.27026965461508,0.004462124416340989,0.0,32.101638189242415,185.8274947390551
580,abundant,109.15584817279739,93.98830598932726,54.43142094897429,0.07244737008938112,6.651407108399164,7778.480332136234,2.2863042196685495,13,6,34,0,0,0,0.2435705209589468,0.5881287308422145,0.0017566188174930621,0.27786369407283573,99.78296217364611,75.26654742691044,0.004464535883574646,0.0,32.101638189242415,174.58792043260647
581,abundant,109.14298387238073,94.00139111794147,54.4115955420926,0.06943047675147934,6.696091455252059,7814.4278201348825,2.27296524891129,13,5,35,0,0,0,0.24830033682208663,0.587565034528015,0.001408359153741929,0.277852779479381,99.78275148166885,75.26359092779438,0.004466438463808044,0.0,32.101638189242415,166.58435595981535
582,abundant,109.14307381225493,94.01688371984608,54.40235287971291,0.048271998987883605,6.723935694063899,7818.886529730113,2.263864821243101,13,4,36,0,0,0,0.24881082893478687,0.5869809763293581,0.000701204041837286,0.2778476048082405,99.78258493079348,75.26218923466527,0.004467307832684507,0.0,32.101638189242415,180.7663216736244
583,abundant,109.15040672020409,94.03892009043189,54.41886745947634,0.06584760143396601,6.755485176853597,7838.177550249591,2.2550673831152044,13,4,36,0,0,0,0.24692310259912215,0.5864185609164991,0.0014,0.2778367581718153,99.78256280268275,75.25925114346323,0.0044691981040461,0.0,32.101638189242415,166.44819579111225
584,abundant,109.15187387703547,94.07725404332894,54.437093005938756,0.11789113322067604,6.766986254392078,7858.434903040004,2.246801895096086,15,5,35,0,0,0,0.25135484982782313,0.5858513418740461,0.001402546155627225,0.277825890929829,99.78234333667685,75.25630747071358,0.004471092029677818,0.0,32.101638189242415,173.90851509021343
585,abundant,109.1282338498582,94.12289770092787,54.47775552193231,0.22996844521233617,6.78503491211351,7858.871438504728,2.252281445385103,15,7,33,0,0,0,0.24079057432417433,0.5853055087008907,0.001751302092901062,0.27781219298032434,99.78210185419918,75.25259702783083,0.004473495417869358,0.0,32.101638189242415,154.39858540747747
586,abundant,109.12324861527489,94.13067808124745,54.485000070228445,0.23021433578978645,6.788124874617381,7858.667226193487,2.2534359745339043,15,0,0,0,0,40,0.04207713509167073,0.5939292238522899,0.0,0.2778127101428975,99.78212224679875,75.252737114651,0.004473340090864013,0.0,32.101638189242415,154.37992438382258
587,abundant,109.1201341208156,94.13460536441644,54.488826328894824,0.22791012898751972,6.790086119359029,7858.413750569489,2.254170738136743,15,0,0,0,0,40,0.02220724007174176,0.6025747958882108,0.0,0.27781322730315816,99.78214263943008,75.25287720084476,0.004473184769251874,0.0,32.101638189242415,154.28522745479225
588,abundant,109.11720357641381,94.1380043676402,54.49229491925646,0.2222138393668654,6.792060934181737,7858.19051329311,2.254857005464781,15,0,0,0,0,40,0.020220313847360803,0.6112225535429788,0.0,0.27781374446110607,99.78216303209315,75.25301728641205,0.004473029453032753,0.0,32.101638189242415,154.54887991370296
589,abundant,109.11430555559937,94.1413200426489,54.495693477587665,0.21997105117319418,6.794146967814825,7857.980398332584,2.2555261565216456,15,0,0,0,0,40,0.020021731294068895,0.6198705296385555,0.0,0.27781426161674155,99.78218342478793,75.25315737135297,0.004472874142206462,0.0,32.101638189242415,163.66996275163433
590,abundant,109.11140316424374,94.14468882975282,54.499094755679224,0.22231524972725566,6.796425622257692,7857.82510294969,2.2562128607961953,15,0,0,0,0,40,0.020001820339103187,0.6285185276361822,0.0,0.2778147787700634,99.78220377932622,75.25329745566715,0.004472718836772815,0.0,32.101638189242415,163.89752720285725
591,abundant,109.10848531113538,94.14794780482843,54.502527604079944,0.21871454055061595,6.798780351173393,7857.6442787748965,2.2569061634102625,15,0,0,0,0,40,0.019999811968024677,0.6371665278430175,0.0,0.2778152959210716,99.78222413002092,75.25343753935466,0.004472563536731623,0.0,32.101638189242415,154.8561905642628
592,abundant,109.10553467073017,94.1511812341669,54.50593940075246,0.2188719772262328,6.8014083697978664,7857.4949781006,2.2576054724110137,15,0,0,0,0,40,0.01999958060990113,0.6458145283043466,0.0,0.2778158130697661,99.78224448074737,75.2535776224154,0.004472408242082702,0.0,32.101638189242415,154.96404297167535
593,abundant,109.10252538374282,94.15441361846348,54.509406736338676,0.220823785894751,6.803941262001288,7857.3512570236635,2.2582979238002014,15,0,0,0,0,40,0.01999966740789438,0.6544625286701979,0.0,0.27781633021614566,99.78226480157646,75.25371770484912,0.004472252952825861,0.0,32.101638189242415,154.97706550892758
594,abundant,109.09944622758492,94.1575362884009,54.51288348907178,0.21928068697676079,6.805888741981013,7857.202842050305,2.258979322625308,14,0,0,0,0,40,0.01999965354870211,0.6631105290512945,0.0,0.27781684736020973,99.78228511061609,75.25385778665562,0.004472097668960914,0.0,32.101638189242415,155.31056709565502
595,abundant,109.09629592620963,94.16064821293314,54.516378949791715,0.22141033081971642,6.807724579195662,7857.002905282483,2.2596662937980234,14,0,0,0,0,40,0.01999966202997484,0.6717585294230615,0.0,0.2778173645019583,99.78230541968745,75.2539978678349,0.004471942390487676,0.0,32.101638189242415,154.98062321097126
596,abundant,109.0931308515574,94.16372861256443,54.519830674224714,0.22083805627441835,6.809858883485802,7856.791197002429,2.2603546435516555,14,0,0,0,0,40,0.01999956250165591,0.6804065299043096,0.0,0.27781788164139143,99.78232572879051,75.25413794838698,0.004471787117405956,0.0,32.101638189242415,164.15409286988523
597,abundant,109.089927416911,94.16680983112816,54.52331000940669,0.2222447487078194,6.812209729627329,7856.563933067824,2.2610243375764263,14,0,0,0,0,40,0.01999971584983772,0.6890545302168748,0.0,0.27781839877850906,99.78234603792528,75.25427802831184,0.004471631849715571,0.0,32.101638189242415,164.24429345681693
598,abundant,109.0866921757229,94.16981848106767,54.52680132208318,0.2209010320712761,6.8147563805919145,7856.256282785245,2.2617052506902393,14,0,0,0,0,40,0.019999736867646764,0.6977025305063205,0.0,0.2778189159133112,99.78236634709174,75.25441810760951,0.00447147658741633,0.0,32.101638189242415,164.411911271742
599,abundant,109.08341338031899,94.17281273780164,54.53031986067422,0.2220184503358704,6.817491927032992,7855.933067058053,2.2623919518681173,14,0,0,0,0,40,0.019999612648860805,0.7063505309324066,0.0,0.277819433045797,99.78238661810165,75.25455818627972,0.004471321330508048,0.0,32.101638189242415,173.59673252096724
600,abundant,109.08010803741706,94.17579782477478,54.53382947941476,0.22269275092451443,6.820383183914785,7855.6147929988,2.2631080135891377,14,0,0,0,0,40,0.019999588816349438,0.7149985313847086,0.0,0.2778199501759663,99.78240688526796,75.25469826432247,0.004471166078990538,0.0,32.101638189242415,173.39007775598193
601,abundant,109.07681442424068,94.17868088098098,54.53737637122208,0.2188684252634126,6.8234956836692975,7855.304068943013,2.2638318183910906,14,0,0,0,0,40,0.019999587779694277,0.7236465318381511,0.0,0.2778204673038178,99.78242711238458,75.25483834173738,0.0044710108328636115,0.0,32.101638189242415,173.79340175506803
602,abundant,109.07353123456696,94.18154705140289,54.54094968472977,0.21791645418341193,6.826804418559149,7854.995763369181,2.2645300383707836,14,0,0,0,0,40,0.019999552339173894,0.732294532330578,0.0,0.2778209844293516,99.78244733755088,75.25497841852446,0.004470855592127083,0.0,32.101638189242415,173.75984082769403
603,abundant,109.07019553531877,94.1844083393755,54.54456349555073,0.21974162040376335,6.830455823186239,7854.705614861137,2.265189154801935,14,0,0,0,0,40,0.019999572693518004,0.7409425328006151,0.0,0.2778215015525676,99.78246756274889,75.25511849468371,0.004470700356780763,0.0,32.101638189242415,173.77292545639548
604,abundant,109.06684812718035,94.1871693273587,54.54820340110011,0.21695922370360882,6.834133376658343,7854.426256011306,2.265837041359792,14,0,0,0,0,40,0.019999633300764617,0.7495905332039843,0.0,0.2778220186734659,99.78248778797855,75.25525857021516,0.004470545126824465,0.0,32.101638189242415,173.892263759298
605,abundant,109.06349522952937,94.18989331968109,54.551872681893016,0.21600330202324428,6.83772478726569,7854.184719410914,2.266483782761966,14,0,0,0,0,40,0.019999626165289365,0.7582385336152025,0.0,0.27782253579204635,99.78250801323995,75.25539864511877,0.0044703899022580035,0.0,32.101638189242415,173.70625854883434
606,abundant,109.06014974708587,94.19253316511757,54.55559490297203,0.2130862878118381,6.841659762109184,7853.960001432679,2.2671143983939506,14,0,0,0,0,40,0.01999949860949588,0.766886534166732,0.0,0.27782305290830905,99.78252823853299,75.25553871939454,0.004470234683081191,0.0,32.101638189242415,173.8079397238313
607,abundant,109.05673571110228,94.19505444930734,54.55931591455292,0.21221581882971147,6.845939888872465,7853.693709407387,2.2677588842217453,14,0,0,0,0,40,0.019999543019130737,0.775534534669411,0.0,0.277823570022254,99.7825484638577,75.2556787930425,0.004470079469293838,0.0,32.101638189242415,174.03892980589868
608,abundant,109.05331254630558,94.19743876646152,54.56301263725136,0.20858492627345582,6.850469866903022,7853.34556433119,2.2684299326561725,14,0,0,0,0,40,0.01999938774006692,0.784182535342897,0.0,0.2778240871338813,99.78256868921412,75.25581886606267,0.00446992426089576,0.0,32.101638189242415,174.01099959631205
609,abundant,109.04980235986102,94.19975868471688,54.566757281785,0.2103806493222382,6.855288964149135,7853.012695104797,2.2690975757128133,14,0,0,0,0,40,0.019999666703313067,0.7928305357095233,0.0,0.2778246042431907,99.78258891460221,75.25595893845495,0.004469769057886769,0.0,32.101638189242415,174.25606845060207
610,abundant,109.04635582133889,94.20203788708929,54.570482416472714,0.20660466438213515,6.859462025015134,7852.675159127699,2.269778768218722,13,0,0,0,0,40,0.019999592008572948,0.801478536158314,0.0,0.2778251213501821,99.7826091334198,75.25609901021937,0.004469613860266678,0.0,32.101638189242415,174.28443382190562
611,abundant,109.04290724276457,94.20425919304327,54.574242115117684,0.20510771408285153,6.863924789036863,7852.355684447728,2.270465999947697,13,0,0,0,0,40,0.01999966618336483,0.810126536525512,0.0,0.2778256384548536,99.78262931670201,75.25623908135536,0.004469458668035299,0.0,32.101638189242415,174.64424560393132
612,abundant,109.03942096352864,94.20638261298978,54.57805698751456,0.20410668297119533,6.8683548781013855,7852.009348429299,2.2711708197451457,13,0,0,0,0,40,0.019999630176810605,0.8187745369323178,0.0,0.2778261555572053,99.78264950001595,75.25637915186299,0.004469303481192445,0.0,32.101638189242415,165.9141792518704
613,abundant,109.03587789772628,94.20851188684163,54.58192298846247,0.2066920389962218,6.872794426237746,7851.67826961034,2.271875006393179,13,0,0,0,0,40,0.0199995730838054,0.8274225374019256,0.0,0.27782667265723715,99.78266968336152,75.25651922174221,0.004469148299737932,0.0,32.101638189242415,165.95192039329362
614,abundant,109.03238369168155,94.21057164114308,54.58576817585117,0.2028104317767369,6.876727635241702,7851.39759203123,2.272584952378105,13,0,0,0,0,40,0.019999548650603098,0.8360705378984097,0.0,0.2778271897549491,99.78268986673878,75.25665929099303,0.004468993123671569,0.0,32.101638189242415,165.68161941342646
615,abundant,109.02887761616769,94.2126220592697,54.589579069303944,0.2030826813602907,6.880417294583035,7851.0530810319615,2.2733123238674655,13,0,0,0,0,40,0.019999679054563485,0.8447185382514497,0.0,0.2778277068503413,99.78271005014768,75.25679935961551,0.004468837952993169,0.0,32.101638189242415,165.41281045713285
616,abundant,109.02537042079,94.21464576327517,54.593338528735785,0.20245961792790465,6.88437866083788,7850.645316758306,2.2740456980606822,13,0,0,0,0,40,0.019999673063128054,0.8533665386110805,0.0,0.2778282239434136,99.78273023358828,75.25693942760957,0.004468682787702548,0.0,32.101638189242415,165.05293819007622
617,abundant,109.02190365432662,94.21662592078582,54.59712297477826,0.19962241461042146,6.888478313084261,7850.17482261837,2.2747946075321375,13,0,0,0,0,40,0.01999951660472196,0.8620145391428153,0.0,0.27782874103416605,99.78275041706054,75.25707949497523,0.004468527627799516,0.0,32.101638189242415,164.80522536476263
618,abundant,109.01845757833523,94.2185658834218,54.600905370736164,0.19773557673412892,6.892746187077364,7849.695432151842,2.275537613813353,13,0,0,0,0,40,0.019999639328314937,0.8705484294054123,0.0,0.2778292581225987,99.78277060056445,75.25721956171252,0.004468372473283888,0.0,32.101638189242415,164.9075546080059
619,abundant,109.01496994935226,94.22054171421205,54.60477975748968,0.2004236726955761,6.897312382506456,7849.236621667082,2.2762602679559785,13,0,0,0,0,40,0.019999626201220182,0.8789802297992034,0.0,0.2778297752087116,99.78279078410003,75.25735962782146,0.004468217324155475,0.0,32.101638189242415,165.14693488162692
620,abundant,109.01151422342782,94.22241822001834,54.60862462317675,0.19662183157664098,6.902017784548211,7848.778722753494,2.276955281917874,13,0,0,0,0,40,0.01999959214825542,0.8874120302299293,0.0,0.27783029229250433,99.78281095736162,75.2574996933019,0.0044680621804140935,0.0,32.101638189242415,165.16175666578232
621,abundant,109.00806367375719,94.22429150146598,54.61241114464336,0.19631274942454108,6.907039106837226,7848.282164772136,2.2776591835095554,13,0,0,0,0,40,0.019999630963649127,0.8958127529291371,0.0,0.27783080937397653,99.78283109920643,75.25763975815376,0.004467907042059551,0.0,32.101638189242415,164.78118724646802
622,abundant,109.004565016519,94.22606646987813,54.616183378216896,0.19616433324662577,6.912210138307431,7847.802042255116,2.278342546266185,13,0,0,0,0,40,0.019999567898223124,0.9040283533606402,0.0,0.2778313264531281,99.78285124108285,75.25777982237702,0.004467751909091664,0.0,32.101638189242415,174.21872894771704
623,abundant,109.00103523293947,94.22777507234731,54.61990875172533,0.1960808676632278,6.917463145100408,7847.246168634061,2.279040090114413,13,0,0,0,0,40,0.0199995698470558,0.9122216672952217,0.0,0.277831843529959,99.78287138299096,75.25791988597169,0.004467596781510246,0.0,32.101638189242415,174.06270069595672
624,abundant,108.99750142080379,94.22939300689279,54.62367191235511,0.1943332262229118,6.9227806272757375,7846.645506001289,2.2797515630137304,13,0,0,0,0,40,0.01999952545103841,0.9198849490018155,0.0,0.2778323606044693,99.78289152493069,75.25805994893776,0.004467441659315108,0.0,32.101638189242415,174.14657241424612
625,abundant,108.99400288920003,94.23094072939224,54.627437196348865,0.1912781080998636,6.928294579836165,7845.993257528346,2.280465764969281,13,0,0,0,0,40,0.019999663261537223,0.9273848489553096,0.0,0.27783287767665904,99.78291166690204,75.25820001127524,0.004467286542506065,0.0,32.101638189242415,173.97435076813858
626,abundant,108.99053728161716,94.23240609727988,54.63118775737318,0.18814254469462313,6.933903467152518,7845.345091231695,2.281170582549948,13,0,0,0,0,40,0.0199995829124148,0.934735649341202,0.0,0.27783339474652785,99.78293180230288,75.25834007298403,0.004467131431082927,0.0,32.101638189242415,174.30711272072972
627,abundant,108.98707135940677,94.23384045493921,54.634977633060544,0.1875539675803522,6.93975369075022,7844.74856068044,2.2818653660526746,13,0,0,0,0,40,0.01999962314474337,0.9417552155533457,0.0,0.27783391181407424,99.7829519021683,75.25848013406373,0.00446697632504551,0.0,32.101638189242415,174.13828394015087
628,abundant,108.98365428457373,94.2353063933469,54.63881526932405,0.185919228551371,6.945840952611699,7845.936773810667,2.2825781361820834,13,0,0,0,0,40,0.019999487392800774,0.9482231586476505,0.0,0.27783442887929827,99.78297200206538,75.25862019451436,0.004466821224393625,0.0,32.101638189242415,173.94788677123503
629,abundant,108.98023476925911,94.23672407604138,54.64266318289433,0.18509993962499163,6.95209147363754,7847.270454580259,2.2832584917485694,13,0,0,0,0,40,0.019999467527073087,0.9543339268066646,0.0,0.2778349459421998,99.78299210199407,75.2587602543359,0.004466666129127087,0.0,32.101638189242415,173.99020428018883
630,abundant,108.9768261818194,94.2381194491092,54.646516270702286,0.1841629521757669,6.958464820394374,7848.597690850165,2.283953711215375,13,0,0,0,0,40,0.0199995644130418,0.9601424317868237,0.0,0.277835463002779,99.7830122019544,75.25890031352837,0.004466511039245708,0.0,32.101638189242415,174.03098383889008
631,abundant,108.97339967325138,94.23950083907658,54.650388094902816,0.18472471519659975,6.965081308724261,7849.9671445814965,2.2845638462278774,13,0,0,0,0,40,0.0199997129396239,0.9649003806441545,0.0,0.2778359800610358,99.78303230194636,75.25904037209175,0.004466355954749298,0.0,32.101638189242415,173.9210314504522
632,abundant,108.96995309465585,94.24083901422428,54.65418241267487,0.18486505197321448,6.971838205771237,7851.313899900211,2.284194197451376,13,0,0,0,0,40,0.01999966834166829,0.9691341493443415,0.0,0.27783649711697017,99.78305240196995,75.25918043002603,0.004466200875637675,0.0,32.101638189242415,173.74763517888996
633,abundant,108.96649135827629,94.24212849607758,54.65797896096749,0.18470755540022968,6.978753998303105,7852.689338685737,2.2837874719489237,13,0,0,0,0,40,0.019999567222381266,0.973077138988104,0.0,0.27783701417058215,99.78307250202518,75.25932048733125,0.00446604580191065,0.0,32.101638189242415,173.5411973204247
634,abundant,108.96306475074357,94.24339985866965,54.66185189437563,0.18274538339894125,6.985784092187345,7854.051113550355,2.2833837384368034,13,0,0,0,0,40,0.01999961477003167,0.9766511392880275,0.0,0.2778375312218717,99.783092602112,75.25946054400737,0.0044658907335680354,0.0,32.101638189242415,173.80055457888562
635,abundant,108.95960110096328,94.24458664975273,54.665699851722195,0.18307401120654643,6.9932779464324355,7855.326604589885,2.283001634191608,13,0,0,0,0,40,0.019999637688784794,0.9796938421243757,0.0,0.2778380482708385,99.7831126858801,75.25960060005433,0.004465735670609645,0.0,32.101638189242415,173.835135619461
636,abundant,108.95607812927119,94.2455988530935,54.66957542702653,0.18327897038903995,7.0030855223336825,7856.629388974132,2.2826214418475823,13,0,0,0,0,40,0.019999456283523648,0.9825890729757892,0.0,0.2778385653174819,99.78313274427805,75.25974065547192,0.004465580613035291,0.0,32.101638189242415,174.00910863941903
637,abundant,108.95253719613292,94.24664030420678,54.67338078671854,0.18454802081210758,7.012945480896363,7857.873130366468,2.282259346573607,13,0,0,0,0,40,0.019999744847212682,0.9853229827509693,0.0,0.2778390823618018,99.78315280270758,75.25988071026013,0.0044654255608447884,0.0,32.101638189242415,173.87451281665804
638,abundant,108.94897173205092,94.24761528399141,54.67719162874887,0.18482253024878204,7.022870779911793,7859.096780296055,2.2818836064198194,13,0,0,0,0,40,0.019999712296077138,0.9879173828433319,0.0,0.2778395994037984,99.78317286116871,75.260020764419,0.004465270514037949,0.0,32.101638189242415,173.9384735368411
639,abundant,108.94540128280622,94.24852493276664,54.680958503301916,0.1842254051787505,7.032986627524835,7860.282211464149,2.2815261093626806,13,0,0,0,0,40,0.019999607510200072,0.9902248951141083,0.0,0.27784011644347156,99.78319291966146,75.26016081794855,0.004465115472614584,0.0,32.101638189242415,174.05421365934276
640,abundant,108.94180532222182,94.24935582161893,54.68474067827056,0.18453963964432776,7.043195976179011,7861.47263931893,2.2811648915522524,13,0,0,0,0,40,0.01999965500028648,0.9921706951777853,0.0,0.27784063348082116,99.78321297818582,75.26030087084867,0.0044649604365745105,0.0,32.101638189242415,174.08728565606788
641,abundant,108.93819294343328,94.25017047997025,54.68851585220864,0.18515834713910242,7.053572031893362,7862.6339402380945,2.28079635880328,13,0,0,0,0,40,0.019999545593042012,0.9939158568655422,0.0,0.2778411505158475,99.78323303674173,75.26044092311948,0.004464805405917538,0.0,32.101638189242415,173.83349025437354
642,abundant,108.93455001215291,94.2509192540362,54.69223999954677,0.18596072108101774,7.063949944099937,7863.711369149656,2.280444900434213,13,0,0,0,0,40,0.019999556615596496,0.9953770836530754,0.0,0.27784166754855044,99.7832530953293,75.26058097476094,0.004464650380643482,0.0,32.101638189242415,173.87461419234404
643,abundant,108.93088483918686,94.25168114752793,54.69593455194257,0.1871765567020392,7.074459484678305,7864.736170254899,2.280109730529811,13,0,0,0,0,40,0.01999972174353818,0.9966048509106351,0.0,0.27784218457892923,99.78327311470187,75.26072102577284,0.004464495360752153,0.0,32.101638189242415,173.8269389310195
644,abundant,108.92721553564645,94.2523979635386,54.69965344043014,0.18693614207593565,7.085155109140511,7865.783829912674,2.279765425322877,13,0,0,0,0,40,0.019999715821671937,0.9975080916542266,0.0,0.27784270160698377,99.78329313149776,75.26086107615517,0.004464340346243366,0.0,32.101638189242415,173.90101028662448
645,abundant,108.92350874625872,94.25305576537366,54.70338000016134,0.18824025058080965,7.0958628447656125,7866.779446341388,2.279433196096233,13,0,0,0,0,40,0.019999583065330378,0.998372891664148,0.0,0.27784321863271405,99.78331314832526,75.2610011259079,0.004464185337116934,0.0,32.101638189242415,173.96383237248492
646,abundant,108.91983002773604,94.25363856581853,54.707054704397535,0.18623015830454312,7.106725078982619,7867.699761452866,2.2791179343743426,13,0,0,0,0,40,0.019999526098907698,0.9991069074951152,0.0,0.27784373565611575,99.78333312510954,75.26114117502988,0.0044640303333726705,0.0,32.101638189242415,173.7370934401913
647,abundant,108.91608094518669,94.25413763043142,54.71073943913952,0.1891147641071861,7.117751650186571,7868.62613477818,2.2787894643684234,13,0,0,0,0,40,0.01999953955944775,0.9995393075221812,0.0,0.2778442526771886,99.78335309993689,75.26128122352102,0.0044638753350103874,0.0,32.101638189242415,173.58279463973338
648,abundant,108.91237153962183,94.25454632841529,54.71441892522107,0.18659050906477412,7.12900096527687,7869.581667884049,2.278448989408472,13,0,0,0,0,40,0.01999959327855021,0.9997677848402475,0.0,0.2778447696959326,99.7833730747958,75.26142127138135,0.004463720342029898,0.0,32.101638189242415,173.39587143213694
649,abundant,108.90876509338102,94.25485046875255,54.7181403974145,0.18096230236852853,7.139662557317197,7870.569281012988,2.2780817661805717,13,0,0,0,0,40,0.019999565502379957,0.9999839848833535,0.0,0.2778452867123478,99.78339304968628,75.26156131861086,0.004463565354431017,0.0,32.101638189242415,173.5474479181392
650,abundant,108.9051889842666,94.2552064909469,54.721960932632065,0.17969128035409623,7.1499553167219645,7871.582089131563,2.2777126807827246,14,0,0,0,0,40,0.019999551883063623,1.0,0.0,0.2778458037264341,99.78341302460832,75.2617013652095,0.004463410372213556,0.0,32.101638189242415,173.59571010952388
651,abundant,108.90155536315555,94.25557678124397,54.72581610349986,0.18262682593101337,7.160335926190103,7872.584603749918,2.2773299746645197,14,0,0,0,0,40,0.019999686308925034,1.0,0.0,0.27784632073819165,99.78343299956195,75.26184141117737,0.004463255395377329,0.0,32.101638189242415,173.50062707351043
652,abundant,108.89792023426082,94.25589293580585,54.72964601420257,0.18245010234931858,7.170741190886318,7873.527021384212,2.276975704369855,14,0,0,0,0,40,0.019999654280094772,1.0,0.0,0.27784683774762026,99.78345297454713,75.26198145651438,0.0044631004239221485,0.0,32.101638189242415,182.54158291736857
653,abundant,108.89425311956722,94.25613457206757,54.73348783233232,0.18375392464030468,7.181195090879949,7874.4778870111295,2.2766124656045097,14,0,0,0,0,40,0.01999959860358628,1.0,0.0,0.27784735475472017,99.78347294956387,75.2621215012206,0.004462945457847827,0.0,32.101638189242415,182.5521054204253
654,abundant,108.89058850820797,94.25630762834994,54.73725153482288,0.18343409116461412,7.19170773668376,7875.4266993222045,2.2762546303854596,14,0,0,0,0,40,0.019999656439382126,1.0,0.0,0.27784787175949116,99.78349292461216,75.26226154529597,0.004462790497154179,0.0,32.101638189242415,173.38643319195714
655,abundant,108.88694935512622,94.25639371580458,54.74103659898392,0.18201096548555293,7.201941561459714,7876.391015518468,2.2758754091879543,14,0,0,0,0,40,0.0199996579331089,1.0,0.0,0.2778483887619334,99.78351289969204,75.26240158874054,0.004462635541841018,0.0,32.101638189242415,182.30720633488434
656,abundant,108.88332772545661,94.25643062383126,54.744795787541605,0.1810937773822968,7.211218741198519,7877.395036259317,2.275494682914409,14,0,0,0,0,40,0.019999623247496816,1.0,0.0,0.27784890576204685,99.78353287480347,75.2625416315543,0.004462480591908156,0.0,32.101638189242415,173.24218216840092
657,abundant,108.87970401672592,94.25637572613127,54.748517830243244,0.18121079209435353,7.219690338215109,7878.403134548658,2.2751332713045858,14,0,0,0,0,40,0.019999660664210026,1.0,0.0,0.2778494227598315,99.78355284994646,75.26268167373725,0.004462325647355406,0.0,32.101638189242415,173.24682017513348
658,abundant,108.87607795932013,94.25631485982481,54.75227000305132,0.1813353788645979,7.2281310533414285,7879.394273116835,2.274769786278022,14,0,0,0,0,40,0.01999958041425639,1.0,0.0,0.27784993975528727,99.78357282512103,75.26282171528933,0.004462170708182583,0.0,32.101638189242415,173.1934566978118
659,abundant,108.87248736158044,94.25612916587048,54.75603251940301,0.1797757357839734,7.236488917806895,7880.418608103799,2.274393899931719,14,0,0,0,0,40,0.01999964350387245,1.0,0.0,0.27785045674841424,99.78359280032714,75.26296175621063,0.004462015774389498,0.0,32.101638189242415,173.41841514757166
660,abundant,108.86886609383035,94.25586742857377,54.75981163794859,0.18154287622354545,7.244552863231439,7881.434227438716,2.2740099673447274,14,0,0,0,0,40,0.019999578589518147,1.0,0.0,0.27785097373921247,99.78361277556479,75.26310179650112,0.004461860845975964,0.0,32.101638189242415,173.4205899785912
661,abundant,108.8652832471081,94.25557500596383,54.76359376857954,0.17974956009233853,7.2526461442247525,7882.44398841753,2.2736367775109843,14,0,0,0,0,40,0.01999958781771256,1.0,0.0,0.27785149072768195,99.78363275083402,75.26324183616082,0.0044617059229417975,0.0,32.101638189242415,173.46984669328617
662,abundant,108.86172088177507,94.25520134149244,54.76741451330131,0.17909954800244085,7.260199219812397,7883.395306129685,2.2732683119827497,14,0,0,0,0,40,0.01999940875228442,1.0,0.0,0.27785200771382257,99.7836527261348,75.26338187518967,0.004461551005286809,0.0,32.101638189242415,182.54116460069514
663,abundant,108.85820171244727,94.25480991746146,54.771260629408474,0.17704878590873316,7.266926619456879,7884.363340492957,2.2729084765946794,14,0,0,0,0,40,0.019999657063951178,1.0,0.0,0.2778525246976337,99.78367269486496,75.26352191358752,0.004461396093010813,0.0,32.101638189242415,182.45710611994673
664,abundant,108.8546635970916,94.2544241708435,54.77517845822251,0.17795738956664248,7.27369488019319,7885.345248931648,2.2725529930234005,14,0,0,0,0,40,0.019999649109834216,1.0,0.0,0.27785304167911196,99.78369262805965,75.26366195135346,0.004461241186113621,0.0,32.101638189242415,182.76475664034746
665,abundant,108.85103550971549,94.25398919703863,54.779150623371414,0.18270771794225757,7.2804359110433605,7886.3131868475175,2.2722168411331123,14,0,0,0,0,40,0.019999529257885302,1.0,0.0,0.27785355865825706,99.78371254626344,75.26380198848739,0.004461086284595048,0.0,32.101638189242415,182.68407097408505
666,abundant,108.84740210572917,94.25352287911626,54.78320493520876,0.18315498636023567,7.287265530288221,7887.3407242457615,2.27188509563058,14,0,0,0,0,40,0.019999522164346986,1.0,0.0,0.2778540756350688,99.78373243766217,75.26394202498928,0.004460931388454907,0.0,32.101638189242415,182.79943841139044
667,abundant,108.84373814138254,94.25298722243072,54.78730845034422,0.18514866833865787,7.294051304753796,7888.439506837778,2.271531120154443,14,0,0,0,0,40,0.019999546084281533,1.0,0.0,0.2778545926095472,99.78375232909245,75.26408206085911,0.004460776497693009,0.0,32.101638189242415,182.76570779748596
668,abundant,108.84006589312246,94.25237386048101,54.79144446032793,0.18616238645992708,7.3008678729548775,7889.556294749171,2.271164812002146,14,0,0,0,0,40,0.019999520709828245,1.0,0.0,0.27785510958169224,99.78377222055427,75.26422209609692,0.00446062161230917,0.0,32.101638189242415,183.12307582224201
669,abundant,108.83633214721408,94.25173390203773,54.79559871237385,0.18941421039602077,7.307587162181134,7890.632761635861,2.270813426521029,14,0,0,0,0,40,0.01999965446030196,1.0,0.0,0.277855626551504,99.78379211204759,75.26436213070266,0.004460466732303204,0.0,32.101638189242415,183.03400845971115
670,abundant,108.8326153378027,94.25105459121005,54.799775213327806,0.1889200589328291,7.314243999056548,7891.6796633429185,2.2704721687604636,14,0,0,0,0,40,0.019999607387793664,1.0,0.0,0.2778561435189823,99.78381200357246,75.26450216467636,0.00446031185767492,0.0,32.101638189242415,182.8808009412731
671,abundant,108.82893922239063,94.25031303796025,54.80393342350728,0.18750610466351827,7.319943626271735,7892.700209284674,2.270129870122453,14,0,0,0,0,40,0.019999662372684867,1.0,0.0,0.27785666048412666,99.78383187275342,75.26464219801784,0.004460156988424135,0.0,32.101638189242415,182.6736430237197
672,abundant,108.82525114721496,94.24948484193227,54.80807433723587,0.18899602223865225,7.325305889492848,7893.723303058068,2.269793212596488,15,0,0,0,0,40,0.019999670289023337,1.0,0.0,0.27785717744693633,99.78385172248775,75.2647822307269,0.004460002124550661,0.0,32.101638189242415,182.5134037276846
673,abundant,108.82157940318818,94.24855773313314,54.812260027801905,0.1893525492644428,7.330609470579486,7894.763051792521,2.2694457034449544,15,0,0,0,0,40,0.019999599818860854,1.0,0.0,0.27785769440741137,99.78387157225359,75.26492226280357,0.0044598472660543126,0.0,32.101638189242415,182.6663727509095
674,abundant,108.81787724424615,94.24760998034887,54.81642246837466,0.191081735001888,7.335285941079614,7895.734187775917,2.269094259386207,15,0,0,0,0,40,0.019999691133432952,1.0,0.0,0.27785821136555183,99.78389142205094,75.26506229424787,0.0044596924129349,0.0,32.101638189242415,182.82041326162363
675,abundant,108.81414936894173,94.24661291741687,54.820560731025886,0.19294630711140587,7.339859848511976,7896.677343478084,2.268732004416478,15,0,0,0,0,40,0.01999966710233885,1.0,0.0,0.2778587283213576,99.7839112718798,75.26520232505975,0.0044595375651922415,0.0,32.101638189242415,182.802867360023
676,abundant,108.81043740991781,94.24549204835922,54.82478335595431,0.19387805416081735,7.3443135990499515,7897.626951761515,2.268373963780978,15,0,0,0,0,40,0.01999942880235233,1.0,0.0,0.2778592452748288,99.78393112174017,75.26534235523924,0.004459382722826145,0.0,32.101638189242415,183.08810346609275
677,abundant,108.80666565101289,94.24442108094004,54.8289317397619,0.1960412825390477,7.348680805089282,7898.500028931296,2.2680171559834816,15,0,0,0,0,40,0.019999462191966334,1.0,0.0,0.2778597622259653,99.78395097163205,75.26548238478632,0.0044592278858364255,0.0,32.101638189242415,183.09850396737468
678,abundant,108.80290258062364,94.24323940489374,54.83301501913634,0.197215954876332,7.353105859913645,7899.356784319301,2.267644523730451,15,0,0,0,0,40,0.019999540310876713,1.0,0.0,0.2778602791747672,99.78397082155541,75.26562241370101,0.004459073054222899,0.0,32.101638189242415,182.97873319593634
679,abundant,108.79913115978297,94.24201098465421,54.837084105123935,0.19832741394618245,7.3573067488673916,7900.220545511751,2.267267134066491,15,0,0,0,0,40,0.01999963498469682,1.0,0.0,0.2778607961212345,99.78399067151031,75.26576244198333,0.004458918227985376,0.0,32.101638189242415,183.12575884711214
680,abundant,108.79539677765904,94.24075658929533,54.84122447918098,0.19697870798817682,7.3613735724179605,7901.115233474564,2.2668928440908753,15,0,0,0,0,40,0.019999594335603284,1.0,0.0,0.27786131306536715,99.78401052149668,75.26590246963325,0.004458763407123671,0.0,32.101638189242415,183.3669857972355
681,abundant,108.79166423262873,94.23948612172046,54.845322979877935,0.19714176227385655,7.365503342301852,7902.032715931244,2.2665137228236603,15,0,0,0,0,40,0.01999962528235873,1.0,0.0,0.27786183000716524,99.78403037151456,75.26604249665078,0.004458608591637597,0.0,32.101638189242415,183.20381891793227
682,abundant,108.78790332315498,94.23814880840233,54.84939918312848,0.19958563717638542,7.369773870732449,7902.940870903214,2.266140973611883,15,0,0,0,0,40,0.019999575802927737,1.0,0.0,0.27786234694662876,99.78405022156394,75.26618252303595,0.004458453781526966,0.0,32.101638189242415,183.30540151239046
683,abundant,108.7841629512,94.23679097981083,54.85344942400083,0.19896343985293322,7.374030419455764,7903.833270451323,2.265778040987706,15,0,0,0,0,40,0.019999621969960208,1.0,0.0,0.27786286388375764,99.78407007164482,75.26632254878871,0.004458298976791595,0.0,32.101638189242415,183.15113123146222
684,abundant,108.78044723713012,94.23534720848801,54.85746571895261,0.19932166652878738,7.378448776463131,7904.734890660606,2.265412049489282,15,0,0,0,0,40,0.019999682601193353,1.0,0.0,0.27786338081855194,99.7840899217572,75.26646257390908,0.0044581441774312934,0.0,32.101638189242415,183.0554503227816
685,abundant,108.7767575299052,94.23385561382848,54.86152040700458,0.19899594428930437,7.382932992804567,7905.625829470104,2.2650421414846895,15,0,0,0,0,40,0.019999741831343176,1.0,0.0,0.2778638977510116,99.7841097719011,75.26660259839707,0.004457989383445877,0.0,32.101638189242415,183.30700270132246
686,abundant,108.77312903719364,94.23236111463281,54.86557018564554,0.19620985258157383,7.387463870288985,7906.47398553705,2.264680315547829,15,0,0,0,0,40,0.019999588028528952,1.0,0.0,0.2778644146811367,99.78412962207645,75.26674262225268,0.004457834594835159,0.0,32.101638189242415,191.98126503572604
687,abundant,108.76958525831428,94.2307862680613,54.869628361935995,0.1939045006368487,7.392080348705344,7907.370061891896,2.264322536436249,15,0,0,0,0,40,0.01999962941444896,1.0,0.0,0.2778649316089273,99.78414947228332,75.26688264547592,0.004457679811598951,0.0,32.101638189242415,183.24225635505837
688,abundant,108.76606567899566,94.22923592641328,54.873694383799865,0.19229858000648728,7.396762649015001,7908.250198122507,2.2639586696587704,15,0,0,0,0,40,0.019999721035511883,1.0,0.0,0.2778654485343832,99.78416932252169,75.26702266806676,0.004457525033737068,0.0,32.101638189242415,183.45711490715703
689,abundant,108.76250484372645,94.22763509119224,54.87779233237509,0.19520221057583642,7.401530158009402,7909.139886341683,2.26358629431954,15,0,0,0,0,40,0.019999499100761965,1.0,0.0,0.2778659654575045,99.78418917279154,75.26716269002522,0.004457370261249324,0.0,32.101638189242415,183.33459242543336
690,abundant,108.75894345150785,94.22598748343847,54.88195429663203,0.19620501262712323,7.4063936085350806,7910.014548196654,2.2632296063856168,15,0,0,0,0,40,0.019999649511917225,1.0,0.0,0.2778664823782913,99.78420902309288,75.26730271135129,0.004457215494135531,0.0,32.101638189242415,192.25898708187023
691,abundant,108.75548428967598,94.22430600148964,54.886107996493635,0.19231096870589695,7.411349431831276,7910.93326424095,2.262865567200877,15,0,0,0,0,40,0.019999599440382494,1.0,0.0,0.27786699929674363,99.78422887342573,75.26744273204503,0.0044570607323955016,0.0,32.101638189242415,183.31220863145057
692,abundant,108.75208016957986,94.22257552373384,54.89030069729798,0.19094071845076063,7.416466942198244,7911.837328057198,2.2624953729193855,15,0,0,0,0,40,0.019999614045898357,1.0,0.0,0.2778675162128613,99.78424872379004,75.26758275210636,0.0044569059760290524,0.0,32.101638189242415,183.58026009154113
693,abundant,108.74866820489926,94.22082146954975,54.894486863706575,0.19182848053672094,7.4216907024614,7912.725554783334,2.2621357234528805,15,0,0,0,0,40,0.01999964656277651,1.0,0.0,0.2778680331266443,99.78426857418586,75.26772277153529,0.004456751225035993,0.0,32.101638189242415,183.46316430100734
694,abundant,108.74521436204557,94.21901210860341,54.89863466917609,0.19495674620919093,7.427136819204341,7913.625294096062,2.261779715186069,15,0,0,0,0,40,0.019999617904909922,1.0,0.0,0.2778685500380929,99.78428842461314,75.26786279033189,0.00445659647941614,0.0,32.101638189242415,192.33545560084562
695,abundant,108.74178837758078,94.21720962206226,54.90278800540541,0.19356946436837646,7.432814907015572,7914.4818135814785,2.261444299008174,15,0,0,0,0,40,0.01999956311352344,1.0,0.0,0.27786906694720687,99.78430827507194,75.26800280849608,0.004456441739169305,0.0,32.101638189242415,192.43853332988874
696,abundant,108.73833093891915,94.21541874991449,54.90700458154597,0.1946946529609982,7.43864800567591,7915.318295696685,2.261138953615073,15,0,0,0,0,40,0.019999619541426622,1.0,0.0,0.27786958385398636,99.7843281255622,75.26814282602793,0.004456287004295302,0.0,32.101638189242415,192.3434702707409
697,abundant,108.73486492059533,94.21363097518277,54.91118832568446,0.19500305026273065,7.444669146050768,7916.1365640320655,2.260830683092659,15,0,0,0,0,40,0.019999661485795232,1.0,0.0,0.2778701007584312,99.78434797608396,75.26828284292738,0.0044561322747939435,0.0,32.101638189242415,192.1974756378133
698,abundant,108.73139997273286,94.21180491653436,54.91541002669898,0.19583862803293928,7.4509089731703595,7916.94108779043,2.2605103571798684,15,0,0,0,0,40,0.019999676189095622,1.0,0.0,0.2778706176605416,99.7843678266372,75.26842285919449,0.0044559775506650455,0.0,32.101638189242415,192.43616352933793
699,abundant,108.72794105606377,94.20991036421663,54.91963134147627,0.19719077263356152,7.457329890576601,7917.7648415345975,2.26018609206599,15,0,0,0,0,40,0.01999977834553408,1.0,0.0,0.2778711345603174,99.78438767722191,75.2685628748292,0.004455822831908418,0.0,32.101638189242415,192.62594262414683
700,abundant,108.72449266319572,94.20802451286306,54.92383800912321,0.19652161958903847,7.4639767476650105,7918.597309890261,2.259851164847523,15,0,0,0,0,40,0.019999603252355475,1.0,0.0,0.2778716514577588,99.78440752783811,75.26870288983157,0.0044556681185238785,0.0,32.101638189242415,192.45452622992678
701,abundant,108.72104941798739,94.2060681127382,54.92797146519867,0.19800981200382659,7.470455313117098,7919.392753223874,2.259527391290913,15,0,0,0,0,40,0.019999658711319774,1.0,0.0,0.2778721683528655,99.7844273784858,75.26884290420155,0.0044555134105112365,0.0,32.101638189242415,192.28050342587446
702,abundant,108.71765518965897,94.20404280137294,54.93209342217831,0.19763402612523576,7.476998910782439,7920.146572431069,2.259200009806174,15,0,0,0,0,40,0.019999554877938763,1.0,0.0,0.27787268524563774,99.78444722916495,75.26898291793917,0.004455358707870307,0.0,32.101638189242415,192.0484965618258
703,abundant,108.71426795429542,94.20195381298655,54.936299396060726,0.19898813076914237,7.483613448478363,7920.907962498517,2.258871823107403,15,0,0,0,0,40,0.019999545591499836,1.0,0.0,0.27787320213607547,99.78446707987558,75.26912293104444,0.0044552040106009055,0.0,32.101638189242415,192.28566370033408
704,abundant,108.71091778896907,94.19980585834927,54.94047804939321,0.19898489376492967,7.4903577583949525,7921.6850312813185,2.2585354943924805,15,0,0,0,0,40,0.01999969962545508,1.0,0.0,0.2778737190241787,99.7844869306177,75.26926294351732,0.004455049318702843,0.0,32.101638189242415,192.31309996986448
705,abundant,108.70756397365722,94.197640875657,54.94470476966924,0.19959766110953342,7.49712146754008,7922.495432633354,2.2582092033677985,15,0,0,0,0,40,0.019999696516059574,1.0,0.0,0.27787423590994736,99.78450678139129,75.26940295535786,0.004454894632175933,0.0,32.101638189242415,192.29600261450335
706,abundant,108.70426574574643,94.1954618961765,54.948941161192806,0.1976569058209138,7.50400609116088,7923.307286074909,2.257870050101087,15,0,0,0,0,40,0.019999534095666596,1.0,0.0,0.27787475279338153,99.78452663219635,75.26954296656602,0.00445473995101999,0.0,32.101638189242415,192.57207546699692
707,abundant,108.70097379594515,94.19322710366096,54.953111581160314,0.1989446513768876,7.51106814509131,7924.077814394826,2.2575169941561906,15,0,0,0,0,40,0.01999966284626779,1.0,0.0,0.2778752696744813,99.78454648303286,75.26968297714185,0.004454585275234827,0.0,32.101638189242415,192.66126524899457
708,abundant,108.6976821854178,94.19093816972328,54.95727598295673,0.20046370183268594,7.518188238949802,7924.818741741401,2.257161266784088,15,0,0,0,0,40,0.019999730266425743,1.0,0.0,0.27787578655324646,99.78456633390087,75.26982298708529,0.004454430604820259,0.0,32.101638189242415,192.6171211527034
709,abundant,108.69437357796517,94.18864970102317,54.96147504343325,0.20114930495332994,7.525443227443574,7925.607936049622,2.256797677643878,15,0,0,0,0,40,0.019999696609990025,1.0,0.0,0.2778763034296771,99.78458618480033,75.26996299639637,0.004454275939776098,0.0,32.101638189242415,192.5159549238002
710,abundant,108.69107620090342,94.18637658287919,54.965653805830925,0.2002538495335989,7.532909353785338,7926.367778459076,2.256462909028661,15,0,0,0,0,40,0.019999621941483515,1.0,0.0,0.2778768203037733,99.78460603573127,75.2701030050751,0.004454121280102156,0.0,32.101638189242415,192.56098785637622
711,abundant,108.68783517497857,94.18409033417089,54.96981606558472,0.19831973656513194,7.540492579350278,7927.115531751668,2.2561466943401247,15,0,0,0,0,40,0.019999694373316446,1.0,0.0,0.27787733717553503,99.78462588669369,75.27024301312149,0.00445396662579825,0.0,32.101638189242415,192.66469033468493
712,abundant,108.68462458325193,94.18177195512664,54.97396803264951,0.19801325538715825,7.548203896794901,7927.8781819607975,2.255808771226937,15,0,0,0,0,40,0.019999745381736662,1.0,0.0,0.27787785404496224,99.78464573768755,75.2703830205355,0.004453811976864191,0.0,32.101638189242415,192.7164000422828
713,abundant,108.6814390461675,94.1794678334781,54.978165798350254,0.19658444517991885,7.555880867930571,7928.56606079558,2.255481149369926,15,0,0,0,0,40,0.019999516427109253,1.0,0.0,0.27787837091205503,99.78466558871291,75.27052302731718,0.004453657333299793,0.0,32.101638189242415,192.5068678996541
714,abundant,108.67829661363899,94.17706760268418,54.98235151218474,0.19772147239993282,7.563648780216812,7929.243522934543,2.2551539743189712,15,0,0,0,0,40,0.019999487245895942,1.0,0.0,0.27787888777681324,99.78468543976973,75.27066303346649,0.004453502695104871,0.0,32.101638189242415,192.51135474602233
715,abundant,108.67517697080487,94.17467672533328,54.98654031237014,0.1965260812034255,7.571470148296868,7929.904546688886,2.2548338697269847,15,0,0,0,0,40,0.019999595015281268,1.0,0.0,0.27787940463923705,99.784705290858,75.27080303898344,0.0044533480622792375,0.0,32.101638189242415,192.52426224450673
716,abundant,108.67209385033024,94.17232610515876,54.99073216470289,0.19385142493304242,7.57868665513052,7930.566909331923,2.2545163556536982,15,0,0,0,0,40,0.019999721605950253,1.0,0.0,0.27787992149932633,99.78472514197775,75.27094304386804,0.004453193434822706,0.0,32.101638189242415,192.35824361451193
717,abundant,108.66901545283376,94.17000126529334,54.99493490336992,0.19288376258784942,7.585815158652804,7931.198269552922,2.254208543996519,15,0,0,0,0,40,0.01999975689914808,1.0,0.0,0.2778804383570812,99.78474499312894,75.27108304812032,0.004453038812735091,0.0,32.101638189242415,192.57430920665956
718,abundant,108.66589426246799,94.16763979308317,54.999141681287064,0.19569890553066818,7.592925362878904,7931.84809621617,2.2539121711864385,15,0,0,0,0,40,0.01999964274638883,1.0,0.0,0.2778809552125016,99.78476484431158,75.27122305174024,0.004452884196016204,0.0,32.101638189242415,192.41026289377578
719,abundant,108.66273513908538,94.16525792705826,55.003318145511955,0.19782720129993595,7.599743063989502,7932.501113770006,2.2536178322184375,15,0,0,0,0,40,0.019999726127395746,1.0,0.0,0.2778814720655875,99.78478469552572,75.27136305472779,0.00445272958466586,0.0,32.101638189242415,192.33705114709136
720,abundant,108.65958858758763,94.16288283740381,55.00753045432354,0.1971175960604202,7.606537669160974,7933.141540939592,2.2533608075830203,15,0,0,0,0,40,0.019999589809732547,1.0,0.0,0.27788198891633903,99.7848045467713,75.271503057083,0.0044525749786838735,0.0,32.101638189242415,192.39221134302898
721,abundant,108.6564386004759,94.16046494896099,55.0117686663754,0.19855010545873072,7.613434100503895,7933.809197837458,2.2530964216312173,15,0,0,0,0,40,0.01999967826684045,1.0,0.0,0.27788250576475604,99.78482439804833,75.27164305880586,0.004452420378070056,0.0,32.101638189242415,192.20277463514157
722,abundant,108.65327957746108,94.1580247471804,55.01600828856931,0.19959337575593147,7.620372967168313,7934.491264941607,2.2528473213682125,16,0,0,0,0,40,0.019999604395937655,1.0,0.0,0.27788302261083864,99.78484424935684,75.27178305989639,0.004452265782824223,0.0,32.101638189242415,192.33872608502142
723,abundant,108.65011957489112,94.1555515857771,55.020249688218925,0.20063611108622587,7.627355655879799,7935.165546810938,2.2526056897163182,16,0,0,0,0,40,0.019999605562296924,1.0,0.0,0.2778835394545868,99.78486410069675,75.27192306035458,0.004452111192946187,0.0,32.101638189242415,192.18390901953427
724,abundant,108.64698216543289,94.15302670313415,55.0244679304365,0.20136493673034056,7.6343515924025045,7935.842005397164,2.252370020977532,16,0,0,0,0,40,0.019999625851151448,1.0,0.0,0.27788405629600044,99.78488395206816,75.2720630601804,0.004451956608435762,0.0,32.101638189242415,192.4103315261695
725,abundant,108.64384296640333,94.1504555540432,55.02869503520306,0.20289540850629764,7.641435949386533,7936.561871946549,2.252120783515603,16,0,0,0,0,40,0.019999624317926873,1.0,0.0,0.2778845731350798,99.78490380347104,75.27220305937392,0.0044518020292927596,0.0,32.101638189242415,192.31689621581305
726,abundant,108.64073153496213,94.14787965473529,55.03290762579864,0.20197204260913265,7.648544541979918,7937.233284700531,2.2518752413268515,16,0,0,0,0,40,0.01999966319520618,1.0,0.0,0.27788508997182465,99.78492365490533,75.27234305793507,0.004451647455516998,0.0,32.101638189242415,192.0758319632218
727,abundant,108.63760521191709,94.14534334994508,55.037195559870916,0.2012892037000708,7.655674836727039,7937.919750972571,2.251607234586417,16,0,0,0,0,40,0.019999493263434837,1.0,0.0,0.27788560680623503,99.78494350637109,75.27248305586389,0.0044514928871082875,0.0,32.101638189242415,192.14850431183032
728,abundant,108.63445061602428,94.14281346495795,55.041432997734454,0.20218546307976168,7.662855997365272,7938.547354075607,2.2513398690856445,16,0,0,0,0,40,0.01999962671099036,1.0,0.0,0.27788612363831106,99.78496335786829,75.27262305316037,0.004451338324066442,0.0,32.101638189242415,191.99412836936435
729,abundant,108.63124660302178,94.14024313166775,55.045603733321116,0.20538155730402388,7.670146512904012,7939.127666630069,2.2510706398592344,16,0,0,0,0,40,0.019999682833950327,1.0,0.0,0.27788664046805267,99.78498320939694,75.27276304982452,0.004451183766391276,0.0,32.101638189242415,191.81604477914604
730,abundant,108.628043379464,94.13759459886019,55.04977804165285,0.20782175755639165,7.677244925295095,7939.674563237466,2.2507995308630058,16,0,0,0,0,40,0.01999971245828309,1.0,0.0,0.2778871572954598,99.78500306095705,75.27290304585632,0.004451029214082603,0.0,32.101638189242415,191.9299371318642
731,abundant,108.62486520872339,94.1349460157487,55.05393828902625,0.2068606637849585,7.6840253793338436,7940.173765589068,2.2505467898726628,16,0,0,0,0,40,0.01999950151209179,1.0,0.0,0.27788767412053256,99.78502291254861,75.27304304125579,0.004450874667140236,0.0,32.101638189242415,191.70147714428535
732,abundant,108.6216938266803,94.13228806165253,55.058154008745575,0.2068992702341168,7.690708031557582,7940.653663026998,2.2502948520916064,16,0,0,0,0,40,0.019999523402674458,1.0,0.0,0.2778881909432709,99.78504276417159,75.27318303602291,0.004450720125563989,0.0,32.101638189242415,191.76667593102178
733,abundant,108.61857126657166,94.12959130388128,55.06241824262692,0.20630249586279217,7.697417982285458,7941.1071611253865,2.250041779033095,16,0,0,0,0,40,0.01999956279106804,1.0,0.0,0.27788870776367247,99.78506258109968,75.27332303015709,0.004450565589353675,0.0,32.101638189242415,192.0382715493546
734,abundant,108.61538550465227,94.1268702055739,55.06660052805721,0.20948645585148457,7.704084963638185,7941.5927242202815,2.249770936178855,16,0,0,0,0,40,0.019999682341055876,1.0,0.0,0.27788922458173676,99.78508239113854,75.27346302365812,0.00445041105850911,0.0,32.101638189242415,191.90077732587847
735,abundant,108.6122433434861,94.124178069254,55.070776351671064,0.20689153004330735,7.710658175651311,7942.113922260964,2.249507509317044,16,0,0,0,0,40,0.01999957825372877,1.0,0.0,0.2778897413974638,99.78510220120884,75.27360301652607,0.004450256533030106,0.0,32.101638189242415,192.05094053727322
736,abundant,108.60911171140113,94.12144617344148,55.07492395764082,0.2077917798341031,7.717176844805604,7942.601715730496,2.2492533226232925,16,0,0,0,0,40,0.019999688362227076,1.0,0.0,0.27789025821085356,99.78512201131053,75.2737430087609,0.004450102012916476,0.0,32.101638189242415,192.06765603166536
737,abundant,108.60598071453265,94.11871352172038,55.07902982504952,0.20779276040206465,7.723624535938266,7943.039356009704,2.248990505526898,16,0,0,0,0,40,0.0199995721406779,1.0,0.0,0.277890775021906,99.78514182144366,75.2738830003626,0.004449947498168036,0.0,32.101638189242415,192.10922361875464
738,abundant,108.602873255809,94.11597077109946,55.08315414175453,0.2072388588318277,7.730106485574497,7943.483173749955,2.2487124348869907,16,0,0,0,0,40,0.019999802745446937,1.0,0.0,0.27789129183062133,99.7851616316082,75.27402299133125,0.004449792988784597,0.0,32.101638189242415,192.22201328562568
739,abundant,108.59973897109674,94.1132176875903,55.08723793032816,0.20858764178369582,7.736633004010406,7943.875310354662,2.248446926006715,16,0,0,0,0,40,0.019999615370418118,1.0,0.0,0.2778918086369993,99.78518144180416,75.27416298166676,0.0044496384847659744,0.0,32.101638189242415,192.15457641641575
740,abundant,108.59659716313504,94.11046634381886,55.09133707744088,0.20881456296488135,7.743175140882672,7944.239810529947,2.2481681936275355,16,0,0,0,0,40,0.019999630947709533,1.0,0.0,0.2778923254410386,99.78520119715066,75.27430297136877,0.004449483986111982,0.0,32.101638189242415,192.13459643228265
741,abundant,108.59347790089723,94.10767246078879,55.09542756488395,0.2093858953734253,7.749697617239375,7944.567429707178,2.2478887588911083,16,0,0,0,0,40,0.019999605935394252,1.0,0.0,0.27789284224273864,99.78522092390507,75.27444296043714,0.004449329492822432,0.0,32.101638189242415,192.04949696838426
742,abundant,108.59034611903374,94.10490027285059,55.09954634474218,0.20912785703700024,7.7563246200492415,7944.887539801988,2.2476230046703956,16,0,0,0,0,40,0.01999963567469384,1.0,0.0,0.2778933590420994,99.78524065069087,75.27458294887185,0.00444917500489714,0.0,32.101638189242415,191.83476379858547
743,abundant,108.58723910316724,94.10210285662126,55.10372254425772,0.2090495840086205,7.763007683318689,7945.245374868751,2.2473745941217684,16,0,0,0,0,40,0.019999537970263655,1.0,0.0,0.27789387583912084,99.78526037750804,75.2747229366729,0.004449020522335917,0.0,32.101638189242415,191.8274616661772
744,abundant,108.58412765453654,94.09933923054517,55.107887451108375,0.20808244702561945,7.76973274012271,7945.574517327215,2.247122397475527,16,0,0,0,0,40,0.019999759898446056,1.0,0.0,0.27789439263380306,99.78528010435657,75.2748629238403,0.004448866045138582,0.0,32.101638189242415,191.81309733584115
745,abundant,108.58101772284905,94.0965567543985,55.11196608171574,0.20865518558091622,7.7763854847096905,7945.862586773626,2.246880026730504,16,0,0,0,0,40,0.019999636120836044,1.0,0.0,0.2778949094261459,99.78529983123649,75.27500291037404,0.004448711573304943,0.0,32.101638189242415,191.8228641427283
746,abundant,108.5779099079954,94.09372652227796,55.1160312529611,0.21017126329766792,7.7830725503417355,7946.147707067932,2.246616847672489,16,0,0,0,0,40,0.01999967771938757,1.0,0.0,0.2778954262161496,99.78531955814776,75.27514289627415,0.004448557106834818,0.0,32.101638189242415,191.8713343526931
747,abundant,108.5747478533661,94.0909058073384,55.120045270569506,0.2118688488423601,7.789793911453093,7946.403937217678,2.246361296923242,16,0,0,0,0,40,0.01999963262278946,1.0,0.0,0.277895943003814,99.78533928509043,75.27528288154059,0.004448402645728018,0.0,32.101638189242415,191.54974480350353
748,abundant,108.57163633569742,94.08805997150917,55.12418907386692,0.21084002705429994,7.796498441845806,7946.652550397404,2.246126496663702,16,0,0,0,0,40,0.019999585639613234,1.0,0.0,0.2778964597891387,99.7853590033347,75.27542286617329,0.004448248189984358,0.0,32.101638189242415,191.79256813837134
749,abundant,108.5684486689328,94.08517981060359,55.12833954518512,0.21480566802027284,7.802169951051215,7946.849955581485,2.245890594242363,16,0,0,0,0,40,0.019999683912808302,1.0,0.0,0.27789697657212215,99.7853786886923,75.27556285017178,0.004448093739603651,0.0,32.101638189242415,191.6602185434654
750,abundant,108.5653151043978,94.08218952826756,55.132460874444746,0.21656960859244737,7.8075392747448,7947.098684026314,2.245658535850111,16,0,0,0,0,40,0.019999471905581635,1.0,0.0,0.27789749335276437,99.78539837408127,75.2757028335361,0.0044479392945857114,0.0,32.101638189242415,191.60350687260487
751,abundant,108.5622231835894,94.07920600957948,55.136585152528525,0.21483599785883745,7.812407599336647,7947.3627460598545,2.2454091455925607,16,0,0,0,0,40,0.01999951634684089,1.0,0.0,0.2778980101310653,99.78541805950158,75.27584281626622,0.004447784854930353,0.0,32.101638189242415,191.7067954154896
752,abundant,108.55915520892238,94.07622634881807,55.140711756605356,0.21384621717258487,7.8171760655042135,7947.598120038172,2.245173857336045,16,0,0,0,0,40,0.019999572691531846,1.0,0.0,0.277898526907025,99.78543774495321,75.27598279836214,0.0044476304206373905,0.0,32.101638189242415,191.64774638020148
753,abundant,108.55607825820421,94.07327809838162,55.144820709270434,0.21307796218605657,7.821896055786299,7947.8315893967265,2.2449222410906198,16,0,0,0,0,40,0.0199996234866939,1.0,0.0,0.2778990436806435,99.78545743043621,75.2761227798239,0.004447475991706635,0.0,32.101638189242415,191.4890361967536
754,abundant,108.55298129438134,94.07033211572805,55.148899548418285,0.21372121521870005,7.826686099052874,7948.051235719882,2.2446691526089007,16,0,0,0,0,40,0.019999671888346605,1.0,0.0,0.2778995604519207,99.78547711595054,75.27626276065146,0.004447321568137904,0.0,32.101638189242415,191.46048508041048
755,abundant,108.54981279779295,94.06731669356405,55.15300538923282,0.21870830523076965,7.831560495482357,7948.2807504930315,2.244414247729604,16,0,0,0,0,40,0.0199995576690411,1.0,0.0,0.27790007722085663,99.78549680149621,75.27640274084482,0.004447167149931008,0.0,32.101638189242415,191.5705843473497
756,abundant,108.5467008480392,94.0642317878301,55.15717151157479,0.21910137488187786,7.83644658102924,7948.528471350459,2.2441694020669294,16,0,0,0,0,40,0.019999543062526104,1.0,0.0,0.2779005939874514,99.7855164870732,75.27654272040402,0.004447012737085763,0.0,32.101638189242415,191.73724395915423
757,abundant,108.54363829725396,94.06107328864816,55.16132041112953,0.21997813399477342,7.841439566318212,7948.815647398198,2.2439112366959417,16,0,0,0,0,40,0.019999686968600508,1.0,0.0,0.277901110751705,99.78553617268155,75.27668269932904,0.004446858329601982,0.0,32.101638189242415,191.9641290972614
758,abundant,108.54064034966275,94.05784972642185,55.16549760370609,0.2201127115224879,7.846524492493034,7949.1300781573445,2.2436542781229436,16,0,0,0,0,40,0.019999653851461775,1.0,0.0,0.2779016275136173,99.78555585832123,75.27682267761988,0.004446703927479478,0.0,32.101638189242415,192.02711125745253
759,abundant,108.53765386954883,94.05463796811789,55.169684566446314,0.21929387813907222,7.851700444157896,7949.445853891433,2.2434058325385817,16,0,0,0,0,40,0.019999606101967486,1.0,0.0,0.2779021442731884,99.78557554399224,75.27696265527653,0.004446549530718066,0.0,32.101638189242415,192.02929281833116
760,abundant,108.53469839636094,94.0514285060942,55.17393059401977,0.21815116941880286,7.856904200186959,7949.773831243747,2.243186373001386,16,0,0,0,0,40,0.01999972323141863,1.0,0.0,0.27790266103041833,99.78559522969461,75.27710263229903,0.004446395139317561,0.0,32.101638189242415,192.14449375751835
761,abundant,108.53178680913008,94.04822729372498,55.17823621659829,0.21636741074858962,7.8620453139615645,7950.125166270525,2.2429654690922325,16,0,0,0,0,40,0.019999746183210314,1.0,0.0,0.277903177785307,99.7856149154283,75.27724260868733,0.004446240753277774,0.0,32.101638189242415,192.2682698892222
762,abundant,108.52894105592323,94.04503275115185,55.18260884987258,0.21391765107684355,7.867166972430371,7950.506561404196,2.242743113902489,16,0,0,0,0,40,0.019999724794281037,1.0,0.0,0.27790369453785446,99.78563460119332,75.27738258444145,0.004446086372598522,0.0,32.101638189242415,192.6238433297843
763,abundant,108.52609215936397,94.04179749440468,55.187068477987324,0.21554497090217042,7.872248854653845,7950.920267014586,2.242524561559824,16,0,0,0,0,40,0.019999584348013688,1.0,0.0,0.27790421128806075,99.78565428698968,75.27752255956142,0.004445931997279614,0.0,32.101638189242415,192.7878990277202
764,abundant,108.52330337344404,94.03851325651578,55.191590878236774,0.21543684320004194,7.8773238571919935,7951.365108304937,2.2423007296699136,16,0,0,0,0,40,0.019999648928853607,1.0,0.0,0.27790472803592586,99.78567397281736,75.27766253404721,0.0044457776273208694,0.0,32.101638189242415,193.19332574487825
765,abundant,108.5204545266732,94.03524645317944,55.196073809804226,0.21673382420616671,7.882411847650568,7951.753490590891,2.2420883916373886,16,0,0,0,0,40,0.019999632522705788,1.0,0.0,0.27790524478144973,99.78569365867635,75.27780250789881,0.004445623262722099,0.0,32.101638189242415,193.18305083160246
766,abundant,108.51760311737785,94.03198740028739,55.20060520390693,0.2165202848703104,7.887490825606323,7952.133691640905,2.24188997993867,16,0,0,0,0,40,0.01999974069491964,1.0,0.0,0.2779057615246324,99.78571334456673,75.27794248111624,0.0044454689034831175,0.0,32.101638189242415,193.2813765875735
767,abundant,108.51481049391671,94.0287038691104,55.205155529473885,0.21552595264383356,7.892511997236234,7952.466546539876,2.241695103874535,16,0,0,0,0,40,0.019999584151262857,1.0,0.0,0.2779062782654739,99.78573303048839,75.2780824536995,0.00444531454960374,0.0,32.101638189242415,193.19868320926872
768,abundant,108.51209094826147,94.0254553229609,55.20969552845158,0.21183517815558336,7.897361443813449,7952.814839499995,2.2415138863586734,16,0,0,0,0,40,0.01999957819798585,1.0,0.0,0.27790679500397425,99.78575271644138,75.2782224256486,0.004445160201083778,0.0,32.101638189242415,193.07330550147196
769,abundant,108.50936133813082,94.02225696125879,55.214174780452915,0.21024604970082658,7.901800495726744,7953.128603191664,2.2413409547022676,16,0,0,0,0,40,0.019999606201174962,1.0,0.0,0.2779073117401334,99.78577240242569,75.27836239696353,0.004445005857923047,0.0,32.101638189242415,192.82378307212795
770,abundant,108.50659673958398,94.01895078395171,55.21870474657844,0.2154906671677966,7.905504692628237,7953.418578384946,2.2411404540960693,17,0,0,0,0,40,0.019999568653153933,1.0,0.0,0.2779078284739514,99.78579208844135,75.2785023676443,0.004444851520121361,0.0,32.101638189242415,193.1365246325558
771,abundant,108.50379043317396,94.01562292311559,55.22325704441823,0.21766316363103905,7.908814518936168,7953.676938253015,2.2409400635141483,17,0,0,0,0,40,0.019999574470519366,1.0,0.0,0.27790834520542823,99.78581177448834,75.2786423376909,0.004444697187678532,0.0,32.101638189242415,193.1378982086261
772,abundant,108.50101702653194,94.01232068632197,55.2277857475746,0.21562322805720582,7.9118901988150725,7953.94228301019,2.2407553874905077,17,0,0,0,0,40,0.019999672103309357,1.0,0.0,0.2779088619345605,99.78583142584024,75.2787823071024,0.004444542860594375,0.0,32.101638189242415,192.92070388088922
773,abundant,108.49823188204832,94.00903754061027,55.23222850526288,0.21527096848036997,7.914784104086323,7954.1501747316,2.240582913757877,17,0,0,0,0,40,0.019999684548169586,1.0,0.0,0.2779093786613474,99.78585107030285,75.27892227587863,0.004444388538868705,0.0,32.101638189242415,192.5980238342252
774,abundant,108.49541479584266,94.00573997714619,55.236697419778764,0.2168606538368979,7.917808546488786,7954.442910682748,2.2403981345001958,17,0,0,0,0,40,0.019999554556633596,1.0,0.0,0.277909895385789,99.78587071479672,75.27906224401953,0.004444234222501336,0.0,32.101638189242415,192.6074850527213
775,abundant,108.49263908521614,94.0024752439316,55.24118041919854,0.21426642465910703,7.920816628328517,7954.694699037245,2.2402276113053405,17,0,0,0,0,40,0.019999625088045654,1.0,0.0,0.27791041210788525,99.78589035932193,75.27920221152517,0.0044440799114920815,0.0,32.101638189242415,192.64813145453346
776,abundant,108.48984873166276,93.99918246482574,55.245648126997324,0.21579782490999405,7.923808238996545,7954.9700494905155,2.240064725350887,17,0,0,0,0,40,0.01999959127329657,1.0,0.0,0.27791092882763635,99.7859100038784,75.27934217839555,0.004443925605840754,0.0,32.101638189242415,192.60683011297937
777,abundant,108.48707218322413,93.99594019183368,55.25013400780729,0.2134296141905299,7.926824873476494,7955.243696655423,2.239901652906731,17,0,0,0,0,40,0.019999659732749957,1.0,0.0,0.27791144554504205,99.78592964846618,75.27948214463063,0.004443771305547168,0.0,32.101638189242415,192.61780505286953
778,abundant,108.48420448314373,93.99268300990244,55.254636348664235,0.21699306194065007,7.929823561343054,7955.5133305190975,2.239736035382356,17,0,0,0,0,40,0.01999954851280643,1.0,0.0,0.2779119622601025,99.78594929308524,75.27962211023042,0.004443617010611139,0.0,32.101638189242415,192.67176367768752
779,abundant,108.48126674571161,93.98942052905423,55.25907556622832,0.2195177420447665,7.932869436753907,7955.737098913378,2.239573224783459,17,0,0,0,0,40,0.01999969266079108,1.0,0.0,0.27791247897281773,99.78596893773563,75.27976207519497,0.004443462721032481,0.0,32.101638189242415,192.45651099546572
780,abundant,108.47835297492774,93.9861237292508,55.26349297406051,0.21999800238591996,7.935856361984821,7955.958869376773,2.2394283666194217,17,0,0,0,0,40,0.019999624133069705,1.0,0.0,0.27791299568318767,99.78598858241726,75.27990203952422,0.004443308436811005,0.0,32.101638189242415,192.39447107477952
781,abundant,108.47541454532242,93.98280368281425,55.26799147939162,0.22168837273225034,7.938715519634597,7956.136527854382,2.2392715870102613,17,0,0,0,0,40,0.019999578793257672,1.0,0.0,0.2779135123912123,99.7860082271302,75.28004200321818,0.004443154157946528,0.0,32.101638189242415,192.5362426632089
782,abundant,108.47250584725698,93.97951328630104,55.272502628058554,0.21959230727038162,7.94159791947135,7956.352562244436,2.2391275744563193,17,0,0,0,0,40,0.0199996630833113,1.0,0.0,0.2779140290968918,99.78602787187444,75.2801819662769,0.004442999884438864,0.0,32.101638189242415,192.40474078639258
783,abundant,108.46959631407228,93.97620100714002,55.27701107418422,0.22043913374737456,7.944181217430691,7956.527291659855,2.2389882081566665,17,0,0,0,0,40,0.01999969129312728,1.0,0.0,0.27791454580022584,99.78604751664996,75.28032192870032,0.004442845616287825,0.0,32.101638189242415,192.40647212111406
784,abundant,108.46662021224013,93.97291228233699,55.28147978827205,0.22177680299619118,7.946129696902614,7956.635948686813,2.238851929001549,17,0,0,0,0,40,0.019999597362236155,1.0,0.0,0.2779150625012148,99.78606716145674,75.28046189048848,0.0044426913534932255,0.0,32.101638189242415,192.3965438275498
785,abundant,108.46363435831263,93.96957068506006,55.2858814492361,0.2240682136212047,7.948039372803509,7956.656318858029,2.2387156748824597,17,0,0,0,0,40,0.019999639975279197,1.0,0.0,0.27791557919985843,99.78608680629485,75.28060185164136,0.004442537096054881,0.0,32.101638189242415,192.39603974597452
786,abundant,108.46060044355424,93.96624566162869,55.29029535522983,0.22506408402819825,7.950054254142287,7956.6449567122945,2.2385759821115485,17,0,0,0,0,40,0.019999528635175956,1.0,0.0,0.2779160958961568,99.78610645116422,75.28074181215896,0.004442382843972604,0.0,32.101638189242415,192.35722685479132
787,abundant,108.45753121361523,93.96289105626379,55.29469730204853,0.22734643978842167,7.952093525357229,7956.66892665832,2.23844559585781,17,0,0,0,0,40,0.019999638526665985,1.0,0.0,0.27791661259010997,99.78612609606489,75.28088177204133,0.004442228597246209,0.0,32.101638189242415,192.4547191963696
788,abundant,108.45447297201459,93.95950223703747,55.29910034146646,0.22823659094282886,7.954021084177254,7956.656505010997,2.23831894963838,17,0,0,0,0,40,0.01999962575154607,1.0,0.0,0.2779171292817179,99.78614574099683,75.2810217312884,0.004442074355875511,0.0,32.101638189242415,192.38581754193058
789,abundant,108.45147098712928,93.95609851336935,55.30343171532436,0.2269243854257689,7.955899823401199,7956.5887799462,2.238208313587841,17,0,0,0,0,40,0.01999952598574638,1.0,0.0,0.27791764597098056,99.78616538596006,75.28116168990022,0.0044419201198603216,0.0,32.101638189242415,192.24887307146088
790,abundant,108.44852607547557,93.9525946862706,55.30786740379963,0.22885537023492142,7.957850421039149,7956.558154861847,2.238105035918541,17,0,0,0,0,40,0.01999950548635627,1.0,0.0,0.277918162657898,99.78618503095457,75.28130164787675,0.004441765889200458,0.0,32.101638189242415,192.52393100222358
791,abundant,108.44565917672386,93.94910650773025,55.31230811895648,0.22576418107127944,7.959868881595253,7956.544266893165,2.2379997214270695,17,0,0,0,0,40,0.019999541346047478,1.0,0.0,0.2779186793424702,99.78620467598034,75.28144160521802,0.0044416116638957325,0.0,32.101638189242415,192.56306461254917
792,abundant,108.44278904844741,93.94554622252743,55.31672447236815,0.22865622992607335,7.9618524374207,7956.556953361574,2.237869903652033,17,0,0,0,0,40,0.019999636195682687,1.0,0.0,0.2779191960246972,99.78622432103741,75.28158156192404,0.004441457443945958,0.0,32.101638189242415,192.59556786941502
793,abundant,108.43991140777216,93.94201327925092,55.321210307175235,0.2278316309320436,7.96376312513965,7956.5479713948735,2.2377288524555974,17,0,0,0,0,40,0.019999606156609076,1.0,0.0,0.27791971270457905,99.78624396612575,75.28172151799481,0.004441303229350951,0.0,32.101638189242415,192.74383308370412
794,abundant,108.43702978977728,93.93843333850637,55.32571162279601,0.22978215220387038,7.965208794804734,7956.5564553377335,2.2376029656532674,17,0,0,0,0,40,0.019999779875978684,1.0,0.0,0.27792022938211564,99.78626361124539,75.28186147343028,0.004441149020110525,0.0,32.101638189242415,192.63221115337123
795,abundant,108.4341242473259,93.93480362095349,55.33037721477606,0.23247277995138482,7.966642691499703,7956.593228021666,2.237483751908752,17,0,0,0,0,40,0.01999945084486447,1.0,0.0,0.27792074605730666,99.78628323986605,75.28200142823043,0.004440994816224494,0.0,32.101638189242415,192.72016822962655
796,abundant,108.43121011112571,93.93119016820276,55.33502648585007,0.23211289234774443,7.968090951281701,7956.643013408284,2.2373521468475133,17,0,0,0,0,40,0.01999956385837808,1.0,0.0,0.2779212627301518,99.78630284319321,75.28214138239512,0.00444084061769267,0.0,32.101638189242415,192.52065095746264
797,abundant,108.42829065297956,93.92758958291066,55.33965284587195,0.23177555864685084,7.969528223865188,7956.670453921335,2.2372459726887044,17,0,0,0,0,40,0.01999969782265203,1.0,0.0,0.2779217794006486,99.78632241927328,75.28228133592371,0.004440686424514869,0.0,32.101638189242415,192.66681416004508
798,abundant,108.42537312540249,93.92396483011478,55.34428811687576,0.2326556264060155,7.970967406655613,7956.7125419181975,2.2371468779635677,17,0,0,0,0,40,0.019999736923806365,1.0,0.0,0.277922296068796,99.7863419811202,75.2824212888159,0.004440532236690905,0.0,32.101638189242415,192.90228194793636
799,abundant,108.42248117393578,93.9202907311202,55.3488966663806,0.23378763052758053,7.972326399382737,7956.697435786333,2.2370533231893477,17,0,0,0,0,40,0.01999971448114201,1.0,0.0,0.27792281273459396,99.78636154299836,75.28256124107169,0.0044403780542205925,0.0,32.101638189242415,192.76893120715025
800,abundant,108.41962333198089,93.91666036243528,55.353544826434856,0.23101313280338456,7.973672603171119,7956.699833420535,2.236959277170776,17,0,0,0,0,40,0.01999964262455948,1.0,0.0,0.27792332939804243,99.78638110490775,75.28270119269105,0.004440223877103745,0.0,32.101638189242415,192.8926276236842
801,abundant,108.41670958669401,93.91302024623612,55.35823850986014,0.2331361042679925,7.975117642912882,7956.697791733153,2.2368815455101423,17,0,0,0,0,40,0.019999750054887244,1.0,0.0,0.27792384605914155,99.78640066684837,75.28284114367403,0.004440069705340175,0.0,32.101638189242415,192.95131789490645
802,abundant,108.41380526538026,93.90938840220346,55.362955983669735,0.2325245538049934,7.976526448072358,7956.6982587987295,2.2368130142994005,17,0,0,0,0,40,0.019999664536914392,1.0,0.0,0.2779243627178912,99.7864202288202,75.28298109402061,0.0044399155389296995,0.0,32.101638189242415,192.90350634149226
803,abundant,108.41096089312634,93.90573883549966,55.367660189529786,0.2313583593221609,7.978001963082693,7956.706209263502,2.2367368704500317,17,0,0,0,0,40,0.01999975649518538,1.0,0.0,0.27792487937429156,99.7864397908233,75.2831210437308,0.004439761377872132,0.0,32.101638189242415,193.0422809921905
804,abundant,108.40811264651839,93.90205681737736,55.37240679085414,0.23276056669835896,7.979524928718227,7956.6884172956925,2.2366582797322025,17,0,0,0,0,40,0.01999970365494307,1.0,0.0,0.27792539602834243,99.78645935285758,75.28326099280459,0.004439607222167286,0.0,32.101638189242415,193.09101654258149
805,abundant,108.40524518542914,93.89837897939486,55.37710984306059,0.23318127760258553,7.9811181232592165,7956.621422046199,2.236582926711757,17,0,0,0,0,40,0.019999751053696523,1.0,0.0,0.2779259126800439,99.7864789149231,75.28340094124198,0.004439453071814974,0.0,32.101638189242415,192.88824544199892
806,abundant,108.40228349520248,93.89469431407001,55.381758358935805,0.236376407101467,7.982746150123961,7956.585230613266,2.236486687796233,17,0,0,0,0,40,0.019999698621847854,1.0,0.0,0.277926429329396,99.78649847701983,75.28354088904297,0.004439298926815013,0.0,32.101638189242415,192.6655087393925
807,abundant,108.39932282529719,93.89104662778193,55.386454208393545,0.23490558415157095,7.984287509007731,7956.515354139701,2.236388026097271,17,0,0,0,0,40,0.01999955116584111,1.0,0.0,0.2779269459763987,99.78651803914782,75.28368083620758,0.004439144787167217,0.0,32.101638189242415,192.6192556426817
808,abundant,108.39633177329583,93.887398960499,55.39115823440254,0.23586250984143758,7.985824332992354,7956.421379515086,2.236282983644875,17,0,0,0,0,40,0.019999558645664665,1.0,0.0,0.277927462621052,99.78653760130702,75.28382078273577,0.004438990652871399,0.0,32.101638189242415,192.58098581451867
809,abundant,108.3933518926766,93.88371465442097,55.39583269236423,0.2369331135113055,7.987366669984709,7956.365109513223,2.2361919978753075,17,0,0,0,0,40,0.019999616974599968,1.0,0.0,0.2779279792633534,99.78655712851982,75.28396072862691,0.004438836523927372,0.0,32.101638189242415,192.51646248961828
810,abundant,108.3903892262261,93.88004870979556,55.40049360289504,0.23567899791711322,7.988885051265498,7956.252309051466,2.2361112435060764,17,0,0,0,0,40,0.01999965626148921,1.0,0.0,0.2779284959033024,99.78657664899234,75.28410067388084,0.004438682400334952,0.0,32.101638189242415,192.52851008340218
811,abundant,108.38743906972124,93.87636687478074,55.40521487420472,0.235907337445702,7.989969145692615,7956.150722658895,2.23603625126562,17,0,0,0,0,40,0.01999963883268672,1.0,0.0,0.2779290125408991,99.78659616949606,75.28424061849758,0.004438528282093953,0.0,32.101638189242415,192.67311577513323
812,abundant,108.38446971413696,93.87275430695124,55.40987284065013,0.2338175370417439,7.990200773845176,7955.992224410053,2.2359660289775194,17,0,0,0,0,40,0.019999599879180437,1.0,0.0,0.27792952917614344,99.78661569003101,75.28438056247714,0.004438374169204189,0.0,32.101638189242415,192.74156542981643
813,abundant,108.38155514183123,93.86912514406552,55.41453624298431,0.2327351901628271,7.990252490567363,7955.839364123247,2.2358741424818454,17,0,0,0,0,40,0.019999643967708113,1.0,0.0,0.27793004580903535,99.78663521059715,75.28452050581947,0.004438220061665474,0.0,32.101638189242415,192.8684038412529
814,abundant,108.37858243337693,93.86549779551731,55.41919061040433,0.23449523902252686,7.989607417380162,7955.683863644488,2.235772895159951,17,0,0,0,0,40,0.01999975088786902,1.0,0.0,0.277930562439575,99.78665473119447,75.28466044852462,0.004438065959477623,0.0,32.101638189242415,192.73315966410095
815,abundant,108.37562346695037,93.86183711036841,55.423882981387294,0.23535660182475546,7.988944643320506,7955.523937966616,2.235662843809194,17,0,0,0,0,40,0.0199996815196145,1.0,0.0,0.27793107906776227,99.78667425182299,75.2848003905926,0.004437911862640448,0.0,32.101638189242415,192.82896953805522
816,abundant,108.3726430094808,93.85818950354371,55.428527013697,0.2355286193301872,7.988285302314898,7955.326343961671,2.2355438463037,17,0,0,0,0,40,0.01999954712283797,1.0,0.0,0.2779315956935972,99.78669377248272,75.28494033202337,0.004437757771153766,0.0,32.101638189242415,192.5213439851898
817,abundant,108.36962645934841,93.85451411543885,55.43314666915198,0.23774481305686496,7.987656794440508,7955.091027219423,2.2354321142824385,17,0,0,0,0,40,0.0199996385334237,1.0,0.0,0.2779321123170797,99.78671329317363,75.28508027281691,0.00443760368501739,0.0,32.101638189242415,192.53906603167485
818,abundant,108.36658739608586,93.85077304895533,55.4377717850961,0.24100432645075007,7.98696948759046,7954.798330012323,2.2353300289018945,17,0,0,0,0,40,0.019999570700432047,1.0,0.0,0.27793262893820997,99.78673281389574,75.28522021297329,0.004437449604231133,0.0,32.101638189242415,201.59827154512283
819,abundant,108.36353660212005,93.84700599037782,55.44239800325238,0.24237709595473347,7.985133263629351,7954.507700835318,2.235226798792922,17,0,0,0,0,40,0.019999721195496527,1.0,0.0,0.27793314555698795,99.78675233464904,75.28536015249252,0.004437295528794811,0.0,32.101638189242415,192.49324096588353
820,abundant,108.36047619951405,93.84323745545322,55.44701564523406,0.24273797379514905,7.9830785104085935,7954.18210509589,2.235120113727943,17,0,0,0,0,40,0.019999819526215306,1.0,0.0,0.27793366217341353,99.78677185543351,75.2855000913745,0.004437141458708238,0.0,32.101638189242415,192.5164255285844
821,abundant,108.35741222778593,93.839436445436,55.45162415396135,0.24411182116360947,7.981132667911422,7953.896341070809,2.2349994509744024,17,0,0,0,0,40,0.019999651086520742,1.0,0.0,0.2779341787874868,99.7867913762492,75.28564002961932,0.004436987393971227,0.0,32.101638189242415,192.47912831140394
822,abundant,108.35438474943642,93.8355431228507,55.45627201548636,0.24659783482298198,7.979250126104655,7953.619754621774,2.2348606068156607,17,0,0,0,0,40,0.019999622778314373,1.0,0.0,0.27793469539920773,99.78681089709606,75.28577996722696,0.004436833334583594,0.0,32.101638189242415,201.5850229033303
823,abundant,108.35125567136033,93.83163776043062,55.460923061445236,0.2502175035757172,7.977366547425771,7953.378302940531,2.2346941152036184,17,0,0,0,0,40,0.019999564014252468,1.0,0.0,0.27793521200857635,99.78683041797412,75.2859199041974,0.004436679280545152,0.0,32.101638189242415,201.57481604764808
824,abundant,108.34818008356316,93.82775444019836,55.46562747608925,0.2476905921062169,7.975507449942145,7953.12344350374,2.234545256726931,17,0,0,0,0,40,0.01999956966397449,1.0,0.0,0.2779357286155927,99.78684993888335,75.28605984053065,0.004436525231855716,0.0,32.101638189242415,201.5644225018469
825,abundant,108.34513577741059,93.8238915548643,55.47037089692047,0.24592386008597528,7.973655682090761,7952.812784735783,2.2344015742540346,17,0,0,0,0,40,0.019999564835169785,1.0,0.0,0.27793624522025673,99.78686945982376,75.28619977622675,0.004436371188515101,0.0,32.101638189242415,201.7341755673332
826,abundant,108.3420902863159,93.82007392386059,55.475154987433214,0.24418525332911659,7.971843253508877,7952.556829262881,2.234265942549526,17,0,0,0,0,40,0.019999630848893852,1.0,0.0,0.27793676182256843,99.78688898079537,75.28633971128565,0.004436217150523118,0.0,32.101638189242415,192.73798211403806
827,abundant,108.33904810009358,93.81614958334724,55.47998547399554,0.2482822953231448,7.970019632898766,7952.304598797025,2.2341141685653993,17,0,0,0,0,40,0.01999950885158025,1.0,0.0,0.2779372784225279,99.78690850179814,75.28647964570737,0.004436063117879585,0.0,32.101638189242415,201.71056536658307
828,abundant,108.3359860840113,93.8122000110051,55.48487949939265,0.24987677132736474,7.968187890607089,7952.027293332125,2.2339577206617616,17,0,0,0,0,40,0.019999714324780184,1.0,0.0,0.277937795020135,99.78692802283213,75.2866195794919,0.004435909090584314,0.0,32.101638189242415,192.9687289483506
829,abundant,108.33287634313163,93.80820827957885,55.489818399495924,0.2530093507161306,7.966358632460458,7951.743003246949,2.233815753109336,17,0,0,0,0,40,0.019999519729199722,1.0,0.0,0.27793831161538984,99.78694754389726,75.28675951263926,0.004435755068637122,0.0,32.101638189242415,193.3575701160701
830,abundant,108.32978373320773,93.80414957723143,55.49475364018101,0.25513428763840007,7.964488436063019,7951.455465412553,2.2336757087436623,17,0,0,0,0,40,0.019999586368110646,1.0,0.0,0.2779388282082924,99.78696706499359,75.28689944514944,0.004435601052037819,0.0,32.101638189242415,193.59063671334343
831,abundant,108.32667801033472,93.80009198550408,55.49970133675663,0.2554921267605254,7.962661517717014,7951.17741514447,2.2335263618799943,18,0,0,0,0,40,0.0199997281857242,1.0,0.0,0.2779393447988427,99.78698658612107,75.28703937702245,0.004435447040786223,0.0,32.101638189242415,193.451527719014
832,abundant,108.3236235476302,93.7960105381198,55.50463187753941,0.2548953616242199,7.960947623097027,7950.957914626073,2.2333866550476933,18,0,0,0,0,40,0.019999615663897463,1.0,0.0,0.2779398613870407,99.78700610727977,75.28717930825829,0.0044352930348821465,0.0,32.101638189242415,193.45518535091395
833,abundant,108.32055253927076,93.79192749281057,55.50955180257851,0.2554593642726144,7.959046247865551,7950.715547513624,2.233233424456547,18,0,0,0,0,40,0.01999965266337238,1.0,0.0,0.27794037797288645,99.7870256284696,75.28731923885697,0.004435139034325406,0.0,32.101638189242415,193.49891609782853
834,abundant,108.3175333741353,93.78789174749487,55.514531321846825,0.25201147517295364,7.956884190219698,7950.47288663216,2.2330981825277694,18,0,0,0,0,40,0.019999666457184585,1.0,0.0,0.27794089455638,99.78704514969064,75.28745916881847,0.004434985039115813,0.0,32.101638189242415,193.48461740108195
835,abundant,108.31450270534783,93.78383616311417,55.51960287317748,0.25314708659609075,7.9547816931809034,7950.293859746453,2.23296743096295,18,0,0,0,0,40,0.019999706160031692,1.0,0.0,0.27794141113752113,99.78706467094284,75.28759909814278,0.004434831049253183,0.0,32.101638189242415,193.60867262117637
836,abundant,108.3114192738929,93.77979428257868,55.52465982006727,0.2541916574696684,7.952688776428801,7950.073822855549,2.232848940582148,18,0,0,0,0,40,0.019999580994850108,1.0,0.0,0.2779419277163101,99.78708419222623,75.28773902682993,0.004434677064737331,0.0,32.101638189242415,193.397149492499
837,abundant,108.30833614937369,93.77573035177485,55.529665032245745,0.255058674329574,7.950543451844365,7949.835885365777,2.232723522338395,18,0,0,0,0,40,0.01999967418708028,1.0,0.0,0.2779424442927468,99.78710371354076,75.2878789548799,0.004434523085568069,0.0,32.101638189242415,193.41781893623073
838,abundant,108.30530033872542,93.77166412625029,55.53476124177776,0.25372898152063306,7.9481983218113585,7949.616100346313,2.232601658563001,18,0,0,0,0,40,0.019999713126873535,1.0,0.0,0.27794296086683123,99.7871232348865,75.28801888229272,0.004434369111745214,0.0,32.101638189242415,193.53872661003706
839,abundant,108.3023147979845,93.76759277527265,55.53982135487282,0.25243956830831793,7.945578110312377,7949.358855008868,2.232480784682886,18,0,0,0,0,40,0.019999704089498,1.0,0.0,0.2779434774385634,99.78714275626338,75.28815880906836,0.00443421514326858,0.0,32.101638189242415,193.50929716044163
840,abundant,108.29931031649055,93.76357345420004,55.54485482244363,0.25091834611977626,7.942965591933938,7949.070376141484,2.232379009166051,18,0,0,0,0,40,0.01999956775842348,1.0,0.0,0.2779439940079434,99.78716227767143,75.28829873520685,0.004434061180137981,0.0,32.101638189242415,193.30023038139507
841,abundant,108.29626816550979,93.75952720504132,55.549923262395666,0.2531175417182979,7.940391223125133,7948.808850792506,2.2322579958785007,18,0,0,0,0,40,0.019999493932986397,1.0,0.0,0.2779445105749711,99.78718179911064,75.28843866070817,0.00443390722235323,0.0,32.101638189242415,193.12084588174693
842,abundant,108.29322354065114,93.75543777648491,55.55497769746758,0.2549252061476098,7.937785018836618,7948.542922859655,2.23213302481335,18,0,0,0,0,40,0.019999492167320596,1.0,0.0,0.2779450271396466,99.78720132058102,75.28857858557232,0.004433753269914144,0.0,32.101638189242415,193.33169139578277
843,abundant,108.2901181414466,93.75135853205363,55.56004938119291,0.25634344575931134,7.935193735861216,7948.250395175062,2.2320145715592004,18,0,0,0,0,40,0.019999613511227053,1.0,0.0,0.27794554370196983,99.78722084208258,75.28871850979931,0.004433599322820536,0.0,32.101638189242415,193.3495407763094
844,abundant,108.286953496145,93.74729760558299,55.565090172568674,0.25742374558763004,7.932509290200938,7947.917170391673,2.2318899919126163,18,0,0,0,0,40,0.0199997047507949,1.0,0.0,0.27794606026194085,99.7872403636153,75.28885843338914,0.004433445381072219,0.0,32.101638189242415,193.16584368317928
845,abundant,108.28381714299815,93.7432670149354,55.57013747870708,0.25535777410032057,7.92980514420658,7947.549392564077,2.231774907374794,18,0,0,0,0,40,0.019999757872088693,1.0,0.0,0.27794657681955964,99.78725988517918,75.2889983563418,0.004433291444669011,0.0,32.101638189242415,192.88539165434977
846,abundant,108.28069183705978,93.73918159618825,55.57519871045447,0.2571910650259741,7.926993808820586,7947.175638826797,2.2316498288832505,18,0,0,0,0,40,0.019999712277531383,1.0,0.0,0.2779470933748262,99.78727940677422,75.2891382786573,0.004433137513610722,0.0,32.101638189242415,192.97677984228594
847,abundant,108.27757174963953,93.73506762774407,55.580266659898065,0.25816803984437203,7.924144760636023,7946.742927850333,2.23154544036591,18,0,0,0,0,40,0.019999784172527534,1.0,0.0,0.27794760992774065,99.78729892840042,75.28927820033567,0.004432983587897169,0.0,32.101638189242415,193.0273670292558
848,abundant,108.27439330925613,93.73096034963831,55.58530656760247,0.25967714086764726,7.921317440538947,7946.316360342331,2.2314363793941467,18,0,0,0,0,40,0.01999972590613185,1.0,0.0,0.2779481264783028,99.78731845005777,75.28941812137687,0.004432829667528167,0.0,32.101638189242415,192.9751920163405
849,abundant,108.27122875071026,93.72684329296933,55.590406878767475,0.2596412895774888,7.918501501432537,7945.882751650352,2.231324003702251,18,0,0,0,0,40,0.019999791851162015,1.0,0.0,0.27794864302651273,99.7873379717463,75.28955804178091,0.004432675752503529,0.0,32.101638189242415,193.11993571157507
850,abundant,108.26808791409607,93.72269936118127,55.59557899631875,0.2599918813777384,7.915594991734641,7945.431744778427,2.231211542685115,18,0,0,0,0,40,0.01999956131957025,1.0,0.0,0.27794915957237054,99.78735749346596,75.2896979615478,0.00443252184282307,0.0,32.101638189242415,193.18466921060616
851,abundant,108.26500903146015,93.718549360173,55.60080221886475,0.2583762652556846,7.912656032527311,7944.9197291243545,2.231113887959465,18,0,0,0,0,40,0.01999969879743561,1.0,0.0,0.27794967611587534,99.78737700729205,75.28983788067734,0.004432367938486604,0.0,32.101638189242415,193.3140896826497
852,abundant,108.26188664069551,93.71435140800561,55.606045972755545,0.2615940563926063,7.909647082232633,7944.391850808446,2.2310058621306736,18,0,0,0,0,40,0.019999616065201297,1.0,0.0,0.2779501926570243,99.78739648721992,75.28997779916872,0.004432214039493947,0.0,32.101638189242415,193.6641287185641
853,abundant,108.25873073308438,93.71011994736504,55.61128778602242,0.26393938197829125,7.906720081438418,7943.858559769273,2.230913911524416,18,0,0,0,0,40,0.019999695210643265,1.0,0.0,0.2779507091958172,99.78741596717899,75.29011771702191,0.004432060145844911,0.0,32.101638189242415,193.8747882799931
854,abundant,108.2555636627039,93.70590956066346,55.61650133306678,0.2634321337132466,7.903786904320124,7943.324012468896,2.230839669408534,18,0,0,0,0,40,0.019999704348475155,1.0,0.0,0.2779512257322542,99.78743544716917,75.29025763423695,0.004431906257539311,0.0,32.101638189242415,193.60794489649987
855,abundant,108.25233285341241,93.70169675343381,55.621750910783796,0.2654537898591671,7.900902587133858,7942.795837248268,2.2307756199912494,18,0,0,0,0,40,0.019999527326245374,1.0,0.0,0.2779517422663353,99.7874549271905,75.29039755081382,0.004431752374576964,0.0,32.101638189242415,193.21131477908116
856,abundant,108.24910575227639,93.6974635124742,55.62694920816132,0.2661518206634307,7.898006985965577,7942.234651838116,2.2307077572512175,18,0,0,0,0,40,0.019999745354981793,1.0,0.0,0.2779522587980604,99.78747440724293,75.29053746675251,0.004431598496957682,0.0,32.101638189242415,193.1587223876595
857,abundant,108.24593095841597,93.69317144274473,55.63214039994043,0.2669400570404047,7.895146838168112,7941.650394271135,2.2306421497746425,18,0,0,0,0,40,0.019999594326870623,1.0,0.0,0.27795277532742885,99.78749387037418,75.29067738205283,0.0044314446246812795,0.0,32.101638189242415,202.15356842205026
858,abundant,108.24279370414749,93.68890126704915,55.63734222519306,0.2649415047889415,7.892446157096475,7941.099137764606,2.2305806806919284,18,0,0,0,0,40,0.019999638685471232,1.0,0.0,0.27795329185443945,99.78751330894056,75.2908172967145,0.004431290757747573,0.0,32.101638189242415,202.15884551166008
859,abundant,108.23964373161573,93.68462050938012,55.64256063744479,0.2657438219285409,7.889726072083983,7940.525150300207,2.2305002457871135,18,0,0,0,0,40,0.01999972847138281,1.0,0.0,0.27795380837909184,99.78753272912063,75.29095721073736,0.004431136896156374,0.0,32.101638189242415,202.11265626730298
860,abundant,108.23645750543787,93.6803427584795,55.64776604125009,0.26670218776885213,7.886939575377883,7939.913140784753,2.2304245640045766,17,0,0,0,0,40,0.019999686671993998,1.0,0.0,0.2779543249013853,99.78755212609578,75.29109712412124,0.0044309830399074995,0.0,32.101638189242415,202.0735908662039
861,abundant,108.23325101983737,93.6760371925875,55.65293457435253,0.26842255056770825,7.884212854055326,7939.310394707107,2.2303455791427873,17,0,0,0,0,40,0.01999966162090938,1.0,0.0,0.2779548414213195,99.78757149079294,75.29123703686606,0.004430829189000762,0.0,32.101638189242415,201.7992819548875
862,abundant,108.23002920804227,93.67173092354079,55.658142455380144,0.2689086524363511,7.881522884981742,7938.672450002465,2.230271524786233,17,0,0,0,0,40,0.019999707551654596,1.0,0.0,0.27795535793889437,99.78759084607267,75.29137694897182,0.004430675343435979,0.0,32.101638189242415,201.88625684579043
863,abundant,108.22685984372103,93.6674333529287,55.66341922836409,0.26699722051434616,7.878955869179672,7938.0561766328465,2.2301957873837104,17,0,0,0,0,40,0.01999968705016069,1.0,0.0,0.2779558744541097,99.78761020138347,75.2915168604384,0.004430521503212962,0.0,32.101638189242415,202.1690396882397
864,abundant,108.22370853418211,93.66316037905344,55.66870470198139,0.2654695458755832,7.876414815596055,7937.413636880294,2.23012328881467,17,0,0,0,0,40,0.019999667206839367,1.0,0.0,0.2779563909669657,99.78762955672535,75.29165677126592,0.004430367668331527,0.0,32.101638189242415,202.31969884205552
865,abundant,108.22054614270209,93.65888350713348,55.674022661619745,0.265955599492019,7.873870740281712,7936.782929580375,2.2300617985144617,17,0,0,0,0,40,0.019999740020452392,1.0,0.0,0.2779569074774623,99.78764891209828,75.29179668145433,0.004430213838791488,0.0,32.101638189242415,202.474536033564
866,abundant,108.21740541727642,93.6546357029423,55.67937393596444,0.26414632549803974,7.871375373160239,7936.201596708124,2.229993300609522,17,0,0,0,0,40,0.019999596479962568,1.0,0.0,0.2779574239855996,99.78766826750226,75.29193659100365,0.00443006001459266,0.0,32.101638189242415,202.5869153165443
867,abundant,108.21433868285001,93.65036200048458,55.68478522370697,0.26301663761516253,7.868933977605138,7935.621837839019,2.2299155312627286,17,0,0,0,0,40,0.01999965903036595,1.0,0.0,0.2779579404913774,99.78768762293728,75.29207649991385,0.004429906195734858,0.0,32.101638189242415,202.82723810047545
868,abundant,108.21126775605096,93.6460460817548,55.69014343556978,0.26486411024881357,7.866537407323767,7934.954766246585,2.229839496533822,17,0,0,0,0,40,0.019999477016824724,1.0,0.0,0.2779584569947958,99.78770697840339,75.29221640818494,0.004429752382217893,0.0,32.101638189242415,202.8587293005218
869,abundant,108.20825911133257,93.64173667748621,55.69547239116896,0.2627923053688215,7.86411371923316,7934.282577670609,2.229765128865895,17,0,0,0,0,40,0.019999539180303803,1.0,0.0,0.2779589734958549,99.78772633390057,75.29235631581696,0.004429598574041586,0.0,32.101638189242415,202.97479430737278
870,abundant,108.20523800991671,93.63744520990745,55.70081690705981,0.26241435097614696,7.861673467429223,7933.619345987376,2.2297010595718945,17,0,0,0,0,40,0.019999691368893863,1.0,0.0,0.27795948999455466,99.78774568942875,75.29249622280987,0.004429444771205745,0.0,32.101638189242415,202.8602687588913
871,abundant,108.20216686382824,93.63312118299939,55.70617653629222,0.2651893753696877,7.859315957889487,7932.98910005614,2.2296280726335795,17,0,0,0,0,40,0.01999973605536966,1.0,0.0,0.277960006490895,99.78776504498803,75.2926361291637,0.004429290973710189,0.0,32.101638189242415,202.79952569051983
872,abundant,108.1991098743616,93.62879286540013,55.71160821910926,0.264959196231426,7.856943141719147,7932.344712174505,2.2295694431637774,17,0,0,0,0,40,0.019999606435187278,1.0,0.0,0.27796052298487595,99.78778440057837,75.29277603487841,0.004429137181554733,0.0,32.101638189242415,202.71912949803095
873,abundant,108.1960510863671,93.62446455235548,55.717079742759644,0.26500937281092524,7.8546027317834115,7931.704469761353,2.2295234694421544,17,0,0,0,0,40,0.019999694715554246,1.0,0.0,0.2779610394764976,99.78780375619975,75.29291593995406,0.004428983394739186,0.0,32.101638189242415,202.68032321500482
874,abundant,108.19294784026083,93.6201605202343,55.722585388160425,0.26531227959831044,7.852285170907722,7931.0765321415965,2.2294728157344323,17,0,0,0,0,40,0.019999725815386792,1.0,0.0,0.27796155596575933,99.78782308536287,75.29305584439044,0.0044288296132633685,0.0,32.101638189242415,202.5702454331866
875,abundant,108.18988675449398,93.61591083129372,55.72808029992509,0.26187504157396724,7.8500241330939815,7930.442119710453,2.229435923469633,17,0,0,0,0,40,0.019999663589955367,1.0,0.0,0.2779620724526611,99.78784239929183,75.29319574818759,0.0044286758371270924,0.0,32.101638189242415,202.34920568580395
876,abundant,108.18681115961672,93.611724685142,55.7336123095361,0.25973872157884126,7.847765619571175,7929.8070171058935,2.2293996691511424,17,0,0,0,0,40,0.01999949520171068,1.0,0.0,0.27796258893720266,99.78786171325179,75.29333565134539,0.004428522066330173,0.0,32.101638189242415,201.9648355940695
877,abundant,108.18376370163496,93.60757560989313,55.73910981753981,0.25740347946454545,7.845582758616831,7929.1912890937965,2.229357679407301,18,0,0,0,0,40,0.019999752401305082,1.0,0.0,0.27796310541938407,99.78788102724282,75.29347555386391,0.0044283683008724236,0.0,32.101638189242415,201.76571550680134
878,abundant,108.18066871464885,93.60339097644537,55.74453064455836,0.26024720585748823,7.843493758219016,7928.549872741918,2.2293391303107843,18,0,0,0,0,40,0.019999682113833954,1.0,0.0,0.2779636218992054,99.78790034126487,75.29361545574314,0.00442821454075366,0.0,32.101638189242415,201.58646538413146
879,abundant,108.17759776506234,93.59922383403007,55.74992581005013,0.2588265080160479,7.841379723657563,7927.859329377192,2.2293142224009275,18,0,0,0,0,40,0.0199997289055169,1.0,0.0,0.2779641383766667,99.7879196553179,75.29375535698307,0.004428060785973699,0.0,32.101638189242415,201.52358414090722
880,abundant,108.17447557631253,93.59500397302754,55.75528062978724,0.26246598204813176,7.839298034949929,7927.207798407544,2.229274180429623,18,0,0,0,0,40,0.019999662751646663,1.0,0.0,0.2779646548517679,99.787938969402,75.29389525758373,0.004427907036532351,0.0,32.101638189242415,201.49881091942942
881,abundant,108.17130672369285,93.59082534344762,55.76062705886541,0.26221654343676315,7.837290116046356,7926.554480869367,2.229249454198921,18,0,0,0,0,40,0.01999971357092183,1.0,0.0,0.27796517132450904,99.78795828351716,75.29403515754508,0.004427753292429433,0.0,32.101638189242415,201.55740700114052
882,abundant,108.16809402177985,93.58664182100922,55.76596671786327,0.26374724575358677,7.835286648039267,7925.881185697246,2.229236454059803,18,0,0,0,0,40,0.01999966606133128,1.0,0.0,0.27796568779489006,99.78797759766329,75.29417505686715,0.004427599553664759,0.0,32.101638189242415,201.4807154872411
883,abundant,108.16490244836037,93.58248820298579,55.77132893380649,0.2619160082752361,7.833248409973305,7925.208172287887,2.2292451316663016,18,0,0,0,0,40,0.01999951919051455,1.0,0.0,0.27796620426291097,99.78799691184045,75.29431495554991,0.004427445820238144,0.0,32.101638189242415,201.67182039854447
884,abundant,108.161770318225,93.57838726549723,55.77674028732436,0.2580145246617001,7.831172854331902,7925.035961484995,2.2292512275671825,18,0,0,0,0,40,0.019999624123294,1.0,0.0,0.27796672072857187,99.78801622604865,75.29445485359342,0.004427292092149403,0.0,32.101638189242415,201.97362600155068
885,abundant,108.15861327433181,93.57427076658374,55.78218496643173,0.25938647764383943,7.829096086409993,7924.8568617047495,2.229257864983105,18,0,0,0,0,40,0.019999776927204393,1.0,0.0,0.2779672371918726,99.78803554028785,75.29459475099762,0.004427138369398349,0.0,32.101638189242415,202.25006047359088
886,abundant,108.15549679327106,93.57015656789329,55.78765790963702,0.2580693558603407,7.827067972353677,7924.702131271239,2.229269732357872,18,0,0,0,0,40,0.019999677677063656,1.0,0.0,0.27796775365281334,99.78805485455811,75.29473464776252,0.004426984651984799,0.0,32.101638189242415,202.4488964569969
887,abundant,108.15242991017203,93.56601457072819,55.79315429109418,0.25769434862104995,7.825013817200303,7924.527000059243,2.229286858926342,18,0,0,0,0,40,0.019999706246862904,1.0,0.0,0.277968270111394,99.78807416885937,75.29487454388817,0.0044268309399085656,0.0,32.101638189242415,202.45255399083157
888,abundant,108.14934409308924,93.56188080571951,55.79859146423043,0.2579320619486321,7.8229627522810885,7924.323969355843,2.2293169607945864,17,0,0,0,0,40,0.019999720269975874,1.0,0.0,0.2779687865676147,99.78809348319164,75.29501443937454,0.004426677233169465,0.0,32.101638189242415,202.2182425119999
889,abundant,108.14624250282438,93.55778713315237,55.80407734495808,0.25680065917732847,7.820982580159139,7924.113449429082,2.229359264933727,17,0,0,0,0,40,0.019999714535484332,1.0,0.0,0.2779693030214752,99.78811279755494,75.2951543342216,0.0044265235317673115,0.0,32.101638189242415,202.19718474043373
890,abundant,108.14314137161293,93.55371496668764,55.80964853091691,0.2559328707866116,7.818918003505277,7923.893901856325,2.2294120229317973,17,0,0,0,0,40,0.01999968288109799,1.0,0.0,0.2779698194729757,99.78813211194925,75.2952942284294,0.004426369835701919,0.0,32.101638189242415,202.18053620223174
891,abundant,108.14000353839751,93.5496570503405,55.815284961929045,0.25648262699220403,7.816908353069198,7923.643385331474,2.229477403118938,17,0,0,0,0,40,0.019999519689878627,1.0,0.0,0.2779703359221162,99.78815142637457,75.2954341219979,0.004426216144973103,0.0,32.101638189242415,202.5621104654361
892,abundant,108.13685902592707,93.54557586639848,55.82086978484703,0.2576104878503563,7.814910310979836,7923.375043347274,2.229546928559187,17,0,0,0,0,40,0.019999609167191505,1.0,0.0,0.27797085236889596,99.78817071370565,75.29557401492697,0.00442606245958068,0.0,32.101638189242415,202.4851240984819
893,abundant,108.13377373855758,93.54151091370406,55.82647788959321,0.25516524695864273,7.812892915975219,7923.1229298760445,2.2296039792607094,17,0,0,0,0,40,0.01999960388970646,1.0,0.0,0.27797136881331475,99.78818998653854,75.2957139072165,0.00442590877952446,0.0,32.101638189242415,202.77836504571073
894,abundant,108.13060504644552,93.53743296815713,55.83206084051928,0.2582200984642732,7.810899836117363,7922.850896327473,2.229677821656295,17,0,0,0,0,40,0.019999495868738774,1.0,0.0,0.2779718852553726,99.78820925940246,75.2958537988665,0.004425755104804262,0.0,32.101638189242415,202.82301304018603
895,abundant,108.12745695276158,93.53330913789685,55.83765373591801,0.25941006458538846,7.808902038053441,7922.550744223248,2.229754033272098,17,0,0,0,0,40,0.01999968924385063,1.0,0.0,0.2779724016950694,99.78822853229735,75.29599368987697,0.0044256014354198975,0.0,32.101638189242415,202.95895131592206
896,abundant,108.12434869951532,93.52914439789197,55.84322601525249,0.2598386311030616,7.806980557013825,7922.288586333612,2.2298207179874607,17,0,0,0,0,40,0.01999976831475367,1.0,0.0,0.2779729181324052,99.78824780522324,75.29613358024787,0.004425447771371184,0.0,32.101638189242415,203.06769996575903
897,abundant,108.12129874910025,93.52499385717438,55.84884830924459,0.25753986064445633,7.805013438946072,7922.012398522063,2.2298818372312974,17,0,0,0,0,40,0.019999544875916073,1.0,0.0,0.27797343456738005,99.78826707818011,75.29627346997927,0.004425294112657935,0.0,32.101638189242415,202.98138030080935
898,abundant,108.11825179178689,93.52078318178542,55.854446026031,0.2598757492905504,7.803096232416377,7921.7196272281435,2.2299507543858232,17,0,0,0,0,40,0.019999656305740448,1.0,0.0,0.2779739509999939,99.78828635116798,75.29641335907111,0.004425140459279965,0.0,32.101638189242415,202.79120835820675
899,abundant,108.11521812775459,93.51657757774828,55.86006423878691,0.25928248994856884,7.8011349391890095,7921.372158557409,2.230025338126592,17,0,0,0,0,40,0.019999698979658677,1.0,0.0,0.2779744674302468,99.7883056241868,75.29655324752345,0.004424986811237089,0.0,32.101638189242415,202.87103351079588
900,abundant,108.11222081065353,93.51240679111207,55.86566556932162,0.25681069877838447,7.799211279832702,7921.013807346477,2.230100605171529,17,0,0,0,0,40,0.0199996509545294,1.0,0.0,0.27797498385813874,99.78832489723665,75.29669313533624,0.004424833168529123,0.0,32.101638189242415,203.06185231124348
901,abundant,108.10930767704288,93.50827079245185,55.871308725327296,0.25295252581320216,7.797356702102374,7920.713179509665,2.2301883001631553,17,0,0,0,0,40,0.01999950448420689,1.0,0.0,0.27797550028366885,99.78834414864502,75.29683302250929,0.00442467953115588,0.0,32.101638189242415,203.02778668489336
902,abundant,108.10640403569764,93.50415536103012,55.87693924844833,0.2518393448426287,7.795564167115755,7920.366848796715,2.2302784662164905,17,0,0,0,0,40,0.019999599565953124,1.0,0.0,0.27797601670683647,99.78836338020567,75.2969729090424,0.004424525899117175,0.0,32.101638189242415,202.76982658636797
903,abundant,108.10353922319692,93.50007167564199,55.88254777879156,0.2494224158819461,7.7938767876821995,7919.993665667156,2.230368604407257,17,0,0,0,0,40,0.01999964285552864,1.0,0.0,0.2779765331276416,99.78838261179726,75.29711279493554,0.0044243722724128225,0.0,32.101638189242415,202.70859069499141
904,abundant,108.10059690458186,93.4960555154368,55.88816757889775,0.2489390947478796,7.792142493060735,7919.636001125691,2.230456320269821,17,0,0,0,0,40,0.019999554755078638,1.0,0.0,0.27797704954608426,99.7884018434198,75.29725268018878,0.00442421865104264,0.0,32.101638189242415,202.76998604428698
905,abundant,108.09767067939558,93.49203658431492,55.89382657857065,0.2485723061701475,7.790317058505588,7919.281275815272,2.230553881583916,17,0,0,0,0,40,0.01999962138948828,1.0,0.0,0.2779775659621644,99.7884210750733,75.29739256480204,0.004424065035006438,0.0,32.101638189242415,202.84788487500902
906,abundant,108.09472017656408,93.48797099518023,55.89950095302263,0.2511724133539102,7.788604501273336,7918.926342727413,2.230648575174257,17,0,0,0,0,40,0.019999672993705857,1.0,0.0,0.277978082375882,99.78844030675778,75.29753244877536,0.004423911424304036,0.0,32.101638189242415,202.8342788103344
907,abundant,108.09174975222057,93.48389333507957,55.90515978522717,0.25224386796637954,7.786985147075063,7918.616246916659,2.230744445234037,17,0,0,0,0,40,0.019999681783152222,1.0,0.0,0.27797859878723724,99.78845953847315,75.29767233210877,0.004423757818935245,0.0,32.101638189242415,202.6723608098401
908,abundant,108.08885216993981,93.47983974220064,55.910795434308895,0.24913843390202503,7.785307767764891,7918.286787956946,2.2308543733520967,17,0,0,0,0,40,0.0199996746685109,1.0,0.0,0.2779791151962299,99.78847877021953,75.29781221480224,0.00442360421889988,0.0,32.101638189242415,202.5813994692356
909,abundant,108.08600793929341,93.47575886103166,55.916503374565835,0.24872135626006092,7.783712318628625,7918.028102116863,2.230955836982362,17,0,0,0,0,40,0.019999543086052052,1.0,0.0,0.27797963160286016,99.78849800199681,75.29795209685575,0.004423450624197759,0.0,32.101638189242415,202.893179846907
910,abundant,108.08319611176577,93.47165680825475,55.922209355363805,0.24866398596205916,7.781899514316207,7917.810620145079,2.2310511485681492,17,0,0,0,0,40,0.019999681678402666,1.0,0.0,0.2779801480071279,99.78851723380508,75.29809197826933,0.004423297034828694,0.0,32.101638189242415,203.00934634451988
911,abundant,108.08041307915319,93.46755102962706,55.92789977796125,0.24800657039906077,7.779906941951251,7917.572602684682,2.231155272264375,17,0,0,0,0,40,0.019999549877773092,1.0,0.0,0.27798066440903313,99.78853646564427,75.29823185904296,0.004423143450792501,0.0,32.101638189242415,202.87678743851873
912,abundant,108.07762315566632,93.4634265242656,55.933501874483284,0.24898590162665532,7.777906306445379,7917.332091242046,2.2312625634321406,17,0,0,0,0,40,0.019999446554229756,1.0,0.0,0.277981180808576,99.78855569751441,75.29837173917669,0.004422989872088994,0.0,32.101638189242415,202.6312661977882
913,abundant,108.07492661436788,93.45923012491733,55.939102734523544,0.2494137655790418,7.776187700222027,7917.119465594085,2.2313691496053796,17,0,0,0,0,40,0.019999490943952612,1.0,0.0,0.27798169720575633,99.78857492941552,75.29851161867046,0.004422836298717988,0.0,32.101638189242415,202.78536743147487
914,abundant,108.072260289065,93.45508466300635,55.94471882925232,0.2464513215662879,7.7745068852833485,7916.922008536181,2.231470248870099,17,0,0,0,0,40,0.019999610490092665,1.0,0.0,0.2779822136005742,99.78859416134753,75.29865149752429,0.004422682730679299,0.0,32.101638189242415,202.75258605388402
915,abundant,108.06962798753719,93.45098693733296,55.95033849637707,0.24352162814730485,7.772934054850038,7916.75153132173,2.2315578258264486,17,0,0,0,0,40,0.019999710639094153,1.0,0.0,0.27798272999302837,99.78861335493328,75.29879137573786,0.0044225291679727404,0.0,32.101638189242415,202.8436008872413
916,abundant,108.06704258519594,93.4468857401022,55.95604281363272,0.24240972407775782,7.771344087442516,7916.601530362808,2.2316492156458696,17,0,0,0,0,40,0.019999626994724688,1.0,0.0,0.2779832463831185,99.78863254045048,75.29893125331107,0.004422375610598128,0.0,32.101638189242415,202.96889491745407
917,abundant,108.06441780438806,93.44278464714202,55.96175276698409,0.2434559171847209,7.769701298299836,7916.461711467215,2.231738352979948,17,0,0,0,0,40,0.019999607062668057,1.0,0.0,0.2779837627708429,99.7886516891759,75.29907113024346,0.004422222058555275,0.0,32.101638189242415,203.0527998621398
918,abundant,108.06171077704184,93.43862602440085,55.967455520101204,0.24810354369037654,7.768213196576883,7916.315918122127,2.2318153344572065,17,0,0,0,0,40,0.019999585745136626,1.0,0.0,0.27798427915620166,99.7886708379322,75.29921100653506,0.004422068511843998,0.0,32.101638189242415,203.08212338040477
919,abundant,108.058948619893,93.4344512108024,55.97308123523102,0.25030089343701717,7.766709766019938,7916.129224983757,2.2318805755229336,17,0,0,0,0,40,0.019999588539680414,1.0,0.0,0.27798479553919475,99.78868998671942,75.29935088218585,0.0044219149704641135,0.0,32.101638189242415,202.8415468372576
920,abundant,108.05617384779256,93.43025393188498,55.97874121569426,0.25158098865559186,7.765232207009115,7916.004740590091,2.2319354364267396,17,0,0,0,0,40,0.019999567341987226,1.0,0.0,0.27798531191982206,99.78870913553753,75.29949075719581,0.004421761434415432,0.0,32.101638189242415,202.920522984645
921,abundant,108.05341183108779,93.42607665427738,55.98439774279983,0.25039382844909874,7.763889029219311,7915.8779788075335,2.2320117147065486,17,0,0,0,0,40,0.01999971087986869,1.0,0.0,0.2779858282980837,99.78872828438655,75.29963063156498,0.004421607903697772,0.0,32.101638189242415,202.98602600372874
922,abundant,108.0506344294618,93.42184999755116,55.99001218157937,0.25288101161751514,7.76257507831277,7915.708904035433,2.2320926826158924,17,0,0,0,0,40,0.01999968562748844,1.0,0.0,0.27798634467397976,99.78874743326645,75.29977050529334,0.004421454378310947,0.0,32.101638189242415,203.11572968984717
923,abundant,108.04784340813119,93.41765171421221,55.99565553946904,0.2520796018290043,7.761275147904941,7915.496997762071,2.232178450086376,17,0,0,0,0,40,0.019999568638163934,1.0,0.0,0.2779868610475101,99.78876658217722,75.2999103783809,0.004421300858254772,0.0,32.101638189242415,203.1192648987392
924,abundant,108.04508392614987,93.41341601318996,56.00131453478142,0.2527771538842877,7.760027271031302,7915.234879281357,2.2322534378525067,17,0,0,0,0,40,0.01999952303426824,1.0,0.0,0.2779873774186747,99.7887857311189,75.30005025082764,0.004421147343529062,0.0,32.101638189242415,203.20613315374572
925,abundant,108.04233354703695,93.40917516946625,56.006924192387125,0.25273516376001076,7.758896589857825,7914.963017517395,2.232355246036891,17,0,0,0,0,40,0.019999668978943987,1.0,0.0,0.27798789378747363,99.78880488009148,75.30019012263358,0.004420993834133633,0.0,32.101638189242415,203.17798966343844
926,abundant,108.03956645473038,93.40496132884928,56.012543129691835,0.25206166528210233,7.757836550991177,7914.683887926723,2.2324576889351406,17,0,0,0,0,40,0.019999499456894415,1.0,0.0,0.27798841015390696,99.78882402909494,75.30032999379874,0.004420840330068296,0.0,32.101638189242415,203.28755869985804
927,abundant,108.0368362478902,93.40074062575971,56.018175365418664,0.2513451752596582,7.756861775309909,7914.336851426597,2.2325698540400607,17,0,0,0,0,40,0.019999524728528405,1.0,0.0,0.27798892651797463,99.78884317812926,75.30046986432309,0.004420686831332871,0.0,32.101638189242415,203.23355454055735
928,abundant,108.03415060495112,93.39654077366075,56.023728021806576,0.24926343517930832,7.756004589052229,7913.969703665352,2.232681874764614,17,0,0,0,0,40,0.019999590097006643,1.0,0.0,0.27798944287967653,99.7888623271945,75.30060973420662,0.00442053333792717,0.0,32.101638189242415,203.19542237027238
929,abundant,108.0313963681916,93.39232101948723,56.029284590747224,0.25195917556445085,7.755315364501314,7913.618822360913,2.2328003162037,17,0,0,0,0,40,0.01999960049196285,1.0,0.0,0.2779899592390129,99.7888814762906,75.30074960344936,0.0044203798498510085,0.0,32.101638189242415,203.16583218262116
930,abundant,108.02866749687917,93.38807383212165,56.034943694129495,0.2524185507392891,7.75465969106092,7913.254171069224,2.232931095510949,17,0,0,0,0,40,0.019999601275917555,1.0,0.0,0.27799047559598355,99.78890062541758,75.30088947205131,0.004420226367104201,0.0,32.101638189242415,203.34509400392068
931,abundant,108.02600407047461,93.38386559486041,56.04065778664513,0.2490208576215852,7.754129196814044,7912.938500768119,2.2330494493076936,17,0,0,0,0,40,0.019999596406443575,1.0,0.0,0.27799099195058763,99.78891975048533,75.30102934001222,0.004420072889686565,0.0,32.101638189242415,203.36971943355394
932,abundant,108.02325436402069,93.37962738948241,56.0462830270294,0.25260852999964334,7.753592737481354,7912.612907849507,2.2331682132493635,17,0,0,0,0,40,0.01999954868534507,1.0,0.0,0.27799150830282343,99.78893882497309,75.3011692073316,0.0044199194175979116,0.0,32.101638189242415,202.97268462179355
933,abundant,108.02050612341648,93.37536225568628,56.05187588890658,0.25369714860514514,7.753016997898735,7912.213625334036,2.233288438340156,17,0,0,0,0,40,0.01999963305379384,1.0,0.0,0.2779920246526909,99.78895789089212,75.30130907400945,0.0044197659508380584,0.0,32.101638189242415,202.79582638337914
934,abundant,108.01772057596845,93.37110320186483,56.0573932089186,0.25445773690364504,7.75246091500825,7911.82108492485,2.2333934210558235,17,0,0,0,0,40,0.019999622501281525,1.0,0.0,0.27799254100019005,99.78897695684199,75.30144894004582,0.004419612489406819,0.0,32.101638189242415,202.72077806242606
935,abundant,108.0148969187251,93.36684863514486,56.062897028966674,0.25531669240874666,7.7519515796120135,7911.436120655366,2.233497935661676,17,0,0,0,0,40,0.019999574603774484,1.0,0.0,0.2779930573453204,99.78899600703535,75.3015888054405,0.004419459033304009,0.0,32.101638189242415,202.48349110250274
936,abundant,108.01213816265249,93.36261502218468,56.068443290231826,0.2526593687410544,7.7515773631040235,7911.096083041179,2.233601087042748,17,0,0,0,0,40,0.019999699032475067,1.0,0.0,0.27799357368808153,99.78901503139282,75.30172867019343,0.004419305582529444,0.0,32.101638189242415,202.49921862052662
937,abundant,108.00936937587073,93.35834773198857,56.073982937201706,0.2543487415244112,7.751369467026867,7910.777729201465,2.2336951765949045,17,0,0,0,0,40,0.01999966583239688,1.0,0.0,0.2779940900284733,99.78903405578112,75.30186853430455,0.004419152137082939,0.0,32.101638189242415,202.57897475633936
938,abundant,108.00660501712271,93.35408373503464,56.0794744757042,0.25408315027647765,7.750566954441645,7910.435982511699,2.2337832144913743,17,0,0,0,0,40,0.019999647002136512,1.0,0.0,0.27799460636649576,99.78905308020022,75.30200839777389,0.004418998696964308,0.0,32.101638189242415,202.31462508918645
939,abundant,108.00382972495831,93.34979226188798,56.08498361198324,0.2555379119718527,7.749893283454314,7910.154356581508,2.233875925689108,17,0,0,0,0,40,0.01999967986811931,1.0,0.0,0.277995122702149,99.78907210465013,75.30214826060146,0.004418845262173365,0.0,32.101638189242415,202.38007912175377
940,abundant,108.00101422361107,93.34540043915283,56.09052049938798,0.26084280229974244,7.74917686477918,7909.8569122820845,2.233974726903548,17,0,0,0,0,40,0.019999562678096817,1.0,0.0,0.27799563903543295,99.78909112913085,75.30228812278725,0.004418691832709928,0.0,32.101638189242415,202.49393835276555
941,abundant,107.9981842189173,93.34093700799332,56.09603375586039,0.2642553353882047,7.748500821683997,7909.553325447108,2.2340836944863165,17,0,0,0,0,40,0.019999540537457623,1.0,0.0,0.27799615536634753,99.78911015364238,75.30242798433123,0.00441853840857381,0.0,32.101638189242415,202.514444888938
942,abundant,107.99534031246439,93.33648681278413,56.101568251996355,0.26406682623729544,7.747858402575926,7909.237799770446,2.2342117311840872,17,0,0,0,0,40,0.01999961208834699,1.0,0.0,0.2779966716948929,99.7891291781847,75.30256784523345,0.004418384989764825,0.0,32.101638189242415,202.59652395070117
943,abundant,107.99248220711029,93.33197855556617,56.10708344119287,0.26689718425175807,7.747236366136251,7908.936484287944,2.2343448780598,17,0,0,0,0,40,0.019999736197083402,1.0,0.0,0.27799718802106893,99.78914820275784,75.30270770549389,0.004418231576282792,0.0,32.101638189242415,202.52327985496228
944,abundant,107.98952347755358,93.32739075899123,56.11259864326096,0.2729621099776623,7.746430746610161,7908.628849125285,2.2344783464400426,17,0,0,0,0,40,0.01999958496258741,1.0,0.0,0.27799770434487575,99.78916722736177,75.30284756511256,0.004418078168127523,0.0,32.101638189242415,202.57822878601942
945,abundant,107.98649453971105,93.32272516480926,56.11812661300104,0.278134794953978,7.744468324662,7908.304218575606,2.2346079252291715,17,0,0,0,0,40,0.019999604197671945,1.0,0.0,0.2779982206663132,99.78918625199653,75.30298742408941,0.004417924765298831,0.0,32.101638189242415,202.70298110138864
946,abundant,107.9834491879559,93.31804218604486,56.12368165183002,0.2793096366204322,7.742526505256609,7907.917432469447,2.234757523683996,17,0,0,0,0,40,0.0199995348732917,1.0,0.0,0.27799873698538147,99.78920527666206,75.30312728242451,0.004417771367796537,0.0,32.101638189242415,202.7506883927138
947,abundant,107.98042847823851,93.31336007903943,56.12924100361704,0.27860268398731464,7.740692363924009,7907.554022003678,2.234885483982373,17,0,0,0,0,40,0.019999545826962884,1.0,0.0,0.2779992533020805,99.7892243013584,75.30326714011785,0.004417617975620451,0.0,32.101638189242415,202.8169699838377
948,abundant,107.97742404710512,93.30865091473815,56.1348031168895,0.27930105986709486,7.738965449002032,7907.224723080522,2.2350048946706296,17,0,0,0,0,40,0.01999964163953157,1.0,0.0,0.27799976961641026,99.78924332608555,75.3034069971694,0.0044174645887703895,0.0,32.101638189242415,202.9696955902248
949,abundant,107.97439618459948,93.30395601531627,56.140384744392556,0.27933368707174616,7.737252900507461,7906.895797945108,2.2351274555290743,17,0,0,0,0,40,0.019999776730558232,1.0,0.0,0.27800028592837067,99.7892623508435,75.30354685357916,0.004417311207246169,0.0,32.101638189242415,202.9351823657899
950,abundant,107.97137202320516,93.29925279210367,56.145953629517166,0.27958457283144933,7.7354570496693995,7906.546747310393,2.2352700360640383,17,0,0,0,0,40,0.019999648585326612,1.0,0.0,0.278000802237962,99.78928137563223,75.30368670934719,0.004417157831047604,0.0,32.101638189242415,202.82906085424378
951,abundant,107.9683353421869,93.2945813440912,56.151573530889344,0.2785868572841398,7.733697991751979,7906.197274416736,2.235419816820581,17,0,0,0,0,40,0.019999638537156268,1.0,0.0,0.2780013185451839,99.78930040045178,75.30382656447341,0.0044170044601745066,0.0,32.101638189242415,202.91158948026347
952,abundant,107.9652666545214,93.28990130260057,56.15713700713104,0.2798222059444618,7.732031865634918,7905.901908478278,2.2355524676016305,17,0,0,0,0,40,0.019999740497947317,1.0,0.0,0.2780018348500367,99.7893194253021,75.30396641895788,0.004416851094626696,0.0,32.101638189242415,202.73195681527915
953,abundant,107.96218018025372,93.2851637812939,56.16268112672767,0.2827154076563968,7.7303834472004995,7905.60023594417,2.2356788245317105,17,0,0,0,0,40,0.019999645464965944,1.0,0.0,0.27800235115251676,99.78933841289778,75.30410627279966,0.0044166977344039845,0.0,32.101638189242415,202.57973822071796
954,abundant,107.95897577812438,93.28038196164755,56.16821728677635,0.2878117736319772,7.728692353656468,7905.308756249113,2.2357882243314804,17,0,0,0,0,40,0.01999967382736657,1.0,0.0,0.2780028674526237,99.7893573960597,75.30424612599859,0.004416544379506189,0.0,32.101638189242415,202.56626571862313
955,abundant,107.95571880926771,93.27561358768129,56.17369463334808,0.28873678211134984,7.7269862380514365,7905.006509098559,2.235897418085172,17,0,0,0,0,40,0.019999433281755536,1.0,0.0,0.2780033837503576,99.78937637925239,75.30438597855473,0.004416391029933124,0.0,32.101638189242415,202.49249697192005
956,abundant,107.95243235225944,93.27085972327981,56.179198911858954,0.28897091421321675,7.72534868890186,7904.715322984615,2.2359998745632566,17,0,0,0,0,40,0.01999964911883211,1.0,0.0,0.27800390004571834,99.78939536247586,75.30452583046804,0.004416237685684604,0.0,32.101638189242415,202.32143642048635
957,abundant,107.94920349786553,93.26612706622619,56.18472896142267,0.2864607177974377,7.723697739440544,7904.387931397643,2.236104034564128,17,0,0,0,0,40,0.01999961312368485,1.0,0.0,0.2780044163387061,99.7894143457301,75.30466568173857,0.004416084346760445,0.0,32.101638189242415,202.33827325185683
958,abundant,107.9459596961394,93.26139701169673,56.19021775609125,0.28678041918109,7.72211665542405,7904.088155228659,2.2362088831432465,17,0,0,0,0,40,0.019999603477621586,1.0,0.0,0.27800493262932074,99.78943332901508,75.30480553236627,0.004415931013160461,0.0,32.101638189242415,202.27316757745734
959,abundant,107.94271476069427,93.25662943373564,56.195715689753136,0.28835913170515554,7.720541916214894,7903.730116614242,2.2363172066371932,17,0,0,0,0,40,0.0199996495111396,1.0,0.0,0.2780054489175623,99.78945231233084,75.30494538235118,0.004415777684884469,0.0,32.101638189242415,202.4714140513828
960,abundant,107.93948659428975,93.25181651148935,56.20123665310373,0.28976815950096085,7.719052914646573,7903.335759051151,2.2364330737695304,17,0,0,0,0,40,0.019999604677362066,1.0,0.0,0.27800596520343074,99.78947129567739,75.30508523169324,0.004415624361932282,0.0,32.101638189242415,202.58625829831576
961,abundant,107.93617411273488,93.2470084122924,56.2067380911073,0.29193679179832405,7.717580476987793,7902.912686355674,2.2365461287832424,17,0,0,0,0,40,0.019999753874513693,1.0,0.0,0.27800648148692614,99.78949027905472,75.30522508039252,0.004415471044303717,0.0,32.101638189242415,202.57025139972734
962,abundant,107.93293115108108,93.24223663128416,56.212280443381744,0.28848268290256573,7.716187795184692,7902.488999212073,2.2366533665095587,17,0,0,0,0,40,0.01999965856343248,1.0,0.0,0.27800699776804855,99.78950926246277,75.30536492844901,0.004415317731998588,0.0,32.101638189242415,202.55232015957898
963,abundant,107.92970788371026,93.23747730697276,56.217874548249505,0.2874112136253946,7.714894545687633,7902.1226820554,2.236754463913283,17,0,0,0,0,40,0.019999661241798673,1.0,0.0,0.27800751404679785,99.78952824590161,75.30550477586269,0.004415164425016712,0.0,32.101638189242415,202.49251554013216
964,abundant,107.92655397261699,93.23273929949883,56.2235650072884,0.28459266710806047,7.713605278230983,7901.767055789649,2.2368422769528533,17,0,0,0,0,40,0.019999759276635866,1.0,0.0,0.27800803032317406,99.78954722937122,75.30564462263355,0.0044150111233579,0.0,32.101638189242415,202.6302645227608
965,abundant,107.92339684401205,93.22800215315426,56.229335075391774,0.28464605358299166,7.712305629250468,7901.458555494173,2.2369186444444424,17,0,0,0,0,40,0.019999618226194605,1.0,0.0,0.2780085465971773,99.78956621287158,75.30578446876162,0.004414857827021972,0.0,32.101638189242415,202.89862857554962
966,abundant,107.92028288980018,93.22324312864205,56.2351072015741,0.2843623444979639,7.711094948392562,7901.211874799075,2.2369836929147184,17,0,0,0,0,40,0.019999614060211824,1.0,0.0,0.2780090628688074,99.78958519640271,75.30592431424688,0.004414704536008739,0.0,32.101638189242415,202.79307847045214
967,abundant,107.91721811663385,93.21849751583814,56.24083978867528,0.28246565270981205,7.709946381984113,7900.96176741684,2.2370533791731386,17,0,0,0,0,40,0.019999612137455443,1.0,0.0,0.2780095791380645,99.7896041799646,75.30606415908935,0.004414551250318021,0.0,32.101638189242415,202.61109595903662
968,abundant,107.91419933116427,93.21375568939101,56.24659317794654,0.28106572464345464,7.708845845988111,7900.715959670073,2.237117591931625,18,0,0,0,0,40,0.01999970070998771,1.0,0.0,0.27801009540494853,99.78962316355724,75.306204003289,0.004414397969949628,0.0,32.101638189242415,202.6200655543446
969,abundant,107.91105607950479,93.20899059344063,56.252241612878095,0.28542730820916395,7.707710352188206,7900.408235338851,2.2371699943748578,18,0,0,0,0,40,0.019999583068951006,1.0,0.0,0.27801061166945956,99.78964214718064,75.30634384684588,0.004414244694903378,0.0,32.101638189242415,202.21459515824682
970,abundant,107.90788549492399,93.20424020789855,56.25787286114746,0.28556784667896257,7.7066116899446655,7900.062557546073,2.237232317378298,18,0,0,0,0,40,0.019999712950836624,1.0,0.0,0.27801112793159766,99.7896611308348,75.30648368975997,0.0044140914251790874,0.0,32.101638189242415,202.0979679266062
971,abundant,107.90466155865911,93.19944682806906,56.26346294757794,0.2888370440877834,7.705652532750948,7899.705534419314,2.2373032968513913,18,0,0,0,0,40,0.019999739673475493,1.0,0.0,0.2780116441913626,99.78968011451973,75.30662353203125,0.004413938160776568,0.0,32.101638189242415,202.05425153598543
972,abundant,107.90146060649757,93.19461943587709,56.269067080812235,0.28961248141096263,7.704714431789275,7899.365811628937,2.2373634526067288,18,0,0,0,0,40,0.01999959205041863,1.0,0.0,0.27801216044875454,99.7896990982354,75.30676337365972,0.004413784901695637,0.0,32.101638189242415,201.89303160760488
973,abundant,107.89828337069768,93.18981393500215,56.274688160607845,0.2880461735969233,7.703594907323908,7899.004529091268,2.2374325562855826,18,0,0,0,0,40,0.019999670518699247,1.0,0.0,0.27801267670377355,99.78971808198183,75.30690321464544,0.004413631647936112,0.0,32.101638189242415,202.02995293125304
974,abundant,107.89501412154115,93.1850184914032,56.28035115495961,0.2901940168471908,7.702387555584622,7898.648489102852,2.2375074032567053,18,0,0,0,0,40,0.019999734591664757,1.0,0.0,0.2780131929564194,99.78973706575901,75.30704305498833,0.004413478399497801,0.0,32.101638189242415,201.79549093223548
975,abundant,107.88210451040466,93.14362928445112,56.27733882773018,0.27925422681512097,7.702378213946791,7871.561941090709,2.2442024513014296,18,9,31,0,0,0,0.1513636286214238,0.9995917000085164,0.00315,0.2779881412776711,99.78969498174854,75.30025716173614,0.004417927269309439,0.0,32.101638189242415,214.0002109215693
976,abundant,107.86832469731787,93.10160605181285,56.263038222219734,0.20159293141565135,7.694577066756404,7840.45262187023,2.2496483453624405,17,9,31,0,0,0,0.2021010633713522,0.9991275888388078,0.00315,0.2779630898483076,99.78965106621489,75.29347133603628,0.004422375984649111,0.0,32.101638189242415,201.7530742204334
977,abundant,107.85481676766994,93.06672542346695,56.24812502605754,0.14948304823708436,7.678399904939061,7811.67179215463,2.2543130640793243,15,9,31,0,0,0,0.22695093930459712,0.9986361428055728,0.00315,0.27793803866729117,99.7896053191743,75.28668557760761,0.0044268245455221815,0.0,32.101638189242415,192.3254729034085
978,abundant,107.84404839833772,93.0442732364271,56.23247979867326,0.10435414098718791,7.659399357862698,7793.004360923049,2.2565273321857293,15,9,30,0,1,0,0.23715276799031434,0.9981334747607834,0.00315,0.2779129877335851,99.78955774064282,75.27989988616935,0.004431272951934016,0.0,32.101638189242415,190.90657499505411
979,abundant,107.8363671329754,93.02982744057037,56.21856515113281,0.07513724941589156,7.651188908842235,7783.642869066847,2.25914405518877,15,9,30,0,1,0,0.24320500959609506,0.9976241492502277,0.00315,0.2778879370461534,99.78950833063632,75.27311426144084,0.0044357212038899745,0.0,32.101638189242415,181.39784978020006
980,abundant,107.83202173038974,93.02043702614446,56.20045580173053,0.05162330210038757,7.640977635327242,7770.724108790295,2.2605587542999785,15,9,30,0,1,0,0.24673228412055295,0.997110943737695,0.00315,0.27786288660390346,99.78945600086105,75.26632870312613,0.0044401693013954215,0.0,32.101638189242415,181.497157732699
981,abundant,107.83377310476897,93.0191475902966,56.18298190491837,0.010580965599586706,7.6279306022070275,7761.881975417666,2.262425639114354,15,9,30,0,1,0,0.24907530051990215,0.9965951609071233,0.00315,0.27783783640549026,99.78939617109253,75.2595432108609,0.004444617244455721,0.0,32.101638189242415,182.94560781547176
982,abundant,107.83922362463359,93.02617624751426,56.163909951266916,0.024606746468026963,7.623565538917177,7749.942493679562,2.265655589392523,15,9,30,0,1,0,0.2500725712329756,0.996078281078767,0.00315,0.2778127864493661,99.78932625158433,75.25275778422589,0.004449065033076234,0.0,32.101638189242415,165.1133171146771
983,abundant,107.84612744490592,93.03724664896396,56.14321315917114,0.032976759451531994,7.621826952362097,7745.1391385356765,2.2686323863759363,15,9,30,0,1,0,0.25122768961677516,0.9955601306201884,0.00315,0.2777877367310567,99.78924345185499,75.24597242200917,0.004453512667262323,0.0,32.101638189242415,172.6844861374754
984,abundant,107.85461964400153,93.05515681153912,56.121981898269176,0.05511016537043713,7.619233252240514,7746.102951371722,2.273182792198988,15,9,30,0,1,0,0.2513234883572219,0.9950418747829956,0.00315,0.2777626872531956,99.78915518742289,75.23918712492404,0.00445796014701935,0.0,32.101638189242415,173.17563968035734
985,abundant,107.86440215596026,93.07790728500672,56.11918499362805,0.12895114497968996,7.618156134540588,7757.551277177263,2.2756591761896043,15,25,14,0,1,0,0.19522895617523775,0.9947421229312028,0.008749999999999999,0.27769218377694804,99.78876687097913,75.2200894401529,0.004470589006448519,0.0,32.101638189242415,183.39532335495437
986,abundant,107.87475470381692,93.10703977355459,56.11677601095472,0.1563130344078653,7.6104055438382385,7777.602319810532,2.2722552998786414,14,24,15,0,1,0,0.1943994162144725,0.9944246667505146,0.00808511346956238,0.2776270776168475,99.78824635864424,75.20245375765275,0.004482246035987052,0.0,32.101638189242415,169.81604301284125
987,abundant,107.89012380110793,93.13200720972851,56.11785352288238,0.13519991843229637,7.595909912093992,7804.439530430784,2.262739989958966,14,22,17,0,1,0,0.1996069964293183,0.9940906990544424,0.007700000000000001,0.2775650978677003,99.78788200975502,75.18566494418698,0.004493340014527857,0.0,32.101638189242415,184.35828290571013
988,abundant,107.91153900129306,93.14995747743612,56.11783001493643,0.13471941342926136,7.564475972784183,7827.238690048493,2.2512760638729894,16,23,17,0,0,0,0.1992462476082122,0.9937669281820731,0.00805,0.27750027771243585,99.78738540345734,75.16810673347251,0.004504944953748752,0.0,32.101638189242415,181.05607432334108
989,abundant,107.94293021365945,93.17745403092285,56.124185469800864,0.20120487613617044,7.514740145273339,7847.430245055919,2.238669588522085,16,23,17,0,0,0,0.20140907370355507,0.9934407782009993,0.00805,0.2774354580552521,99.78685414120982,75.15054865767605,0.004516549490027364,0.0,32.101638189242415,164.2940376526378
990,abundant,107.98603944176375,93.19908283999533,56.13907103607223,0.20792198382292892,7.446343791313245,7870.1175024974655,2.2271985061254314,16,24,16,0,0,0,0.1977369338431892,0.9931284675737718,0.0084,0.2773677979938554,99.78620597603441,75.1322211851467,0.004528664969258674,0.0,32.101638189242415,167.88545172017425
991,abundant,108.02082876420798,93.2233138585427,56.17369179651928,0.12442616025236342,7.388901175649307,7894.413890897384,2.2184099779506896,16,22,18,0,0,0,0.2019749940856071,0.9927918950802777,0.007700000000000001,0.2773058202149286,99.78562092161806,75.11543290536595,0.004539757336058944,0.0,32.101638189242415,152.6361874896623
992,abundant,108.07408495779632,93.2640273286105,56.190400932386545,0.2901939511568467,7.34775612519527,7915.362728871565,2.2098757164396896,17,22,18,0,0,0,0.19971550934428828,0.9924578080199987,0.007700000000000001,0.2772438428929489,99.7849868835314,75.0986447493611,0.004550849317714277,0.0,32.101638189242415,167.51508480086628
993,abundant,108.12106933153034,93.30442942158403,56.224864443788064,0.21110254937073056,7.3428835675082595,7932.026863039449,2.203791664614234,17,21,19,0,0,0,0.20041973819742695,0.9921131463079815,0.007350000000000001,0.2771847069280405,99.78439767297809,75.08262624819538,0.004561429568357052,0.0,32.101638189242415,162.2948477656168
994,abundant,108.1828827669322,93.35683552287254,56.244189799054695,0.3483237865683817,7.339391227556165,7944.497506397325,2.199249350969753,17,19,21,0,0,0,0.20862583594413914,0.9917398578884431,0.0066500000000000005,0.27713125319510545,99.78388972575564,75.06814692609997,0.0045709867598744125,0.0,32.101638189242415,154.1338486721014
995,abundant,108.23424754330271,93.4084329460039,56.27046264825062,0.24845892898165908,7.339513419372084,7953.721963228061,2.196048663586965,17,18,22,0,0,0,0.2136368434083061,0.9913512573606938,0.0063,0.27708064076961947,99.78342118857493,75.05443724540226,0.004580032273669617,0.0,32.101638189242415,151.67850487211678
996,abundant,108.29564954859495,93.46119802902972,56.28772227878695,0.30409256234843235,7.286635144597724,7973.237757165902,2.194302148093779,17,18,22,0,0,0,0.20847808543747,0.9909683314667127,0.0063,0.27703002872680776,99.7828310553059,75.04072766836171,0.004589077473389934,0.0,32.101638189242415,146.22909770945836
997,abundant,108.35897016676294,93.50427011122216,56.317621020533736,0.27384919098355476,7.213773054793994,7989.807369094502,2.1933211515230826,17,19,21,0,0,0,0.2081999738284539,0.9905955114955013,0.0066500000000000005,0.2769765761685399,99.78215283998523,75.02624866445518,0.004598633704927257,0.0,32.101638189242415,154.6873414237184
998,abundant,108.42389063361163,93.53584143873313,56.33374977310892,0.3086867922415817,7.141883017313788,8003.852876068908,2.1917369629475196,18,17,23,0,0,0,0.21579980900819512,0.9901947317055921,0.00595,0.2769288057814287,99.7815566061695,75.01330882314522,0.004607166912894766,0.0,32.101638189242415,167.47835313661068
999,abundant,108.456415395157,93.56266754310988,56.36660296336784,0.13825400302700955,7.082135716542224,8016.044204324586,2.1863791175813576,18,16,24,0,0,0,0.21839669114147836,0.989773609121437,0.005325492003590249,0.2768861047744285,99.78096095923316,75.00174215417364,0.004614787425742307,0.0,32.101638189242415,158.9354428308714
1000,abundant,108.49266899890101,93.59427423808248,56.377668126823586,0.2159987282010288,7.009135694388723,8028.124974599286,2.178793377597213,18,14,26,0,0,0,0.22489892081433252,0.9893334203085413,0.0049,0.2768468577237066,99.78041598246192,74.9911110783349,0.0046217860351834995,0.0,32.101638189242415,179.54341290504254
1001,abundant,108.51439096843451,93.61903891273161,56.38833598850219,0.13843261936695578,6.933273659014572,8031.2953746506755,2.170689723316195,18,14,26,0,0,0,0.2259093567974423,0.9888921200160642,0.0049,0.27680761096242307,99.77990994608929,74.98048008089798,0.004628784401621641,0.0,32.101638189242415,151.69805227746602
1002,abundant,108.53334575771885,93.64523550579686,56.40082487263616,0.13728643839313645,6.872639927119846,8044.248731021136,2.1636264470787063,18,11,29,0,0,0,0.2352602126093756,0.9884111337821938,0.0038500000000000006,0.2767768871567342,99.77952945076363,74.97215774578424,0.004634248487422193,0.0,32.101638189242415,188.54159418054013
1003,abundant,108.56661939000017,93.67185520121592,56.40196975993009,0.1990478402992154,6.841784495135667,8067.548205548308,2.15609756372622,17,10,30,0,0,0,0.24112911684979466,0.987913891753659,0.0035000000000000005,0.27674900447150014,99.77925483199972,74.96460500141595,0.004639201037619848,0.0,32.101638189242415,186.94003467890266
1004,abundant,108.60304730750013,93.69253339666416,56.42919859081225,0.18721692922586822,6.814877968157495,8095.967381390576,2.147907921224811,17,12,28,0,0,0,0.2315541230845676,0.9874467822182659,0.004200000000000001,0.2767154402000056,99.77884763093058,74.95551325288535,0.004645176107618922,0.0,32.101638189242415,170.64190866593094
1005,abundant,108.64862409311156,93.69018722311883,56.44063102942457,0.2132357647432221,6.795945740036062,8110.053730894826,2.147920917804079,17,12,28,0,0,0,0.22192889487082654,0.9869902604339081,0.004200000000000001,0.27668187616555734,99.77859099006517,74.94642156856484,0.004651150970153888,0.0,32.101638189242415,189.38263897973061
1006,abundant,108.68311089801867,93.68866581446491,56.431900521050146,0.1690789558235909,6.780750662917379,8105.50734469085,2.147090612518502,17,13,27,0,0,0,0.22637796963809542,0.986538644667306,0.00455,0.2766454714767141,99.7781778691218,74.93656041974322,0.004657636971112942,0.0,32.101638189242415,188.2145506127158
1007,abundant,108.71938550035824,93.72148127869316,56.42034236291947,0.28301526918615294,6.772048857273566,8116.522792138596,2.137687673267503,19,13,27,0,0,0,0.22758819325960605,0.9860783046133864,0.00428596280949847,0.27661121018219853,99.77786089776252,74.92727986455169,0.004663736991639564,0.0,32.101638189242415,154.17991774791986
1008,abundant,108.74396066086142,93.7591276332516,56.40699655303649,0.21080905170755362,6.752991334380232,8131.127706545252,2.1283426492741317,17,13,27,0,0,0,0.22771189314728044,0.9856169113716616,0.004253208597755642,0.27657721498735743,99.7775630121088,74.91807138931951,0.004669788946845709,0.0,32.101638189242415,171.2149387714111
1009,abundant,108.7831223863107,93.76475525260155,56.40740919423367,0.24559147212259605,6.712554045301094,8142.595317427782,2.127889904116881,16,16,24,0,0,0,0.2180413903552819,0.9852038658422708,0.0056,0.27653228833263843,99.77708231974547,74.90590184626559,0.004677808338307001,0.0,32.101638189242415,170.22525761697506
1010,abundant,108.79985105007162,93.77123546793771,56.410976412079165,0.08619133416988384,6.652463880411017,8147.903425991019,2.1343169901235344,17,15,25,0,0,0,0.22060947025512503,0.9847781954249901,0.00525,0.27649020286371084,99.77668695776038,74.89450191165523,0.0046853161054410414,0.0,32.101638189242415,180.78162626874195
1011,abundant,108.8331724480752,93.77307709756451,56.426292622065354,0.20682937556025222,6.6156650080604305,8166.771710678768,2.1351096292045337,17,13,27,0,0,0,0.22599209989016567,0.984327004115111,0.00455,0.2764537994601143,99.77639534880514,74.8846411109758,0.00469180092013127,0.0,32.101638189242415,178.85049790525028
1012,abundant,108.8511186299293,93.77927904791859,56.43208136702501,0.09251987114643676,6.589730937914416,8183.999929472091,2.1361965512313095,17,15,25,0,0,0,0.22175431111023597,0.9839000743728896,0.00525,0.2764117145164867,99.77605051670032,74.8732413186565,0.004699308201420212,0.0,32.101638189242415,169.7177239099369
1013,abundant,108.89195411098213,93.77666281876738,56.44328213230551,0.260570734291082,6.592828219479637,8183.854030631475,2.1456432344311356,16,15,25,0,0,0,0.2228949311226402,0.9834651684907847,0.005009947933208378,0.2763715783084877,99.77568840764452,74.86236939163857,0.0047064645087996826,0.0,32.101638189242415,155.36236621530006
1014,abundant,108.91739811316458,93.77969733722954,56.45552736004269,0.10080449833637146,6.645052135342729,8190.217011983255,2.1566509152979085,17,14,26,0,0,0,0.22587712868143703,0.9830239036492351,0.0049,0.2763323348065028,99.77530677196079,74.85173927706676,0.004713459935064089,0.0,32.101638189242415,175.73912851907352
1015,abundant,108.97871587094744,93.78871384806489,56.46897002407792,0.32717030093269855,6.711131836950031,8221.424375607567,2.1599288135945693,17,13,27,0,0,0,0.23007592091449586,0.9825682201362291,0.00455,0.27629593246091744,99.77494981161549,74.84187876297693,0.004719943772554978,0.0,32.101638189242415,153.14082688988802
1016,abundant,109.02433640919472,93.78402468684358,56.49236274078278,0.1964170486970821,6.768684561498179,8239.717181120574,2.17058666182342,17,14,26,0,0,0,0.22856115048311457,0.9821240028706976,0.0049,0.27625668947562715,99.77456995033874,74.83124878836517,0.004726938730797518,0.0,32.101638189242415,181.13517442936896
1017,abundant,109.0686139432232,93.76868788661821,56.509752033786434,0.23456962474722767,6.814351181018337,8242.296916860207,2.173128560794712,18,17,23,0,0,0,0.21735091575920204,0.9817215168633624,0.00595,0.2762089240745397,99.77399947928072,74.81831029764831,0.004735467483806751,0.0,32.101638189242415,177.41931950616012
1018,abundant,109.12773319390973,93.74917956117818,56.52792142119106,0.3192393370293556,6.811322052519458,8216.441507179956,2.1831586213510787,17,17,23,0,0,0,0.21113780615206473,0.9813167745931425,0.005625332733831299,0.276163794255773,99.77335961733307,74.80608572237263,0.004743521605628873,0.0,32.101638189242415,187.11878199792565
1019,abundant,109.17099875713768,93.72640820383072,56.550236649735005,0.2225674133132628,6.7839275867829425,8196.033618164864,2.1834461983047855,17,15,25,0,0,0,0.21678637642935977,0.9808863484068795,0.004929958136046625,0.276124308963898,99.77274781905028,74.7953901127735,0.004750559513695067,0.0,32.101638189242415,195.1936845471134
1020,abundant,109.2171255686437,93.69138370700935,56.57031008333238,0.24944151918646992,6.776704192207882,8154.413762450524,2.1875606833194547,17,14,26,0,0,0,0.22147505783210458,0.9804401739592941,0.00455171842964762,0.27608789403690215,99.77223681530336,74.78552619068421,0.004757044573633996,0.0,32.101638189242415,181.17414432871686
1021,abundant,109.2616623495323,93.66789128134477,56.57821192893825,0.197437755646406,6.791051168414524,8131.953740519901,2.178961653874346,16,15,25,0,0,0,0.219714496439321,0.980015488013211,0.00525,0.27604581150715657,99.77165735868952,74.77412705222709,0.004764549589557632,0.0,32.101638189242415,185.51558466451647
1022,abundant,109.30476969797803,93.63062525869277,56.58537808684324,0.2264444325978085,6.801002741360025,8098.999300337644,2.182545365655854,16,14,26,0,0,0,0.21824940924653088,0.9795826136630398,0.0049,0.2760065701344473,99.77102961201085,74.76349751442449,0.004771542999013971,0.0,32.101638189242415,228.1453791555276
1023,abundant,109.35432428679414,93.60600110014369,56.56666940731337,0.21444840449008976,6.831868941916005,8080.080432113915,2.1773561761520677,17,14,25,0,1,0,0.22096070327880754,0.9791370088600615,0.004551856093877179,0.2759701548270336,99.77033818045822,74.75363348928919,0.004778027531498128,0.0,32.101638189242415,171.09041892984732
1024,abundant,109.3846121906494,93.58703287505611,56.55256396287477,0.13359966947031598,6.842331082189622,8044.861392864979,2.185886203352233,16,13,26,0,1,0,0.2187810542131463,0.9786937497004271,0.00455,0.2759337548134094,99.76966418951866,74.74377360687122,0.004784509127097506,0.0,32.101638189242415,166.99430892146674
1025,abundant,109.42291347880389,93.58035008904714,56.53494020370249,0.1827277071514574,6.854070611820129,8017.069461187544,2.184262219479387,17,12,27,0,1,0,0.22045551712306888,0.9782388486315916,0.004200000000000001,0.27590019594111254,99.7692042431348,74.73468332085254,0.004790479151764399,0.0,32.101638189242415,155.1001356212767
1026,abundant,109.45410185587939,93.55234947176565,56.52186451158625,0.16742642529257326,6.810298898998942,7982.665282774869,2.19427387565986,17,12,27,0,1,0,0.22901213254880542,0.9777745352857881,0.004200000000000001,0.2758666372927869,99.76869060967249,74.72559309550225,0.004796448969142367,0.0,32.101638189242415,175.1865174397455
1027,abundant,109.49311137779216,93.53446890054144,56.51556186825102,0.1897970634837339,6.774978666543179,7992.955320534646,2.200425791539067,17,11,28,0,1,0,0.23207237952122703,0.9772970556683147,0.00385,0.27583591976040417,99.76810646701527,74.71727245967527,0.004801907233357618,0.0,32.101638189242415,159.72603308860533
1028,abundant,109.51405902081574,93.52408171463708,56.51762191377568,0.058250324238130056,6.750217113650831,8008.363936516027,2.2023047012521304,17,9,30,0,1,0,0.2365552572767176,0.9767883879961067,0.002912253957018061,0.27581281395928625,99.76764843018938,74.71101365756195,0.004805995272120257,0.0,32.101638189242415,172.6296719804679
1029,abundant,109.54194714526898,93.5067590687597,56.51550638079836,0.16756809606497997,6.705125110922472,8000.343959732818,2.207872555473359,17,7,32,0,1,0,0.24244019129775668,0.9762603037856792,0.00245,0.27579346036549535,99.76733434486171,74.70577123756964,0.004809407821348449,0.0,32.101638189242415,178.61984589488358
1030,abundant,109.56571790947835,93.5009530372595,56.511207766325505,0.11403818680494596,6.6207071574873595,8004.2981662563325,2.204103522515303,16,7,32,0,1,0,0.2471699160230072,0.975727016878054,0.00245,0.2757741069153397,99.76701540087093,74.70052885648464,0.0048128202520874045,0.0,32.101638189242415,193.35263306811441
1031,abundant,109.59613627344376,93.49583094661641,56.529599028955225,0.1437659748815578,6.550386838632294,8012.651748414595,2.196050504964321,16,8,31,0,1,0,0.24791243833617488,0.975202713195884,0.0028000000000000004,0.27575191273093697,99.76673222895587,74.6945169892685,0.00481674391022223,0.0,32.101638189242415,188.93303139846415
1032,abundant,109.63916343987746,93.48486486061839,56.51544485490289,0.21189481795003257,6.474004041730632,8001.816555083853,2.1929511764893834,16,10,29,0,1,0,0.23282372724650097,0.9746972989932141,0.002881853475043554,0.2757290543141443,99.76623365639597,74.68832519757952,0.004820787019085028,0.0,32.101638189242415,176.681483548326
1033,abundant,109.68744306009846,93.4791123430856,56.51915733819455,0.2228659117492048,6.41940191283594,8008.374449327443,2.1838573220607245,15,8,32,0,0,0,0.24268365276398543,0.9741701108893309,0.002491568362756638,0.27570936392979084,99.76578984133424,74.68299154917779,0.004824259785608598,0.0,32.101638189242415,168.73665615788613
1034,abundant,109.72517026218404,93.47259898005554,56.52426885614453,0.15690014344621547,6.299127338903618,7991.315138805083,2.1815628899135397,15,8,32,0,0,0,0.24211301245973785,0.9736423899397714,0.0024501201480789858,0.27569001011176153,99.76550261713318,74.67774906844473,0.004827671876198233,0.0,32.101638189242415,203.70044693418458
1035,abundant,109.76554908493259,93.48616912580152,56.5236702541647,0.23733686952258137,6.236869298384159,7992.524056818336,2.1750198803228744,17,11,29,0,0,0,0.2353827521708806,0.9731515102962007,0.003501477993470797,0.2756621227316661,99.76506305568745,74.67019505235216,0.004832619869753665,0.0,32.101638189242415,170.73749049621628
1036,abundant,109.80164665699324,93.5095546729146,56.51844661834666,0.19512540090383898,6.18600936629805,7992.991950316333,2.1711672070894776,17,10,30,0,0,0,0.24216679171476135,0.9726335411929907,0.0028005131313013783,0.2756399251386059,99.76460045901516,74.66418226181325,0.0048365435900924935,0.0,32.101638189242415,175.94687235905047
1037,abundant,109.83655703236948,93.54836183069962,56.53213527798621,0.23731354682505032,6.096127707017997,7975.249096691783,2.179997945989255,17,8,32,0,0,0,0.24120796115896298,0.9721166124357161,0.0028000000000000004,0.2756177318566362,99.76437211610012,74.65817063904436,0.004840466424514605,0.0,32.101638189242415,162.6532242571417
1038,abundant,109.8688308809446,93.58285399126297,56.568452646586664,0.21852051339427672,6.0019205531613995,7969.052877610913,2.185228065764319,16,9,31,0,0,0,0.23936273373135228,0.9716115134286113,0.00315,0.2755926978338299,99.76410613971659,74.65138952835943,0.004844900468610544,0.0,32.101638189242415,144.98920789176574
1039,abundant,109.881329727532,93.60941040989154,56.60722085834065,0.09254021931449563,5.93835968936558,7967.345878480461,2.184069116126974,16,9,31,0,0,0,0.23983782496242556,0.9711058918211528,0.00315,0.27556766397037386,99.76375952581952,74.6446084608386,0.004849334358749289,0.0,32.101638189242415,166.45773127055207
1040,abundant,109.89690879957081,93.65364027529226,56.64860980780177,0.19843769430286945,5.925591342888495,8009.102420013143,2.177483240538125,16,9,31,0,0,0,0.24137034245337446,0.9705985844444541,0.00315,0.2755426302838161,99.76344150326041,74.63782744123523,0.00485376809493619,0.0,32.101638189242415,159.97704932423144
1041,abundant,109.90850749156998,93.68472449308848,56.7097543005719,0.14636516702987115,5.874195047292934,8067.675747611887,2.172187415645147,16,11,29,0,0,0,0.2395264158122586,0.970103616282936,0.0035182462812612925,0.275514607778114,99.76301226501528,74.63023682288733,0.004858739680659769,0.0,32.101638189242415,168.18124644392174
1042,abundant,109.92339674955585,93.69635809269316,56.76915930250078,0.09177846236638608,5.8158198331131885,8095.179203310105,2.175056406095246,16,10,30,0,0,0,0.23969533978656124,0.9696079514091707,0.0035000000000000005,0.2754867335696884,99.76263650686771,74.62268637468122,0.004863684436159653,0.0,32.101638189242415,178.90025615492067
1043,abundant,109.94384672354867,93.69583654171092,56.83499176505977,0.1294608151236615,5.785403089372252,8124.166275051801,2.176491100310358,15,10,30,0,0,0,0.24127718428156655,0.9691105465064609,0.0035000000000000005,0.2754588595617946,99.76236453331133,74.61513598079434,0.004868629019969616,0.0,32.101638189242415,162.56152505638903
1044,abundant,109.96446159141594,93.69308638607376,56.87577473070073,0.11001362880697996,5.778890664564484,8121.5944265355865,2.18287715276862,16,10,30,0,0,0,0.24109186991533965,0.9686035721160206,0.003150952373801672,0.2754338189135104,99.76205321543664,74.60835307542783,0.0048730634776215495,0.0,32.101638189242415,170.42394696454377
1045,abundant,109.98845911057131,93.70248250283653,56.90407714166747,0.1610118429935641,5.810337110260981,8125.575713744358,2.1818106451262835,16,11,29,0,0,0,0.23460340439896593,0.9681135426966575,0.003501225909854731,0.2754059353386391,99.7616880282673,74.60080009007835,0.004878009526815876,0.0,32.101638189242415,169.85300263825997
1046,abundant,109.99794259403988,93.6874740857938,56.90544141182706,0.10358146488314021,5.817990068476613,8111.4566337780125,2.183545002640069,16,13,27,0,0,0,0.22756111230905715,0.9676606254731176,0.00455,0.27536953924604934,99.76122952165211,74.59094126977367,0.004884487650878465,0.0,32.101638189242415,176.45946932496216
1047,abundant,110.00553833888,93.67069018775597,56.89655534383037,0.13131483092430474,5.825626565595492,8113.447179215098,2.1819032744553724,15,14,26,0,0,0,0.22898909805739232,0.9672061584523108,0.004550749537727404,0.2753331373298324,99.76076616460246,74.58108087198937,0.004890966645075893,0.0,32.101638189242415,183.9770452964828
1048,abundant,109.98833299743762,93.64157399922463,56.87521003649395,0.13500273580649821,5.818064597640419,8094.643097190998,2.187366875111202,16,14,26,0,0,0,0.22504781696099352,0.9667580615828626,0.004623418900318699,0.2752961458264267,99.76025843123857,74.57106076931001,0.004897551583395681,0.0,32.101638189242415,198.57452472451433
1049,abundant,109.9764251108118,93.59828336959744,56.851827312606176,0.1861844172618561,5.80011852502955,8094.765936405718,2.186565523742846,16,12,28,0,0,0,0.23097339854017046,0.9662622211002585,0.0031510805639318475,0.2752711052907582,99.75979427730574,74.56427789444837,0.004901985224093646,0.0,32.101638189242415,197.42644827806978
1050,abundant,109.9484083601437,93.53533994921459,56.820693890546906,0.2759312755677304,5.754764433912258,8076.835587543625,2.1927233209005355,17,8,32,0,0,0,0.24099764543450258,0.9657455236902805,0.0028,0.27524891460397466,99.7595912814802,74.55826697465258,0.004905905786276248,0.0,32.101638189242415,202.05028587419685
1051,abundant,109.89524124216594,93.47030255948081,56.80805189181772,0.30868729421223995,5.742589270285441,8096.820999966563,2.1966127038466325,17,10,30,0,0,0,0.23803952671421147,0.9652418878043079,0.0031502711933208555,0.2752238809845257,99.75932354502156,74.55148597322739,0.004910337954421822,0.0,32.101638189242415,211.5245255995307
1052,abundant,109.82826042589652,93.3985829240531,56.786894374838006,0.3620259431167078,5.730919807021791,8097.260037319651,2.1986105036022847,17,9,31,0,0,0,0.24086375566039572,0.9647351376730814,0.00315,0.27519884974193487,99.7590805604361,74.5447056156355,0.004914769572465091,0.0,32.101638189242415,207.7030733636022
1053,abundant,109.7630674793259,93.34455868060994,56.77302106307567,0.2832729865257946,5.746173831285414,8122.45721450268,2.193163442085012,17,11,29,0,0,0,0.23761234232859318,0.9642418166713543,0.003501877672658034,0.2751709625502727,99.75874908282859,74.53715165058493,0.004919715125774051,0.0,32.101638189242415,189.24234255890252
1054,abundant,109.68871331003936,93.2979175884011,56.752236820115705,0.31648185637264675,5.754251036308488,8116.933074028526,2.1939132713387863,16,11,29,0,0,0,0.2386575203567637,0.9637570933989619,0.0038500000000000006,0.2751402499000434,99.75833764599251,74.5288323372151,0.004925169109988724,0.0,32.101638189242415,195.71579413482868
1055,abundant,109.62253277518612,93.2697012543785,56.72795937145005,0.2195097834230802,5.777433060279166,8116.040791326224,2.184268446780327,16,9,31,0,0,0,0.2417250602145445,0.9632398134148235,0.002807770789197448,0.27511799705046025,99.75796994539476,74.52280457902192,0.00492910022022083,0.0,32.101638189242415,190.45643405300848
1056,abundant,109.54088985325389,93.26421605248706,56.70090047866729,0.26783295511572147,5.7605439682222315,8099.911108093176,2.1845169892029457,15,8,32,0,0,0,0.24443969201950688,0.9627095535549962,0.002450850049799066,0.2750986414151801,99.75764473222385,74.5175616060396,0.004932509736958618,0.0,32.101638189242415,186.49344272155986
1057,abundant,109.47397479464459,93.27843744514128,56.67183637989872,0.18693700815761155,5.759026471006554,8106.234310911343,2.1783034860145483,17,7,33,0,0,0,0.24959220462778484,0.9621736021299057,0.00245,0.27507929281950694,99.75736117315975,74.51232053991639,0.004935917893399712,0.0,32.101638189242415,172.39839858758097
1058,abundant,109.42261194337058,93.28373490341656,56.622372394127254,0.13203867206235959,5.77622261737851,8098.218708552849,2.180208674047519,16,7,33,0,0,0,0.25297846699276716,0.9616200690991545,0.0019551172478915134,0.27506396122575727,99.75704731516673,74.50816758235949,0.004938602913627342,0.0,32.101638189242415,175.62351691817372
1059,abundant,109.39004144259077,93.30055707148396,56.56458640276149,0.09584535531869344,5.783666092283882,8097.327091177809,2.173174371921798,17,5,35,0,0,0,0.250090420312973,0.9610639696368104,0.0017500000000000003,0.27505029464267716,99.75689610052876,74.50446563588176,0.004940988166741493,0.0,32.101638189242415,167.3974653883219
1060,abundant,109.38544172797086,93.29800235191215,56.48254308174073,0.055982781834078905,5.766459567427104,8077.076318601612,2.170090229235736,16,9,31,0,0,0,0.24410937043225442,0.960534102487004,0.002451898488184046,0.2750309309685449,99.75654044202727,74.49922048536904,0.004944398802466669,0.0,32.101638189242415,155.3573865364057
1061,abundant,109.41673328190261,93.30840175359344,56.40667301639394,0.21173990388168443,5.759511502112948,8069.46726995919,2.160681510957497,16,10,29,0,1,0,0.23400892656881506,0.960035124765648,0.0031582892096335725,0.2750058337751628,99.75617411486944,74.4924222633045,0.0049488413482998575,0.0,32.101638189242415,181.2179715688013
1062,abundant,109.4432962377065,93.3412849176033,56.35291146803377,0.1864576319779678,5.752660172291551,8049.8898857079985,2.156497287446572,16,10,29,0,1,0,0.23948709720239664,0.9595105937431889,0.0024608851594069047,0.2749863974534699,99.75567567215715,74.48715743432646,0.004952264840770749,0.0,32.101638189242415,160.52346803331835
1063,abundant,109.49380642621415,93.39076841322564,56.314729939743714,0.31421408575521276,5.732839222422441,8061.319117556515,2.1461020612184423,16,8,31,0,1,0,0.2399862765929975,0.9589852144763604,0.0024502013365634524,0.27496704798843113,99.75541129708519,74.48191613271314,0.004955672605432995,0.0,32.101638189242415,175.80340085460975
1064,abundant,109.53437712046055,93.43525613195669,56.28694608646144,0.2401724739900008,5.730070986518342,8073.980444901477,2.1455739485837677,16,6,33,0,1,0,0.24474400931876553,0.9584447960661098,0.0021000000000000003,0.27495054119835294,99.75535744034978,74.47744484292325,0.004958568611740794,0.0,32.101638189242415,169.75073110231256
1065,abundant,109.57714482936156,93.50530302086601,56.26576366693371,0.3515218040555722,5.733118731949219,8107.727930460678,2.1392538934446823,17,7,32,0,1,0,0.24653779585226046,0.9579024349467143,0.0021010877157926,0.27493402571055253,99.75516854246828,74.472971197131,0.0049614661066345375,0.0,32.101638189242415,152.2946312945565
1066,abundant,109.62059177873371,93.57292775950933,56.26697536589927,0.32319307236439593,5.736325539225089,8110.425503010301,2.142170210568992,18,8,31,0,1,0,0.24439586055233214,0.9573819995001067,0.0028,0.27491183740115455,99.75502780918103,74.46696092131143,0.004965384603544574,0.0,32.101638189242415,144.29180382346414
1067,abundant,109.66962766837568,93.64348369073112,56.271541583178895,0.37769673854277314,5.7669096626515435,8128.326535662585,2.1429392766350737,18,9,30,0,1,0,0.24333451478434687,0.956872531533844,0.00315,0.2748868083651725,99.75481427421471,74.46018116143642,0.004969814310279042,0.0,32.101638189242415,123.22695622848441
1068,abundant,109.7149879858511,93.70083788846665,56.30073759645752,0.29808340439287445,5.7827106856675625,8126.461550953274,2.1511481708685243,18,9,30,0,1,0,0.23947232261806412,0.9563673119789641,0.00315,0.274861779511425,99.75456902160454,74.45340145092435,0.004974243863206919,0.0,32.101638189242415,135.84706569294636
1069,abundant,109.7622890357807,93.7562045485939,56.351710860460265,0.29760374559224845,5.809927761298892,8135.625877559287,2.15391908152086,18,9,30,0,1,0,0.2447022921203164,0.9558465529291332,0.0028004811250545054,0.2748395878235815,99.75433294124757,74.44739025996567,0.004978162619370596,0.0,32.101638189242415,157.96629125380733
1070,abundant,109.80409991256109,93.80147074771874,56.407894345727144,0.278356891653276,5.812730364856052,8135.076639848245,2.1552800373490744,18,8,31,0,1,0,0.24983413683218245,0.9553201353786178,0.0028,0.2748174002076422,99.75417075215425,74.44138017198728,0.004982080536550673,0.0,32.101638189242415,144.45883187471605
1071,abundant,109.81861013053167,93.81956625681138,56.46464481258198,0.05365367872071611,5.8116685642869355,8136.896105228319,2.1658979641794645,17,12,28,0,0,0,0.23518723537473224,0.9548392585897464,0.0038510417871699164,0.2747866816080258,99.7536972465467,74.43305924707249,0.004987533877376084,0.0,32.101638189242415,154.1484705483703
1072,abundant,109.87545663426673,93.8359718125638,56.500764655421435,0.2814988286226511,5.85221646110587,8144.015235805498,2.1766795460601953,16,11,29,0,0,0,0.23754349523120669,0.954355760744992,0.00385,0.2747559716703746,99.75327464829326,74.42474066847441,0.004992985506813875,0.0,32.101638189242415,162.24676676229114
1073,abundant,109.92264098351393,93.86019224223716,56.54851985601662,0.2323385651630064,5.880603202091832,8157.688790929715,2.1808785338994094,17,11,29,0,0,0,0.23543520089164147,0.9538745820240113,0.00385,0.2747252619531152,99.75283098384288,74.41642214957513,0.004998436946962264,0.0,32.101638189242415,141.65863803338863
1074,abundant,109.99313675632841,93.87837298845551,56.60269656279853,0.33283429936478354,5.922934160460413,8172.607916095956,2.183052572891566,17,11,29,0,0,0,0.23705069342630747,0.9533916262612424,0.00385,0.2746945524568627,99.75241143091345,74.40810369054125,0.005003888197827823,0.0,32.101638189242415,141.63985040146446
1075,abundant,110.06179497981061,93.88831671374649,56.64926210431814,0.33759122458503693,5.965914699021129,8164.026323622966,2.187620062381,17,13,27,0,0,0,0.2290669239184588,0.952917584921001,0.0038547241453226002,0.27466380483496233,99.75184185411551,74.39977490419241,0.005009346161337844,0.0,32.101638189242415,179.40887121566476
1076,abundant,110.12443749426943,93.89968718479594,56.68692983517967,0.2944702397934448,5.975570496033434,8164.128423570008,2.185150822881359,18,10,30,0,0,0,0.23055871845397147,0.9524221946340837,0.0031508679779265825,0.2746387705169211,99.75142664391417,74.39299371353547,0.00501377560976137,0.0,32.101638189242415,164.12813984651626
1077,abundant,110.16809707738301,93.89697921597524,56.7378928349449,0.1928682848915234,5.976260682053104,8148.772720965433,2.1876521563690323,17,7,33,0,0,0,0.2404125804264384,0.9518963407956145,0.00245,0.2746194252090592,99.75119511513128,74.38775353800072,0.005017180944519756,0.0,32.101638189242415,171.89145832018403
1078,abundant,110.19051504138811,93.90274041024335,56.786830038107745,0.10369928715727628,5.9807526553516785,8156.220540679729,2.1797759947838427,16,8,32,0,0,0,0.2446442201717407,0.9513756321534256,0.0028,0.27459723915275047,99.75092613460025,74.38174387248847,0.005021097506920397,0.0,32.101638189242415,168.05640516491655
1079,abundant,110.21659022346641,93.87428282993821,56.80512928209972,0.19548132751953462,5.992707776642625,8141.3267257192565,2.183860133744725,14,10,30,0,0,0,0.23632169370089223,0.9508641580194116,0.002802847466314499,0.2745750301440718,99.75058394937766,74.3757279897349,0.005025018093446421,0.0,32.101638189242415,209.31475059410437
1080,abundant,110.23730850580414,93.85232586375633,56.81713915119953,0.1275841404075092,5.9882608771584005,8149.643723999128,2.181403033857907,15,8,32,0,0,0,0.2431261770649674,0.9503357294434638,0.0024646506722796587,0.2745555663685932,99.7504453803942,74.37045572419098,0.005028444442307351,0.0,32.101638189242415,190.32935204385507
1081,abundant,110.24441238391827,93.83867986802836,56.79627933635511,0.07716457329931141,5.9645912813995965,8126.674757710905,2.1847296681406143,16,8,32,0,0,0,0.24532078002849206,0.9498142765854325,0.0028000000000000004,0.27453338075736206,99.7503134219195,74.36444617923947,0.005032360613621107,0.0,32.101638189242415,186.40212438036409
1082,abundant,110.2477920430586,93.82449603479118,56.78747957398957,0.04801711056549292,5.975212518291836,8119.373066848952,2.1844543237629983,16,8,32,0,0,0,0.25024388268655395,0.9492776518853019,0.0024515561008808242,0.27451402354988236,99.75009602372684,74.35920278038634,0.005035767576523136,0.0,32.101638189242415,176.42666244491505
1083,abundant,110.25640401713413,93.8020312474358,56.79341664500946,0.1079430827457024,6.022564646648236,8111.438750462999,2.191351508817202,17,7,33,0,0,0,0.25087338397548326,0.9487216025022684,0.0017825478335607094,0.2745000967023301,99.74986783084492,74.35543033456432,0.0050381970079246335,0.0,32.101638189242415,195.18940471616332
1084,abundant,110.27505960130631,93.77587266836215,56.801295417145354,0.14460557291806733,6.021905724812658,8125.950290166387,2.1841564011466743,17,7,33,0,0,0,0.2519284692610283,0.9481830811860814,0.00245,0.2744807523549751,99.7498226851969,74.35019041920764,0.005041601494732528,0.0,32.101638189242415,201.32316762484385
1085,abundant,110.29154495876166,93.74134609950487,56.81719656082519,0.17727133041672025,6.013425001291122,8146.402180034398,2.1847425049119433,17,7,33,0,0,0,0.2537938139949424,0.9476327179973421,0.002100357380540698,0.27446424612106396,99.7496961278861,74.34571928006994,0.0050444950395789005,0.0,32.101638189242415,204.14783899443688
1086,abundant,110.31058199804404,93.70541269488044,56.82888980410905,0.16020337463011028,6.020813863946763,8193.733405400118,2.181231556033259,17,6,34,0,0,0,0.2535775763501974,0.9470825826633569,0.0021000000000000003,0.27444774289828255,99.74965084235008,74.34124895657439,0.005047387961827947,0.0,32.101638189242415,197.05282406606372
1087,abundant,110.32452503457236,93.65719537034673,56.856505464918314,0.21222363366786043,6.087173266479399,8235.996856078847,2.1838730684829626,18,9,31,0,0,0,0.24734256817840472,0.9465591278694763,0.0028079296827078007,0.27442549363793267,99.74948384123591,74.33522217061761,0.005051315060565141,0.0,32.101638189242415,201.09521249933323
1088,abundant,110.35566015659636,93.62457225037528,56.88627772788758,0.17911289326019747,6.1821152134787845,8279.243281994604,2.180214522350841,16,9,31,0,0,0,0.24152829988437965,0.9460224380913512,0.0021068339909888364,0.27440893518308884,99.7491483711732,74.33073688609356,0.005054217730392423,0.0,32.101638189242415,191.35376081295638
1089,abundant,110.374410575706,93.59989902228281,56.91682104034828,0.09816144882252106,6.287685879058644,8317.868171027367,2.174060504355192,15,7,33,0,0,0,0.24509018050431503,0.9454914388927964,0.00245,0.27438959142479435,99.7490541139446,74.32549713029911,0.005057621660934889,0.0,32.101638189242415,169.2935557162604
1090,abundant,110.38677780476993,93.57860933420463,56.9294161245776,0.10145391558321844,6.374936405689139,8317.620942302325,2.1811641790660756,15,8,32,0,0,0,0.2479467782947972,0.9449670974366722,0.0028,0.27436740690641764,99.74886135055281,74.3194878813754,0.005061536819168365,0.0,32.101638189242415,171.21252774317136
1091,abundant,110.41734042111148,93.55363541753186,56.943429704453294,0.18979882269030207,6.431030570021281,8308.908505471023,2.1928348911804756,14,8,32,0,0,0,0.25098610457305004,0.944439412721642,0.0028,0.2743452225309253,99.74864844003818,74.31347867115562,0.005065451841461206,0.0,32.101638189242415,176.83326745039452
1092,abundant,110.44097436996057,93.54350586010533,56.95582290953227,0.11274509678827162,6.470663943924739,8316.230199902195,2.195204077585727,14,8,32,0,0,0,0.24945904290517298,0.9439134077744462,0.0028000000000000004,0.2743230383176718,99.7484849133965,74.30746950488239,0.0050693667278181335,0.0,32.101638189242415,171.47173548437513
1093,abundant,110.47632560847603,93.55313870140284,56.980006067958655,0.20937870322594243,6.492872812646198,8319.411601773689,2.1948458581169255,14,9,31,0,0,0,0.2514824713129841,0.9433949770560017,0.00315,0.2742980133691007,99.7482447831791,74.30069085218807,0.005073792824124856,0.0,32.101638189242415,171.06766406927093
1094,abundant,110.4857864658824,93.56585401913688,57.00800735898626,0.09172572923931549,6.522996667459926,8319.925376121908,2.1966229841766642,14,11,29,0,0,0,0.24208148776046431,0.9429064874194653,0.0038500000000000006,0.27426730680934197,99.74795307325323,74.29237318857926,0.005079241458512328,0.0,32.101638189242415,174.52322556706793
1095,abundant,110.49621527287763,93.57809174719408,57.02433774129349,0.08399093466330171,6.557029104702295,8318.624574941838,2.2039952254685335,14,10,29,0,1,0,0.24186313252572084,0.9423854628976944,0.002679461571696766,0.2742461015061133,99.74745037463204,74.2866291853316,0.005082979760846238,0.0,32.101638189242415,172.42172086805675
1096,abundant,110.51202412910087,93.60948514289524,57.03181372240287,0.15844204533087414,6.5525315627214935,8336.401294324554,2.1989344149619177,13,8,31,0,1,0,0.23860028009085016,0.9418714025895947,0.0028000000000000004,0.2742239179642554,99.74720603252487,74.2806202009232,0.005086894038605419,0.0,32.101638189242415,178.94489247441106
1097,abundant,110.52646658678407,93.63732036269549,57.02805994855687,0.1351525606460909,6.541114657797321,8347.17052613019,2.1964606233883455,13,8,31,0,1,0,0.2449553897261676,0.9413311135546856,0.0021129247782021806,0.27420731144613764,99.74688977367059,74.2761218972219,0.005089804371641404,0.0,32.101638189242415,157.40387267593889
1098,abundant,110.55240233033794,93.64887257377606,57.0193947409045,0.13737770839282884,6.487678054919942,8319.062226718379,2.203186549976935,14,8,31,0,1,0,0.24073688789311154,0.9408147029780028,0.0028,0.2741851281923893,99.7466626154577,74.27011299085541,0.005093718412439046,0.0,32.101638189242415,161.64585361604608
1099,abundant,110.5886629207916,93.6624938583419,56.9940596245129,0.16706128897793454,6.44635263774907,8310.302535935647,2.1963673725966952,14,10,29,0,1,0,0.24122666751030586,0.9403075609682204,0.003150261588526331,0.2741601020881817,99.74627757330778,74.26333402512712,0.005098144045393603,0.0,32.101638189242415,159.78759925772584
1100,abundant,110.64781252371843,93.6563093060047,56.96767648403687,0.2989463899400329,6.376393689025251,8277.83015133378,2.2009833164054733,12,10,29,0,1,0,0.24180060174326182,0.9398095803063029,0.0035000000000000005,0.27413223739438775,99.74587514079109,74.25578615420437,0.0051030804883862475,0.0,32.101638189242415,194.9441552669495
1101,abundant,110.6971109632727,93.65832356544948,56.94190762221344,0.21447532490425084,6.317462457658423,8281.974207061161,2.1974120469227043,13,9,30,0,1,0,0.24874705550410475,0.9392941585452483,0.00315,0.27410721379687186,99.74558396291907,74.2490078674782,0.005107505414096607,0.0,32.101638189242415,185.47584156474718
1102,abundant,110.74767710114754,93.64912789066352,56.91215717090959,0.253190358117648,6.251931352243693,8276.283959948792,2.199666493579961,13,9,30,0,1,0,0.25034928688030067,0.9387671902291492,0.0028005678381911774,0.27408502665237916,99.74519036368974,74.24299790720325,0.005111419669890305,0.0,32.101638189242415,214.76732848948586
1103,abundant,110.77608254182346,93.66017842371932,56.87242938644331,0.16695835904612866,6.175905630854351,8273.436496959228,2.196632907511615,12,7,32,0,1,0,0.24915669139759355,0.9382220410702843,0.0021044000597280335,0.27406849033449093,99.74492282610545,74.23851861904453,0.005114316696843288,0.0,32.101638189242415,184.37173771764176
1104,abundant,110.79091852815968,93.64434701673039,56.83095641655795,0.13774260571761252,6.060595444417797,8263.881526644349,2.207111892115466,11,8,31,0,1,0,0.2426771482135505,0.9377034962072495,0.0028,0.2740463080730624,99.74471790751191,74.23250998147344,0.0051182298865333035,0.0,32.101638189242415,208.73927463359422
1105,abundant,110.81525454276193,93.62330718941571,56.810165323189906,0.195353790773453,5.936845271845759,8264.402090357362,2.1976657374257167,11,9,31,0,0,0,0.24122277417149834,0.9371866883260122,0.002804898941125717,0.27402408618918905,99.74432577966665,74.22649061114134,0.005122150097646368,0.0,32.101638189242415,194.12075471819972
1106,abundant,110.81293009232677,93.60815646948001,56.80452974465233,0.10088847191719963,5.817904223884181,8259.655621686317,2.2012723839415127,12,8,32,0,0,0,0.2406854853183241,0.9366703342921621,0.0028000000000000004,0.274001904224124,99.74406040975893,74.22048205384795,0.005126063015348022,0.0,32.101638189242415,183.36068557050802
1107,abundant,110.81441437791106,93.60073186803605,56.806931679969566,0.0794813930398297,5.751926268498663,8271.993982809698,2.1944859727650643,13,8,32,0,0,0,0.24697821986349178,0.9361372728222083,0.0024505204248674696,0.2739825590787537,99.74374225296006,74.21524192232823,0.005129465211640454,0.0,32.101638189242415,184.78079835530178
1108,abundant,110.78108750698125,93.58154554224615,56.833485499486905,0.14064964968895965,5.731757925718448,8279.76161038658,2.196785136715632,13,6,34,0,0,0,0.25124539833530024,0.9355897028840398,0.0021000000000000003,0.27396605919236733,99.74363641391409,74.21077250258132,0.005132355183587525,0.0,32.101638189242415,188.94781320714063
1109,abundant,110.7437956248798,93.57301462880372,56.8719811508646,0.10138268195167356,5.739699981474762,8300.374875789908,2.1850585593205767,14,6,34,0,0,0,0.25634110882121697,0.9350365276643362,0.0021000000000000003,0.2739495594310384,99.74350811065338,74.20630311670945,0.005135245055190089,0.0,32.101638189242415,173.5449663575112
1110,abundant,110.69545205313666,93.54478582062262,56.94036737270933,0.2171044339880806,5.714762796887564,8316.696936672612,2.1884217349205994,14,9,31,0,0,0,0.24988138851573205,0.9345100635726631,0.002800194131928735,0.27392737642362036,99.74313045161365,74.20029427706787,0.005139157801838074,0.0,32.101638189242415,200.61553391228267
1111,abundant,110.66063339729547,93.5235026494331,57.023020564415845,0.1317130686911656,5.744584525487499,8339.185473724501,2.18363131132384,14,6,34,0,0,0,0.25869664282915217,0.933954297265551,0.0021000000000000003,0.27391087693507377,99.74299742218803,74.19582496508612,0.005142047437242715,0.0,32.101638189242415,207.26596159939558
1112,abundant,110.62759656627914,93.49894351285161,57.101217709860045,0.14039822816230835,5.776824220453389,8344.2347478202,2.1921721242170014,14,8,32,0,0,0,0.25138081248873695,0.9334261783718134,0.0028,0.27388869579463787,99.74274127644053,74.1898166311648,0.005145959664076518,0.0,32.101638189242415,195.2837327412303
1113,abundant,110.63942938177104,93.49825304685606,57.144240326972614,0.10407961188354692,5.8031406840951085,8363.152892270737,2.1889945392863908,15,12,28,0,0,0,0.23841653176001354,0.9329418545299699,0.003854797967591664,0.27385795321839035,99.74231567058953,74.18148921156117,0.005151412802488625,0.0,32.101638189242415,182.9234373919531
1114,abundant,110.64014106560678,93.51085009629941,57.18429089440749,0.09058745065944009,5.832669480627979,8373.695360942671,2.20040758509063,15,11,29,0,0,0,0.24234541701003645,0.9324435058868819,0.0035082612722542247,0.27383002363931574,99.74187543261807,74.17392376478682,0.005156359465525299,0.0,32.101638189242415,166.5837500242356
1115,abundant,110.62590393036196,93.54301442287002,57.20813944664108,0.1568948557290745,5.870672507688842,8393.95400926115,2.1986793771282462,15,8,32,0,0,0,0.24937057290267034,0.931917598256689,0.0028000000000000004,0.2738078431097827,99.74169111920705,74.16791559634429,0.005160271195422303,0.0,32.101638189242415,156.9080189898628
1116,abundant,110.64139820513194,93.54593981847111,57.21814090563138,0.10064483256474577,5.8800229588827335,8386.064873674695,2.211471214703726,16,10,30,0,0,0,0.24031878647251914,0.9314212475915691,0.0035000000000000005,0.27377998096487705,99.74132514567214,74.16036841585367,0.0051652054812596875,0.0,32.101638189242415,190.67548932504897
1117,abundant,110.67046568382725,93.55125458944514,57.21841703527288,0.1500362648744676,5.91754455539996,8378.859566278174,2.2089835010455676,16,8,32,0,0,0,0.2459568953481121,0.9308987416494287,0.00278738009794804,0.27375790323156873,99.74098562302571,74.15438809241964,0.005169098466480319,0.0,32.101638189242415,180.87692683795913
1118,abundant,110.67830120084743,93.5559984880176,57.19609047445292,0.01813793103771396,5.916254879897705,8355.833280020262,2.2129085005234237,16,10,30,0,0,0,0.2390870078661484,0.9303940219111657,0.003152713228209439,0.2737328603075771,99.74067759594534,74.1476045706191,0.0051735250639340525,0.0,32.101638189242415,173.0171749271868
1119,abundant,110.70278885709126,93.55739448388283,57.176662971633995,0.14120317580826583,5.903685522751004,8331.696623794196,2.218326392104995,14,8,32,0,0,0,0.2500621263942044,0.9298481297766529,0.002113435875737036,0.27371625319859455,99.74036426752087,74.14310610686682,0.00517643313570803,0.0,32.101638189242415,187.80964074376953
1120,abundant,110.71748943451578,93.55411307676376,57.1648544950134,0.0714926813316205,5.95801180670747,8309.61503043129,2.2296598292919803,14,5,35,0,0,0,0.2597412663145139,0.929281414383707,0.0017500000000000003,0.27370259616820086,99.74027624887188,74.13940674798056,0.005178810130971726,0.0,32.101638189242415,197.26513400024825
1121,abundant,110.71577080654671,93.54494859776185,57.14339518350382,0.07095646904398206,5.943622986629753,8273.253958464818,2.2393957204969803,14,6,34,0,0,0,0.25711248888820903,0.9287273906459299,0.0021000000000000003,0.2736860983543343,99.74013262066013,74.13493788962909,0.005181698389583288,0.0,32.101638189242415,198.6248420843101
1122,abundant,110.71050190498849,93.54530835503223,57.14635607394489,0.025793633582175,5.916228589269921,8260.807694313065,2.2545172844439954,15,7,33,0,0,0,0.25802371886133996,0.928172391487894,0.0021009618825577835,0.27366959285400955,99.73987582910979,74.13046694920219,0.005184587953208929,0.0,32.101638189242415,180.24410239331817
1123,abundant,110.72355073025798,93.54559470176166,57.138726815277984,0.0988918172969664,5.85534149790307,8242.81047219476,2.2518061839248813,16,7,33,0,0,0,0.25702706398599096,0.9276282617175096,0.00245,0.2736502544090095,99.73968030689211,74.12522863265055,0.005187987357086137,0.0,32.101638189242415,176.29662844085072
1124,abundant,110.7061403683721,93.52631208322107,57.145514688900825,0.11488505146028491,5.81885922524275,8237.101659793458,2.250574453899795,16,10,30,0,0,0,0.2488905552962067,0.9271128262078445,0.0031551464700305424,0.2736251925587578,99.739297217818,74.11843998418436,0.005192416853624663,0.0,32.101638189242415,202.7924071199426
1125,abundant,110.70003925983681,93.51070187427533,57.147166160482854,0.08487103244379562,5.839249045601006,8241.823897384951,2.2447489858465555,16,9,31,0,0,0,0.2514961442268174,0.9265846532314619,0.0028025993666777153,0.27360299246111147,99.73891931310715,74.11242651521373,0.005196331129194885,0.0,32.101638189242415,209.12197036959233
1126,abundant,110.68794214804731,93.50201203441145,57.15684084368947,0.05869788825743549,5.830057727446166,8261.784629478141,2.2383908291233974,16,10,30,0,0,0,0.2505857225982405,0.9260575057260286,0.002803456765168902,0.27358078557615995,99.73848674225594,74.10641120772641,0.005200246521504225,0.0,32.101638189242415,192.75742309246348
1127,abundant,110.67903391478437,93.51036928562706,57.145846758385005,0.02373953389303972,5.831545036233107,8285.137571898857,2.2292118253852347,15,10,30,0,0,0,0.2446786886166,0.9255368340532414,0.002802674453249667,0.27355858518179066,99.7379665350463,74.10039765838069,0.005204160634916295,0.0,32.101638189242415,186.27295361137755
1128,abundant,110.64673316450273,93.52772774138526,57.141260146336876,0.11512320569093659,5.833376176591112,8321.366783843856,2.2285703963266847,17,7,33,0,0,0,0.24657667706461509,0.9250041997084703,0.00245,0.2735392475463998,99.7377416373091,74.09515956113259,0.005207559359198297,0.0,32.101638189242415,169.35476021240493
1129,abundant,110.6196883322566,93.54520007803185,57.12776828064,0.07476800362579185,5.827478495969887,8343.176411659486,2.225091670665805,17,8,32,0,0,0,0.250739487149411,0.9244714266525792,0.0026085849990479196,0.2735186228435916,99.73742285366859,74.08957282848203,0.005211189656288372,0.0,32.101638189242415,170.84872448505087
1130,abundant,110.56187796387924,93.55156574768448,57.12258386906821,0.1939330589285255,5.749454585578507,8357.659154737652,2.2202465950696184,18,9,31,0,0,0,0.24890879069865254,0.9239460664285437,0.0028014087761822704,0.27349643316675704,99.73705683255145,74.08356218225698,0.005215101540597783,0.0,32.101638189242415,174.61101987351992
1131,abundant,110.49701496139642,93.56743836562177,57.1220290997952,0.20101468374190792,5.674318784845724,8372.962450109815,2.2100416197865997,18,7,33,0,0,0,0.2549810343073818,0.9234041872908054,0.00245,0.27347709596663716,99.73677983715375,74.07832420291327,0.005218499884993821,0.0,32.101638189242415,171.95497151771795
1132,abundant,110.42378579948092,93.57431996577385,57.118711637681564,0.2378967154009781,5.65082699092098,8375.236034965441,2.201926602494238,17,7,33,0,0,0,0.25529900457112664,0.9228521980349068,0.0021014160403426295,0.2734605882847701,99.7363567475053,74.07385267155937,0.0052213888343311254,0.0,32.101638189242415,188.21588137083737
1133,abundant,110.37807935329127,93.5643826170032,57.134519698525935,0.12511626450267505,5.672979205754603,8391.191221986926,2.1920697670502483,17,6,34,0,0,0,0.25390049923702535,0.9223017074857462,0.0021000000000000003,0.2734440922251074,99.73619034489485,74.06938428837925,0.005224275614541153,0.0,32.101638189242415,201.16504042525702
1134,abundant,110.33809787143653,93.54654153744588,57.140668076404175,0.14595337361830732,5.722055666835233,8391.824317171486,2.186637020004365,17,6,34,0,0,0,0.2547077296126994,0.9217405325687074,0.0017501280548253343,0.27343043613129137,99.73587555310588,74.0656851831892,0.005226651135723099,0.0,32.101638189242415,207.34762090508917
1135,abundant,110.33940927788676,93.50210612601258,57.14830789529391,0.21288509408589235,5.791826862059061,8404.322188599697,2.1839840031610285,17,6,34,0,0,0,0.25248519216722976,0.9211915988573235,0.0021000000000000003,0.2734139403110379,99.73580154434713,74.06121686485925,0.005229537733217501,0.0,32.101638189242415,209.95355539097181
1136,abundant,110.35363882028655,93.45182037213341,57.128788033968114,0.22914845695902974,5.870311750377942,8425.926249266311,2.1786168163818664,16,7,33,0,0,0,0.24909978117561044,0.9206366487592984,0.0017521307595828681,0.27340026818856206,99.7354039633225,74.05751341789333,0.0052319159976182495,0.0,32.101638189242415,180.87947188134262
1137,abundant,110.38710089409751,93.40503327667243,57.13005351859395,0.26354209092229136,5.930216700564077,8458.714601896783,2.1757216910134325,16,5,35,0,0,0,0.25447858382392774,0.9200660086817948,0.0014030844536564954,0.2733894293235285,99.73522673961074,74.05457743177314,0.0052337842268966326,0.0,32.101638189242415,209.77083314581188
1138,abundant,110.40761643893661,93.37166304659293,57.14982972700774,0.13945971238853896,5.974268782601764,8490.995931691941,2.1705667172830485,16,7,33,0,0,0,0.2534180578673381,0.9195258488181406,0.00245,0.2733700929145706,99.73489478889039,74.04933966673603,0.005237181922599548,0.0,32.101638189242415,186.72575446148147
1139,abundant,110.43191585341667,93.3450521968924,57.176185986465136,0.13493187921067468,6.011558746857792,8519.203132535484,2.162223913656607,16,6,34,0,0,0,0.25987144006865803,0.9189687902340651,0.0021000000000000003,0.2733535975518439,99.73469960106449,74.04487147233901,0.005240068154447975,0.0,32.101638189242415,189.93708239875613
1140,abundant,110.4572682839391,93.31708529381073,57.197443400279305,0.12965184315448353,6.031218668761797,8552.530411894943,2.1510162375250736,16,7,33,0,0,0,0.26038731698633794,0.9184112330621256,0.002102459883768918,0.27333708234060305,99.73432957987663,74.04039790146004,0.005242957879942996,0.0,32.101638189242415,180.61653877210378
1141,abundant,110.48722192032176,93.30437989350384,57.22658497873783,0.13529213304526228,6.021723761675195,8561.150671557945,2.15176363469593,17,7,33,0,0,0,0.25253355268919175,0.9178720461541674,0.00245,0.27331774632566347,99.73398564804661,74.03516024315296,0.0052463552571218215,0.0,32.101638189242415,179.42852184857767
1142,abundant,110.52798131055087,93.27490823274255,57.24993263524141,0.22890263215378334,5.986241284872049,8543.96188809209,2.1504053300188244,17,7,33,0,0,0,0.2503617561085839,0.9173255840872077,0.0021048523128505046,0.27330121194926205,99.73363467903108,74.03068148089599,0.0052492482596291894,0.0,32.101638189242415,201.09304651913422
1143,abundant,110.59319395764487,93.25359233318889,57.269212573229595,0.30240413802227384,5.9891745568990675,8534.349909218785,2.151496782656982,17,9,31,0,0,0,0.24788830878182405,0.916811106947548,0.00315,0.2732761944124816,99.73329191304174,74.02390483587631,0.005253668110157825,0.0,32.101638189242415,193.2843035279554
1144,abundant,110.62742730423743,93.23123797726971,57.27690621890213,0.12353417000017883,6.003080087153048,8522.950609007901,2.145740966062003,18,7,33,0,0,0,0.24715911184077285,0.9162778319245228,0.00245,0.2732568588239842,99.73298851075508,74.0186672930821,0.005257065115460114,0.0,32.101638189242415,187.72282260670517
1145,abundant,110.64188095495562,93.20173927244034,57.311076174817686,0.10042919139294368,6.012673959683037,8490.687196896033,2.149572841991146,18,6,34,0,0,0,0.2499299479820089,0.9157219580468606,0.0017517523256393008,0.27324319092705557,99.73279695487956,74.0149649907146,0.0052594418711780335,0.0,32.101638189242415,191.63763623410594
1146,abundant,110.62507699057593,93.19343058314956,57.34133943799835,0.09822769078784252,6.0347574621796465,8498.639756727905,2.145808889455443,19,6,34,0,0,0,0.2560098084016896,0.9151593505126183,0.0017501162499859106,0.2732295364174986,99.73269378314272,74.01126631466198,0.005261816154083869,0.0,32.101638189242415,183.3862225361034
1147,abundant,110.5844160910427,93.19013827689062,57.3557421895812,0.1527552880417632,6.035708749263042,8481.24523950083,2.1489602761016777,19,5,35,0,0,0,0.25289730099127866,0.914600163481528,0.0017500000000000003,0.27321588294343274,99.73249893520915,74.00756791909883,0.005264190184710897,0.0,32.101638189242415,180.6676275017077
1148,abundant,110.52281817946611,93.20510632062215,57.38347099837557,0.24461049661658815,6.068125820358696,8476.050713270728,2.14919021778178,18,3,37,0,0,0,0.26491939655658,0.9140081521453156,0.0010500000000000002,0.27320791134627254,99.73246026013355,74.00540860642674,0.0052655414411457565,0.0,32.101638189242415,175.88902138897993
1149,abundant,110.4484337344766,93.21236758233772,57.37717495452995,0.2884104351650852,6.104040649029283,8441.792626218674,2.158733340119744,18,5,35,0,0,0,0.25870204860981244,0.9134425798918449,0.0017500000000000003,0.27319425802807334,99.73224888790949,74.0017102530841,0.005267915342424785,0.0,32.101638189242415,171.93864115420575
1150,abundant,110.38525318496616,93.2310205328311,57.359592814673796,0.21293540759650567,6.1364886677023875,8423.796177073491,2.163939465873318,18,3,37,0,0,0,0.2611395314325096,0.9128547264072691,0.0010500000000000002,0.2731862865937933,99.73225891048928,73.99955098453229,0.005269266469516137,0.0,32.101638189242415,171.4731572180104
1151,abundant,110.3213067238523,93.25203891141588,57.31812345619809,0.24218975373226434,6.164559489480689,8393.362754029804,2.172667385819178,18,4,36,0,0,0,0.26470201153214346,0.9122727541945839,0.0014,0.2731754743359725,99.732158200511,73.99662220566185,0.005271128895575158,0.0,32.101638189242415,183.78302718419206
1152,abundant,110.28671863870007,93.2657810006917,57.27728689729995,0.11528489348149662,6.1854565489228,8365.454643746983,2.1787466006321496,16,6,34,0,0,0,0.25701645168623444,0.911718836097729,0.0021000000000000003,0.2731589803809516,99.73195455652713,73.99215439257824,0.005274013948729709,0.0,32.101638189242415,196.4289847868228
1153,abundant,110.25105540834939,93.29363980345254,57.21856551197925,0.1643294410536493,6.194699925771796,8333.736965683864,2.1791066048013517,17,6,34,0,0,0,0.25928250688311216,0.9111526858204115,0.001752160009073398,0.2731453098905877,99.73166685299431,73.98845138771193,0.0052763907115773905,0.0,32.101638189242415,175.93056400225686
1154,abundant,110.22616025039163,93.31553243805709,57.15283102045559,0.1038790533239101,6.226506552060646,8280.974668544302,2.180928866546452,17,6,34,0,0,0,0.2591824443676945,0.9105859020789066,0.001725605260691054,0.2731318550124028,99.73132323282742,73.98480678696477,0.00527872859572514,0.0,32.101638189242415,165.52550061415255
1155,abundant,110.22152320617583,93.31898564314959,57.12260465804675,0.05348826146795266,6.239365871931405,8242.901969118684,2.1853216349143723,16,7,33,0,0,0,0.2509359916434822,0.9100484724880985,0.00245,0.2731125204397472,99.73104071762772,73.9795695193375,0.005282124730886787,0.0,32.101638189242415,189.65087460691194
1156,abundant,110.19759848214066,93.32554403076622,57.106148564340856,0.08865805901346775,6.260759392329404,8227.625058445388,2.1873651659675915,17,5,35,0,0,0,0.2608815875598499,0.9094805027417827,0.0017500000000000003,0.27309886777330683,99.730806855608,73.97587134254054,0.00528449805636714,0.0,32.101638189242415,174.86365639713296
1157,abundant,110.21318242679638,93.32441816743629,57.077035993416004,0.11155191653350445,6.254197937847155,8226.37379373356,2.1942256398819966,18,9,31,0,0,0,0.2481939065214279,0.908946166081235,0.0024527370223557344,0.27307951120615637,99.7303990271897,73.97062811713711,0.0052878979899612195,0.0,32.101638189242415,156.4252402015451
1158,abundant,110.22339929508355,93.33044398685539,57.05477840296224,0.07487123375823,6.222284675187081,8240.041579538367,2.198444983166026,18,10,30,0,0,0,0.24653469594487137,0.9084138783019812,0.0024607280816196933,0.2730600898799148,99.72987966478097,73.96536735006379,0.00529130948034764,0.0,32.101638189242415,184.52339315317528
1159,abundant,110.21167652700709,93.33251500984579,57.03710796894258,0.03299328813963815,6.207122015209437,8246.166196084632,2.205042928728484,18,5,35,0,0,0,0.25561920095841684,0.9078419007281952,0.0014001266881487455,0.2730492774016586,99.72963123559137,73.96243851148272,0.005293171326127523,0.0,32.101638189242415,164.63502741052213
1160,abundant,110.20120494484843,93.32712548846362,57.036908331799076,0.03716129868379073,6.126585857603674,8246.945591187374,2.2119541300147847,17,4,36,0,0,0,0.2611422464445979,0.9072638442571058,0.0014,0.27303846603136595,99.7294948413155,73.9595099730222,0.005295032922171211,0.0,32.101638189242415,156.95190055659174
1161,abundant,110.18020190079476,93.33377750351416,57.02889929588289,0.08158807647111295,6.057448932895708,8233.93982021261,2.2187049600488113,17,3,37,0,0,0,0.26374492646854863,0.9066731248379906,0.0010500000000000002,0.273030495625242,99.72938156222678,73.95735098297298,0.005296383107696279,0.0,32.101638189242415,168.7802342590024
1162,abundant,110.18014149903733,93.34405092928947,57.01230134555976,0.049586936154855314,6.00636561578619,8211.024213286633,2.227969710094822,16,4,36,0,0,0,0.2630632379133848,0.9060831766243324,0.0010507624302325375,0.27302251907835157,99.72918756054406,73.9551903295388,0.005297734360242315,0.0,32.101638189242415,163.78757953992513
1163,abundant,110.19147942935629,93.35853641032273,56.99020240753132,0.09537343910203082,5.975793812377339,8205.19036541717,2.2200249514710526,17,3,37,0,0,0,0.2665148913967964,0.9054894102437959,0.0010500000000000002,0.2730145487764974,99.72910002615572,73.95303136773374,0.005299084451969079,0.0,32.101638189242415,155.66884318766864
1164,abundant,110.18250897393952,93.38313095194688,56.979460783149364,0.09658335116898048,5.981187195926123,8205.559052103352,2.2090907829307893,17,3,37,0,0,0,0.26238930365018087,0.9049001820097807,0.0010500000000000002,0.2730065785335162,99.72902462871447,73.95087242187594,0.0053004344968184715,0.0,32.101638189242415,160.1738801223117
1165,abundant,110.1782271323001,93.41861567613711,56.951933052672075,0.16631814322049662,5.99762730586405,8197.915931873038,2.201820256983835,17,4,36,0,0,0,0.25229930462090727,0.904322074499443,0.0010507758837647462,0.2729986020391959,99.72879994573482,73.94871178268176,0.0053017856283491685,0.0,32.101638189242415,161.56883060998683
1166,abundant,110.17394044332832,93.46506982834529,56.9158115891787,0.18898859710296162,6.061121105813696,8216.783128790179,2.1958113715197487,17,3,37,0,0,0,0.2605988718951937,0.9037250617800952,0.0007016442763177679,0.2729934594349897,99.72865080845355,73.94731877570877,0.005302626635796702,0.0,32.101638189242415,147.12818446461227
1167,abundant,110.16392304771527,93.5235812574064,56.877232363271766,0.22685034336129678,6.11066654066602,8224.70903964631,2.1956617283622752,18,4,36,0,0,0,0.26017573714765885,0.9031383157005453,0.0010516868325876636,0.2729854756195481,99.72844735989952,73.94515615340006,0.005303979022098295,0.0,32.101638189242415,146.54927452563797
1168,abundant,110.1681060367154,93.56653536441868,56.85644532847946,0.1423735882124051,6.13780093043838,8232.707776468837,2.201707983973408,18,4,36,0,0,0,0.2597619620830808,0.9025617775422539,0.0014,0.2729746646484478,99.72830226205483,73.94222772307104,0.005305840242881276,0.0,32.101638189242415,160.6876573914614
1169,abundant,110.17080855402018,93.59875804492927,56.85111582270226,0.1120194810242491,6.165818235374994,8241.489726254222,2.2092210615279404,18,6,34,0,0,0,0.25446563745143697,0.9020106653410572,0.0021000000000000003,0.27295817197239797,99.72809471909373,73.93776025642974,0.005308724090801638,0.0,32.101638189242415,194.89145732712197
1170,abundant,110.16177086271964,93.63838775839767,56.85079899855359,0.15216134984003715,6.193335682157811,8239.221473960934,2.2141593113323066,17,7,33,0,0,0,0.25757067557257496,0.901446579228249,0.0017586296543367762,0.27294445023531755,99.72769156597023,73.93404337006865,0.005311109100532566,0.0,32.101638189242415,173.55866610908205
1171,abundant,110.16353567404272,93.67244591391953,56.86577880051193,0.10200029413028029,6.219167088550487,8252.741817635208,2.2151809163064358,17,6,34,0,0,0,0.2550723949813909,0.9008947995937693,0.0021000000000000003,0.2729279577389589,99.72740398415397,73.92957595210132,0.005313992765509658,0.0,32.101638189242415,178.2175444610333
1172,abundant,110.14782970124233,93.69742950745493,56.869519674887286,0.09893693425634364,6.259694783845413,8264.504313109057,2.215647469111159,16,5,35,0,0,0,0.25996666276887254,0.9003278362647237,0.0017500000000000003,0.2729143062383206,99.72716567488173,73.92587809109192,0.005316364984480241,0.0,32.101638189242415,181.54600485959344
1173,abundant,110.12771102588859,93.72115433268125,56.87808536937314,0.0886584657953361,6.283427267224155,8285.028415834066,2.209051866452879,17,5,35,0,0,0,0.26366808322661345,0.8997568013731743,0.0017500000000000003,0.27290065482620995,99.7269853599454,73.92218025406252,0.005318737121083541,0.0,32.101638189242415,174.3833858603943
1174,abundant,110.07950642662536,93.74713231762817,56.88981513062289,0.22790318551228794,6.254362090144656,8306.208262919623,2.2080896768718565,18,5,35,0,0,0,0.2658373639429275,0.8991833802728373,0.0017500000000000003,0.27288700350544615,99.72677669130466,73.91848244177676,0.0053211091753224155,0.0,32.101638189242415,168.4461284017535
1175,abundant,110.04378444517826,93.76588084962414,56.90606794205441,0.13444066579958758,6.18537949020747,8307.839489399012,2.2127130231002714,19,6,34,0,0,0,0.2629704681313892,0.8986131707630667,0.0017520716133654242,0.2728733354529587,99.72645621537063,73.91478009727216,0.005323484173802472,0.0,32.101638189242415,163.56974596532535
1176,abundant,109.99481382521863,93.7755426197512,56.92636776388654,0.1867832825048277,6.122551234842513,8328.784589348194,2.2117675922007485,19,6,34,0,0,0,0.2613910014911841,0.8980544406614264,0.0021000000000000003,0.27285684342335476,99.72631928443624,73.91031280573739,0.0053263674090969805,0.0,32.101638189242415,180.32537306872507
1177,abundant,109.95808949100424,93.76166909632373,56.93343571103647,0.14896544778702817,6.062815443838657,8338.381557639834,2.2157857523801265,20,7,33,0,0,0,0.2605135982356704,0.8975064757033671,0.00245,0.2728375106288775,99.72615597889752,73.90507601977558,0.00532976189016188,0.0,32.101638189242415,190.9190784060092
1178,abundant,109.93016427096984,93.74735177677493,56.94953529151221,0.11163312716457749,6.053198342025711,8383.592300895805,2.2101343561963707,20,7,33,0,0,0,0.25851141083900686,0.8969412107461192,0.0017534855241014718,0.2728238314405474,99.72579903535214,73.9013706588408,0.00533213865391261,0.0,32.101638189242415,186.28794117532834
1179,abundant,109.93440541758093,93.72735442050453,56.94194720432959,0.07321049742982143,6.008671265263015,8411.806445459413,2.216856947215059,20,6,34,0,0,0,0.25920640442859905,0.8963848837012476,0.0021000000000000003,0.27280733975226895,99.72558783752686,73.89690345976284,0.005335021588709553,0.0,32.101638189242415,200.03986211387488
1180,abundant,109.96503097539986,93.71592313756842,56.92645799847655,0.1378715335151355,5.981313112821914,8442.012039101552,2.22486156775652,20,7,33,0,0,0,0.2601725164169867,0.895798986973747,0.0010818943056418368,0.27279911194683,99.72523021415408,73.89467474647104,0.005336416982968552,0.0,32.101638189242415,185.96542942506463
1181,abundant,109.99885604224653,93.711308045115,56.90821244236103,0.1482239273096928,5.921645764453375,8456.947852211408,2.2309514290486265,20,5,35,0,0,0,0.2583031526535208,0.8952243464467866,0.0014104621770932991,0.2727882172519344,99.72505620938409,73.89172363739291,0.0053382923625706095,0.0,32.101638189242415,172.89308382098437
1182,abundant,110.0379747492013,93.70217742689671,56.88992213762276,0.16108388189563186,5.901517624703085,8470.608717191419,2.239319942501902,20,5,35,0,0,0,0.2582170405905232,0.8946536062881879,0.001546378073248162,0.27277621942136104,99.72486908750354,73.88847371556744,0.005340366248581193,0.0,32.101638189242415,165.56706238524748
1183,abundant,110.09002755741149,93.69100322673148,56.89730477941356,0.2285395514132073,5.92673200807638,8490.013240893386,2.2398881407341396,20,5,35,0,0,0,0.25759145465508915,0.8940794784952384,0.0014008145418181871,0.27276540318312503,99.72469929280663,73.8855438584989,0.005342227395976756,0.0,32.101638189242415,177.56031878048825
1184,abundant,110.11784487235809,93.68301529268881,56.90879989807361,0.08467427939299453,5.996020992343181,8512.04962608475,2.2274249927852505,21,4,36,0,0,0,0.2650533200850679,0.8934971198431448,0.0014,0.2727545936275234,99.72455181798885,73.88261581159422,0.005344087288714255,0.0,32.101638189242415,173.54593053601667
1185,abundant,110.13809424758628,93.67091503651463,56.926795509580224,0.06754103067779889,6.066339992841267,8530.726384144247,2.208589051721707,21,4,36,0,0,0,0.2571639267486521,0.8929234395237213,0.0014,0.27274378414692757,99.72444037738238,73.8796877850068,0.005345947116873267,0.0,32.101638189242415,188.9932603138339
1186,abundant,110.15358071480792,93.67603982955875,56.939814017382886,0.06604966483414308,6.117023830137616,8550.144015574988,2.193738881153099,21,7,33,0,0,0,0.2565214729367315,0.8923576841818669,0.0016577956562908876,0.272730882236926,99.72409462281841,73.8761929699527,0.005348183516875982,0.0,32.101638189242415,159.52334380575925
1187,abundant,110.15326016884447,93.68947928205384,56.942883692240926,0.0765550427451884,6.142359973677436,8547.200647604557,2.1852507750497168,21,5,35,0,0,0,0.25866412757750334,0.8917799400626905,0.0013138007556657563,0.2727207725470498,99.72382121586224,73.87345449972874,0.00534991726672579,0.0,32.101638189242415,169.45536654453775
1188,abundant,110.15161565574674,93.7023165759962,56.9418268032958,0.07660903144650229,6.147452366711441,8541.85019506405,2.180619818558581,20,5,35,0,0,0,0.259336070353534,0.8912136703853015,0.0017500000000000003,0.27270712237198647,99.72364060016096,73.8697569977855,0.005352288238339516,0.0,32.101638189242415,177.50459244605034
1189,abundant,110.1643406141047,93.7082012148749,56.944846127809015,0.08071416848990356,6.150441217719357,8546.994555427562,2.1790731457185113,20,6,34,0,0,0,0.25892109940674424,0.8906479169869552,0.0017521361071790409,0.27269345494218183,99.7234269428482,73.8660548219506,0.005354662248456716,0.0,32.101638189242415,178.27130233625033
1190,abundant,110.17909985871549,93.71849662010214,56.94964116540846,0.08716152733614782,6.154965435578931,8566.308181054643,2.169621355465383,20,6,34,0,0,0,0.2611681175878283,0.8900894320576084,0.0021000000000000003,0.27267696405195685,99.72321226738384,73.86158783904601,0.005357544401197981,0.0,32.101638189242415,157.66575296547623
1191,abundant,110.19689744258628,93.72980222538207,56.97476453525849,0.10356994762201756,6.160085264409295,8587.120311566134,2.1657056339684284,19,7,33,0,0,0,0.2616916777454365,0.8895305252477265,0.002105501272779158,0.2726604286203304,99.7228453843317,73.85710879095414,0.005360434491161024,0.0,32.101638189242415,167.13387064269176
1192,abundant,110.22647787929061,93.72962979971862,57.0096528835881,0.10622508627869187,6.163330774595579,8599.499455118275,2.1591478340934107,20,6,34,0,0,0,0.26290459248702636,0.8889506340614076,0.0014037094791848486,0.2726495896185237,99.72248552119754,73.85417276778541,0.005362299171224127,0.0,32.101638189242415,209.7660717056132
1193,abundant,110.24421670192498,93.71707549723116,57.04492224438415,0.049621220327064584,6.15215486372535,8598.003393013918,2.1574705661014457,20,6,34,0,0,0,0.26113644849001716,0.8883919889822611,0.0020930362211559793,0.2726331555486668,99.72224242406965,73.84972117614286,0.00536517088480013,0.0,32.101638189242415,203.40914887712984
1194,abundant,110.27411183642437,93.70779836371455,57.07561111465518,0.10110569501967051,6.178827200507101,8605.44524662973,2.154728252658979,20,9,30,0,1,0,0.24973231770607596,0.8878657370010803,0.0028019131534293648,0.2726109677548337,99.7218558906588,73.84371103997732,0.005369078159521148,0.0,32.101638189242415,202.9234422103441
1195,abundant,110.33001759542307,93.69253267324476,57.085891456166834,0.20684885762255656,6.168460000138566,8599.61246849614,2.1489163545828056,19,9,30,0,1,0,0.2436977397267026,0.8873167214758635,0.001751856731517519,0.27259730322822473,99.72124858957623,73.84000965054783,0.005371451178500543,0.0,32.101638189242415,205.23679618915253
1196,abundant,110.39383630607695,93.65751800414539,57.09195895638097,0.28205044153971,6.150916273171011,8582.865133462772,2.1400180828664737,18,5,34,0,1,0,0.25595544033123435,0.8867541704914992,0.0017500000000000003,0.2725836538634011,99.72103700190769,73.83631236807892,0.005373821402421978,0.0,32.101638189242415,204.679695548201
1197,abundant,110.43361677879795,93.62630560189977,57.089696293461294,0.15807360742741342,6.138570416201153,8571.702233498974,2.1314094879492305,19,3,36,0,1,0,0.2659745563920316,0.8861609984794679,0.0010500000000000002,0.27257568637427626,99.72089536034974,73.83415416817414,0.00537516885228342,0.0,32.101638189242415,207.36692931243073
1198,abundant,110.44943942927246,93.5874823313696,57.083859919383215,0.14045950938107632,6.155458267417637,8575.708074732065,2.121544721997499,19,3,36,0,1,0,0.2698077219105356,0.8855508053495974,0.0005926915796822481,0.27257143082759344,99.7207375706635,73.83300144360788,0.005375848133139017,0.0,32.101638189242415,196.25632369416388
1199,abundant,110.45199590064897,93.53783597813513,57.06195989571214,0.15829791238309993,6.205884209455966,8582.301786828837,2.118605980271195,20,1,38,0,1,0,0.270306075359227,0.8849332686667022,0.00035,0.2725691452014906,99.72075030929372,73.83238232283342,0.005376172820867107,0.0,32.101638189242415,184.6420518293713
1200,abundant,110.45156995000725,93.4854818279168,57.050608775930584,0.1669422585164429,6.225369679464582,8583.521306303679,2.122535392141902,20,1,38,0,1,0,0.27147858987374385,0.8843144422178412,0.00035,0.27256685959654947,99.72076075783512,73.83176320779114,0.005376497497321514,0.0,32.101638189242415,179.25076919305647
1201,abundant,110.4611914962032,93.428225157459,57.04149023915237,0.2123348292199562,6.252812558994609,8576.955500684497,2.1308086251573473,19,3,36,0,1,0,0.26948073954838603,0.8837076935401356,0.0007028619927731364,0.27256170987992423,99.7206533000323,73.83036827423604,0.005377337689721377,0.0,32.101638189242415,182.41010358845662
1202,abundant,110.45537208262542,93.37938734891429,57.03999850634078,0.1659202226696859,6.302629235170334,8584.749072200371,2.1331002522597493,19,3,36,0,1,0,0.26628722649005004,0.8831141775909966,0.0010500000000000002,0.27255374254507575,99.72062160660212,73.828210116121,0.005378685017491631,0.0,32.101638189242415,187.91093730553493
1203,abundant,110.46464658253201,93.31802436390782,57.038832976898355,0.21605151246695564,6.331099910930068,8569.949309076765,2.13164527512232,17,4,35,0,1,0,0.2627332307709981,0.8825343710371485,0.0014,0.2725429343718996,99.72044840749645,73.8252824436819,0.005380543644361471,0.0,32.101638189242415,186.8342481983562
1204,abundant,110.4798193755621,93.25647132667396,57.05034326051234,0.2238339495001617,6.346752508637924,8549.207845731966,2.12968126538463,17,3,37,0,0,0,0.2691274374124318,0.8819377308559947,0.0010500000000000002,0.2725349671622287,99.72035295065156,73.82312431947443,0.005381890860815789,0.0,32.101638189242415,209.12281768844505
1205,abundant,110.48603505022712,93.20552257744139,57.05331704841531,0.17782213046755055,6.3611091484740445,8534.394017638362,2.1269131207070333,16,5,35,0,0,0,0.25983649867675435,0.8813611408218499,0.0014010755142747152,0.27252415037502087,99.72008436284283,73.82019431370271,0.005383750947687256,0.0,32.101638189242415,188.25991435093465
1206,abundant,110.5136085287503,93.18071437435185,57.05074136488035,0.15532186079959326,6.372453802283895,8528.211277030096,2.128770064434498,16,8,32,0,0,0,0.25110940494327916,0.880813839914547,0.0021042656476651426,0.2725076259915306,99.71970585903414,73.81571825828345,0.005386638322482815,0.0,32.101638189242415,178.60324144971736
1207,abundant,110.52399749271618,93.16832922285235,57.0498188937422,0.032128888033642895,6.376117339954114,8525.0469039034,2.1348092513153505,18,7,33,0,0,0,0.25496843446345485,0.8802329867777428,0.0010575764680539315,0.27249959751101505,99.71928543702067,73.81354353728759,0.005387996396450699,0.0,32.101638189242415,166.11857599952637
1208,abundant,110.55503704587485,93.15773235628787,57.05040847122537,0.10007393164219142,6.374427090533906,8525.043126606142,2.1449078506846573,18,5,35,0,0,0,0.2585278741887457,0.8796676061161349,0.0017500000000000003,0.2724859488096706,99.71912751847252,73.80984643453911,0.005390366045895373,0.0,32.101638189242415,176.74820567913943
1209,abundant,110.57944424263387,93.16166939099995,57.063947729440294,0.058713843991073565,6.365103580368182,8526.434637787643,2.1628230774488992,18,7,33,0,0,0,0.258477969753406,0.8791024985919726,0.001757794377369343,0.27247223692993255,99.71885420474153,73.80613221829341,0.00539274700055559,0.0,32.101638189242415,162.70461353491845
1210,abundant,110.59935505587437,93.1900518213593,57.05248645037766,0.13840996432237382,6.346491576062212,8519.302184442888,2.1771814786195747,18,7,33,0,0,0,0.2530038407218953,0.8785413208448191,0.0016830884871605171,0.27245913151077106,99.7184859890173,73.80258227753501,0.005395018728118793,0.0,32.101638189242415,159.01708300608416
1211,abundant,110.62517612399954,93.21840883190694,57.03957961057554,0.15427054597463039,6.330030246913594,8516.621491559185,2.194233535623784,17,4,36,0,0,0,0.26786770011690214,0.8779462070264492,0.0010550232770955685,0.2724511240678885,99.7183049039032,73.80041325512458,0.00539637278092348,0.0,32.101638189242415,161.50375511850962
1212,abundant,110.64135818410708,93.23194006312377,57.00707545570665,0.0808947523663186,6.281685663399668,8498.992366943348,2.2072191670017114,17,3,37,0,0,0,0.2667913012228006,0.8773423429114244,0.0007002255828658053,0.27244599650846024,99.71819905490122,73.7990243234177,0.005397208431457464,0.0,32.101638189242415,172.55988021845377
1213,abundant,110.65682371837599,93.24325110078453,56.970713552155985,0.06849997925379296,6.266229106835853,8485.377600550404,2.216811709718014,17,2,38,0,0,0,0.27541792076733584,0.8767289831985803,0.0007,0.27244087081795965,99.71820400101456,73.79763589795806,0.005398043723402395,0.0,32.101638189242415,169.58461390334486
1214,abundant,110.68380748911841,93.24457610113521,56.95105820600145,0.10044897820706401,6.285911310993731,8485.217081321389,2.2197840838984355,17,2,38,0,0,0,0.2781706939091632,0.8761125954352803,0.0007,0.27243574516055796,99.71811334247143,73.79624748146412,0.005398878986344637,0.0,32.101638189242415,201.97481839538187
1215,abundant,110.7012787652731,93.24876825370116,56.94284074532486,0.06779498369253226,6.309995212872359,8482.151477294145,2.2201187231196795,17,1,39,0,0,0,0.2816311531579344,0.8754826011668065,0.00035,0.2724334604325976,99.71813197062211,73.7956286039747,0.0053992028744042075,0.0,32.101638189242415,194.76007232768706
1216,abundant,110.72435830692316,93.24972252283595,56.95060658071658,0.09395175882665391,6.330323893413596,8476.595407747533,2.21956836744441,17,2,38,0,0,0,0.27735052633098245,0.8748671155878422,0.0007,0.27242833482767786,99.71807183246231,73.79424020169687,0.005400038097098849,0.0,32.101638189242415,190.37702148704275
1217,abundant,110.72507592473407,93.27921725037004,56.94962423928803,0.13122265642470127,6.3442598398301016,8472.016755109456,2.219153121733007,17,4,36,0,0,0,0.26572515624782567,0.8742840179159697,0.0014,0.27241752746428416,99.7178879551435,73.79131274860823,0.005401895982555188,0.0,32.101638189242415,166.85682066986516
1218,abundant,110.72965540349124,93.34161754947787,56.963141155530195,0.2563924129729394,6.374743048637351,8488.749550345412,2.223350209563632,19,6,34,0,0,0,0.26400482041375406,0.8737126404272615,0.0017509933481003308,0.27240387120602105,99.71757953372665,73.78761359887345,0.005404266600653608,0.0,32.101638189242415,161.94488544565428
1219,abundant,110.72895862633072,93.41048971474059,56.98810325345037,0.26447363361777787,6.402411821066011,8496.389366448508,2.225689597706317,19,8,32,0,0,0,0.2549068681277483,0.8731708967926343,0.00245192572547829,0.27238452565568444,99.71705583988854,73.78237335765817,0.005407661190394685,0.0,32.101638189242415,169.01873268125576
1220,abundant,110.71805934448659,93.49913724997882,57.03835419319955,0.34800767830631063,6.436932677494189,8522.55902264356,2.224655288406192,19,7,33,0,0,0,0.2511698029872618,0.8726039210526894,0.0014039658336100253,0.27237368632584125,99.71661280604228,73.77943724563231,0.005409524605201112,0.0,32.101638189242415,151.79764407211474
1221,abundant,110.71580919872522,93.57549581089421,57.06187196741685,0.2612101204981189,6.419975819845719,8516.274586625026,2.2173756905269575,20,7,33,0,0,0,0.25414576622084034,0.8720531696553732,0.002100319483093121,0.27235719487657617,99.71623995243021,73.77497011129729,0.005412405319793544,0.0,32.101638189242415,157.83884963516138
1222,abundant,110.72777636256278,93.65067817432609,57.07311196263447,0.28504802224419623,6.401336915420764,8509.36265528461,2.208380544493012,20,6,34,0,0,0,0.26135764470958944,0.8714857710983818,0.0017891018639014176,0.27234322962141194,99.71591033280728,73.77118726178304,0.005414831249083859,0.0,32.101638189242415,170.2049782387196
1223,abundant,110.76099982592022,93.72452592762103,57.07610041574888,0.32511645356653046,6.379449946012991,8515.19897055965,2.195800270313542,20,4,36,0,0,0,0.2602789961362012,0.8709086642026318,0.0014,0.2723324227356061,99.71566314696358,73.7682599380614,0.005416688620898003,0.0,32.101638189242415,143.2321631495408
1224,abundant,110.79465389063348,93.79266494808456,57.06641987075382,0.3147038319072778,6.321468136226484,8501.415625596994,2.1875067936135286,20,6,34,0,0,0,0.2533886949805348,0.8703284007554523,0.001016575617816605,0.27232472810174296,99.71526250411041,73.76617564804098,0.005417985749711189,0.0,32.101638189242415,156.43267510089893
1225,abundant,110.8033109059782,93.85750894711255,57.07097627302744,0.2544428189715837,6.2795812799335895,8473.310610101107,2.1810771734809578,20,3,37,0,0,0,0.2651493240883745,0.8697264364809362,0.0007035707850436793,0.2723195741230802,99.71512038379743,73.7647795600031,0.005418825537108909,0.0,32.101638189242415,146.79675590362746
1226,abundant,110.7962303520881,93.89545524699307,57.097358550461806,0.11293789587668494,6.281002425976332,8451.65442005486,2.177305583954746,20,3,37,0,0,0,0.2728588308305423,0.8691159020107992,0.0007003658491693733,0.27231444617973716,99.71492686166098,73.76339052430299,0.005419660612974255,0.0,32.101638189242415,163.0657277165097
1227,abundant,110.77382533069496,93.92103618750714,57.13294182749773,0.10456592882989046,6.322096136787865,8445.855507553351,2.173759144168487,20,1,39,0,0,0,0.2768017695773125,0.8684912200642643,0.00035,0.27231216213523557,99.71494548546674,73.76277183194601,0.005419983779462095,0.0,32.101638189242415,173.45876167027188
1228,abundant,110.75763809803195,93.91953555553076,57.17546320861986,0.06421029265849793,6.406399346664026,8442.995560395306,2.1738779905313033,20,1,39,0,0,0,0.278663584019326,0.867864490121843,0.00035,0.27230987810641427,99.71491519779289,73.76215314383646,0.005420306934729071,0.0,32.101638189242415,190.76902666186743
1229,abundant,110.76528248451987,93.89754433987187,57.197839553362385,0.09448109133993408,6.509390187221911,8449.635040880334,2.1758065210934943,20,3,37,0,0,0,0.26936272816114065,0.8672675911208657,0.0010500000000000002,0.2723019123152798,99.71484192312991,73.75999540387616,0.005421652770537552,0.0,32.101638189242415,184.9468552244937
1230,abundant,110.77615198301896,93.85204431523417,57.19934948398444,0.19775420219421472,6.596513180201346,8455.52731022564,2.1789377614253556,19,3,37,0,0,0,0.2696662694431188,0.8666605982909938,0.000701430946982771,0.2722967758534663,99.71470565631252,73.75860406072864,0.005422489304332147,0.0,32.101638189242415,215.94706583557544
1231,abundant,110.80150036074049,93.8047220073249,57.180771351506465,0.197658721327372,6.6451144729164895,8448.375908233531,2.1845617973449154,18,5,35,0,0,0,0.26028864582815026,0.866073861169216,0.0010564424511850027,0.27228875785238876,99.71442839723022,73.7564321783588,0.005423844476710584,0.0,32.101638189242415,194.74587806884628
1232,abundant,110.84317270289289,93.7664393972278,57.15428827953567,0.202161973858908,6.679119230220442,8453.695004257934,2.184547184306412,20,8,32,0,0,0,0.2532873747320579,0.8654955299531464,0.0010816034334154487,0.27228053565602417,99.71389622327358,73.75420498442945,0.005425236361934172,0.0,32.101638189242415,194.87064725750514
1233,abundant,110.87694673578292,93.71662912384679,57.14351312981123,0.19684755556801783,6.7086919256097275,8466.79570779312,2.182248809971053,20,3,37,0,0,0,0.26551668315621557,0.8648931106634692,0.0007017522069438539,0.2722753966979083,99.71373490533458,73.75281296509405,0.005426073240657692,0.0,32.101638189242415,195.94565120065585
1234,abundant,110.91057789801854,93.6866159214123,57.14874381625269,0.11919762022623076,6.748286950551074,8498.832561369098,2.178439417520332,20,3,37,0,0,0,0.2701404018069434,0.8642856030190558,0.0007016713419393453,0.27227025843154623,99.71364166797899,73.75142113313802,0.0054269099721806074,0.0,32.101638189242415,186.15096414882896
1235,abundant,110.94631942275274,93.66480580930468,57.16465823952998,0.12922328154707957,6.812799050552965,8535.370319860216,2.1766316408570856,20,5,35,0,0,0,0.2694581293245585,0.8636887120741321,0.001054035619046667,0.27226226011621507,99.71333654494973,73.74925458316028,0.005428261474712868,0.0,32.101638189242415,170.55275862578202
1236,abundant,110.988274539592,93.64261191088221,57.18404450198284,0.140639531017005,6.871576030930004,8566.139346192867,2.1713461973850086,20,4,36,0,0,0,0.27265725955094294,0.8630783984051833,0.0007003327341919767,0.2722571327874878,99.71305147105755,73.7478657139447,0.00542909617456659,0.0,32.101638189242415,207.8335469697209
1237,abundant,111.04565274108586,93.60901633264628,57.20342055507556,0.21600416337288872,6.938214096933388,8614.614106438574,2.168039246665635,20,1,39,0,0,0,0.27690215971337884,0.8624536060294986,0.00035,0.27225484908738745,99.71306642334574,73.7472471148777,0.00542941901343645,0.0,32.101638189242415,199.93910145424428
1238,abundant,111.09703645507132,93.5539440219286,57.20273798554882,0.2662168299927439,6.975647646569959,8650.992252204152,2.162050943841411,19,2,38,0,0,0,0.2678510199765891,0.8618485699075243,0.0007,0.27224972450743296,99.71299852122083,73.7458589902381,0.005430253186977813,0.0,32.101638189242415,220.00468632719276
1239,abundant,111.15356509493203,93.50012739397503,57.21471661334884,0.29643595958241026,6.986093140381094,8679.502542540627,2.155977379536116,19,4,35,0,1,0,0.2596294877157703,0.8612626525733127,0.0010598250812797962,0.2722416793079803,99.71277768350517,73.74367974048695,0.005431613031764431,0.0,32.101638189242415,213.01552062173295
1240,abundant,111.18875209455686,93.43879051023818,57.2332174692664,0.25610523599584445,6.944004265966845,8684.85258169355,2.150568552822133,19,2,37,0,1,0,0.26421721608053544,0.8606528242194234,0.00038609227853600165,0.272239102733622,99.71266129686583,73.74298180887418,0.0054319885136391195,0.0,32.101638189242415,213.78185332498688
1241,abundant,111.20100753176716,93.40355440070863,57.24947626620011,0.11400125383644982,6.888302895902422,8698.852420671581,2.1418833930691417,18,1,38,0,1,0,0.27004704606432883,0.8600355724687525,0.00035,0.27223681913609693,99.71267960251964,73.74236323759231,0.005432311252082285,0.0,32.101638189242415,182.14145140741493
1242,abundant,111.19385586614347,93.37871234107163,57.267758641275876,0.11715111333211414,6.832361737336664,8722.014239581476,2.1344858130074384,18,1,38,0,1,0,0.26928075347635094,0.8594191636399284,0.00035,0.27223453555545585,99.71264650557656,73.74174467088392,0.005432633979319448,0.0,32.101638189242415,195.31875351362874
1243,abundant,111.17742945878624,93.37049886728818,57.24717801852116,0.08304622306837138,6.746446865877621,8722.622241115758,2.125119296908704,19,5,34,0,1,0,0.2630624265174584,0.8588292618070895,0.0010523870117916845,0.2722265508295033,99.71245145358107,73.73958180193983,0.005433982874509114,0.0,32.101638189242415,184.21154716519237
1244,abundant,111.16153004408818,93.36337943808451,57.23038236545504,0.07182810597682499,6.6693076479747955,8723.357696440165,2.1205009481474053,19,3,36,0,1,0,0.2713011743875925,0.8582204336250097,0.0007001110623795395,0.2722214255176306,99.71232226007919,73.73819347904134,0.0054348170518466596,0.0,32.101638189242415,199.1499132303454
1245,abundant,111.13110312109828,93.37581696141856,57.209781183360974,0.12736118081873077,6.605329875418127,8702.276317308664,2.1192086354381763,18,4,35,0,1,0,0.2638370611491756,0.857610123145841,0.00035393886054223305,0.2722191100533071,99.71207985183064,73.7375662758153,0.005435145446707294,0.0,32.101638189242415,190.02208659472763
1246,abundant,111.10635645974419,93.39509199012828,57.188071833270556,0.08885562706879634,6.558904480858064,8662.783837738942,2.1208982274815025,18,2,37,0,1,0,0.2720832702669578,0.8570004315485473,0.0007,0.27221398568868227,99.71201860383776,73.7361782095033,0.00543597942141762,0.0,32.101638189242415,183.40461397140763
1247,abundant,111.08682016374777,93.41745646222844,57.14474674780367,0.0814935412148966,6.553431718873071,8628.187615539966,2.1246701254956664,19,6,33,0,1,0,0.2605240087762102,0.8564231795473892,0.0014044431605678728,0.27220314350502345,99.71166847326695,73.73324132444789,0.005437842550338273,0.0,32.101638189242415,174.28250741553953
1248,abundant,111.06283531733015,93.45158041416916,57.10881046716221,0.14751946376799574,6.582177945191161,8612.738092716485,2.1317407621850095,18,5,34,0,1,0,0.2666395184637567,0.855839132424898,0.0014020124221047617,0.272192321126371,99.71145178290007,73.73030980408917,0.005439702063287786,0.0,32.101638189242415,170.22981483291164
1249,abundant,111.05268363765751,93.47817894965135,57.08293787802838,0.10050651451149113,6.526408989701295,8574.949928710113,2.1427790171189107,17,6,34,0,0,0,0.26482036267252973,0.8552573581554708,0.0014117189111597982,0.27218142001496115,99.7110298911348,73.72735695693268,0.005441575692738274,0.0,32.101638189242415,176.61145552386452
1250,abundant,111.06531476257183,93.50991955852885,57.06837758128172,0.12735522874464997,6.450750010559162,8539.19690468398,2.1565789929876495,17,4,36,0,0,0,0.26931291546411157,0.8546605276630654,0.0010504898073302757,0.2721734510077942,99.71086638760173,73.72519834582707,0.00544292150566378,0.0,32.101638189242415,161.81441254815294
1251,abundant,111.09433226449876,93.53160348123684,57.04629834143695,0.13134036043849795,6.374556493106259,8492.521080259132,2.162948850352329,18,4,36,0,0,0,0.27244296842780724,0.8540700403977948,0.0014,0.27216264513093735,99.71058876421223,73.72227129540528,0.005444777902138726,0.0,32.101638189242415,184.0992273622034
1252,abundant,111.12102547361386,93.55051469145238,57.04039216957136,0.11369451297068003,6.386229093225783,8479.586323311734,2.1645959300639426,19,1,39,0,0,0,0.277517926273729,0.8534445706788937,0.00035,0.272160362000733,99.71059953789559,73.72165285070929,0.005445100196513611,0.0,32.101638189242415,190.14670244457466
1253,abundant,111.14619138094076,93.54755110407211,57.053626248316014,0.10736972150119324,6.457658185195068,8496.121532794714,2.1714118298630734,19,3,37,0,0,0,0.26965274399463013,0.8528376059297178,0.0007019024720794159,0.2721552225442037,99.71038999028853,73.72026069636577,0.005445936605068221,0.0,32.101638189242415,177.25514822343513
1254,abundant,111.17255117585498,93.54693519908137,57.055863495022706,0.11849265577787702,6.512899101414433,8521.503714585058,2.1802464912430315,19,2,38,0,0,0,0.27100580146953396,0.8522194058911945,0.00035379796761484707,0.272152908621453,99.71026243222366,73.71963391071449,0.005446264407997052,0.0,32.101638189242415,168.1656062969726
1255,abundant,111.18127253993956,93.55294882457076,57.06444782193294,0.05001699722488677,6.544279806666171,8544.094117633824,2.1862973518319833,19,2,38,0,0,0,0.27335294858288417,0.8516083176477534,0.0007,0.27214778465390493,99.71018592604189,73.71824595196097,0.005447097996639036,0.0,32.101638189242415,157.99004900667748
1256,abundant,111.1661955271937,93.56377970512176,57.07791375358439,0.09931442055303236,6.5026515053107605,8544.793191216071,2.1897354944023926,19,2,38,0,0,0,0.2697746556719746,0.8510011655265142,0.0007,0.27214266071760795,99.71007710587718,73.71685800167262,0.005447931556337471,0.0,32.101638189242415,148.0900913096266
1257,abundant,111.14227697638084,93.57569806464753,57.089763407473356,0.10586946758120974,6.44759175130025,8540.740163845803,2.191427469255345,20,2,38,0,0,0,0.275965394640648,0.8503774354410758,0.0003511374523720052,0.27214036847217876,99.7099843869662,73.7162370878829,0.0054482554030169045,0.0,32.101638189242415,189.36216395265555
1258,abundant,111.10620364248962,93.57990788723632,57.114935128283626,0.1270949814235374,6.411313111166891,8536.857734419915,2.1901484446634196,20,3,37,0,0,0,0.26943463792026484,0.8497609058908809,0.00035173398276267453,0.2721380713973723,99.70983200272279,73.71561486593181,0.0054485801099757375,0.0,32.101638189242415,198.4819510406861
1259,abundant,111.08229807253588,93.58068757521094,57.129047051828685,0.08722544939358781,6.398078366685921,8543.048483003848,2.188762815571212,20,3,37,0,0,0,0.27264896559902035,0.8491506545815287,0.0007022340288101433,0.27213292938956185,99.70968471651206,73.714222020508,0.005449416882102598,0.0,32.101638189242415,199.50700851327375
1260,abundant,111.05221518579347,93.5795597467566,57.130434728473844,0.09034239374626078,6.415370451243047,8539.877556553009,2.1889999008975884,20,2,38,0,0,0,0.2709624364713374,0.8485421959014104,0.0007,0.272127805559822,99.70967094940697,73.71283409908341,0.0054502503612855755,0.0,32.101638189242415,194.58324163587076
1261,abundant,111.02799221692638,93.58448888569183,57.13132405404242,0.06660668680073245,6.437737014680681,8532.632384444973,2.18817035090941,20,4,36,0,0,0,0.2697549060510528,0.8479351060215018,0.000701447026700607,0.27212267001995777,99.70948225329728,73.71144300566962,0.005451085925617787,0.0,32.101638189242415,189.77704655141238
1262,abundant,111.0064673997748,93.61106096244971,57.12000372256655,0.13389803003740364,6.462754757664312,8511.666137525484,2.1850798488725576,20,3,37,0,0,0,0.27399164879449145,0.8473233597719506,0.0007015915758147172,0.2721175333285529,99.70925388473334,73.71005160033135,0.005451921672122406,0.0,32.101638189242415,189.2764587718911
1263,abundant,110.97584395467607,93.6506162355023,57.11115611749891,0.19714836531280236,6.4850539264708775,8497.055766012621,2.1850070904152195,20,4,36,0,0,0,0.2698431809967916,0.8467066143520171,0.0003600742558219031,0.27211516869880165,99.70895735319421,73.70941107938128,0.005452258436823224,0.0,32.101638189242415,179.19109561589948
1264,abundant,110.92433404451162,93.70463671546582,57.11139384160488,0.28776391607383833,6.506666105066849,8499.604373055823,2.1929070086820777,20,2,38,0,0,0,0.27297930676779697,0.8460764521115376,4.1070344609497745e-06,0.2721156933977641,99.70880859230759,73.70955320762683,0.0054520751259098535,0.0,32.101638189242415,154.053390411172
1265,abundant,110.88918556914393,93.75788741691335,57.099885067255514,0.23378034792984365,6.477824541031495,8509.65755555276,2.190476265220278,20,1,39,0,0,0,0.2765577673888363,0.8454422590051458,7.29919147127293e-07,0.27211624550149577,99.70874509162549,73.70970275916088,0.005451886887435605,0.0,32.101638189242415,169.00824508697957
1266,abundant,110.86529766787689,93.81137584567064,57.07518245843776,0.20904433650562063,6.45053266448564,8519.671757544296,2.1883295606917126,20,0,40,0,0,0,0.28050483506119855,0.8448037036865784,0.0,0.27211680352744466,99.70876682536372,73.7098539148802,0.005451697589094018,0.0,32.101638189242415,169.2196717055154
1267,abundant,110.83740347522455,93.85815814753224,57.04320335567311,0.18186445540533094,6.431281891007208,8511.20929875457,2.1873227173183354,19,1,39,0,0,0,0.2810712435877967,0.844174325318632,0.00035,0.27211452066346453,99.7087750224438,73.7092355422979,0.005452019643206164,0.0,32.101638189242415,152.7184196671953
1268,abundant,110.80967859575438,93.89871579349537,57.01291598405891,0.1621797614560269,6.4235674231213595,8484.871524563132,2.1898728600588497,18,2,38,0,0,0,0.27646701808278296,0.8435500429921985,0.0003511211949176552,0.27211222870675106,99.70863886399854,73.70861470671429,0.005452343324188651,0.0,32.101638189242415,161.07276594869148
1269,abundant,110.79188454871567,93.9456666054868,56.95903179753596,0.19578823111040244,6.403822921907981,8441.388080621648,2.193701524234593,19,3,37,0,0,0,0.27143728721042915,0.8429410664394851,0.0007001594006489798,0.2721071036831578,99.70852793973918,73.7072264619037,0.005453176934643292,0.0,32.101638189242415,147.86758835229773
1270,abundant,110.76953472842258,93.97835597504275,56.903691662509104,0.14294538657499645,6.3640525596785285,8380.680501822571,2.2048387231824123,19,2,38,0,0,0,0.2661013350830794,0.8423281694926175,0.0003505186329885215,0.27210481666227876,99.70838923728266,73.70660696331814,0.005453499695106861,0.0,32.101638189242415,158.21144722627997
1271,abundant,110.75165004069933,94.01075871647772,56.86689762407728,0.12625680491429064,6.328962282640291,8326.108444105492,2.2182929907317077,19,0,40,0,0,0,0.27608339460793974,0.8416944777585489,0.0,0.27210537475772223,99.70841097067782,73.70675813786184,0.005453310340765979,0.0,32.101638189242415,164.0005634271641
1272,abundant,110.71172689929037,94.02213704640135,56.8486897407163,0.13170619833669422,6.327244929241589,8308.787511790586,2.2292618187716964,19,2,38,0,0,0,0.27266359000255885,0.8410746172552594,0.00035962306119023387,0.2721030138394825,99.70828424448204,73.70611862227038,0.005453646398059925,0.0,32.101638189242415,176.98975773084084
1273,abundant,110.69606414002355,94.02700270153231,56.821069085969135,0.040621766633652086,6.344494911303008,8306.12347962577,2.239888039000099,18,3,37,0,0,0,0.27218772465962743,0.8404551009749976,0.0003532220308469617,0.27210070487995064,99.70806968994795,73.70549318103491,0.005453973091855418,0.0,32.101638189242415,167.08589875587637
1274,abundant,110.67557973142213,94.02969402203522,56.822517358441644,0.08932581503529051,6.385490915373163,8328.700387144563,2.2492500942435196,19,2,38,0,0,0,0.27601521551271524,0.8398313064452096,0.0003507931170019612,0.2720984156443452,99.70796865907377,73.7048730825336,0.00545429622569303,0.0,32.101638189242415,185.22416016093064
1275,abundant,110.65807982584965,94.02718636392672,56.83811389531574,0.054587883252933345,6.458365979360153,8366.007052139656,2.2525896628426065,18,1,39,0,0,0,0.27361507531754087,0.8392101298623602,0.00035,0.27209613286116624,99.707949980629,73.70425473183838,0.0054546181895763065,0.0,32.101638189242415,165.65616771113787
1276,abundant,110.60991429536759,94.02693626628204,56.85380092105434,0.1812806780358375,6.51997412282231,8392.54267935994,2.2463978331318284,19,2,38,0,0,0,0.27339801540491726,0.8385989920454149,0.0007,0.27209100920273993,99.70791699366053,73.70286685681846,0.005455451488161466,0.0,32.101638189242415,162.47828742291284
1277,abundant,110.55885515821429,94.02137391552799,56.858772225699795,0.177940755406777,6.553153498825077,8402.745780035431,2.2366973277799342,19,3,37,0,0,0,0.27575460924159023,0.8379755645627803,0.00035366384039543596,0.2720886967275429,99.70773469947098,73.70224046327442,0.005455778764759858,0.0,32.101638189242415,177.75758716592668
1278,abundant,110.51729329077466,93.99640874375724,56.87833614557481,0.1799334189412687,6.576933787045045,8431.437626182727,2.2267736687673323,19,3,37,0,0,0,0.27692943270733517,0.8373548302807684,0.0004960033559361955,0.2720852289161941,99.70756961829254,73.70130111713846,0.005456313986351745,0.0,32.101638189242415,197.63482979228928
1279,abundant,110.46744969664996,93.952137386076,56.89804350479242,0.2490183601637501,6.631511601009015,8452.613748776741,2.2165019935631,21,3,37,0,0,0,0.2758260412178824,0.8367410437344394,0.0007007892503779675,0.2720800989120104,99.70740819790454,73.69991152320651,0.005457148379141607,0.0,32.101638189242415,212.31286404704778
1280,abundant,110.45956954617066,93.91260879330669,56.908570153589196,0.14264713963554956,6.643638870184925,8468.043823244065,2.2063736960594325,20,6,34,0,0,0,0.2653887821274403,0.8361390016436937,0.000710198914097354,0.2720748925534136,99.70696344882732,73.69850124671264,0.005457996490367958,0.0,32.101638189242415,200.63954315988394
1281,abundant,110.49060770588747,93.863753503004,56.91910780069729,0.2547378079561349,6.635045901781117,8483.923769624991,2.1872357069287305,20,5,35,0,0,0,0.2643555358387203,0.8355477765105812,0.0010559270110711532,0.27206687998979245,99.7066270438967,73.69633083721811,0.005459349676827454,0.0,32.101638189242415,218.30736597595478
1282,abundant,110.53717834542991,93.81755192248363,56.94221254977786,0.27012189004741566,6.634787461199032,8507.767480929411,2.169844785766777,20,2,38,0,0,0,0.27540488365236104,0.8349249165033775,0.00036019160050142766,0.27206451463622777,99.70648570403934,73.6956901202045,0.0054596863550551164,0.0,32.101638189242415,192.9503445756182
1283,abundant,110.57824612883505,93.76148048586614,56.97667191848653,0.2690720649035428,6.670750314876348,8541.346718618894,2.154318361482113,20,0,40,0,0,0,0.28132815488498464,0.834285455533004,0.0,0.2720650729133317,99.7065074361287,73.69584134395562,0.005459496785903382,0.0,32.101638189242415,208.85592356452602
1284,abundant,110.63949065828986,93.68406456774684,56.99049913908716,0.3720593685965091,6.7271001616548265,8608.193457334586,2.1387335382428447,20,2,38,0,0,0,0.2748712937685446,0.8336532466648521,5.341249761577012e-06,0.2720655878234946,99.7063586616839,73.69598082065238,0.005459315026836839,0.0,32.101638189242415,206.78334919654452
1285,abundant,110.68477611194821,93.59911674696906,57.00509043229185,0.3458026125395383,6.824271649467294,8684.825468689989,2.122950587993208,20,0,40,0,0,0,0.2775299860184549,0.8330179636802317,0.0,0.2720661460855052,99.70638039384777,73.69613204031509,0.005459125470578222,0.0,32.101638189242415,203.2436844671448
1286,abundant,110.69972678105512,93.49474462909585,57.01710342533448,0.3658628502138328,6.924551167445676,8751.73084576011,2.114939898996545,20,1,39,0,0,0,0.27315882734854036,0.8323972889701483,0.00035,0.2720638634532752,99.7063853127254,73.6955137305083,0.005459447266782295,0.0,32.101638189242415,218.1088755393934
1287,abundant,110.68983556867143,93.39688087475898,57.00750028157815,0.3583741422108275,6.983335789817984,8800.758915434213,2.113646879202573,19,2,38,0,0,0,0.2733260628493673,0.831786230301014,0.0007,0.2720587399447717,99.70631162721321,73.69412589609885,0.0054602803976940735,0.0,32.101638189242415,216.24876621336034
1288,abundant,110.67913409044176,93.30228021380964,56.98737165710064,0.3405367897501259,7.013826128148921,8819.595769574407,2.1183095177218894,19,2,38,0,0,0,0.2748477840152438,0.831163970232996,0.0003597319428164349,0.2720563783598495,99.70616659767981,73.69348619991925,0.005460616372051131,0.0,32.101638189242415,210.52524800521147
1289,abundant,110.66143300761344,93.20459685321312,56.9576075453178,0.3685081902139926,7.059425767851899,8814.47905830601,2.1239914570863903,19,0,40,0,0,0,0.273193530737973,0.8305334573491845,0.0,0.27205693667460584,99.70618824594507,73.6936374338695,0.005460426770607701,0.0,32.101638189242415,228.13458782845518
1290,abundant,110.65062138150108,93.11225158427082,56.92443791485027,0.33991015917947637,7.099884472010163,8789.30993577587,2.133580339595768,20,0,40,0,0,0,0.27629680151674213,0.829899530867516,0.0,0.2720574949869074,99.70620989424837,73.69378866715482,0.0054602371757475395,0.0,32.101638189242415,221.944009267034
1291,abundant,110.64237316010194,93.02574581077236,56.906144593403994,0.28297360073065475,7.057425777672991,8741.275453380098,2.1404029068826538,20,3,37,0,0,0,0.27303260713426286,0.8292692613843979,2.370883204103116e-06,0.2720580340373093,99.70597583767781,73.69393468285786,0.005460051051302878,0.0,32.101638189242415,224.93364880469227
1292,abundant,110.62726424996603,92.96328518208529,56.894281141792916,0.19755742145239327,6.980669948443465,8705.568925085478,2.149534350694916,20,2,38,0,0,0,0.2756119655400299,0.8286361805058633,3.2958414032303034e-06,0.27205856557044916,99.70582699940768,73.69407866231661,0.005459866284673804,0.0,32.101638189242415,203.79753678959847
1293,abundant,110.62750385927916,92.92333590893341,56.869710890631744,0.11636468027695276,6.862010604170537,8660.19953796135,2.1589698113299733,20,2,38,0,0,0,0.2759540868573637,0.8280222310103202,0.0007,0.2720534420833836,99.70574373510604,73.69269083371418,0.005460699401036602,0.0,32.101638189242415,190.81724245994292
1294,abundant,110.62741663874299,92.90451324276465,56.845040817954214,0.031127887198277467,6.7222723852122215,8614.588908872429,2.163326262249895,20,5,35,0,0,0,0.2715700837543739,0.8274231449266223,0.0010586074439942485,0.27204540786034487,99.70543141155972,73.6905145572078,0.005462056409727619,0.0,32.101638189242415,187.12857302412522
1295,abundant,110.6256736730131,92.93290310725276,56.82572784490649,0.13277099847087726,6.5980108178736305,8581.674406808786,2.155525532334139,20,4,36,0,0,0,0.2704455289274684,0.8268252068917583,0.0010554302484432174,0.2720373994950015,99.70526112638291,73.68834528492508,0.005463408729455789,0.0,32.101638189242415,159.03687464063123
1296,abundant,110.64657127184259,92.99098875547458,56.79899339865477,0.27830339891284556,6.512769147147007,8555.605418177256,2.1490641426962096,19,6,34,0,0,0,0.2646094632096599,0.8262434796538699,0.001405113272937515,0.27202655286210636,99.7048697011172,73.68540719467927,0.005465271885012734,0.0,32.101638189242415,146.10109587547382
1297,abundant,110.67758759540433,93.06819932372304,56.78281611249478,0.32366967905454735,6.50600641496905,8543.451702228056,2.143775517844442,19,2,38,0,0,0,0.2759591822280394,0.825609942886658,6.547585381123954e-07,0.2720271060406231,99.7047209717139,73.68555703734656,0.005465083078516873,0.0,32.101638189242415,140.5584558209291
1298,abundant,110.69123762889987,93.1597364980847,56.78483944165633,0.3249872588184549,6.549686613317637,8530.558775602396,2.1407185605776777,19,1,39,0,0,0,0.276865158296803,0.8249754516207369,2.1574359017039974e-06,0.2720276470152746,99.70465745498433,73.68570357428223,0.005464896473970623,0.0,32.101638189242415,138.8665961995303
1299,abundant,110.6916803445555,93.25823371575679,56.811408063968926,0.3555981044634826,6.6205771372456415,8531.821933410487,2.142382193208904,19,2,38,0,0,0,0.27740052181004865,0.8243599110467459,0.0007,0.272022523719081,99.70465375137066,73.6843157973824,0.005465729415677103,0.0,32.101638189242415,135.57269537454954
1300,abundant,110.6778215972419,93.34267708950611,56.85477768045198,0.27611004486314994,6.680121315415137,8531.775979886414,2.1429086639689188,18,2,38,0,0,0,0.27679317707570883,0.8237352775498316,0.0003513927810302763,0.27202023002822107,99.70450830937445,73.6836944920605,0.0054660530174182025,0.0,32.101638189242415,144.13750441761218
1301,abundant,110.65486533529823,93.42267048047604,56.886998715570726,0.2697393747940596,6.727625151985274,8558.48469430882,2.138993717895113,20,2,38,0,0,0,0.27871005788111974,0.8231085269007565,0.00035108623551060214,0.27201793883439723,99.70436452120711,73.6830738631252,0.0054663761600639285,0.0,32.101638189242415,150.95519401979718
1302,abundant,110.63087095683636,93.5053486992888,56.92742712153902,0.30156730054788544,6.742236069628999,8577.037072165578,2.138823592960603,20,2,38,0,0,0,0.2781513876276979,0.8224726455280618,3.041203420278211e-06,0.272018472668125,99.70421576832128,73.68321846575753,0.005466190801793738,0.0,32.101638189242415,141.32308720041817
1303,abundant,110.60696731299647,93.58291829783518,56.94938988605735,0.26956750632169957,6.7300959962663995,8575.936892452482,2.133112601076596,20,2,38,0,0,0,0.273049535818062,0.8218618910386619,0.0007,0.27201334940420896,99.70413696471378,73.6818306976009,0.00546702369855906,0.0,32.101638189242415,152.47215143265245
1304,abundant,110.58815205129913,93.66271559756137,56.96871195196104,0.2567800167113822,6.6952552998136,8566.462739220427,2.1268883269467866,20,4,36,0,0,0,0.27457226780660415,0.8212397016505474,0.00035143237402505745,0.272011055425787,99.703888726397,73.68120931438541,0.005467347313205461,0.0,32.101638189242415,158.02540627983038
1305,abundant,110.58226236440855,93.728446936278,56.99041573176728,0.2032897401671663,6.668764152125848,8548.39153911807,2.1213483676587264,20,1,39,0,0,0,0.2823678937547367,0.8205990986068883,5.8552543017360316e-08,0.27201161350235614,99.70382519653101,73.68136048381652,0.00546715756359743,0.0,32.101638189242415,149.46699070245222
1306,abundant,110.57124340029318,93.78687660648903,56.99484657839976,0.17784403713895172,6.648271941483875,8524.15866266704,2.122626057028517,19,0,40,0,0,0,0.2791501295713726,0.8199620334643598,0.0,0.2720121720517377,99.70384688599209,73.68151178132106,0.005466967735033237,0.0,32.101638189242415,150.01579869614693
1307,abundant,110.54565935202857,93.82088694536847,56.99955420720359,0.1345172937642918,6.656025717079951,8507.670141404204,2.134900614471494,20,1,39,0,0,0,0.27965047723502273,0.8193244506305065,1.1675394698905761e-06,0.2720127211204868,99.70378333684606,73.68166051075181,0.005466779618821624,0.0,32.101638189242415,165.25653726323907
1308,abundant,110.51394193003694,93.84497172005973,56.990244898866436,0.1340747699217154,6.644106361573185,8485.781014687098,2.149741157272987,18,1,39,0,0,0,0.2774200379347175,0.8186893752505583,3.095063573938813e-06,0.2720132545308536,99.70371976896259,73.6818049987059,0.0054665943252317425,0.0,32.101638189242415,180.90229451057291
1309,abundant,110.47841284084771,93.86597540908026,56.96568050535443,0.14554395606746184,6.651137597309363,8475.462890073839,2.1662057204166767,18,1,39,0,0,0,0.2759408344558095,0.8180656403326569,0.00035,0.27201097217049225,99.70365988212585,73.68118676254173,0.005466915862105086,0.0,32.101638189242415,176.3720612696132
1310,abundant,110.43543281406195,93.87832186074502,56.941573892507634,0.14911137833086843,6.709020505087563,8469.834688559029,2.1824972488979784,16,1,39,0,0,0,0.2777189218482139,0.817439949518624,0.00035,0.2720086898211275,99.70359392907919,73.6805685293563,0.005467237387814151,0.0,32.101638189242415,180.47514613150264
1311,abundant,110.37814122465582,93.90215188505314,56.9157126023325,0.21911280190786944,6.7480933289544485,8478.579053532296,2.1821565486168417,17,4,36,0,0,0,0.26752779949474687,0.8168256704882069,0.0003571981795418466,0.2720063490434445,99.70327516120267,73.67993446935402,0.005467569418814919,0.0,32.101638189242415,186.57372261601827
1312,abundant,110.3129656154704,93.92880967697991,56.8909563957204,0.2511879498332089,6.777806551846919,8479.718617103259,2.1828689654571694,17,1,39,0,0,0,0.27263850659403727,0.8162055681309534,0.00035,0.27200406670410643,99.70326326913278,73.67931623888457,0.005467890921831436,0.0,32.101638189242415,161.5285051091319
1313,abundant,110.2506698157292,93.93048351106236,56.870777316513525,0.2106582677272398,6.814775236225169,8492.248427837301,2.181155352680756,18,2,38,0,0,0,0.27404486852648946,0.8155865739129682,0.0004448263354995416,0.27200101469119914,99.70313578818507,73.6784895224796,0.005468350953845038,0.0,32.101638189242415,180.93425040124112
1314,abundant,110.17942440761767,93.91594831949389,56.843722751714225,0.24308613929473133,6.845454935569563,8489.492099189301,2.181828944237718,18,2,38,0,0,0,0.2698000631030591,0.8149697660556505,0.0003561504319906235,0.27199868245713554,99.70300108867363,73.67785777673697,0.00546868141543415,0.0,32.101638189242415,188.98341266542158
1315,abundant,110.11443034811028,93.88113473513735,56.80658111356577,0.23336887655554475,6.817222797681588,8493.720161129553,2.18522496745136,18,4,36,0,0,0,0.2685925063210498,0.8143542148836019,0.00035359231801869836,0.27199637100328794,99.70276365179733,73.67723165985176,0.005469008128174692,0.0,32.101638189242415,206.51942989530613
1316,abundant,110.09818743048194,93.82396521978494,56.79234637436933,0.1883647250784523,6.720493090106456,8486.579058346833,2.1911690530971897,19,6,34,0,0,0,0.2641649931115403,0.8137828091979973,0.0017562788149299627,0.2719826741961429,99.70241155143167,73.67352152640659,0.00547138413803557,0.0,32.101638189242415,204.50224111428662
1317,abundant,110.07989924721069,93.75709008878201,56.78178290771325,0.2104738770865832,6.6275681548198495,8479.47452500245,2.2034753083889305,19,4,36,0,0,0,0.2739932183124152,0.8131515059717612,3.1897824159075346e-06,0.27198320698438944,99.70209229983503,73.67366584584336,0.005471198822952437,0.0,32.101638189242415,221.75364946146965
1318,abundant,110.0644959431625,93.69297919519838,56.77494789252006,0.20483087994322918,6.540930542827406,8474.074760038704,2.2183104411246894,20,1,39,0,0,0,0.27929838248688865,0.8125240777510256,0.00035,0.2719809247740185,99.70207403992902,73.67304765030796,0.005471520199950165,0.0,32.101638189242415,205.90198841007515
1319,abundant,110.04002687861154,93.62832004714912,56.77205240311211,0.20327827367541135,6.488715482513635,8468.98996807485,2.2254399215181286,21,2,38,0,0,0,0.2814213620064645,0.811894325440689,0.0003503995667963227,0.2719786393293047,99.7019276789103,73.67242857866742,0.005471842149551549,0.0,32.101638189242415,208.91487439158988
1320,abundant,110.01513802540876,93.55679469699139,56.799374551787274,0.22892344933229503,6.420549913791109,8487.394088742862,2.226891864313258,20,0,40,0,0,0,0.282878436598878,0.8112531591604302,0.0,0.27197919803446663,99.70194936737508,73.67257991836908,0.005471652158330946,0.0,32.101638189242415,218.32093773505736
1321,abundant,109.99838553342968,93.47814813575862,56.831177665169115,0.2403030326417693,6.343595915828428,8496.644481767238,2.224412860803801,20,1,39,0,0,0,0.27670097231782553,0.8106285880908806,0.00035,0.2719769158490111,99.70190448401858,73.67196172958268,0.005471973519588133,0.0,32.101638189242415,208.91599435580764
1322,abundant,109.98257898774644,93.40461691781623,56.853189729265,0.22362744464328396,6.3383676924802685,8507.767529306962,2.2169005318731836,21,2,38,0,0,0,0.2705260765942865,0.8100108352534555,0.0003509231010227775,0.27197462618277324,99.701798844624,73.67134151443345,0.00547229621832687,0.0,32.101638189242415,218.59057407117615
1323,abundant,109.97450224040158,93.33427067143933,56.871301279672686,0.22839545667969346,6.329997041455632,8536.479849847346,2.203498867397135,20,1,39,0,0,0,0.27630932202132674,0.8093769061255855,3.9736976888856903e-07,0.27197518168602386,99.7017353018465,73.67149198681487,0.005472106791892819,0.0,32.101638189242415,204.7921523608088
1324,abundant,109.98271094637812,93.27786464166117,56.8790958000432,0.1646575755626153,6.3177604467539865,8561.74468138616,2.1907479696243066,20,2,38,0,0,0,0.27685309024588456,0.808752224999423,0.00035204546813494004,0.2719728829239558,99.7016537896776,73.67086930782547,0.005472431125769267,0.0,32.101638189242415,197.43433719720778
1325,abundant,109.97520506382216,93.21396696562044,56.896373231878464,0.2089890508033087,6.325008917853619,8573.651667318161,2.1816955398681737,19,2,38,0,0,0,0.26887750087247664,0.8081363063056186,0.00035166275554936025,0.2719705872797783,99.70150684014025,73.67024747339713,0.005472754889245734,0.0,32.101638189242415,205.6095013070857
1326,abundant,109.97691474812186,93.1607773904486,56.92219997148025,0.18827944214244607,6.339808430701638,8599.77898330307,2.169100911234856,19,2,38,0,0,0,0.2701314453476409,0.8075287617157361,0.0007,0.2719654642637579,99.70142329965873,73.66885977238941,0.00547358755809531,0.0,32.101638189242415,196.17735018557715
1327,abundant,109.99849550175466,93.13412081541108,56.93629122686461,0.1122421255171672,6.34348670584326,8608.301557554623,2.1518859572808,19,5,35,0,0,0,0.2666994431871896,0.8069251277523876,0.0007048365770456494,0.2719603020208478,99.7011120146217,73.66746144576702,0.005474427264215419,0.0,32.101638189242415,168.49145918552972
1328,abundant,110.027022932301,93.12461394070452,56.93163985895944,0.12360959218680069,6.340013723429289,8616.344045303165,2.1366358664556633,20,4,36,0,0,0,0.2683664327424418,0.8063195322104058,0.000700269072678743,0.2719551768795054,99.70085596824386,73.66607316906104,0.005475260268109444,0.0,32.101638189242415,189.21158961505725
1329,abundant,110.05955162308187,93.13926542607058,56.935614761649255,0.13959419014135485,6.3184190436547265,8642.12020173842,2.119648846547661,20,3,37,0,0,0,0.27294120434474706,0.8057089001069369,0.0007001150467879569,0.27195005302670106,99.7006592263394,73.66468524138882,0.005476093018050213,0.0,32.101638189242415,167.63866789411333
1330,abundant,110.08999015436794,93.16176675765993,56.93190706592384,0.14088359906419032,6.297746620641674,8653.028551190975,2.110288924342431,20,2,38,0,0,0,0.2679165285234948,0.8050843681045343,6.292106192842416e-06,0.2719505608395276,99.70051039806992,73.664822795589,0.005475912071925669,0.0,32.101638189242415,160.00175514314947
1331,abundant,110.1250188960942,93.20274601640519,56.921239572166215,0.19404847903743253,6.274664292381947,8654.58391696072,2.1043883730415915,20,1,39,0,0,0,0.271080849330152,0.804465979170271,0.00035,0.2719482788307891,99.70044398195212,73.66420465467095,0.005476233285271759,0.0,32.101638189242415,172.69122446852703
1332,abundant,110.134030252549,93.254468679472,56.898235565502134,0.19828475482234512,6.254197261693694,8647.807241892522,2.1008598286143285,20,1,39,0,0,0,0.2770839126281849,0.8038312323046016,1.6227936320455485e-06,0.27194882455203767,99.70038042640496,73.66435247734485,0.005476045512466211,0.0,32.101638189242415,176.60746635820266
1333,abundant,110.12659353980624,93.30877481661227,56.872975486896664,0.20124290377040643,6.279998387903605,8631.789787691181,2.10122463336368,20,0,40,0,0,0,0.2834430951284056,0.8031894448999605,0.0,0.2719493834428594,99.70040211397519,73.66450386733727,0.005475855375298038,0.0,32.101638189242415,164.28445573091162
1334,abundant,110.12538832343121,93.36438335641182,56.847730012784,0.1923471880736004,6.318191045774584,8623.098697136134,2.1078184854301427,20,0,39,0,1,0,0.28399404928180233,0.8025470514457507,0.0,0.2719499423312281,99.70042380158351,73.66465525666524,0.005475665244731738,0.0,32.101638189242415,160.10140028472293
1335,abundant,110.11440176055699,93.41481086212517,56.828000084910215,0.18470889264727472,6.393419149532509,8618.247536121271,2.1169694959383807,20,1,38,0,1,0,0.27546408861962196,0.8019140499878017,3.228404571267662e-07,0.2719504985919839,99.70036025881264,73.66480593423647,0.005475475592433186,0.0,32.101638189242415,153.11945949463606
1336,abundant,110.09362834020813,93.44851142511295,56.81204024794304,0.15401657760319426,6.471359902915106,8611.2831558057,2.1260801115360004,20,1,38,0,1,0,0.2780293671766528,0.8012880176839072,0.00035,0.2719482165772612,99.70029659082668,73.66418779169746,0.005475796820934552,0.0,32.101638189242415,148.9837723532736
1337,abundant,110.05711540529323,93.47386636468684,56.80595616727685,0.16973419857199346,6.578980203776345,8612.094889091277,2.1342271186886754,19,0,39,0,1,0,0.2816623072251226,0.8006481891459598,0.0,0.27194877546917656,99.70031827844285,73.66433918198612,0.0054756066924013524,0.0,32.101638189242415,171.03299206722804
1338,abundant,110.01926159029401,93.47082000224154,56.79267373496386,0.14713578465103666,6.662010684186379,8600.791876959825,2.144199235247748,19,5,34,0,1,0,0.2674940035223681,0.8000562096557736,0.0011522826317367613,0.2719399814563104,99.700039691103,73.6619570968106,0.0054771000418339395,0.0,32.101638189242415,199.6748719137931
1339,abundant,109.98217010887227,93.46366619456518,56.77581254787791,0.15392724394616367,6.719145102402356,8579.792491420114,2.151877729585746,19,3,36,0,1,0,0.26454103914286187,0.7994646145127167,0.0010500000000000002,0.27193201770778735,99.69987172646775,73.65979991014429,0.0054784439056937695,0.0,32.101638189242415,197.10344748453068
1340,abundant,109.96459690023664,93.44837566742356,56.75685832547091,0.08522534979014401,6.737874885268906,8534.533475003103,2.15261615633368,18,4,35,0,1,0,0.26288292754811604,0.7988748891568562,0.0010516380158059765,0.27192404070673315,99.69958139327966,73.65763913368814,0.005479790116014288,0.0,32.101638189242415,191.40983192033545
1341,abundant,109.9422030307879,93.42239137396464,56.74254959640582,0.10333077238988897,6.7340436515988085,8490.104132372733,2.1498732425178435,17,4,35,0,1,0,0.2640993845655625,0.798254559446122,6.414724565368575e-06,0.27192454763802676,99.69926210848416,73.65777644910237,0.005479609220664515,0.0,32.101638189242415,198.68990814163408
1342,abundant,109.92508512199433,93.39255851285237,56.73151824503833,0.09238950356313813,6.704569859813381,8455.079795869897,2.143986547726226,17,2,37,0,1,0,0.26724059235828346,0.7976306538191738,2.1080230658631817e-06,0.2719250895150261,99.69911331222747,73.65792323046223,0.005479422039555514,0.0,32.101638189242415,184.86816586269123
1343,abundant,109.90921878311326,93.36872916130505,56.738238179963254,0.08217295640122085,6.67449630522948,8437.417555565858,2.1363105551269177,17,2,37,0,1,0,0.27167957361525225,0.7970116302634611,0.0003508562594353364,0.2719228006657449,99.69904631250206,73.6573032366068,0.0054797443820148025,0.0,32.101638189242415,165.7351183966951
1344,abundant,109.89093491391984,93.34965363009321,56.75486582146353,0.09241817090862758,6.671206966525728,8445.114965524786,2.133414874799847,18,1,39,0,0,0,0.2808113776366524,0.7963730521774073,1.1229619513181102e-05,0.2719232685171509,99.69898262086308,73.65742996622562,0.005479570522757843,0.0,32.101638189242415,183.0069542391854
1345,abundant,109.88172012733753,93.34158480135629,56.782240215811825,0.04292344426019171,6.706618205121934,8467.353574107641,2.1347705470757488,18,1,39,0,0,0,0.2862813119024989,0.7957379427343143,0.00035,0.27192098663819786,99.69900085671696,73.65681186046332,0.005479891609076596,0.0,32.101638189242415,168.18615357252128
1346,abundant,109.90171429809338,93.32275255899313,56.79811678434667,0.11949441845865585,6.706246784015539,8482.458054734532,2.1368355304658744,18,2,38,0,0,0,0.2792327031357549,0.795110597703186,0.00035039079717321715,0.2719187016010478,99.69886793216884,73.6561928992219,0.0054802132551967815,0.0,32.101638189242415,195.777223016157
1347,abundant,109.95502276957536,93.28752195291943,56.80447047576032,0.25630964235598613,6.656375876722693,8492.9250487959,2.1359561349494918,19,2,38,0,0,0,0.27873972239062955,0.7944935840085563,0.0007,0.2719135788658809,99.69879751000649,73.65480527429062,0.0054810456650798145,0.0,32.101638189242415,201.51003230288762
1348,abundant,110.02313706343571,93.25559487813224,56.79655154709369,0.29847828551555944,6.621331266739636,8496.26366324631,2.1294219687404823,19,2,38,0,0,0,0.2755030487435333,0.7938706180446082,0.00036026391678265526,0.27191121373725874,99.69871033525544,73.65416461820848,0.005481381695640865,0.0,32.101638189242415,190.53816781589543
1349,abundant,110.0935157896433,93.21912331785902,56.779660693654094,0.28490390643072466,6.606440201527034,8483.547766388037,2.1265810920475547,18,1,39,0,0,0,0.2752450144269597,0.7932476485287386,0.00035,0.27190893193261484,99.69864408388803,73.65354653257474,0.005481702719072762,0.0,32.101638189242415,198.36773523866003
1350,abundant,110.15985179752552,93.19709005370696,56.77095666973421,0.2537683557819814,6.580538425299396,8467.143335617358,2.128392454891548,17,0,40,0,0,0,0.28374909532455334,0.7926055245238816,0.0,0.2719094910346075,99.6986657284878,73.65369797976824,0.005481512385477215,0.0,32.101638189242415,182.14970571729506
1351,abundant,110.23758789097084,93.18344909767498,56.76949977405876,0.28395339420970733,6.472026303347403,8446.040812447864,2.13102680495869,17,3,37,0,0,0,0.27619071163228853,0.7920011147410861,0.0010500000000000002,0.27190152746665475,99.69857133621915,73.65154084201406,0.00548285609613333,0.0,32.101638189242415,181.54603322378426
1352,abundant,110.30381151357952,93.1687090421964,56.769675674823574,0.2214737132061402,6.3679012823538335,8423.154819380878,2.1387052858259743,16,4,36,0,0,0,0.2735848815954848,0.7913702728738589,3.6250902790658515e-06,0.2719020571832617,99.69825203617437,73.65168432941803,0.005482671018704899,0.0,32.101638189242415,199.51729595785318
1353,abundant,110.38053512933934,93.18017553745256,56.748779110778834,0.2854373661359483,6.287670967201345,8385.546101371176,2.1510195048540623,17,4,36,0,0,0,0.26606453020290016,0.790747758669939,5.599260833171814e-06,0.2719025708490067,99.69793268417808,73.6518234690321,0.005482488831942606,0.0,32.101638189242415,173.7412605008577
1354,abundant,110.45690113063372,93.20201327935307,56.741789761537156,0.28120721014097955,6.222552665852797,8347.523791208892,2.1664788027792725,17,0,40,0,0,0,0.2770475101432721,0.7901130064087815,0.0,0.27190312996084115,99.69795428725104,73.65197491889151,0.005482298471051947,0.0,32.101638189242415,165.86337620553144
1355,abundant,110.52974958888358,93.25097937739828,56.74245217543235,0.32181637461310814,6.190148971527178,8321.604368443688,2.182904929204215,18,2,38,0,0,0,0.27448992866950905,0.789500667487245,0.0007,0.2718980072935969,99.6978903087454,73.65058731235884,0.005483130808532907,0.0,32.101638189242415,159.41041407394238
1356,abundant,110.58266027794264,93.31336667109407,56.75233999639029,0.3066194647406849,6.1858441082782925,8327.447060818886,2.1950362053592,20,2,38,0,0,0,0.2775550669735703,0.7888752177321777,0.00035217209298896065,0.27189570791773315,99.69773963235731,73.64996446710703,0.005483454944635068,0.0,32.101638189242415,160.67986363408386
1357,abundant,110.59962205558892,93.38662023297186,56.761422557069054,0.27182815000518495,6.17576485265125,8340.937484264534,2.204041025304984,20,2,38,0,0,0,0.2762155847762414,0.7882512223186922,0.00035149034886641035,0.27189341408090284,99.69759824503187,73.64934312224528,0.005483778073462557,0.0,32.101638189242415,159.52262890204844
1358,abundant,110.58563383519429,93.4511168698134,56.79703188195741,0.21219156416454374,6.181919335101906,8353.429832877919,2.213720726672808,20,0,40,0,0,0,0.2778041032898342,0.7876156378050734,0.0,0.2718939732476944,99.69761984783023,73.64949458699125,0.005483587667807345,0.0,32.101638189242415,176.73626534164896
1359,abundant,110.57660942404846,93.50451046394548,56.83554571253937,0.1488178400594541,6.271656775443026,8361.577419794135,2.212234216094625,20,1,39,0,0,0,0.27433856160768355,0.7869838843211274,6.762079486521161e-07,0.2718945269188951,99.69755621680736,73.6496445631147,0.005483398256695181,0.0,32.101638189242415,174.81825264216982
1360,abundant,110.55616557716777,93.56586368330615,56.8684218881388,0.21609898991967333,6.38602733718092,8380.71918176295,2.2076308264515716,20,3,37,0,0,0,0.2697772841893087,0.7863865293085193,0.0010500000000000002,0.2718865634120388,99.69742423039158,73.64748744191007,0.005484741901870792,0.0,32.101638189242415,173.65413605204168
1361,abundant,110.52833524069601,93.616246233003,56.89770186362695,0.19916230599404677,6.494455570206054,8387.4195197675,2.2053569109486486,20,3,37,0,0,0,0.2762386101383928,0.7857655794989868,0.0004611664864246465,0.2718833794111841,99.6972543417811,73.64662497316569,0.005485225221559281,0.0,32.101638189242415,165.57640335398202
1362,abundant,110.50778296598153,93.64225006269552,56.89811306303925,0.08648523101509861,6.5450215808597365,8379.847470751607,2.2033979463143583,19,3,37,0,0,0,0.26865578508788523,0.7851597039872816,0.0007016375675486743,0.2718782435630386,99.69704756802234,73.64523379624596,0.005486059849885642,0.0,32.101638189242415,161.91091528857714
1363,abundant,110.49185145354731,93.67705303661606,56.90440080113623,0.11372995991686528,6.578637796657887,8388.141223193386,2.2012761074282508,19,5,35,0,0,0,0.27345857952547875,0.7845515012051504,0.000807201976672426,0.2718722508902891,99.69674407362177,73.64361052628541,0.005487048677591738,0.0,32.101638189242415,155.94888880249374
1364,abundant,110.47576271672456,93.71482993971566,56.90918018869563,0.1371958684866973,6.626782307713012,8389.204630365173,2.198362833918438,19,2,38,0,0,0,0.2811277005913035,0.7839123247614147,2.2866755284059293e-06,0.2718727916095364,99.6965951997353,73.64375699403828,0.005486861499181891,0.0,32.101638189242415,174.64038472248745
1365,abundant,110.48898177325914,93.75877408724541,56.89433017133824,0.14053894399199005,6.62768619953935,8374.07234034616,2.187849068426409,19,2,38,0,0,0,0.2778182294371024,0.7832916997369276,0.0005348224247759871,0.27186900982309453,99.69648342120557,73.64273259965118,0.005487452355733632,0.0,32.101638189242415,167.26077197213627
1366,abundant,110.51595220164134,93.78713287823537,56.87870176086956,0.11536883691312498,6.661923145835672,8339.959683883659,2.185500256457385,19,2,38,0,0,0,0.2689829043410675,0.7826658405131093,7.84677026441352e-07,0.2718695627489468,99.6963345618623,73.6428823738778,0.005487262968905292,0.0,32.101638189242415,169.27498056006885
1367,abundant,110.52910038031514,93.81362984720553,56.875385243576275,0.09653835177492395,6.7164163096834155,8313.774850604059,2.1909701840696827,19,2,38,0,0,0,0.2701874724288548,0.7820570734576385,0.0006585415786127874,0.2718647767608343,99.6961810970552,73.64158596557064,0.005488034563745106,0.0,32.101638189242415,170.9163568049173
1368,abundant,110.53809569316877,93.84116019009662,56.87366418928188,0.10705967115483134,6.7494044454911855,8298.404567123871,2.2001657679656295,19,2,38,0,0,0,0.27258100099260446,0.7814468343565467,0.0007,0.27185965429471226,99.696105148908,73.64019841351708,0.005488866702059641,0.0,32.101638189242415,175.6970607835737
1369,abundant,110.53480107384681,93.8585771851682,56.87506295937972,0.07508072544778834,6.754051680070188,8304.38923684349,2.2100798398594117,19,2,38,0,0,0,0.2773483774391076,0.7808215591638309,0.0003502865166843291,0.2718573704216775,99.69598958560717,73.63957976760634,0.005489187884197498,0.0,32.101638189242415,195.64999489316068
1370,abundant,110.54842846336996,93.85761795030439,56.8782801335278,0.04287274608347194,6.812848249104282,8325.612005926247,2.219585301584047,19,1,39,0,0,0,0.2722686449440047,0.7801921021941283,1.3764191382786019e-06,0.2718579186040255,99.69592590594706,73.63972825693247,0.005488999301637059,0.0,32.101638189242415,184.12281855972296
1371,abundant,110.55880351428486,93.83510303689417,56.87479207148276,0.06992229786061865,6.861648944077965,8353.672291319417,2.226145112869302,17,1,39,0,0,0,0.27293619544374403,0.7795716723791403,0.00035,0.27185563706080457,99.69585991960635,73.63911024211187,0.00548932006057334,0.0,32.101638189242415,187.71045594859424
1372,abundant,110.56670438965507,93.80545548505134,56.86008936909393,0.057193821534132154,6.842780127948069,8367.13667943771,2.230273414149312,17,2,38,0,0,0,0.2651764458259584,0.7789500646856995,3.0856059936329125e-06,0.2718561713643975,99.69571099599442,73.63925497201929,0.005489133970525405,0.0,32.101638189242415,197.81992828726501
1373,abundant,110.57888969918572,93.76450845204249,56.84514827758996,0.13777613909723224,6.835945407203904,8375.233376884906,2.2311732722933937,16,2,38,0,0,0,0.2729490060255558,0.7783199688940106,5.28981925766104e-06,0.2718566877702114,99.6955620509494,73.63939485385168,0.005488951107268456,0.0,32.101638189242415,199.3337090687913
1374,abundant,110.60017674822795,93.71768485374577,56.850316499355,0.17782847537736407,6.851695043668991,8390.940370602519,2.2293868395895577,18,1,39,0,0,0,0.2756210050650084,0.7776868214932312,1.275171145065041e-06,0.2718572367557667,99.6954983723186,73.63954356074724,0.005488762385007169,0.0,32.101638189242415,201.6637482960396
1375,abundant,110.6427419965476,93.68270737069756,56.857985594192066,0.21249407514349639,6.8567638728777585,8407.71989329833,2.2235195076621013,18,4,36,0,0,0,0.2664270838497639,0.7770931676535062,0.0010505697324945302,0.27184926880058297,99.69537981022326,73.63738523459841,0.005490106676304029,0.0,32.101638189242415,196.31011414927096
1376,abundant,110.68722097997161,93.66209774587938,56.87590435210914,0.20391388824451034,6.859816259714319,8425.437887464868,2.2165656731448378,18,4,36,0,0,0,0.2705735189114689,0.7764950122620035,0.0010526956892794948,0.27184128364762505,99.69521458759588,73.63522224998891,0.0054914540269227615,0.0,32.101638189242415,184.4589993147754
1377,abundant,110.71600044703052,93.65791822147237,56.90319260177986,0.12212962750008693,6.881844749388685,8452.640652796843,2.199052470580547,17,4,36,0,0,0,0.27344689066353295,0.7758743007495558,0.0003600024029386219,0.271838920996824,99.69491227769095,73.63458226508853,0.005491789314019985,0.0,32.101638189242415,177.19785455024436
1378,abundant,110.7279316266461,93.65507495964576,56.94622360676804,0.060293108838456455,6.936937460373241,8496.241373157703,2.180343610025717,20,3,36,0,1,0,0.26979094239278795,0.7752573494643515,0.00035066969384654626,0.27183663410001585,99.69469449268279,73.63396280011075,0.0054921109544973454,0.0,32.101638189242415,169.7935387590133
1379,abundant,110.7622345926226,93.66800213393186,56.970622379870136,0.17137823690991794,6.936079934147403,8537.793646528997,2.159073897240553,20,3,36,0,1,0,0.2661788434517483,0.7746542239160145,0.0007025421235679673,0.2718314911314598,99.6945316639455,73.63256969444421,0.005492946665285606,0.0,32.101638189242415,178.28676072978146
1380,abundant,110.7887297220869,93.68279569418324,57.00446780936254,0.12842700889510833,6.895475192417183,8563.258710883201,2.1363548119752713,21,2,37,0,1,0,0.2771039564249637,0.7740196212251564,7.55932890699274e-06,0.27183198924329727,99.69438265413363,73.63270462088131,0.0054927669853726095,0.0,32.101638189242415,163.54888270339035
1381,abundant,110.80101691189316,93.68829169358435,57.04775161045258,0.04459289377448225,6.846488225634234,8563.536479470684,2.1207890848941116,22,0,39,0,1,0,0.2790730028803727,0.7733826409219879,0.0,0.27183254871086415,99.69440417253523,73.63285616710003,0.0054925762676078195,0.0,32.101638189242415,189.8354483981929
1382,abundant,110.79774690822447,93.67749034181645,57.10337010687749,0.05702751908834008,6.777191541861512,8560.638390887812,2.1111644079893264,21,0,39,0,1,0,0.2794079824855018,0.772745292141254,0.0,0.27183310817597156,99.694425690975,73.63300771265253,0.0054923855564650605,0.0,32.101638189242415,196.14669589511396
1383,abundant,110.77882162862775,93.64587284165654,57.16481833302305,0.154621132616625,6.760143679298149,8563.489477291456,2.110873341122174,20,1,38,0,1,0,0.2769894130064702,0.7721204037869468,0.00035,0.27183082674767395,99.69441652242381,73.63238972896188,0.00549270619782509,0.0,32.101638189242415,187.5821094173244
1384,abundant,110.75645662587526,93.60915602127537,57.20296094549427,0.14913722979619556,6.741566299570321,8565.937323642327,2.116456418780065,20,2,37,0,1,0,0.26884957469030624,0.7715053533992856,0.00038157658922036185,0.2718282890335114,99.6942842161715,73.6317023236353,0.005493072961077171,0.0,32.101638189242415,191.7656221064928
1385,abundant,110.71456415451215,93.589521567924,57.204161079369484,0.1791909050333658,6.671845019621412,8537.600217523708,2.120588186867949,21,3,36,0,1,0,0.26779699597905565,0.7709011338131834,0.0007270396240956881,0.2718229472614865,99.69413517965477,73.63025536692221,0.005493944429022975,0.0,32.101638189242415,182.54071621325357
1386,abundant,110.67201585611096,93.56145738451022,57.19049211920194,0.19143908204248036,6.60056226474992,8515.842982816452,2.1264038275800976,21,2,37,0,1,0,0.2752288929871566,0.7702684679804424,3.0696266013435236e-06,0.27182348185800603,99.69398621335786,73.63040017617637,0.005493758155063774,0.0,32.101638189242415,190.25519952937051
1387,abundant,110.64906300213902,93.55264531641467,57.17281119729735,0.0844530205668704,6.523385321498838,8509.720316489467,2.1339743185065037,20,4,35,0,1,0,0.26688181396008026,0.769674333907466,0.0010512829421330376,0.2718155082804224,99.69387002037652,73.62824032705551,0.005495103314890296,0.0,32.101638189242415,181.4905213159314
1388,abundant,110.62562428207555,93.5432168379788,57.15391807947178,0.09212908726931698,6.45504912128451,8513.585597334357,2.138922258968596,20,4,36,0,0,0,0.2709965284750583,0.769065918651457,0.0007028901897722896,0.27181036260156266,99.69367876080622,73.62684648723332,0.005495939430299586,0.0,32.101638189242415,188.870019656422
1389,abundant,110.62023657425445,93.5319338048428,57.14669827387532,0.053781299152694105,6.424191705951903,8519.456269852424,2.1448486929903416,21,4,36,0,0,0,0.2642361765463118,0.768464930126924,0.000702545345283831,0.27180521974746935,99.69341756557584,73.62545341257196,0.005496775012863855,0.0,32.101638189242415,188.53144132222246
1390,abundant,110.62384297666968,93.53344309577312,57.11307528366534,0.04781773677059297,6.385193660637722,8516.95305151875,2.1483430278449474,21,5,35,0,0,0,0.26274940546741704,0.7678560376868818,0.00036185378471217245,0.27180284224481016,99.69305458415636,73.62480940466278,0.005497112820054812,0.0,32.101638189242415,196.9094378554469
1391,abundant,110.64385848802405,93.56519824102949,57.065567529458164,0.14654888931023496,6.287950689237992,8497.862623774112,2.148944568695651,21,4,36,0,0,0,0.2659528838631081,0.7672437228974291,0.00036547795702700773,0.2718004353261322,99.69280875976679,73.62415742866631,0.005497455910389658,0.0,32.101638189242415,161.56960830905714
1392,abundant,110.64888651535951,93.59857074394299,57.04287739491845,0.12156717551289874,6.236778441813328,8484.890927848552,2.146802282494449,20,2,38,0,0,0,0.2759472482308875,0.7666199928852029,0.00035042717241969153,0.2717981505879403,99.6927241269789,73.62353854840543,0.005497776999792666,0.0,32.101638189242415,173.910727492362
1393,abundant,110.6528755700621,93.62439255581234,57.03645515220789,0.08750925650389436,6.2244020311119765,8473.121710401698,2.150882484740077,20,2,38,0,0,0,0.27954884859809226,0.7659923233157299,0.00035122014231848964,0.27179585942996504,99.69263732083435,73.62291792918066,0.00549809923656662,0.0,32.101638189242415,162.5047419103675
1394,abundant,110.6571585174479,93.63938644772381,57.03209799040307,0.044098115504954585,6.297146485887519,8464.874785195258,2.1495420200819924,21,3,37,0,0,0,0.27782475026337855,0.7653666304150711,0.000354083022532923,0.271793545046513,99.69246309391596,73.62229101873653,0.005498425644786293,0.0,32.101638189242415,162.6826826078406
1395,abundant,110.65098965509628,93.6371332535386,57.03913709882799,0.04242106551935137,6.361088588017035,8470.802126531271,2.1464302273230174,21,1,39,0,0,0,0.2808309992262336,0.7647375163159222,0.00035,0.2717912638250601,99.69245719571582,73.6216730910751,0.005498746076424675,0.0,32.101638189242415,174.62322661775607
1396,abundant,110.63304822762908,93.6195541475907,57.047315351885956,0.11814803879678949,6.395515853424717,8490.315882179668,2.1410831334776423,21,1,39,0,0,0,0.2775160010902001,0.7641023107398983,2.215184833203778e-06,0.2717918055254864,99.6923935058539,73.62181982460558,0.005498558387415134,0.0,32.101638189242415,186.04525365369395
1397,abundant,110.615255817214,93.59949919981888,57.05990631673539,0.10098499333637738,6.4034005424173355,8509.70583019295,2.1331947480245845,20,1,39,0,0,0,0.27716277427944147,0.7634772316881909,0.00035,0.27178952431111575,99.69236030339944,73.62120189886257,0.005498878814444476,0.0,32.101638189242415,179.99737834091928
1398,abundant,110.59702606913456,93.5612858005376,57.06733979067692,0.14098629785012382,6.393788906274726,8524.027803943012,2.126412686506526,19,2,38,0,0,0,0.26625599296190516,0.7628739500959328,0.0007,0.27178440222173195,99.69229575459349,73.61981444885828,0.005499710576229064,0.0,32.101638189242415,192.5544439082037
1399,abundant,110.57043370609513,93.50151343864948,57.07349886406723,0.22653938114916036,6.426661253334956,8518.031496625437,2.125882556987438,18,2,38,0,0,0,0.26889678392090893,0.7622482200290996,2.0141242759916405e-06,0.2717849455907497,99.69214683921166,73.61996163436982,0.00549952255998342,0.0,32.101638189242415,215.77170902704515
1400,abundant,110.52985421016903,93.45168477934865,57.06857901610041,0.2182093099499325,6.446653810646064,8501.303913396136,2.1288740776820676,18,2,38,0,0,0,0.26521631996686257,0.761646082077136,0.0007,0.27177982352337415,99.69208319557058,73.61857419032702,0.0055003542994161185,0.0,32.101638189242415,211.0010823369611
1401,abundant,110.50855816452932,93.41239337712999,57.0310929147519,0.12880496642940223,6.4585148482762635,8493.8949756347,2.1339540451344354,19,2,38,0,0,0,0.2707644534428033,0.7610280620802699,0.00035074649717376595,0.2717775363214505,99.69201615274966,73.61795464270087,0.005500675754712074,0.0,32.101638189242415,184.42991880230124
1402,abundant,110.50171156536435,93.41322459822801,56.956959463583914,0.05795337237484799,6.465122782358018,8468.593313530451,2.1451525611048075,19,5,35,0,0,0,0.2598522770346091,0.7604416668248872,0.0010515089055491576,0.2717695611649925,99.69172166072713,73.61579436590117,0.005502021004478225,0.0,32.101638189242415,149.42823343256867
1403,abundant,110.4822594216578,93.41526318965215,56.88295670978041,0.08000136908649169,6.498002906328205,8440.300955666382,2.157400457599679,17,2,38,0,0,0,0.271442055392731,0.7598229193605636,0.00035138559315621307,0.27176726884579394,99.69163417160635,73.61517343212911,0.005502343335615192,0.0,32.101638189242415,173.50847921873293
1404,abundant,110.4484166398687,93.40484635399572,56.8090584401604,0.1305741685141332,6.5216694362349985,8400.19415514468,2.1685636825949057,18,2,38,0,0,0,0.2728143107328341,0.7591930267288263,7.253931028557077e-06,0.2717677697826511,99.69148524690505,73.61530912379564,0.0055021628832518776,0.0,32.101638189242415,186.67362357340343
1405,abundant,110.38902479282949,93.38866753353996,56.74283967907881,0.2338396160585462,6.544641123684139,8367.564875418117,2.17771076931719,16,0,40,0,0,0,0.2800014239333663,0.7585550251624996,0.0,0.2717683295963601,99.6915068474426,73.61546076377589,0.005501971839246297,0.0,32.101638189242415,196.82487407656984
1406,abundant,110.31499559701709,93.36101992277554,56.68543984425745,0.29650596101068927,6.552413551880571,8342.303805400159,2.184954290938115,16,0,40,0,0,0,0.2841765351139009,0.7579124309738743,0.0,0.2717688894076108,99.69152844801837,73.61561240309022,0.005501780801874074,0.0,32.101638189242415,192.9849399538886
1407,abundant,110.24359660030834,93.31459774507853,56.657233795233026,0.30359543579753834,6.538454063921487,8325.841092833209,2.191861104846796,16,1,39,0,0,0,0.2867129142404451,0.7572768467682097,0.00035,0.27176660832751554,99.69153251365282,73.61499451371915,0.005502101117015969,0.0,32.101638189242415,202.87853530519203
1408,abundant,110.19411475963868,93.27969414521374,56.61757683794453,0.18912602661619132,6.497317778022749,8324.78924584623,2.199980065103096,16,3,37,0,0,0,0.2723764908677092,0.75665724813515,0.00035769667481299656,0.2717642647783698,99.69132306380746,73.61435970299473,0.005502432665787325,0.0,32.101638189242415,183.72868014874444
1409,abundant,110.15254030059529,93.23705464088246,56.58744929634486,0.19615347474687395,6.440390794102487,8329.091042788052,2.207768627052138,16,1,39,0,0,0,0.28007456447206336,0.7560289661142308,0.00035,0.2717619837156074,99.69128125311691,73.61374181831872,0.005502752958295449,0.0,32.101638189242415,204.04662765034124
1410,abundant,110.1156820824469,93.20336391568222,56.57032756489748,0.1358216492762855,6.4145765004405035,8346.367325288127,2.212254472983643,16,2,38,0,0,0,0.27678508416134384,0.7554043344215551,0.00035113928221239287,0.27175969341920775,99.69120091555432,73.61312143247392,0.005503074904160404,0.0,32.101638189242415,172.8843814093844
1411,abundant,110.09328493019193,93.1699421542367,56.561688741283525,0.1410339052347405,6.415773667389692,8374.675057786706,2.2076324070483615,18,3,37,0,0,0,0.26902313240467884,0.7547884604391768,0.000358980830952281,0.27175733948323755,99.69103271791528,73.61248380821023,0.005503408295257299,0.0,32.101638189242415,198.07687021211865
1412,abundant,110.07728981546248,93.1340940500481,56.558867850228545,0.13986402905288695,6.395015272898226,8398.647439314613,2.2014877931187136,19,2,38,0,0,0,0.26380111129397277,0.754178083138848,0.0003501400748082508,0.2717550573206988,99.6909394336898,73.61186562563142,0.005503728758537634,0.0,32.101638189242415,207.47821699204206
1413,abundant,110.06659622906537,93.10787050874183,56.55868917098094,0.13841506455823885,6.369795304564425,8400.221408911006,2.195853112756101,18,3,37,0,0,0,0.2660387765736836,0.753575136189722,0.0007034180394677187,0.27174990767328144,99.69081776799338,73.61047071082305,0.005504565345639746,0.0,32.101638189242415,223.30217847105286
1414,abundant,110.0547625387666,93.08780901430289,56.54906545504474,0.1071364350941912,6.363841783094922,8392.209612474777,2.1926587489093605,19,3,37,0,0,0,0.27276655879952855,0.7529647514618532,0.0007020888146647873,0.2717447688452745,99.69067199753461,73.609078726731,0.0055053999617124035,0.0,32.101638189242415,200.30177934511624
1415,abundant,110.07003420633353,93.0865639362151,56.5413688399379,0.09253645932076869,6.395097072619026,8398.326850553618,2.192585722960665,18,4,36,0,0,0,0.2711434734014628,0.75235619154293,0.0007034964935117575,0.27173961861292983,99.69044250949311,73.60768365348,0.0055062366054080695,0.0,32.101638189242415,192.07035224036628
1416,abundant,110.11010545523546,93.11415761182785,56.531168757967905,0.21288894872575068,6.41497101820936,8403.235774744171,2.1915588205097443,18,5,35,0,0,0,0.2708141454428283,0.7517480845717526,0.0007067353146350063,0.27173444210838155,99.69016934389528,73.60628146372508,0.005507077951933656,0.0,32.101638189242415,173.08898168724755
1417,abundant,110.14425029228582,93.14765393997301,56.5247128661709,0.1714938562981985,6.452087023116951,8407.426504132578,2.189567967426993,18,3,37,0,0,0,0.27509585513066026,0.7511288749237821,0.0004784211669030205,0.27173111882041306,99.69001582896351,73.60538126547384,0.00550758570496343,0.0,32.101638189242415,186.41205859894762
1418,abundant,110.16738683732702,93.19341586336157,56.5353695753782,0.17463314046084985,6.4827364991687855,8426.857665915559,2.187275124360108,18,1,39,0,0,0,0.28173828391988864,0.7504987628114701,0.00035,0.2717288379238382,99.68995737669754,73.60476342581399,0.005507905818549689,0.0,32.101638189242415,152.1460938003106
1419,abundant,110.16694262594251,93.2449794521839,56.55404847032904,0.18399032340906393,6.552481856038108,8437.251953436564,2.1935695663901296,17,0,40,0,0,0,0.2678160501236717,0.7498741651563341,0.0,0.27172939793389445,99.6899789762277,73.60491511897995,0.005507714575140095,0.0,32.101638189242415,154.63343149408405
1420,abundant,110.16880994668259,93.28320127414223,56.55490392022656,0.12848014370694366,6.602001446626419,8403.485352737487,2.195742790154381,17,3,37,0,0,0,0.26657348350849774,0.7492803343244748,0.0010500000000000002,0.27172143526823034,99.68985694073933,73.6027582256339,0.005509057376013753,0.0,32.101638189242415,176.42386122875467
1421,abundant,110.15988779335309,93.31927559189765,56.56683000127846,0.12329536188244296,6.667717603609439,8367.263679809526,2.2020379020201974,18,3,37,0,0,0,0.2658970570186184,0.7486677471844478,0.00035355795333620257,0.2717191255486906,99.68968239320508,73.60213257853071,0.00550938263662916,0.0,32.101638189242415,167.70041580832182
1422,abundant,110.14146165773312,93.3505158212811,56.58246259943517,0.12250754567967002,6.708000241198988,8336.539016666677,2.209094014838497,18,3,37,0,0,0,0.2680430688315537,0.748052819801537,0.0003542854572884899,0.27171680993737846,99.68953012910772,73.60150533548901,0.0055097089488257076,0.0,32.101638189242415,182.91545162367302
1423,abundant,110.12054521871467,93.3674930527728,56.59116008092106,0.08106828670586455,6.74435804006013,8311.589569343036,2.213785078594466,18,1,39,0,0,0,0.27009050112990884,0.7474355202502942,0.00035,0.2717145291222547,99.68946865147925,73.6008875178923,0.005510028988689501,0.0,32.101638189242415,169.19169532888841
1424,abundant,110.10097935396402,93.38052643127352,56.60364284682579,0.06333243019239268,6.796693348085322,8298.287451126293,2.216179347373607,19,1,39,0,0,0,0.27462219617438566,0.7468132358345023,0.00035,0.2717122483246502,99.68943325354479,73.60026970504113,0.005510349017440992,0.0,32.101638189242415,176.1355676006276
1425,abundant,110.09735579484295,93.38561010175484,56.607037105606466,0.018689975301920552,6.851612810593357,8303.887161598432,2.22124522451918,19,2,38,0,0,0,0.27687183428615525,0.7461982768167876,0.0007,0.27170712665441094,99.68931601367608,73.59888236857296,0.005511180380961555,0.0,32.101638189242415,183.75998347532973
1426,abundant,110.08117725037248,93.39971059124068,56.6237809671145,0.06349468228175602,6.943287918578747,8338.275928594536,2.228249055630651,20,3,37,0,0,0,0.2778975922843453,0.7455627216260561,4.720027904003887e-06,0.27170764847374007,99.68908188513967,73.59902371679557,0.005510995919759072,0.0,32.101638189242415,173.28698633081635
1427,abundant,110.07963148083972,93.42523334006674,56.65261838092334,0.09377948904939348,7.00191209192962,8394.183220169063,2.236115033097957,21,2,38,0,0,0,0.2802934134163861,0.7449439988712981,0.0007,0.2717025268253572,99.68899763154863,73.59763638624777,0.005511827260818141,0.0,32.101638189242415,154.62635403175645
1428,abundant,110.08912490424063,93.45350807724249,56.6747219484811,0.1161328218804199,7.029081100686787,8442.203300276124,2.235268523424314,21,5,35,0,0,0,0.2726012319015603,0.7443533725753031,0.0014012521105932758,0.27169171326493846,99.68875395447837,73.59470725453508,0.005513683094092522,0.0,32.101638189242415,158.14900913034708
1429,abundant,110.12158413630618,93.47205891099551,56.695072206042894,0.14866363590887102,7.073211202984649,8487.473522892855,2.2268673263901486,21,5,35,0,0,0,0.2632003579569312,0.7437340302703424,6.3603140011908985e-06,0.2716922218470509,99.68834935489308,73.59484501711617,0.00551350094243047,0.0,32.101638189242415,173.19823953204258
1430,abundant,110.17353237530592,93.49167098860678,56.71848802947293,0.20371482034397526,7.111373237335573,8519.805012405668,2.2190299808992733,23,0,40,0,0,0,0.27640241446020025,0.7430999876144362,0.0,0.2716927820526279,99.68837095366084,73.59499676324398,0.005513309504749113,0.0,32.101638189242415,166.96593083953644
1431,abundant,110.21972698725642,93.50524791154182,56.74293870794493,0.16244862671603955,7.131304581733613,8536.893659074056,2.209527681291098,23,2,38,0,0,0,0.27841830220663566,0.7424833274820088,0.0007,0.27168766047557585,99.68830294755928,73.59360945201796,0.005514140765476765,0.0,32.101638189242415,168.65747100842376
1432,abundant,110.26280612038006,93.502313309972,56.75202820796069,0.12460279140617177,7.1340256721900115,8563.430304345464,2.1923405538530956,23,3,37,0,0,0,0.2695454723401026,0.7418666540801734,0.00035095063352336885,0.2716853721014945,99.6880908985377,73.59298958688265,0.005514462040325098,0.0,32.101638189242415,200.91707569797575
1433,abundant,110.30844137327024,93.47974293169678,56.757357031952516,0.15768057882271957,7.139877221103381,8586.829654767062,2.173119666463661,23,1,39,0,0,0,0.2779179343876563,0.7412309987615245,1.943184913764953e-06,0.2716859165729781,99.68802725090005,73.59313707102547,0.005514273408243156,0.0,32.101638189242415,205.81020142352432
1434,abundant,110.348506776816,93.44861964553068,56.759877742015135,0.1585082103577883,7.144130631226815,8613.884811254291,2.1520095394234615,21,0,40,0,0,0,0.28472921229671794,0.7405877966279982,0.0,0.27168647681460545,99.68804884950056,73.59328882691844,0.005514081943740538,0.0,32.101638189242415,210.85942655443122
1435,abundant,110.38964081827937,93.4040114734665,56.74724071144669,0.1973592359569218,7.1018833144149145,8623.910261844438,2.137743718983084,21,0,40,0,0,0,0.27807533792157024,0.7399519137562847,0.0,0.2716870370537719,99.68807044813938,73.5934405821448,0.005513890485885875,0.0,32.101638189242415,192.1139378094008
1436,abundant,110.41097240875031,93.34975542072503,56.74558574370919,0.20584613084691608,7.087652422533137,8626.380081403411,2.130609781577951,20,1,39,0,0,0,0.2740661014487972,0.7393302410446908,0.00035,0.2716847564006904,99.68801997532705,73.59282280844141,0.00551421038055993,0.0,32.101638189242415,200.37850243098427
1437,abundant,110.40050620687244,93.31332694158587,56.74837620843225,0.10668853120713244,7.085112859680914,8618.261839887586,2.1294630716775855,19,3,37,0,0,0,0.2676197889129835,0.738706057599994,7.082968123775309e-06,0.27168525914263025,99.68778582312568,73.59295898906115,0.005514029266378806,0.0,32.101638189242415,204.23983762600892
1438,abundant,110.3583963471978,93.29382785265213,56.7471501793127,0.17491628350778132,7.07427539497956,8613.842528511042,2.126892211632853,20,1,39,0,0,0,0.2735389505521663,0.7380751818637776,6.11049676544684e-07,0.27168581440922956,99.68772218854606,73.59310939733946,0.005513838703089574,0.0,32.101638189242415,182.0952580296846
1439,abundant,110.31249472508105,93.26720233603392,56.76371084355933,0.18961330451951125,7.031636684785719,8616.961388683063,2.1245281880027154,20,3,37,0,0,0,0.27486533986711903,0.7374527298902281,0.0003535678680124265,0.27168350477252057,99.68756273172062,73.5924837726731,0.005514163812174788,0.0,32.101638189242415,192.8355887990444
1440,abundant,110.25941105306222,93.25016896342117,56.77593453085448,0.19287029692847973,6.962874785727959,8620.540909007555,2.1251509306220187,20,3,37,0,0,0,0.2749267127297349,0.736820460521322,5.35768202402753e-06,0.2716840215027835,99.68732855458087,73.59262374239088,0.005513980178987908,0.0,32.101638189242415,191.64652616404342
1441,abundant,110.21658769974522,93.24607276313421,56.7809945347185,0.15479516764743492,6.910869157130894,8618.473385457895,2.127506471962737,20,0,40,0,0,0,0.2764417655857238,0.7361863745791778,0.0,0.2716845817182615,99.68735011148281,73.59277549120063,0.005513788724666681,0.0,32.101638189242415,168.7428377279766
1442,abundant,110.19456841198185,93.24649520831753,56.76985956517103,0.08592455438629876,6.911151780799409,8613.88406039813,2.128593862116533,20,1,39,0,0,0,0.2769771544029922,0.7355517283688974,1.0235558168458624e-06,0.2716851336184967,99.68728643118031,73.5929249876124,0.0055135987723960635,0.0,32.101638189242415,151.3761912875879
1443,abundant,110.16921430272355,93.25223141203365,56.773025077552894,0.10848955412198419,6.896613785010163,8620.72600779096,2.125000300016319,19,1,39,0,0,0,0.2784247365339243,0.73492526115871,0.00035,0.2716828529375925,99.68727406007687,73.59230720637252,0.005513918677198883,0.0,32.101638189242415,178.40459140358683
1444,abundant,110.14492683675617,93.23909017213641,56.79610761502012,0.10204332141718128,6.847055330646732,8636.6265338616,2.1251781736826483,19,2,38,0,0,0,0.2795967675111285,0.734301174472396,0.0004810627838630481,0.27167950845794436,99.68717301948956,73.59140126780831,0.005514430052078888,0.0,32.101638189242415,186.92965661804652
1445,abundant,110.12426708771969,93.22651855964396,56.825659887972144,0.08084850735175421,6.794081946698801,8650.639347812597,2.1234726546847336,20,1,39,0,0,0,0.2764522526093329,0.7336768769945257,0.00035,0.27167722781296055,99.68711493788925,73.5907834962984,0.005514749928018332,0.0,32.101638189242415,197.6465356612504
1446,abundant,110.10756552146847,93.19821318338056,56.85695840047479,0.10031564841727332,6.719994926716906,8646.891111934092,2.1255888637271,21,1,39,0,0,0,0.27924403118338004,0.7330397235919335,5.368467667193115e-07,0.27167778371263757,99.68705122075745,73.59093407606213,0.005514559231296982,0.0,32.101638189242415,196.63263170941565
1447,abundant,110.09997253073459,93.17519095278678,56.87108197926576,0.07047045656859548,6.62160972746384,8622.289337870985,2.130433850039403,20,3,37,0,0,0,0.2645403351235569,0.7324286456882687,0.00035415946325524135,0.27167546929702663,99.68681606839947,73.59030715690695,0.005514885179677978,0.0,32.101638189242415,178.21272229708637
1448,abundant,110.10578944343237,93.13046460090274,56.88799051742014,0.16352793293246695,6.540383752151692,8599.630707621429,2.135275589870554,19,0,40,0,0,0,0.27645077084851527,0.7317945498403353,0.0,0.27167602954991815,99.68683758373814,73.5904589158511,0.0055146936939336625,0.0,32.101638189242415,198.31448558535493
1449,abundant,110.15294946476729,93.08383953131165,56.902375178887226,0.25249752102649836,6.5244356693613765,8588.608568662741,2.141797547095871,18,2,38,0,0,0,0.27346152109791444,0.7311737487772195,0.0003573789318547493,0.2716736890155817,99.68672381409279,73.58982492176553,0.005515024341251634,0.0,32.101638189242415,204.6295474328805
1450,abundant,110.24832170419772,93.04432250592323,56.92077630142821,0.39223750825431547,6.483112047139054,8574.669605403375,2.1533474388018696,18,4,36,0,0,0,0.26870588504536,0.7305756476630394,0.000981262834633604,0.271666284527677,99.68642946008993,73.58781922526057,0.005516266464128715,0.0,32.101638189242415,178.1883019578091
1451,abundant,110.34621409620306,93.0404933233048,56.942629883071234,0.3652384502767035,6.484771518092519,8558.880759586726,2.167578391585431,18,4,36,0,0,0,0.26321823667066935,0.7299659826324363,0.0003526796333801858,0.27166398218221327,99.68616840008215,73.58719557561604,0.005516590191217791,0.0,32.101638189242415,176.70432369311268
1452,abundant,110.45958087967631,93.04756077075561,56.96606236536307,0.3978380819037938,6.505635896147277,8539.072742468023,2.174602149680194,18,3,37,0,0,0,0.2693439922367986,0.7293496095785177,0.0003537620550692462,0.27166167104940253,99.68595052619953,73.58656954569194,0.005516915488471887,0.0,32.101638189242415,184.38604600394856
1453,abundant,110.56556146533728,93.0579450310698,57.01274949369356,0.3646303360569938,6.5367475592013475,8523.208879851532,2.1783652665867796,19,1,39,0,0,0,0.2787192057746366,0.7287131178234063,3.548972876390133e-06,0.2716622025488334,99.68588677926539,73.58671351601976,0.0055167291172395685,0.0,32.101638189242415,209.05333556862305
1454,abundant,110.65499444293843,93.07792549008789,57.07286961482098,0.31652091630747586,6.607527648644305,8519.29537829553,2.17475308517028,20,2,38,0,0,0,0.27795195073777834,0.728087230679975,0.0003521429421543069,0.2716599045608604,99.68580690323354,73.58609104671395,0.005517052044165013,0.0,32.101638189242415,188.00981723932938
1455,abundant,110.74894242998111,93.08807207216293,57.132807514787444,0.31081859640178067,6.685850477747449,8529.36079422861,2.1664280042685267,22,3,37,0,0,0,0.27294034100295383,0.7274766360723394,0.0007014202667014906,0.2716547715410788,99.68558497051838,73.58470063592955,0.005517885249938572,0.0,32.101638189242415,180.7457075612777
1456,abundant,110.81698438763706,93.10117541299597,57.2033279799402,0.224907773737345,6.751549362939656,8542.990957338327,2.1542186417054623,22,1,39,0,0,0,0.2753660480660231,0.7268535334194668,0.00035,0.2716524909779235,99.68556827356217,73.584082886585,0.00551820500590795,0.0,32.101638189242415,173.9795228804518
1457,abundant,110.86729544922991,93.12513903288877,57.236773182294485,0.2252772404330407,6.783097074714766,8564.536243924616,2.148825295505845,21,2,38,0,0,0,0.26327882191713375,0.7262535267153579,0.0007,0.27164736954097163,99.68551063696118,73.58269561330873,0.005519036096655872,0.0,32.101638189242415,167.40574230255697
1458,abundant,110.91132034891257,93.15312062962565,57.23644332273916,0.21090793475971314,6.736917054646872,8574.820236666652,2.145336135422803,21,5,35,0,0,0,0.2632878832079177,0.7256634696572641,0.0010557004798222274,0.2716393609672549,99.68519858808472,73.58052628458269,0.005520386832761903,0.0,32.101638189242415,167.68177601942563
1459,abundant,110.9402544292519,93.1689907218355,57.235222275413946,0.11969736994631558,6.68549222580356,8604.794143607935,2.141429519983014,21,3,37,0,0,0,0.2716906067325463,0.7250347930059932,6.536290528264174e-06,0.27163986832250664,99.68496435636696,73.58066371483693,0.0055202047054348224,0.0,32.101638189242415,175.16454881673232
1460,abundant,110.94665240371486,93.1820062668356,57.24309518277981,0.06124309928743248,6.654921242357355,8650.262552557819,2.13828674490114,20,1,39,0,0,0,0.27249441036788635,0.7244148491545884,0.00035,0.2716375878403786,99.68495645046428,73.5800459874407,0.005520524380868949,0.0,32.101638189242415,185.40535795380828
1461,abundant,110.93489556730553,93.19446281016393,57.26034402536336,0.07449308310225067,6.663847234846041,8702.41260485327,2.137856491141945,19,2,38,0,0,0,0.2726436390327267,0.7237853953392346,1.622098507221081e-05,0.2716380165876848,99.684807351653,73.58016212470564,0.005520356397990729,0.0,32.101638189242415,186.9215452311729
1462,abundant,110.89642477422824,93.19742816127436,57.28628733964015,0.14752196839690984,6.634659001833566,8730.15817313375,2.141274144948515,19,4,36,0,0,0,0.264110049543615,0.7231748598983154,0.00035662905639019526,0.27163568228028057,99.68455893566342,73.57952981734523,0.005520685753131217,0.0,32.101638189242415,182.8062797519528
1463,abundant,110.83462632057646,93.20058417686025,57.31070915386425,0.21411142990136336,6.5496566584022755,8708.820164185134,2.1500480356577834,20,3,37,0,0,0,0.26323309113219945,0.7225750212183247,0.0007042042948103491,0.27163052678472027,99.68443741223683,73.57813331841653,0.005521522900168817,0.0,32.101638189242415,198.26181568803196
1464,abundant,110.78477548896637,93.20581636391817,57.333621850185764,0.18272309377679608,6.442794645846701,8671.443573821627,2.165760856292439,20,2,38,0,0,0,0.273798889711493,0.7219537112976099,0.0003524592131354771,0.2716282263775859,99.6843702653354,73.57751019381848,0.005521846122714539,0.0,32.101638189242415,185.51304588626536
1465,abundant,110.73811868523508,93.20594259776331,57.34908471720159,0.17897568446385567,6.345470294947681,8640.811430878763,2.186129821481698,20,1,39,0,0,0,0.2781754001093739,0.7213275183574895,0.00035,0.271625945948596,99.68435724803693,73.5768924808161,0.005522165741155999,0.0,32.101638189242415,187.13920322628252
1466,abundant,110.7111607791547,93.21832883431111,57.35802187458489,0.10838582740454777,6.305615155517813,8626.111675709508,2.2045103570733535,20,2,38,0,0,0,0.27507908806434267,0.7207047499964541,0.0003506655655488737,0.2716236601278235,99.68425644068701,73.57627330731033,0.005522486320883224,0.0,32.101638189242415,172.334105944197
1467,abundant,110.70870909162952,93.22545743968085,57.37438175292819,0.01879239720772475,6.338797755005773,8624.103754094831,2.222070716804792,21,2,38,0,0,0,0.2774893737803233,0.7200695369742753,9.031778382330683e-07,0.27162421327753444,99.68410749066136,73.57642314217485,0.005522295890747169,0.0,32.101638189242415,175.4731946648023
1468,abundant,110.70850460360202,93.24874576774138,57.36988064127545,0.08649706859961055,6.3396823523428445,8617.795888481895,2.235797011508113,21,1,39,0,0,0,0.27326504492443443,0.7194389623410407,6.041493683170703e-07,0.27162476884726866,99.68404377085925,73.57657363256507,0.0055221050303460835,0.0,32.101638189242415,192.0922834887262
1469,abundant,110.71834284569488,93.29287793660436,57.341739721134175,0.180885012128628,6.321922778773184,8608.58223499958,2.2387397916173826,21,1,39,0,0,0,0.2658729803947224,0.7188263020626066,0.00035,0.2716224884287735,99.6840126403719,73.57595592240544,0.005522424639797852,0.0,32.101638189242415,164.87762680039356
1470,abundant,110.71397589872129,93.32823585630419,57.30890618038251,0.1316191940728187,6.303663175658403,8581.290220222247,2.237088038603207,20,3,37,0,0,0,0.26850474899216276,0.7182205813292204,0.0007012318037614379,0.27161735712772805,99.68382917983057,73.57456597718505,0.005523257383684051,0.0,32.101638189242415,170.1398239383935
1471,abundant,110.70582338679746,93.36608085525361,57.2668545381555,0.13166516403240278,6.289210627680708,8566.554426543866,2.240924027765731,19,2,38,0,0,0,0.27582213146353063,0.7175872346720753,2.060266601257736e-06,0.27161790091103194,99.68368020728077,73.57471327491665,0.005523068617268513,0.0,32.101638189242415,152.18083141403514
1472,abundant,110.69545804494143,93.3940665713204,57.22994343373699,0.11864046257613566,6.28744161864836,8560.70347877749,2.245954697463298,18,0,40,0,0,0,0.277465819317951,0.7169520222708257,0.0,0.2716184614148068,99.68370167861474,73.57486510181901,0.005522876847381993,0.0,32.101638189242415,171.48845701118384
1473,abundant,110.7196328395705,93.43065990608281,57.16695068366939,0.17903986295681232,6.281327909478745,8584.359738614774,2.2436495390165008,17,4,36,0,0,0,0.26857197258012755,0.7163365352702303,0.00035507747295610866,0.2716161397971444,99.6834039816492,73.57423623180244,0.005523203848163259,0.0,32.101638189242415,145.53082841029976
1474,abundant,110.72615643296506,93.4663499265717,57.10810100935712,0.11037476092649894,6.255990988757058,8601.166448893731,2.240035255689972,17,3,37,0,0,0,0.2663446485196473,0.7157140800931504,1.871201041794728e-05,0.27161654839814287,99.68316958886804,73.5743469119204,0.0055230394116083095,0.0,32.101638189242415,153.72534625423188
1475,abundant,110.71600382811357,93.50096504574857,57.07731681322589,0.13281932029783577,6.224063817869875,8626.785488642607,2.2357199880642193,17,1,39,0,0,0,0.27509448355747657,0.7150912761612372,0.00035,0.2716142679955613,99.6831632943113,73.57372920607138,0.005523358988616846,0.0,32.101638189242415,141.58046672073655
1476,abundant,110.7001505137398,93.5259393807044,57.037004820488846,0.12587035125698082,6.2035798936801045,8656.277069575524,2.232061603839895,18,2,38,0,0,0,0.2722708843119215,0.7144716467147199,0.0003524473652041343,0.27161196773555946,99.6830119604326,73.57310612132797,0.0055236821301009155,0.0,32.101638189242415,160.41848253789118
1477,abundant,110.68441178529227,93.54545235943847,57.00082290330674,0.08974803925282361,6.217564166836363,8680.424414008412,2.2298890523310826,18,1,39,0,0,0,0.27247064924107034,0.7138517290005546,0.00035,0.2716096873571288,99.68299379378041,73.57248842202085,0.005524001684793226,0.0,32.101638189242415,160.85858424596088
1478,abundant,110.69147117101463,93.57327213652752,56.97822002779753,0.1437575576564167,6.243841270860658,8704.037892156775,2.2207453593387037,17,3,37,0,0,0,0.2697116001275678,0.7132349514319054,0.0003537568389675273,0.27160737649216216,99.68280257972782,73.57186246464924,0.005524326717087601,0.0,32.101638189242415,152.57448620628296
1479,abundant,110.70429415389215,93.58569136491522,56.97945657500543,0.07882057839878437,6.233150710226057,8735.509045567822,2.2054398271785485,17,1,39,0,0,0,0.27293892264831127,0.7126047222792167,1.3079373375387244e-07,0.2716079359597013,99.68273882224156,73.57201401086044,0.0055241350946059215,0.0,32.101638189242415,173.7296772836499
1480,abundant,110.71907174904682,93.57904885627809,57.009877943587924,0.0787998174755825,6.215345438583237,8770.138153313666,2.192503763231189,18,0,40,0,0,0,0.28195626824360726,0.7119645703841488,0.0,0.27160849648640567,99.68276029334031,73.57216584397386,0.005523943287689582,0.0,32.101638189242415,174.9257148174965
1481,abundant,110.73403210897266,93.5551051384522,57.07390076804968,0.11453405078990907,6.219974788156607,8798.81081040491,2.1809347160405808,18,0,40,0,0,0,0.28022328269895924,0.7113263247731799,0.0,0.27160905701063726,99.68278175787525,73.57231767641747,0.005523751487433089,0.0,32.101638189242415,166.92639507759822
1482,abundant,110.77004126717699,93.54618697972202,57.13874643790799,0.16779468540709472,6.210446477766834,8827.116643298199,2.1635278264382065,19,3,37,0,0,0,0.26915981529607813,0.7107100690960833,0.00035071856174973237,0.2716067708008533,99.68257779554673,73.57169839753793,0.005524072089527461,0.0,32.101638189242415,178.58441694701355
1483,abundant,110.81549035074337,93.53210039956625,57.20919306401062,0.21043182059645885,6.214603960190135,8863.86666783219,2.1427570217626886,18,1,39,0,0,0,0.2759626899027546,0.7100765380631768,9.973566601016299e-07,0.2716073232300421,99.682513987497,73.57184803723044,0.005523881741925102,0.0,32.101638189242415,197.7030764612762
1484,abundant,110.87005500342472,93.51959336773149,57.265268234518,0.22073136597248777,6.206429962928327,8878.284919765065,2.1314925581806765,18,2,38,0,0,0,0.27024986497535214,0.7094591192087998,0.00035199989628396206,0.27160502663248337,99.68239862564602,73.5712259445542,0.005524204211511502,0.0,32.101638189242415,191.63651927616712
1485,abundant,110.93424784279269,93.50124918861442,57.30783353711355,0.23964893045511954,6.129430835312712,8889.717088021447,2.1277210854643545,20,2,38,0,0,0,0.2701905320804159,0.7088439987649903,0.00043175505281919534,0.27160208268610386,99.68226845806434,73.57042850075524,0.005524643191246327,0.0,32.101638189242415,174.48978923777622
1486,abundant,110.98174125436682,93.46938081738531,57.352357298394985,0.17785132743309903,6.0350840142935045,8873.976436566016,2.1252753717270796,19,3,37,0,0,0,0.26914062252425286,0.7082277754499511,0.0003511203477709594,0.27159979324860895,99.68208522204124,73.56980834756693,0.005524964349383947,0.0,32.101638189242415,191.8798730414312
1487,abundant,111.01504653993716,93.43778771051929,57.40586299227842,0.11988340480672166,5.989718269159069,8850.945973854163,2.124825459522738,18,3,37,0,0,0,0.27059433074699096,0.7076295216861295,0.0010500000000000002,0.27159183114392815,99.68196676937553,73.56765160617769,0.005526306551317509,0.0,32.101638189242415,187.8107173223223
1488,abundant,111.04185564895677,93.41073076553346,57.46305751515033,0.08360509863958042,5.94877094402027,8823.382350675041,2.125175522330186,18,3,37,0,0,0,0.27322748299625665,0.7069991136458876,5.0782519253152675e-06,0.27159235052992536,99.68173246655645,73.56779229526958,0.005526122088270974,0.0,32.101638189242415,200.13494018491554
1489,abundant,111.08327306931457,93.39557274489843,57.51751548865936,0.12249554507415406,5.88882992444474,8784.143106681586,2.1281132698365592,19,2,38,0,0,0,0.27507747211978506,0.7063763355736687,0.0003502552540346938,0.27159006816627473,99.68162392076016,73.56717405821445,0.005526441931167127,0.0,32.101638189242415,186.26506691150394
1490,abundant,111.12091315493983,93.38019306542172,57.56780824450283,0.11000269605923065,5.847667166826792,8774.83527873872,2.137799330450497,19,1,39,0,0,0,0.28054223024622943,0.7057475391203979,0.00035,0.2715877878904836,99.68159804849532,73.56655638670989,0.005526761390034675,0.0,32.101638189242415,197.1754048421972
1491,abundant,111.13907943932534,93.35314011740516,57.57875441794281,0.09962749813274649,5.770942173265849,8749.181590800355,2.1457041119709213,17,3,37,0,0,0,0.26831815527023867,0.7051421380185058,0.0007053167466133084,0.2715826235817995,99.68144443086881,73.56515750051932,0.005527599951395317,0.0,32.101638189242415,210.0551285180316
1492,abundant,111.15614152633498,93.33970329652394,57.56194762892693,0.05654897055713047,5.746356088409756,8720.07616110982,2.1504626219128067,17,3,37,0,0,0,0.2677632647817136,0.7045373548653918,0.0007055870766420188,0.27157745710981246,99.68127319468574,73.56375802834235,0.00552843887858874,0.0,32.101638189242415,174.6259360483111
1493,abundant,111.17290163155306,93.31803666478285,57.53363235818718,0.09700614188442618,5.734785128223765,8699.929808068191,2.151983297531696,18,3,37,0,0,0,0.27197974644743167,0.7039083153712026,4.936675104105094e-06,0.2715779777132027,99.68103889279335,73.56389904719656,0.005528254134662279,0.0,32.101638189242415,162.6307036181336
1494,abundant,111.17556337679476,93.29473234237892,57.485177655019015,0.054592753122386276,5.688872195202135,8674.755273871524,2.152093709234506,18,3,37,0,0,0,0.26814319797380176,0.7033127578534314,0.0010500000000000002,0.2715700157070073,99.68087168547262,73.56174233248461,0.0055295962223691686,0.0,32.101638189242415,171.55123146359387
1495,abundant,111.1552756158369,93.2676763674998,57.44969419200113,0.09471622466397353,5.655054131917761,8661.803475063905,2.1479211841314436,19,6,34,0,0,0,0.26222407047286306,0.7027240115931968,0.0010607220459089343,0.2715619667045063,99.68044721094428,73.55956205257974,0.005530953928259488,0.0,32.101638189242415,178.68620657485639
1496,abundant,111.1295905304004,93.23639014561881,57.41734604677563,0.10850614506415578,5.657028170436758,8658.848186042218,2.146826713916496,19,2,38,0,0,0,0.26444308132257277,0.7021129643292241,0.0003514330529346884,0.2715596749318727,99.68033867278623,73.55894126685892,0.005531275324136664,0.0,32.101638189242415,188.48379102078957
1497,abundant,111.10944716479707,93.20490449981368,57.38113706003496,0.10855904448166424,5.6501805688054905,8653.631653792327,2.145868919373294,19,3,37,0,0,0,0.2705997600128202,0.7014952010708682,0.0003534456306515515,0.27155736682818055,99.68012190357595,73.55831605744972,0.005531599649206812,0.0,32.101638189242415,194.5621616526883
1498,abundant,111.07742254160924,93.16106509167133,57.36326079359374,0.19770362439951208,5.671542042380706,8666.51489545116,2.143492422952639,18,1,39,0,0,0,0.27571288915285797,0.700861938195402,7.608072158154011e-07,0.27155792141907265,99.68005809623773,73.5584662826953,0.005531408694639437,0.0,32.101638189242415,206.4000952695952
1499,abundant,111.03793424933886,93.11935860379731,57.348311086817205,0.20738678780101455,5.720062956779303,8668.430877713632,2.1353244350536076,19,1,39,0,0,0,0.26540022365600974,0.7002409061027821,3.243405005927152e-05,0.2715582189178415,99.67999398042238,73.5585468679091,0.005531264020937358,0.0,32.101638189242415,196.37421411082502
1500,abundant,110.99449410524119,93.0900085290269,57.315729190354624,0.20485965661978872,5.763733722751015,8683.92318881688,2.1248436915735387,19,1,39,0,0,0,0.2657258168674363,0.6996186199857368,4.3862531801263356e-07,0.27155877611252655,99.67993017628905,73.55869779845916,0.00553107260731958,0.0,32.101638189242415,183.4416297259806
1501,abundant,110.96142196416504,93.07647525201449,57.27075760513625,0.12283659589410527,5.7697962583474816,8695.885479046585,2.1124415792294653,19,2,38,0,0,0,0.27038924980718454,0.6990010147946072,0.00035082084493753515,0.2715564893094506,99.67978331279504,73.55807835887119,0.005531393104647345,0.0,32.101638189242415,171.2881155057494
1502,abundant,110.9315617369319,93.08036873071785,57.22459920829103,0.10023843261217653,5.752501113785231,8676.934202560442,2.1091226546840884,19,1,39,0,0,0,0.2690719481773827,0.698384835651612,0.00035,0.2715542091908611,99.67977294946651,73.55746072994874,0.005531712391602134,0.0,32.101638189242415,170.00260020217888
1503,abundant,110.90214791767553,93.09776961185055,57.18086733103796,0.12220956251804223,5.743496395926337,8644.027766504361,2.112762419836994,20,1,39,0,0,0,0.27925608041065947,0.6977477387909264,3.029563074219377e-06,0.2715547453803934,99.6797089965206,73.55760597071148,0.005531524747745768,0.0,32.101638189242415,158.11877037771734
1504,abundant,110.8724912076005,93.12288516000656,57.14655514146066,0.15055361043965004,5.742918484801509,8612.914146812727,2.1282943025543317,20,1,39,0,0,0,0.2770915403250499,0.6971227380965689,0.00035,0.27155246526663995,99.67967277985804,73.55698834309901,0.005531844030129695,0.0,32.101638189242415,173.61773946770205
1505,abundant,110.85316002900929,93.13989532080414,57.136783231852405,0.11594081803630216,5.7746364677660225,8592.12394847822,2.1463216881658056,19,2,38,0,0,0,0.27662004591188427,0.6964985154522327,0.00035926450595988806,0.2715501099614267,99.67954868953495,73.55635034794051,0.005532176836761796,0.0,32.101638189242415,178.45944835886334
1506,abundant,110.83773306899391,93.13542805199559,57.14690041523879,0.04862371611372114,5.817313667344132,8588.978862690616,2.1661614944491316,19,1,39,0,0,0,0.28070909591889875,0.6958695354467219,0.00035,0.2715478298699303,99.67950736059286,73.55573272635694,0.005532496096504136,0.0,32.101638189242415,180.13510107842473
1507,abundant,110.84914148154533,93.14640447268685,57.1345450546688,0.11160302354767863,5.827802394762324,8573.742022766804,2.185817780165484,18,5,35,0,0,0,0.2619565003963791,0.6952710545162132,0.0007025435688314677,0.2715426882435515,99.67919970089648,73.55433998425372,0.005533330407166378,0.0,32.101638189242415,183.19970051075455
1508,abundant,110.88343834925664,93.15155059054233,57.13694627508554,0.15385831520618679,5.854810966107438,8554.40203653249,2.202913651882451,18,5,35,0,0,0,0.2614760272467102,0.6946829533685785,0.0010543743691721456,0.27153469089624804,99.67895123544152,73.55217369649124,0.005534678709518746,0.0,32.101638189242415,194.21433742625933
1509,abundant,110.92719527715153,93.15437738048684,57.147778645586754,0.1704740969748346,5.885286689115173,8574.456223503905,2.2077214955642606,17,5,35,0,0,0,0.26517788910026235,0.6940810231524719,0.000705909353696805,0.2715295220187634,99.67859766913357,73.55077357272323,0.005535517861769207,0.0,32.101638189242415,185.4004224589629
1510,abundant,110.97031675903372,93.15409881426496,57.17080199770705,0.1609850897411982,5.943318589086158,8607.45185438294,2.20933164141304,17,2,38,0,0,0,0.2724402741815381,0.6934514602869709,4.337003527378465e-06,0.27153004771235595,99.67844847349015,73.55091597039,0.005535331995935871,0.0,32.101638189242415,204.72730697841288
1511,abundant,111.00906229780583,93.14489033998487,57.18244893514534,0.17421679916495783,6.0256519044126176,8619.191355740491,2.2085367136715752,18,0,40,0,0,0,0.27041445310143725,0.6928240043885593,0.0,0.2715306086064159,99.67846977467406,73.55106790301116,0.005535139800244984,0.0,32.101638189242415,180.2873737119823
1512,abundant,111.02051057034843,93.1253643740661,57.20253716038983,0.09713055975242295,6.120619697655402,8623.217314582544,2.209307111649248,17,0,40,0,0,0,0.2751844868020267,0.6921913014530772,0.0,0.2715311694979926,99.67849107589635,73.55121983495965,0.005534947611227443,0.0,32.101638189242415,198.13670113553727
1513,abundant,111.00074104817558,93.09901775609222,57.215129663567836,0.10766684869818319,6.1809193973177985,8622.099616128755,2.2016805253254095,17,1,39,0,0,0,0.2697953087683993,0.6915743266134319,0.00035,0.27152888949356935,99.67844393708394,73.55060223696208,0.005535266774764007,0.0,32.101638189242415,181.21606305753613
1514,abundant,110.9822280446524,93.07048401733252,57.21233291668439,0.1278152880818695,6.23137264503975,8620.426272687131,2.1931172185789656,17,3,37,0,0,0,0.27052864363725265,0.6909566951945816,0.0003553603268147209,0.27152656599319475,99.67829136407083,73.54997285696436,0.005535593758593086,0.0,32.101638189242415,193.23733835656105
1515,abundant,110.93260454546017,93.04564394636773,57.20748922770299,0.21199882129981584,6.27289229712262,8607.266420762127,2.1908252998174937,17,2,38,0,0,0,0.2650678451902273,0.6903354153871037,1.0529365403479488e-05,0.2715270414294933,99.67814214983606,73.55010164114695,0.005535416937092314,0.0,32.101638189242415,193.57616247752526
1516,abundant,110.86435278376761,93.0395749742535,57.18907732306785,0.24726747564480303,6.328607513647723,8611.170045935876,2.1889825397585794,17,2,38,0,0,0,0.26466676708890996,0.6897144326850313,5.383633048926882e-06,0.27152755861896155,99.6779929857588,73.55024173525236,0.005535232603876661,0.0,32.101638189242415,182.05988200245852
1517,abundant,110.78755987263332,93.04477507817951,57.1673747097974,0.2811694396426384,6.391132162515286,8605.934809524464,2.1911783997111667,17,1,39,0,0,0,0.2688934720991812,0.6890984498657222,0.00035,0.2715252786148538,99.67799616532224,73.54962413734025,0.005535551757517817,0.0,32.101638189242415,176.42533572037206
1518,abundant,110.71789691505735,93.04509697400262,57.160183901178996,0.23715370921469883,6.422629455125036,8595.451322924477,2.1896396323558833,17,2,38,0,0,0,0.2722684675412238,0.6884885545514269,0.0007,0.2715201577357498,99.67793144887901,73.54823701517145,0.005536382245958433,0.0,32.101638189242415,174.87393906538142
1519,abundant,110.67253166712837,93.04432418013809,57.13541684576167,0.1447508052722216,6.467392358113349,8572.590281794932,2.1877560311326327,17,3,37,0,0,0,0.26039325756653187,0.6879015219681037,0.0010500000000000002,0.2715121959959465,99.67774414606966,73.54608037261869,0.005537724051444134,0.0,32.101638189242415,171.02084270821086
1520,abundant,110.64167269647876,93.04013444807374,57.108804083256516,0.07708265108308919,6.467251279057568,8544.964242614653,2.194000391118304,18,3,37,0,0,0,0.2662576061762937,0.6872982996801744,0.0007021813880256926,0.2715070574889152,99.67757904690896,73.54468847547119,0.00553855765144142,0.0,32.101638189242415,176.80471423228133
1521,abundant,110.60775537791214,93.03736618600422,57.07765792179803,0.10085509342819325,6.494812041519852,8519.511162885421,2.2010980346651854,19,2,38,0,0,0,0.2748340579175011,0.6866855822164653,0.0007,0.2715019367219361,99.6774941434177,73.54330138367433,0.0055393880355125305,0.0,32.101638189242415,182.93772559179695
1522,abundant,110.57490292125685,93.04292389791553,57.035638992291794,0.11464069209169378,6.570623034955051,8498.68270667029,2.2087447024224143,19,3,37,0,0,0,0.2760416619107798,0.6860715855335142,0.0007017551839591553,0.27149680173662755,99.67735159475292,73.54191044047626,0.00554022095505447,0.0,32.101638189242415,180.43277450105532
1523,abundant,110.54994658202406,93.06154775886048,57.00017840947421,0.09189292242648675,6.673591552195299,8483.21437439866,2.2140440035743216,19,2,38,0,0,0,0.2809823681019425,0.6854423436392427,0.0003513825228814552,0.2714945106999149,99.67724930409047,73.5412898540986,0.005540541955341655,0.0,32.101638189242415,188.42218395816042
1524,abundant,110.51890276716017,93.08126482273589,56.99297896157113,0.10575431378793357,6.744805359923317,8479.46811426746,2.207384469534535,19,2,38,0,0,0,0.2748055869717142,0.6848296574935738,0.0007,0.27148939001366845,99.67718288609426,73.53990278417024,0.005541372270514521,0.0,32.101638189242415,180.73455739616261
1525,abundant,110.49120779841692,93.09777420973062,56.97623894879391,0.11194731027197452,6.783797835186027,8483.391020190684,2.1991492483877817,20,3,37,0,0,0,0.27049484892249626,0.6842217379535424,0.0007008854922607736,0.27148426217265925,99.6770265700584,73.5385137761899,0.005542203850551271,0.0,32.101638189242415,173.80317603649877
1526,abundant,110.46914941611278,93.10282157922994,56.97831965138855,0.05424298500217968,6.80216323554026,8490.428350309521,2.1915399624520666,21,5,35,0,0,0,0.2688226008111085,0.6836352857794985,0.0014018816731542012,0.27147344449876626,99.67677521957089,73.53558353023662,0.0055440595488847584,0.0,32.101638189242415,192.84714696974123
1527,abundant,110.44973708160452,93.09599990953798,57.00236313083285,0.05540789156249153,6.788121401464951,8524.889069974219,2.185628154728129,21,5,35,0,0,0,0.26945737105451667,0.6830286344355008,0.0007054201486513653,0.2714682799388616,99.67650057477354,73.53418457599649,0.0055448976606944705,0.0,32.101638189242415,180.9704283758569
1528,abundant,110.41730039819547,93.10647735770875,57.020372953582125,0.12757891550046566,6.837888883647247,8577.55785016129,2.1746436258138955,21,2,38,0,0,0,0.2619499539022054,0.6824108265838974,1.2039203177762595e-05,0.27146874346451577,99.67635134387226,73.53431013387389,0.005544722722002372,0.0,32.101638189242415,174.184255155936
1529,abundant,110.37614764660859,93.12295064985089,57.05520908700132,0.16712940183059352,6.91840792193066,8640.60396156914,2.16097474047795,21,2,38,0,0,0,0.2697303564076603,0.6818037231918488,0.0007,0.27146362292770826,99.67627404095735,73.53292310442494,0.005545552892012249,0.0,32.101638189242415,183.94347810719756
1530,abundant,110.33575816479022,93.16172032250242,57.07587243386198,0.1943321772493784,6.976794966614685,8689.497825982915,2.1458159340479135,21,3,37,0,0,0,0.2680876197622612,0.6811984808514349,0.0007019300473015436,0.2714584867649973,99.67613882359974,73.53153184229704,0.005546385852973672,0.0,32.101638189242415,167.07621099623617
1531,abundant,110.30299690488569,93.19369497972673,57.078455771023485,0.18117191724492657,7.000759029436796,8705.520010111424,2.1376919389776465,21,3,37,0,0,0,0.2573729678651856,0.6805952723042811,0.0003536327677862295,0.27145617769992575,99.6759862426571,73.53090637247345,0.005546709926786941,0.0,32.101638189242415,174.49505089040076
1532,abundant,110.30968563181446,93.21604770138369,57.05046989643385,0.08738089491938762,6.976377476788659,8696.682230572122,2.135066676853753,21,2,38,0,0,0,0.2543206360465887,0.6799953226262406,0.00035010791467208753,0.2714538972547654,99.67584691848278,73.53028865509086,0.005547028839578926,0.0,32.101638189242415,167.73270859295428
1533,abundant,110.33925506537302,93.23364985544048,57.007980595416505,0.11713668683251524,6.915049100027358,8682.825219219376,2.1383334872327766,21,0,40,0,0,0,0.27001316616942744,0.6793683081434543,0.0,0.27145445859214384,99.67586821818631,73.53044070779627,0.005546836237754686,0.0,32.101638189242415,167.7883224199922
1534,abundant,110.3727786158696,93.25046870475921,56.95555866651728,0.13641325232308596,6.824358981738172,8675.429207038425,2.142301078371222,21,1,39,0,0,0,0.2715374240106752,0.6787397042143732,3.1156189496701965e-06,0.2714549946308516,99.67580426030759,73.53058590770428,0.0055466481945005116,0.0,32.101638189242415,184.00623040433553
1535,abundant,110.39708837126769,93.27390603604297,56.898967293698966,0.11566182270802224,6.742881337597149,8652.724539023431,2.14596102449894,19,1,39,0,0,0,0.27618100245730043,0.6781157051116702,0.00035,0.27145271506414453,99.67577995905485,73.52996842827343,0.0055469669517738745,0.0,32.101638189242415,187.3508690130379
1536,abundant,110.43478665666517,93.29508875168611,56.85027974641648,0.14638672720869977,6.657580454181366,8623.012360484077,2.1489274857374547,19,4,36,0,0,0,0.2708753733302062,0.6775172508986307,0.0010538820579911485,0.27144472220611954,99.67552258989815,73.5278033565478,0.005548314061382488,0.0,32.101638189242415,178.01249627725832
1537,abundant,110.46381557923351,93.32914760945543,56.8118716868997,0.146931366394294,6.622091759597792,8595.553786090466,2.1510598565261794,18,2,38,0,0,0,0.27348170403924243,0.6769060210241875,0.0007,0.2714396017969188,99.67542060548534,73.52641636166443,0.005549144106695246,0.0,32.101638189242415,155.0472490186333
1538,abundant,110.48024166989606,93.36200145418536,56.7742839667212,0.13609579211705355,6.571863490566281,8580.06135527676,2.151774182793718,19,5,35,0,0,0,0.26223976042254316,0.6763072764538689,0.0007042559337957887,0.2714344468775708,99.67514717198111,73.5250200188177,0.0055499803410566755,0.0,32.101638189242415,173.77763137172013
1539,abundant,110.47966629566534,93.3968950333838,56.754241300675154,0.12008045636881519,6.532265195526156,8612.386487384785,2.145944525402382,20,3,36,0,1,0,0.26699613136846556,0.6757032475775315,0.0007023881488520463,0.27142930715797164,99.6750264947202,73.52362779321491,0.005550813817570873,0.0,32.101638189242415,169.04096985301936
1540,abundant,110.45735432748748,93.41423184220625,56.75896159144878,0.11138287193678262,6.507242877923791,8654.547795397826,2.1433942285845884,20,2,37,0,1,0,0.27234271731010995,0.6750836759835168,0.00035733553665842795,0.27142696819993745,99.67490699969332,73.52299422611146,0.005551143147339786,0.0,32.101638189242415,171.25400434104716
1541,abundant,110.41069598276758,93.4323638211787,56.77482316370767,0.21642670689448135,6.443605544336551,8669.828987648041,2.146251940623424,19,2,37,0,1,0,0.26787131585591106,0.6744688490586259,0.00035112580537743454,0.2714246796604656,99.67478537150417,73.52237431617587,0.005551463393329515,0.0,32.101638189242415,168.632722904099
1542,abundant,110.35704152602216,93.43619004206698,56.78699457756322,0.2004613090030264,6.3606796996434785,8658.82005500939,2.150147417800643,19,3,36,0,1,0,0.26825772444074025,0.6738536429856855,0.0003527651408718914,0.27142237781854067,99.67456489151171,73.5217508029278,0.00555178602324965,0.0,32.101638189242415,169.8228043268919
1543,abundant,110.28941854463594,93.44221744976905,56.792147692642786,0.251507651906509,6.236601457724431,8636.668816566518,2.149418275277319,19,2,37,0,1,0,0.2692013239879066,0.6732373751655794,0.0003519155814481369,0.2714200828836014,99.67442300090951,73.52112916061493,0.005552107400771231,0.0,32.101638189242415,174.62400481428966
1544,abundant,110.21974203901341,93.42141420385558,56.806812676272465,0.28420906290283565,6.211344543183041,8632.571622109434,2.1444931686451594,19,1,38,0,1,0,0.2690932570229078,0.6726211725828541,0.00035,0.2714178035105983,99.67441899496477,73.52051173365378,0.005552425968492112,0.0,32.101638189242415,202.92190504626643
1545,abundant,110.14843215309195,93.38598596715885,56.81151390693319,0.30834987940542286,6.250223393000165,8644.870151306939,2.136327688285698,19,1,38,0,1,0,0.2715382272636386,0.6719925534114333,2.6028060439306257e-06,0.2714183439164215,99.67435504139968,73.52065811650765,0.0055522369819398145,0.0,32.101638189242415,197.754458355397
1546,abundant,110.10595576096895,93.32585299722106,56.81225790037074,0.30616388622723545,6.241080477932881,8644.418356120375,2.1421728727410057,18,4,35,0,1,0,0.250884166562206,0.6714062544753567,0.0007026302550605815,0.2714132022984759,99.6741123124264,73.51926537668876,0.005553070733814108,0.0,32.101638189242415,203.77203615543752
1547,abundant,110.07245926630101,93.25460433790704,56.80189729969338,0.3219317546937936,6.248435478969235,8623.463161908672,2.1511850388424625,18,1,38,0,1,0,0.2615011078724715,0.6707887925740011,6.761332292194006e-06,0.2714137089620647,99.67404827706427,73.51940261958825,0.005552887800432423,0.0,32.101638189242415,207.6046145082919
1548,abundant,110.04243808686367,93.18476204311214,56.772863123586106,0.2846117743014476,6.258639258238974,8604.112170849236,2.1615609025380134,19,1,38,0,1,0,0.26610527165297987,0.6701758767751829,0.00035,0.27141142961948655,99.67401646098814,73.51878520086849,0.005553206341056563,0.0,32.101638189242415,204.25859871541178
1549,abundant,110.01794444638509,93.1327776485504,56.733251319442594,0.20866219023756477,6.275928804738047,8574.561969564806,2.1725424555008654,19,2,38,0,0,0,0.2689796462780139,0.6695598630739105,0.0003522824869107658,0.2714091317611011,99.67394500713199,73.51816276666483,0.005553528205306973,0.0,32.101638189242415,189.93451377430185
1550,abundant,109.98597517612004,93.10140402303222,56.6894084967732,0.15597705265888986,6.298567575496738,8537.418624925776,2.186649724344736,19,2,38,0,0,0,0.266970585349775,0.6689557954300257,0.0007,0.27140401156163274,99.67391848298618,73.51677582859288,0.005554358069576209,0.0,32.101638189242415,179.87993717231757
1551,abundant,109.94808820169594,93.09720177570246,56.64849040499538,0.13534729129947332,6.34228753515161,8501.290312878788,2.199499807184323,17,2,38,0,0,0,0.2715512775955825,0.6683369555610061,0.0003523762976959576,0.27140171299283283,99.67384161521571,73.51615320195515,0.005554680030893193,0.0,32.101638189242415,187.20018916856952
1552,abundant,109.90883296168235,93.12152795277646,56.61191971149999,0.17596241418813882,6.355209195296025,8468.315264179,2.212273666131834,18,1,39,0,0,0,0.27345140101442145,0.6677062570153787,3.49983887191259e-06,0.2714022462081458,99.6737776112783,73.51629763707386,0.005554492276630603,0.0,32.101638189242415,156.81282595279728
1553,abundant,109.88035488090084,93.14753599545017,56.57252344938987,0.13734864616815423,6.320595167431949,8424.073598674411,2.222233184733811,17,4,36,0,0,0,0.26695842133663594,0.6671218027519084,0.0014,0.2713914442589135,99.67357678486889,73.51337165055047,0.005556344799187704,0.0,32.101638189242415,182.5277122226417
1554,abundant,109.84618468597554,93.18454506176832,56.53542503452461,0.18698971445909685,6.294362284112513,8383.576101035222,2.2245830705366396,18,4,36,0,0,0,0.266072546390992,0.6665090086934529,0.00035306223480580773,0.27138914019830784,99.67333843945208,73.51274753631552,0.005556667693668262,0.0,32.101638189242415,177.50415232076188
1555,abundant,109.82556915183864,93.22400125004825,56.493586611668455,0.13937400710972808,6.345023174752812,8362.477598157078,2.2230941385099037,19,1,39,0,0,0,0.27239507039763317,0.6658891741160154,0.00035,0.27138686100916803,99.6732733301587,73.51213015915849,0.00555698610304839,0.0,32.101638189242415,182.96622073023585
1556,abundant,109.82002730998904,93.26588985497288,56.452735304517276,0.12108404598949143,6.396650142171908,8346.448546833002,2.2167761197648375,18,1,39,0,0,0,0.27118393124899365,0.6652609904085235,4.236317212341782e-06,0.2713873883349276,99.67320940196855,73.51227299893979,0.005556799344701428,0.0,32.101638189242415,162.97247991892385
1557,abundant,109.81554033459011,93.31368925409161,56.429857228850985,0.15757560765353346,6.455507882276311,8344.433146614814,2.210571278290327,18,1,39,0,0,0,0.27296823786725477,0.6646405253468695,0.00035,0.2713851091537304,99.67318487896985,73.51165562393422,0.005557117749510418,0.0,32.101638189242415,156.8872873768812
1558,abundant,109.81733436446423,93.35518032054081,56.421183116201746,0.14129832029687298,6.449069485630216,8355.802925504766,2.208893777390297,19,1,39,0,0,0,0.2757048581584078,0.6640072868429951,1.3157178535070708e-06,0.2713856601953875,99.67312097919714,73.51180488777798,0.0055569267196311865,0.0,32.101638189242415,149.3632213762445
1559,abundant,109.84023833798369,93.38653620447451,56.431069833688355,0.13323130454089344,6.421974842990279,8370.122064139228,2.2070043028424062,19,3,37,0,0,0,0.2695211602266397,0.6634005142961061,0.0007035974771560155,0.27138051092735094,99.67296494575548,73.51041007573468,0.005557761721770291,0.0,32.101638189242415,178.97747924487177
1560,abundant,109.87370362863473,93.41195115741223,56.45222832510135,0.14345866291702686,6.408113405863361,8388.52352421367,2.2056525564317213,19,2,38,0,0,0,0.27455593881882717,0.6627785553378903,0.00035902051731543,0.2713781585641452,99.6728295358675,73.50977287749481,0.00555809327203363,0.0,32.101638189242415,183.9267707088655
1561,abundant,109.91292453795714,93.42229787062664,56.474520043244205,0.1600414582925259,6.38609198077871,8384.781766510765,2.2102387401503774,20,1,39,0,0,0,0.2725001714451919,0.6621586051493006,0.00035,0.27137587943545466,99.67277735209981,73.50915551671203,0.0055584116319153665,0.0,32.101638189242415,182.12407704500566
1562,abundant,109.97225950997499,93.44191560183505,56.4900795492871,0.2512497441214968,6.377653669022881,8372.979742580777,2.2203714659487948,21,3,37,0,0,0,0.2662201765077738,0.6615554644113718,0.0007036234367791508,0.27137073001987855,99.67259823263551,73.50776066470384,0.005559246620422614,0.0,32.101638189242415,159.48684935717125
1563,abundant,110.04251752768023,93.48165099460854,56.48759935428236,0.33116567713020867,6.3971118794048625,8359.416112905936,2.2260707781780735,21,4,36,0,0,0,0.2616021560584996,0.660967220437968,0.0010542285093028652,0.27136273483796736,99.67234869592713,73.50559496349372,0.005560593809822535,0.0,32.101638189242415,152.18046824860303
1564,abundant,110.11531393264424,93.503442459986,56.486364196519865,0.30462614279417116,6.419206250080025,8353.902769813045,2.2274672367604302,22,3,37,0,0,0,0.26655591123037164,0.6603539102191622,0.00035361726955469863,0.27136042643829733,99.67216328064056,73.50496967391126,0.005560917367669801,0.0,32.101638189242415,166.72386955015742
1565,abundant,110.1808824738612,93.50857854163715,56.50057900157185,0.2520420122693637,6.444315169070881,8372.562119919137,2.214013640501478,23,3,37,0,0,0,0.26126585920907225,0.6597561660629017,0.0007017246024805052,0.27135529252929397,99.67203617240735,73.50357902225821,0.005561749494999282,0.0,32.101638189242415,205.24960215474874
1566,abundant,110.21986719773201,93.49348788094127,56.53855968027383,0.15196719024414548,6.4336440092073675,8401.099856029949,2.1983064242373165,21,5,35,0,0,0,0.2608402105293452,0.6591590570630995,0.0007076868492952275,0.2713501102522511,99.67167157304159,73.50217526887427,0.005562590304208384,0.0,32.101638189242415,186.51159295707805
1567,abundant,110.24610459290159,93.48614012293595,56.571356186554375,0.0665494033501204,6.4206010374228075,8428.440931241792,2.188755010781924,20,3,37,0,0,0,0.2576755121203231,0.6585653290191755,0.0007041078360088997,0.2713449570543016,99.67148936731589,73.50077939231271,0.005563425855326937,0.0,32.101638189242415,190.08855673311493
1568,abundant,110.25239727213008,93.47117601969357,56.5980392797091,0.023650046460117286,6.40827057055183,8442.55740912701,2.1802947338368894,20,3,37,0,0,0,0.2628790931662854,0.6579658090745815,0.0007016806388872299,0.27133982358428216,99.67126715377474,73.49938885956976,0.005564257831327372,0.0,32.101638189242415,189.6296362089203
1569,abundant,110.25555445380046,93.43341466209777,56.62103636387858,0.14338321106939725,6.361659632857413,8432.218984024075,2.1803033612816223,20,2,38,0,0,0,0.2656840451429265,0.6573436379537163,2.9045997166245995e-06,0.2713403619838099,99.67111805202164,73.49953469896676,0.005564068874870641,0.0,32.101638189242415,182.44391431935443
1570,abundant,110.24145953613963,93.39097131101893,56.6479863476513,0.15530163292813137,6.33311697665902,8423.120866323836,2.188712475463321,19,0,40,0,0,0,0.2743835542122481,0.6567118160440828,0.0,0.27134092395715587,99.67113943314413,73.49968692394036,0.005563875681388781,0.0,32.101638189242415,188.0333509973405
1571,abundant,110.20948539814034,93.35133294567527,56.66198040668604,0.19083192009836605,6.320500492027625,8407.756277956883,2.1964098916982717,20,0,40,0,0,0,0.2752118559387181,0.6560790830025501,0.0,0.2713414859280237,99.67116081430508,73.49983914824271,0.005563682494614911,0.0,32.101638189242415,208.14037169630518
1572,abundant,110.16231080801148,93.31141645012232,56.68608681409628,0.21574832375928255,6.324733633995888,8406.455806879429,2.192314791179612,20,0,40,0,0,0,0.28136683159201453,0.6554395794877991,0.0,0.2713420478964135,99.67118219550457,73.49999137187379,0.0055634893145488,0.0,32.101638189242415,191.77031619267382
1573,abundant,110.10211316057271,93.27707546643724,56.71716451593926,0.23965344162331279,6.349423324517764,8418.611409258127,2.182782493558154,20,0,40,0,0,0,0.28192081857295753,0.6547994665873688,0.0,0.271342609862325,99.67120357674257,73.5001435948336,0.005563296141190211,0.0,32.101638189242415,191.59504228597766
1574,abundant,110.0436238303735,93.23496552792103,56.71790789104914,0.24918686970974185,6.345458505162732,8438.365672695436,2.1799872916616496,20,2,38,0,0,0,0.27024743903074033,0.6541917944044349,0.0007,0.271337490039849,99.67107016276256,73.49875675887976,0.005564125666300897,0.0,32.101638189242415,201.29519782274537
1575,abundant,109.99379364625631,93.19501313158521,56.696758222671306,0.21649702649787075,6.361228672355031,8455.703188808337,2.1810389772108256,20,2,38,0,0,0,0.26935399933274373,0.6535753334879195,0.00035101724109117384,0.2713352028826718,99.67096277383722,73.49813722337433,0.005564445302905398,0.0,32.101638189242415,195.4040561552189
1576,abundant,109.94263989857764,93.15697808596015,56.655322446854576,0.2169328148277081,6.432650458797104,8464.358177102804,2.1843485721485583,18,2,38,0,0,0,0.2721789827764919,0.6529557955039016,0.000352103465585028,0.27133290692281586,99.67085339598196,73.49751530343633,0.005564766515372802,0.0,32.101638189242415,193.4857460940449
1577,abundant,109.89157099990328,93.1256324919201,56.61003667926987,0.2133967119233369,6.509996976721586,8460.836220290708,2.185502238049743,18,1,39,0,0,0,0.27026330515792585,0.6523285772303856,2.5486484890293993e-06,0.2713334482481615,99.67078952484898,73.49766193536657,0.0055645770212131825,0.0,32.101638189242415,199.46854727607015
1578,abundant,109.8482988065186,93.09607876231584,56.564527748738854,0.1771718631498803,6.570336120563182,8454.681582117948,2.1850053037956734,16,2,38,0,0,0,0.2644882985740207,0.6517174812607918,0.00035146995848348716,0.2713311574318943,99.67070405334191,73.49704140870223,0.005564897303560693,0.0,32.101638189242415,192.9735891678533
1579,abundant,109.80296518509397,93.07743177985326,56.53675548237247,0.18618399867249477,6.625050666142149,8450.157436697024,2.1832352631069916,15,1,39,0,0,0,0.2655060546017286,0.6511052246007298,0.00035,0.2713288785587166,99.67064644795506,73.4964241171317,0.005565215427195438,0.0,32.101638189242415,186.09803743293367
1580,abundant,109.76653236156719,93.07238511762962,56.526195454787214,0.15266073437502725,6.660148510427144,8443.628415399973,2.1797907253994775,15,1,39,0,0,0,0.27009342447742857,0.6504781552804084,1.1945215649004401e-06,0.2713294308921222,99.67058254845152,73.49657373087884,0.005565023939085372,0.0,32.101638189242415,189.54655089624353
1581,abundant,109.76550665376321,93.09962381468885,56.52139658431042,0.09883613653542783,6.648481521097837,8431.526521352847,2.175663105269466,16,3,37,0,0,0,0.25738214567796414,0.649884791430684,0.000705589661470376,0.27132426576536045,99.67049962572528,73.49517462309085,0.005565861570633741,0.0,32.101638189242415,173.77001643049658
1582,abundant,109.78345425043044,93.14667226036286,56.513769421031085,0.20505689997098484,6.6305589795689,8411.775258649606,2.170931909874754,16,3,37,0,0,0,0.26643718708815717,0.649291110524887,0.0010500000000000002,0.2713163051511657,99.6703510372457,73.4930182854382,0.0055672023525495514,0.0,32.101638189242415,171.16807305221488
1583,abundant,109.82972502609361,93.1961609348014,56.51466558408379,0.2669722965389278,6.633819053524862,8405.450640074123,2.164230229022043,15,4,36,0,0,0,0.2607334978498737,0.6486939886337666,0.0007030341612312125,0.27131116085458423,99.67012066683213,73.49162482004171,0.0055680361749041035,0.0,32.101638189242415,173.33081490896674
1584,abundant,109.88823285129043,93.24497350001835,56.534689642515126,0.2862842233720878,6.639760017069127,8410.608267292082,2.1558988275937296,18,1,39,0,0,0,0.2707387878674463,0.6480759759671124,0.00035,0.2713088821104338,99.67005385505124,73.49100756342153,0.005568354189552151,0.0,32.101638189242415,151.25219224092638
1585,abundant,109.9545613179271,93.29429851445431,56.57570047858667,0.3077401731602356,6.62748491163767,8443.634890959787,2.146732945841809,18,0,40,0,0,0,0.27308493284178625,0.6474455825409865,0.0,0.27130944427289394,99.67007519379307,73.49115983962159,0.005568160847277225,0.0,32.101638189242415,129.0789289363739
1586,abundant,110.00936843687177,93.34953439178585,56.627380037635405,0.29366700886009656,6.604216761058315,8491.215468816896,2.140559641343522,18,2,38,0,0,0,0.27155701478252786,0.6468267217671432,0.0003518550863408865,0.2713071504779848,99.66994496945333,73.49053850611527,0.005568481567855758,0.0,32.101638189242415,156.3875278273912
1587,abundant,110.07728901360262,93.39091714830944,56.66162898282873,0.2996973948507862,6.548973008674501,8519.943924586856,2.1376990521085477,18,4,36,0,0,0,0.2670898224814368,0.6462324261688377,0.0010536859437197841,0.27129916005625826,99.66974692851127,73.48837409432392,0.005569827643921419,0.0,32.101638189242415,174.96600362822718
1588,abundant,110.12716846588094,93.41008983876522,56.69631331452174,0.1761532573068526,6.5144698042969225,8553.103674206272,2.1338591091095997,19,5,35,0,0,0,0.26091529854420376,0.645635144192315,0.0007044589955677173,0.27129400427955774,99.66940459150621,73.48697751924114,0.005570663456787799,0.0,32.101638189242415,175.10921154133956
1589,abundant,110.1794823624303,93.41158930594418,56.74107775397938,0.18231144114417483,6.490435117172751,8583.548245966173,2.13040069500584,18,3,37,0,0,0,0.2675105245324606,0.6450305353220029,0.0007018823812022937,0.2712888694419195,99.6692643238217,73.48558661604336,0.00557149547623014,0.0,32.101638189242415,208.1566421773918
1590,abundant,110.22105682550144,93.40826761299414,56.786852440454275,0.16038038680978806,6.5537408552572005,8625.961252847199,2.126273413176871,18,2,38,0,0,0,0.2717396897552341,0.6444017075909645,3.0688461528028063e-06,0.27128940678539554,99.66911517746261,73.48573216938152,0.005571306508432766,0.0,32.101638189242415,191.11770851982672
1591,abundant,110.25398352855942,93.39607329444486,56.83890897316424,0.15520523446209236,6.587992670448676,8642.225947950472,2.1205632594981703,19,2,38,0,0,0,0.27034912722558035,0.6437939235510164,0.0007,0.2712842872590564,99.66910770956274,73.484345413644,0.005572135755410527,0.0,32.101638189242415,187.23144044664716
1592,abundant,110.26765545286996,93.37529047964664,56.89548639750001,0.11195041996481346,6.603934410826855,8640.864424830565,2.1235873577941704,20,2,38,0,0,0,0.2720030325435914,0.6431843202152184,0.0007,0.27127916776358074,99.66901890037796,73.48295866626663,0.005572964973595492,0.0,32.101638189242415,190.26752023300622
1593,abundant,110.2641971276926,93.33788593016168,56.94651361702493,0.15623928746533663,6.630677097610258,8628.547082375873,2.128527815233761,19,1,39,0,0,0,0.27436181692727646,0.6425623222165984,0.00035,0.2712768891900387,99.66895952258379,73.48234145586012,0.005573282817107668,0.0,32.101638189242415,194.2413505714164
1594,abundant,110.26125516920258,93.2911470154099,56.96231333847622,0.1956280057067797,6.6549916566528875,8595.807005641138,2.1371427188368894,19,1,39,0,0,0,0.2611722628244328,0.641945057721198,8.926323777026387e-07,0.2712774442717082,99.6688956243156,73.48249181404543,0.005573090607828211,0.0,32.101638189242415,210.41364050785495
1595,abundant,110.26946937822302,93.24923186325819,56.95409242717609,0.1777841756501153,6.651540073808126,8554.10330227342,2.1444566015402344,19,0,40,0,0,0,0.2665918731958694,0.6413218066606826,0.0,0.2712780065962891,99.66891696205319,73.48264413416008,0.005572897101097173,0.0,32.101638189242415,183.14835421099318
1596,abundant,110.29285417886555,93.20919172018338,56.93267896267689,0.16778212426235659,6.606225156237876,8507.848221836488,2.1502496707555983,19,1,39,0,0,0,0.26369894626048296,0.6407115378197961,0.00035,0.27127572802689914,99.66886506699686,73.4820269248783,0.0055732149469659925,0.0,32.101638189242415,185.08398402770678
1597,abundant,110.32330491876321,93.1525185969723,56.91938300418938,0.2573866618475114,6.5699650057250185,8488.70893798658,2.1542255472612366,20,3,37,0,0,0,0.26628253005354163,0.6400987288110634,0.0003607776545080044,0.2712733619861228,99.6686403066548,73.48138602171568,0.005573548527825085,0.0,32.101638189242415,201.0658254027757
1598,abundant,110.34992656687538,93.0852650238452,56.890080036645756,0.2688021935536587,6.51483292055862,8466.68819428052,2.1567865590462514,20,1,39,0,0,0,0.2699257320960976,0.6394816105057577,0.00035,0.2712710834398073,99.66859889869272,73.48076881868421,0.005573866351075312,0.0,32.101638189242415,217.79679710607297
1599,abundant,110.36967714355828,93.01959935299644,56.86737145817464,0.2289649684357108,6.48902415337151,8455.81599288364,2.15967799589426,20,2,38,0,0,0,0.267921850703899,0.6388764964699835,0.0007,0.27126596401995734,99.66850716182873,73.47938209179202,0.005574695509171192,0.0,32.101638189242415,204.39973511638846
1600,abundant,110.37474850129517,92.96062862863029,56.84310798786612,0.20234583688746355,6.481044756303477,8437.583707524274,2.1644463011620267,20,2,38,0,0,0,0.2683040430909581,0.6382709620225834,0.0007,0.2712608446352375,99.66841059063874,73.47799537441571,0.0055755246384773605,0.0,32.101638189242415,197.22838374144231
1601,abundant,110.36778114891324,92.90589544660136,56.82716719889771,0.18594061078668997,6.465139820560106,8429.729228020195,2.164351900290659,21,3,37,0,0,0,0.26791419753197054,0.6376756564052982,0.0010500000000000002,0.2712528843947934,99.66824071381413,73.47583913800305,0.005576865084875806,0.0,32.101638189242415,211.72315724049548
1602,abundant,110.35842942602531,92.86426922915035,56.77835168323353,0.15130759561517,6.439109980536649,8419.818741874013,2.1618199970024405,21,5,35,0,0,0,0.2599338073708183,0.6370795394226711,0.0007075073385999452,0.27124770413806254,99.66785054291209,73.47443593187273,0.0055777051069841365,0.0,32.101638189242415,196.42441138350188
1603,abundant,110.35967956231787,92.82602513799115,56.738671248309025,0.13383207558438884,6.352449815784302,8395.720947551068,2.1599826259781305,22,3,37,0,0,0,0.2575276742181274,0.6364860219526387,0.0007058204145546067,0.27124253760337474,99.66763856545626,73.47303644271166,0.0055785426353493605,0.0,32.101638189242415,199.6794332486676
1604,abundant,110.34102483182987,92.80257012988604,56.71834531017523,0.08303641287072819,6.283749696469772,8375.894557386076,2.1584072333500703,21,3,37,0,0,0,0.2652299917397546,0.6358741312187867,0.0003522234664912524,0.27124024117471673,99.66741237526814,73.47241439578653,0.005578863533654463,0.0,32.101638189242415,204.60094275729642
1605,abundant,110.29921740099181,92.79142139501741,56.72760308263945,0.14881740378077543,6.239034808957641,8375.150204462938,2.1548446463438897,20,1,39,0,0,0,0.270806875904507,0.6352560436552918,0.00035,0.2712379628069048,99.66740502618406,73.47179724110735,0.005579181172359083,0.0,32.101638189242415,195.68449454982056
1606,abundant,110.25677972211074,92.78514282937212,56.75435227021209,0.14513837060054535,6.215404182371034,8393.397685349337,2.150267802868828,19,1,39,0,0,0,0.2679120448694526,0.6346313971636438,2.0270610172763402e-06,0.27123850889115214,99.66734102056685,73.47194516210884,0.005578990415666071,0.0,32.101638189242415,190.40212614821394
1607,abundant,110.22079134820129,92.79029020140773,56.80174004876633,0.12209734720888325,6.213278320153309,8423.833545995803,2.149925536706207,19,1,39,0,0,0,0.2723655121848459,0.6340115951002405,0.00035,0.27123623053507084,99.66728248125808,73.47132801060718,0.005579308049965141,0.0,32.101638189242415,189.3989457104463
1608,abundant,110.19170392938395,92.77811562301113,56.850727049557726,0.13904722375681722,6.188680473167407,8430.579778250241,2.159653359538951,19,2,37,0,1,0,0.2617917766802079,0.6334034434657063,0.0003506899933589457,0.27123394659326927,99.6671701286192,73.47070934606916,0.00557962668130761,0.0,32.101638189242415,191.2980124802012
1609,abundant,110.173174477259,92.77639812541504,56.88837708432483,0.05431022487140919,6.164593984019588,8419.30786034905,2.171832580626134,19,2,37,0,1,0,0.2600830178604897,0.6327902976990949,0.00010519832268237703,0.27123365527088494,99.66701986035609,73.47063043388839,0.005579586641144917,0.0,32.101638189242415,172.16238952902526
1610,abundant,110.15988997908464,92.79395184128505,56.91085997636499,0.08474001484444363,6.203263275511139,8436.538324434354,2.1848925127451224,20,1,38,0,1,0,0.2658417557003688,0.6321776717678245,0.00035,0.27123137694358845,99.66698646654379,73.47001329018386,0.005579904254742072,0.0,32.101638189242415,153.0140526170197
1611,abundant,110.14368503074937,92.81636299580329,56.925260580002806,0.12668916234653665,6.235992906618533,8448.166731092999,2.193845706648206,20,2,37,0,1,0,0.266487511251792,0.631564481497812,0.0003552140130149673,0.2712290563008929,99.66683684005514,73.46938468426221,0.005580229474922822,0.0,32.101638189242415,149.5017095476691
1612,abundant,110.12827917417538,92.8469612334381,56.93694034030202,0.16913077337909038,6.295613845489739,8455.507435489497,2.2040437274237488,19,1,38,0,1,0,0.26230374922903543,0.63095574737366,0.00035,0.2712267779967785,99.66683707804081,73.46876754683714,0.005580547066199747,0.0,32.101638189242415,141.28656013264217
1613,abundant,110.10514189723578,92.87773355669313,56.942123654388546,0.14833013616132942,6.409849776598852,8477.826076105724,2.2144629345280418,19,1,38,0,1,0,0.26961927014693393,0.6303389661764983,0.00035,0.2712244997095165,99.66683460966517,73.46815041397699,0.00558086464644939,0.0,32.101638189242415,146.39357927330494
1614,abundant,110.09260333029708,92.9151978750999,56.92410826180171,0.15091970259085488,6.529629064769798,8509.999368735815,2.2187559743345697,19,1,38,0,1,0,0.2687234713175529,0.6297134983280795,4.57035822991617e-06,0.2712250252273443,99.66677054858101,73.46829276403334,0.005580677547030729,0.0,32.101638189242415,168.90453775533052
1615,abundant,110.07948611605654,92.95467001447274,56.8949980841392,0.15249906204967875,6.628129462129306,8552.981789265694,2.2093996045980107,20,1,38,0,1,0,0.26765479345814625,0.6290988780552755,0.00035,0.27122274694865245,99.6667168020201,73.46767563349462,0.005580995122749863,0.0,32.101638189242415,156.22675119602388
1616,abundant,110.07321255359861,92.96985452920568,56.84229065664515,0.04548920615150701,6.6825758826666775,8564.977738671136,2.197789408983794,20,2,37,0,1,0,0.2623864301235204,0.6284901446016417,0.00035327212507018393,0.27122044212340807,99.6665756310762,73.46705131213754,0.005581317467978475,0.0,32.101638189242415,177.26988579770205
1617,abundant,110.07237796697598,92.97690014676363,56.77796728909958,0.029347354644643945,6.699028242952172,8563.86606570943,2.182233365420235,20,1,38,0,1,0,0.25804367237727394,0.6278860965620267,0.00035,0.2712181638766173,99.66654344598341,73.46643419024007,0.005581635021478521,0.0,32.101638189242415,201.15785898405406
1618,abundant,110.08666960913874,92.96794688657353,56.7045963324412,0.09000873499438955,6.695330725433865,8563.114953789795,2.1624657952654887,20,2,38,0,0,0,0.26631135073609336,0.6272633056389498,5.4129547460024696e-06,0.2712186825851057,99.66639414925146,73.46657469581122,0.005581449126334785,0.0,32.101638189242415,224.42860431409872
1619,abundant,110.09629061623791,92.95690884649896,56.63032940357336,0.07242298609219411,6.706591513371426,8568.411778281778,2.140914768065763,21,0,40,0,0,0,0.27419328520380193,0.6266316930252256,0.0,0.27121924522742813,99.66641535982714,73.46672710199437,0.005581255329382448,0.0,32.101638189242415,197.40488098154586
1620,abundant,110.09383881354684,92.95554019178108,56.571941803604965,0.02560294097596932,6.725861884625994,8583.852438110916,2.1180112727951066,21,1,39,0,0,0,0.27587157015189534,0.6260080342980585,0.00035,0.2712169669766925,99.66638575103788,73.46610997902832,0.005581572885040045,0.0,32.101638189242415,181.62234971701454
1621,abundant,110.06862436941337,92.95126507348718,56.52934407293403,0.11014670719818907,6.722480435460836,8607.814807470073,2.107546737890546,21,1,39,0,0,0,0.268834221745856,0.625392116654138,0.00035,0.27121468874178806,99.6663536456409,73.46549286035055,0.005581890429671595,0.0,32.101638189242415,168.66599929516806
1622,abundant,110.01582615830944,92.9499548492665,56.49784605385038,0.19975019161937144,6.737102256834058,8641.324396820703,2.1042004943976145,21,1,39,0,0,0,0.2683838774693005,0.6247766943889218,0.00035,0.2712124105225134,99.66631904365232,73.46487574590651,0.005582207963277483,0.0,32.101638189242415,163.50957193726163
1623,abundant,109.97136988926232,92.92162278381431,56.48665884824982,0.20194903584530713,6.742359861431358,8658.414439341686,2.1040860055419417,21,3,37,0,0,0,0.2631631723156743,0.6241670931039666,0.0003527930211439718,0.27121010964272746,99.66613910053317,73.46425249327861,0.0055825295664291095,0.0,32.101638189242415,171.2386838138413
1624,abundant,109.94534759140538,92.88342448045586,56.48797233700468,0.18095947121556105,6.721888116867478,8663.418447566117,2.108856545484901,21,2,38,0,0,0,0.26410850043903905,0.6235565068033699,0.0003547517816542146,0.27120779288114455,99.66607162811951,73.46362493865641,0.005582854020140207,0.0,32.101638189242415,192.65779579041228
1625,abundant,109.9304239242613,92.85284322677904,56.49648680937653,0.12601234869475816,6.679815178483352,8655.123487070436,2.1174041480828913,20,1,39,0,0,0,0.270033695337451,0.6229295455653229,2.7081008583197248e-06,0.27120833360835817,99.66600758474054,73.46377140856714,0.005582664130911165,0.0,32.101638189242415,189.20141860862884
1626,abundant,109.94174541560191,92.84003195162737,56.48868257608026,0.1052403240103447,6.638419870453918,8645.139583668075,2.1261449528443643,20,2,38,0,0,0,0.26341890335459217,0.6223197173987179,0.00035473668161159185,0.2712060169700947,99.66586169939639,73.4631438873492,0.005582988557888983,0.0,32.101638189242415,199.6792834696284
1627,abundant,109.95885631090337,92.85074051639883,56.48342202334577,0.08545357239983793,6.61570852315365,8628.298374221878,2.1342077124244527,20,0,40,0,0,0,0.26994480679797983,0.6216927781112401,0.0,0.27120657968552575,99.66588290963695,73.46329631333569,0.005582794707485089,0.0,32.101638189242415,195.7829478862715
1628,abundant,109.98679797013696,92.881248186313,56.48807161139123,0.1533124613517544,6.598857002682394,8622.838808296387,2.1391011843213033,19,0,40,0,0,0,0.27358338608012145,0.6210618363865519,0.0,0.27120714239846927,99.66590411991606,73.46344873864837,0.005582600863811996,0.0,32.101638189242415,174.26999692355076
1629,abundant,110.03035457760873,92.90733971797286,56.50470616958521,0.1982521024859098,6.559927397986078,8624.947278552201,2.1371443945361146,19,3,37,0,0,0,0.2625776489080864,0.6204724009727531,0.0010500000000000002,0.2711991824413176,99.66578502052812,73.46129257897276,0.005583941064512439,0.0,32.101638189242415,150.9745520815352
1630,abundant,110.08108301353369,92.93478457754304,56.54150747973792,0.22764199646455807,6.5082034561045194,8631.881896481922,2.1301802405712733,18,5,35,0,0,0,0.25948606895367743,0.6198670880512324,0.0003614912260123498,0.27119681102274423,99.6654408371894,73.46065021909514,0.0055842753154629315,0.0,32.101638189242415,157.8099037770213
1631,abundant,110.13239373561825,92.95210982724907,56.596513248721976,0.18971193072329423,6.451145341895398,8631.246638353492,2.120577017514239,18,1,39,0,0,0,0.26723367639314055,0.6192529310071999,0.00035,0.27119453288839573,99.66537682558753,73.46003312765555,0.005584592766261722,0.0,32.101638189242415,173.08171035026095
1632,abundant,110.17950443181266,92.9611276361009,56.67577803146776,0.16927243465583663,6.393767597320307,8640.133988510854,2.1135421511084274,18,2,38,0,0,0,0.26758985336574515,0.61863849284901,0.0003539528754392807,0.2711922226774419,99.66528872902276,73.45940734744018,0.005584915981142602,0.0,32.101638189242415,179.86490146056033
1633,abundant,110.23636053779448,92.96008182937838,56.769926240447056,0.20217272126489955,6.290846356429854,8646.752048475428,2.113667934418531,19,1,39,0,0,0,0.27120728110060977,0.6180102049257575,1.431641370054547e-06,0.27119277383626267,99.66522469763323,73.45955664302073,0.005584724155426646,0.0,32.101638189242415,181.90191255657152
1634,abundant,110.30607226431482,92.95193768629255,56.86333426425011,0.27273724681149725,6.203566042833501,8661.350039778386,2.117417047007053,18,2,38,0,0,0,0.2694965303760498,0.6174006089684037,0.0006017937878491237,0.2711884519514623,99.66509990264856,73.45838594906452,0.005585409458401772,0.0,32.101638189242415,189.97661189760703
1635,abundant,110.380806904201,92.94723206250619,56.958189000745094,0.29086113043479794,6.128698346271526,8673.18130867205,2.123602481254839,18,1,39,0,0,0,0.2715883854535831,0.6167718975267142,1.2779396251643063e-06,0.27118900437689114,99.66503583079002,73.45853558773854,0.005585217390995046,0.0,32.101638189242415,191.14184844506576
1636,abundant,110.44577329461431,92.95812830143056,57.04867128421322,0.274588453437096,6.0803899264735,8697.846484125606,2.127396529143789,19,1,39,0,0,0,0.26895777131299387,0.6161558439782701,0.00035,0.2711867262830297,99.66498006642146,73.45791850726592,0.0055855348090834474,0.0,32.101638189242415,175.4552176080179
1637,abundant,110.50347040712477,92.97938039748009,57.12515524868452,0.24123575049849194,6.063837819326297,8709.224659758882,2.1338015588208865,19,1,39,0,0,0,0.26639873320419094,0.615532893193709,3.136498697220488e-06,0.2711872636301045,99.66491597642973,73.45806406157888,0.005585345452657274,0.0,32.101638189242415,158.82010757741764
1638,abundant,110.56489332621209,93.02136155988477,57.16083972072092,0.275345101359992,6.060601839685062,8704.319684664057,2.140743422459006,19,1,39,0,0,0,0.2601689878362071,0.6149167458446108,1.3763400638620682e-06,0.2711878152544701,99.6648519036206,73.45821348326427,0.005585153531234812,0.0,32.101638189242415,165.07233073321876
1639,abundant,110.61062449661362,93.05241869741698,57.1654157250127,0.2062962903868086,6.065612176766348,8701.633860310401,2.146938485719497,19,0,40,0,0,0,0.2561513202919728,0.6143049793922897,0.0,0.27118837804793783,99.66487304096768,73.45836593038901,0.005584959605659538,0.0,32.101638189242415,189.07459942679537
1640,abundant,110.62947692546959,93.09695862874209,57.145011135221196,0.17723236010661847,6.0463826546041926,8690.262373776626,2.1543499455580277,19,0,40,0,0,0,0.2644687018230448,0.6136840638202843,0.0,0.2711889408389158,99.66489416734424,73.45851837683934,0.005584765686817674,0.0,32.101638189242415,169.63664962810236
1641,abundant,110.63452946761329,93.14405782209248,57.11339761230613,0.189564765957178,6.039567292058665,8662.877369384907,2.1638555885046853,18,1,39,0,0,0,0.2626824830324286,0.6130749130889487,0.00035,0.27118666273930375,99.66485795964037,73.457901294809,0.005585083120589977,0.0,32.101638189242415,165.33275013074567
1642,abundant,110.63350786609347,93.18274182933865,57.071593409526585,0.15802319002576284,6.012351699375452,8623.20258024925,2.180111345628913,18,1,39,0,0,0,0.267633118113552,0.6124505808741222,2.2933963690634608e-06,0.27118720692312986,99.66479383637581,73.45804870103237,0.00558489254808458,0.0,32.101638189242415,178.30031523035186
1643,abundant,110.61348346327846,93.22047519571171,57.03391664471371,0.18099588477924708,5.943257105119351,8571.652476294214,2.1972020950336906,19,3,37,0,0,0,0.26381953841196415,0.6118597793818689,0.0010500000000000002,0.27117924704708485,99.66471987327463,73.45589256332661,0.005586232669214033,0.0,32.101638189242415,165.8509130095104
1644,abundant,110.59588951477974,93.24985650691703,57.00534569289132,0.1499854510907689,5.9277744246222035,8524.875748616207,2.214535263227693,19,2,38,0,0,0,0.2692671603747664,0.6112531855054566,0.0007,0.2711741281161997,99.66466232444043,73.45450596888313,0.0055870613979313215,0.0,32.101638189242415,167.94463711907736
1645,abundant,110.56817739320873,93.27915644551805,56.99144039733278,0.1519805567264553,5.986468028749608,8520.770664721254,2.2306321799261934,18,1,39,0,0,0,0.2652057560033211,0.610641259173853,0.00035,0.27117185010730344,99.66459543355816,73.45388891142552,0.005587378751992816,0.0,32.101638189242415,175.46707658306954
1646,abundant,110.53540749953679,93.29962901883007,57.00911819102921,0.17566670507919763,6.029039875779738,8535.899365853526,2.2443665115153997,17,1,39,0,0,0,0.25863254031885596,0.6100365633795023,0.00035,0.27116957211363546,99.66455581165783,73.45327185809288,0.005587696095035265,0.0,32.101638189242415,179.92815087401385
1647,abundant,110.5009369769607,93.30872214964144,57.01436161883869,0.13519363308558113,6.086800447631816,8538.435079642877,2.2436293969213854,18,1,39,0,0,0,0.26130187469961924,0.6094191669231998,1.2716381096352759e-06,0.27117012470059837,99.66449174058344,73.45342154052257,0.005587503939026369,0.0,32.101638189242415,181.3126925457696
1648,abundant,110.48987419929844,93.30505887039413,57.02013879288152,0.05674322501673271,6.1629431155110606,8542.984512464303,2.2454165908147767,19,0,40,0,0,0,0.26682505602086426,0.6087956593615769,0.0,0.271170687606809,99.66451290920646,73.45357401818663,0.0055873099318411315,0.0,32.101638189242415,187.45946865617037
1649,abundant,110.49656543311964,93.28537820128265,57.03618599712475,0.09066145189478458,6.223741439353796,8538.536764448996,2.249874731601801,19,1,39,0,0,0,0.267348947156658,0.6081718044073237,8.174557828079149e-06,0.271171184155975,99.66444877097047,73.45370852133387,0.0055871278743249205,0.0,32.101638189242415,187.8598663235905
1650,abundant,110.50545022976382,93.25628804564433,57.04202569350819,0.12798551897884508,6.266654014757453,8535.829964829973,2.2542858125950906,18,0,40,0,0,0,0.2669634868956542,0.6075481445717384,0.0,0.27117174705458136,99.66446993966808,73.4538609969381,0.005586933880197257,0.0,32.101638189242415,178.39754836000552
1651,abundant,110.5230252068535,93.23241609510005,57.035351456627026,0.09933549444690112,6.289879663941209,8529.242543583678,2.256673216501216,19,1,39,0,0,0,0.26706354251474357,0.6069341746749722,0.00035,0.2711694690620059,99.664453038875,73.4532439439014,0.005587251238686373,0.0,32.101638189242415,176.05855524265968
1652,abundant,110.54377452960219,93.21111057386204,57.024608193592904,0.11968281546101359,6.290520834900082,8539.787048351733,2.2430202675955577,18,1,39,0,0,0,0.26631893577351534,0.606311298725062,2.674265735628762e-06,0.2711700102632013,99.66438895422162,73.45339054220233,0.005587061147346067,0.0,32.101638189242415,197.01573490444525
1653,abundant,110.55908654597124,93.20598190356682,57.02340856617718,0.05379061382310709,6.290619467320351,8547.955111097319,2.2291401335650596,18,1,39,0,0,0,0.2697367666702403,0.6056943882817247,0.00035,0.271167732280263,99.66435081986212,73.45277349177609,0.005587378501416263,0.0,32.101638189242415,184.32683356852186
1654,abundant,110.57215799392482,93.20568373384057,57.019477502511336,0.04758388766116935,6.306607685977779,8543.451965951659,2.216473603418115,18,1,39,0,0,0,0.2658276451477855,0.6050817778720622,0.00035,0.27116545431533345,99.6643107072736,73.45215644622797,0.005587695844467412,0.0,32.101638189242415,176.18892127144687
1655,abundant,110.59095872744786,93.21174741594737,56.99220616186822,0.07255243473509315,6.334054284152897,8530.936565817115,2.2059971962565132,17,2,38,0,0,0,0.26675750610085575,0.6044779446153512,0.0007,0.27116033548366575,99.66426021503871,73.45076987866011,0.005588524522380885,0.0,32.101638189242415,170.88405564938702
1656,abundant,110.60827262261077,93.23259220600896,56.97679111324845,0.1097388701675588,6.351567855696186,8533.56743968364,2.2055124762031575,18,3,37,0,0,0,0.26195898749541413,0.6038697879866809,0.0003570806276675145,0.2711580000906973,99.66404678764462,73.45013727724665,0.005588852170354023,0.0,32.101638189242415,173.4340109666754
1657,abundant,110.62276134662868,93.24776372504856,56.95171467750775,0.08925146075087527,6.357544228646854,8542.867355854309,2.2034684473699744,17,2,38,0,0,0,0.2582244218393427,0.6032560088924434,9.563206631636206e-06,0.2711584854465513,99.66389740827354,73.45026874839667,0.005588672088088351,0.0,32.101638189242415,170.137444314549
1658,abundant,110.64004126082645,93.26326068405783,56.934332566427315,0.11667999502572177,6.360966555298371,8559.224977938567,2.2004305768238623,17,3,37,0,0,0,0.259269454249717,0.6026605663350317,0.0007054943665403449,0.27115332203733095,99.6637295810438,73.44887010584904,0.0055895087593099205,0.0,32.101638189242415,170.48769226609426
1659,abundant,110.64558854324912,93.27567338331158,56.925859493119084,0.07606880560876901,6.3937958485397,8599.776028393833,2.1884686835238276,17,3,37,0,0,0,0.2622146718290669,0.6020617538721704,0.0007008455768099527,0.27114819638902327,99.66357259560232,73.44748169181845,0.005590338609653823,0.0,32.101638189242415,173.67264912792547
1660,abundant,110.64744295972014,93.27456225132487,56.92838099591197,0.031648706759478194,6.436972755653981,8623.84150524981,2.1821443353484975,17,2,38,0,0,0,0.2652555572780012,0.6014409256035835,3.403015781836864e-05,0.27114848319547363,99.6634229775941,73.44755938074205,0.005590194221704315,0.0,32.101638189242415,176.07813548506616
1661,abundant,110.65376614741058,93.26524395705952,56.94818191071577,0.06261252129402833,6.504500143100886,8642.486265896834,2.179640316372982,17,2,38,0,0,0,0.26584407199187743,0.6008283537598278,0.0003520226941152038,0.2711461889090162,99.66333253286118,73.4469379140872,0.005590514422121393,0.0,32.101638189242415,197.13006235010704
1662,abundant,110.65608831940301,93.26235204915766,56.97334117748484,0.053547946090898926,6.566888595497252,8649.845628635449,2.186545328869405,17,1,39,0,0,0,0.2729651571991227,0.6001982220253316,4.640657958099069e-06,0.27114671427500586,99.66326842835565,73.44708022301427,0.005590327090353968,0.0,32.101638189242415,175.19177071779572
1663,abundant,110.66381194341095,93.26585001498074,57.00049703954362,0.06553545187981606,6.608972381360724,8641.049800824163,2.1973241208945287,17,0,40,0,0,0,0.2717171643622884,0.599569333144533,0.0,0.271147277306183,99.66328959636266,73.44723273452874,0.005590132985144344,0.0,32.101638189242415,179.87336949052042
1664,abundant,110.67286721137562,93.26186561278799,57.01828945233255,0.06260204509610162,6.576558589022071,8606.08624316952,2.208865964528736,17,0,40,0,0,0,0.2695512270795102,0.5989428267947455,0.0,0.27114784033486944,99.66331076440824,73.44738524536852,0.005589938886674366,0.0,32.101638189242415,194.50342592425278
1665,abundant,110.69765391908791,93.26091289986486,57.032112432499844,0.11481215427233463,6.468265253824181,8562.258529130413,2.2222392734257834,17,1,39,0,0,0,0.2685224110623329,0.598327252142577,0.00035,0.2711455624755618,99.66327419974506,73.44676822843084,0.005590256140824792,0.0,32.101638189242415,184.3698733736907
1666,abundant,110.74245203022224,93.25283677572146,57.04058183273618,0.18517549650876872,6.400960880047096,8538.667937932405,2.231373479253987,17,1,39,0,0,0,0.26630674014405536,0.5977044489016254,4.791900247550033e-06,0.271146086620581,99.66321009381272,73.44691020662658,0.005590069038988517,0.0,32.101638189242415,186.39172385324292
1667,abundant,110.80225427574024,93.24332128423475,57.05298423351765,0.22914750141342186,6.411846206240412,8522.169785960417,2.235758463080279,16,1,39,0,0,0,0.26596715079861233,0.5970916850357469,0.00035,0.27114380876932376,99.66316603405974,73.44629319186956,0.005590386288619845,0.0,32.101638189242415,207.1384551069341
1668,abundant,110.88013486889804,93.23440963987125,57.05825141431529,0.2939062907045871,6.455537934819563,8530.228820005577,2.234095030907657,15,2,38,0,0,0,0.2668255136140913,0.5964877769707714,0.0007,0.27113869004954194,99.66306066766289,73.44490665460887,0.005591214873116741,0.0,32.101638189242415,174.88227445341022
1669,abundant,110.95784185605251,93.2358025224396,57.0692290062402,0.3113497235479029,6.490393549972845,8548.313307454242,2.228914688157041,16,3,37,0,0,0,0.2584376801552333,0.5958886109626956,0.0005398371462494074,0.27113487136842085,99.66284030610544,73.44387226634643,0.005591809432799403,0.0,32.101638189242415,155.56416541898383
1670,abundant,111.0322484717195,93.2517225382972,57.08956132371178,0.2980878504388097,6.505893145949945,8574.654590405764,2.226181643390183,16,1,39,0,0,0,0.2655283371288294,0.5952666039352066,2.64797687796446e-06,0.2711354129785986,99.66277614768076,73.44401897543078,0.0055916191447835046,0.0,32.101638189242415,159.99844358323247
1671,abundant,111.09904016342497,93.27819826893094,57.121838621435,0.27329789252621656,6.487332445616505,8612.536709082931,2.2231128233866073,16,0,40,0,0,0,0.2688205482954703,0.5946409013320816,0.0,0.27113597607960055,99.66279723257183,73.44417150585909,0.005591424994711657,0.0,32.101638189242415,154.2640092097368
1672,abundant,111.15587249945915,93.29408205517846,57.171621311822605,0.23870508291424683,6.449252873775757,8639.967832856535,2.2205711080832597,17,3,37,0,0,0,0.2632599845377289,0.5940312107287176,0.0003534064152704319,0.27113367063830285,99.66264442057819,73.44354701762808,0.005591747173994627,0.0,32.101638189242415,170.35331291121776
1673,abundant,111.18915380556184,93.30055947959625,57.23466232740422,0.14135949882824048,6.430168425381732,8674.123653723887,2.218405505496277,17,2,38,0,0,0,0.2659583175696051,0.5934185605464114,0.0003537131078687497,0.2711313627184414,99.66250141361698,73.44292185801416,0.005592069790165286,0.0,32.101638189242415,188.5441389477738
1674,abundant,111.209455476959,93.29882657436232,57.29241634099323,0.09989983574405402,6.460142009578067,8710.575596100258,2.215941114132693,20,1,39,0,0,0,0.262054689800134,0.5928019649882678,5.945002273234584e-05,0.27113144329198996,99.66243669205896,73.4429436834377,0.005591962480229871,0.0,32.101638189242415,208.20030894494113
1675,abundant,111.21387190724192,93.30506235480763,57.33826760608706,0.013321290155509573,6.4679670205992945,8735.866478458629,2.203484939176445,19,0,40,0,0,0,0.2565685174764273,0.5921897396190436,0.0,0.27113200641192964,99.66245777687087,73.44309621899579,0.005591768318236861,0.0,32.101638189242415,176.55431931749956
1676,abundant,111.20391044971959,93.31398009709025,57.38114662252248,0.0508773908465118,6.425376312004113,8748.161245579555,2.1899475897196634,19,0,40,0,0,0,0.26710806203024856,0.5915659207508104,0.0,0.27113256952937453,99.66247886172133,73.44324875387811,0.00559157416298547,0.0,32.101638189242415,180.5578160459374
1677,abundant,111.19275698312124,93.30686182364445,57.41149389638449,0.07080553665313653,6.395007456169194,8744.674080388657,2.176397209436739,20,2,38,0,0,0,0.2581359578739475,0.590971571197149,0.0007,0.2711274508577075,99.66239583608633,73.44186222965055,0.005592402706237443,0.0,32.101638189242415,193.67551997815843
1678,abundant,111.1805372830966,93.2943450547871,57.42081521916525,0.09996480437640821,6.408978186963229,8735.593335810125,2.1608339808788695,20,2,38,0,0,0,0.25917868210618333,0.5903679767234048,0.0004107884490221744,0.2711246797025921,99.66232769221683,73.44111159082162,0.005592808686048691,0.0,32.101638189242415,201.25216886484998
1679,abundant,111.17685094364319,93.27879817628992,57.39110160557914,0.06375919955038949,6.44392625258223,8708.212218394838,2.1539151838003487,20,3,37,0,0,0,0.2563872597023454,0.5897657232783888,0.00034901930916495546,0.2711224099193404,99.66208969538168,73.44049676149196,0.005593124407777267,0.0,32.101638189242415,189.93490714660078
1680,abundant,111.18965272804147,93.26765825387523,57.33735407278972,0.0649015772391293,6.472829737548476,8678.369594995325,2.152833999553181,17,1,39,0,0,0,0.2635618683201762,0.5891556052232367,0.00035,0.2711201321908298,99.66202690293917,73.43987977998404,0.0055934415513212415,0.0,32.101638189242415,161.1442148875638
1681,abundant,111.1829622350471,93.25680164167177,57.28010539598836,0.03945623899680957,6.515137321252851,8658.835866706671,2.155309942144052,16,1,39,0,0,0,0.2609167439782115,0.5885483968048607,0.00035,0.27111785447910736,99.66197679410587,73.43926280302361,0.005593758683853477,0.0,32.101638189242415,167.8471150358408
1682,abundant,111.156971872308,93.24933297510063,57.224932813053805,0.10032435003765494,6.545867635702129,8642.126016186783,2.157887163295447,17,2,38,0,0,0,0.2587667408067424,0.5879440308344442,0.0003670515882501294,0.27111543837046614,99.66183931376175,73.43860833768858,0.00559410071754412,0.0,32.101638189242415,181.93900472349785
1683,abundant,111.12066401910752,93.23511189173503,57.18014334446201,0.15999492440500218,6.603994068011093,8641.569450086681,2.159229738898806,17,1,39,0,0,0,0.2632095016830778,0.5873245688711161,2.446018686045057e-06,0.271115981712198,99.66177510565707,73.438755515809,0.005593910054912563,0.0,32.101638189242415,187.93261701656434
1684,abundant,111.09052860510717,93.21292876695328,57.145952920679406,0.15455590188713234,6.654531518702325,8666.40795493681,2.1579847111883663,18,2,38,0,0,0,0.2619559950089938,0.5867260172766061,0.0007,0.27111086312877564,99.66171728179913,73.4373690154848,0.005594738517058587,0.0,32.101638189242415,200.83867708690076
1685,abundant,111.06593508812625,93.20848182481299,57.12649935863535,0.06932095847719505,6.683403190145732,8699.24106362409,2.1541806413012097,18,4,36,0,0,0,0.25523695850812333,0.5861252336693915,0.0003563231122961884,0.2711085341272649,99.66145060678228,73.43673814536248,0.005595064842550723,0.0,32.101638189242415,193.2897432932845
1686,abundant,111.0562472813356,93.20592648115039,57.11983812017088,0.03760303885088914,6.691423494668591,8731.397104092015,2.1479740486769145,18,1,39,0,0,0,0.2599016560592295,0.5855094159681495,2.6471579722268827e-06,0.27110907586852934,99.66138639651173,73.43688488995504,0.005594874440305314,0.0,32.101638189242415,187.9084086156628
1687,abundant,111.05344820083417,93.19523012811761,57.11997681153806,0.0575328558602318,6.714187068398023,8777.368639494787,2.144067825174834,18,1,39,0,0,0,0.264751290050605,0.5848882149689965,9.078536660722233e-07,0.2711096317225389,99.66132220322066,73.43703545734857,0.005594681503567857,0.0,32.101638189242415,185.99813472653233
1688,abundant,111.04685698447838,93.16838132481384,57.12732730968336,0.11953366988386968,6.737606953837867,8824.793368157356,2.1406215751365227,18,0,40,0,0,0,0.2687460192267682,0.5842625943478471,0.0,0.27111019494299327,99.66134324608359,73.43718802013366,0.005594487247165953,0.0,32.101638189242415,209.0848478269876
1689,abundant,111.055564268837,93.13845188965784,57.158748863877165,0.12988544345802322,6.709752320165954,8854.14327451025,2.1392166588537354,18,2,38,0,0,0,0.2655800452278757,0.5836406087055392,5.4431229573816355e-06,0.27111071397506376,99.66119378142051,73.43732861335538,0.005594300949847529,0.0,32.101638189242415,203.95958746014892
1690,abundant,111.07579341075427,93.10773515334385,57.191958932339006,0.17003394771584246,6.648629244237308,8858.558504723362,2.1374645254214575,19,1,39,0,0,0,0.265132524374278,0.5830287629287275,0.00035,0.27110843629434583,99.66117579025408,73.43671164479333,0.005594618052540058,0.0,32.101638189242415,203.1654225381655
1691,abundant,111.09247209102548,93.0928358224583,57.21091968118772,0.08195619039516994,6.589822762619713,8846.066754396634,2.134053355216747,18,1,39,0,0,0,0.2598882700927081,0.5824130589023826,6.181098465704197e-06,0.2711089493474128,99.66111154564427,73.43685061844776,0.005594432828853393,0.0,32.101638189242415,194.4598960527138
1692,abundant,111.11077821741276,93.09017814133472,57.22883836873789,0.059075259344282864,6.528405832421347,8827.951669073205,2.129996504370914,19,0,40,0,0,0,0.27028912959334167,0.5817857408598298,0.0,0.2711095125692364,99.66113258855121,73.43700318160373,0.005594238581085879,0.0,32.101638189242415,185.31714963712503
1693,abundant,111.13733321710674,93.07882394410765,57.22403543923714,0.10487655986025965,6.419146607620043,8798.208696573667,2.1330717832580204,19,1,39,0,0,0,0.26750905276310977,0.5811615240597362,1.5413552033138613e-06,0.2711100632731668,99.6610683892103,73.4371523539655,0.005594046591964774,0.0,32.101638189242415,199.20433404641454
1694,abundant,111.16951750300964,93.06838589145259,57.2141452244188,0.12568420535842936,6.322429370742076,8773.617994895365,2.1385259522411317,19,2,38,0,0,0,0.2603785183462629,0.5805549839343745,0.0003527230292573661,0.27110776349017673,99.66092908073271,73.43652939843304,0.005594367681802719,0.0,32.101638189242415,186.79828328305217
1695,abundant,111.19175249209074,93.06915897793492,57.1998867537118,0.09265443147872562,6.252417622100841,8751.630137482098,2.1499762209935853,20,1,39,0,0,0,0.2648482277375905,0.5799434508838631,0.00035,0.27110548582576677,99.6608730479311,73.43591243428843,0.005594684782178206,0.0,32.101638189242415,173.3876679010139
1696,abundant,111.19985366801843,93.07224689951246,57.19461150138254,0.045276371018542025,6.193452055040231,8729.8593568231,2.163287753090095,20,1,39,0,0,0,0.2616788957867213,0.5793256360904973,1.1425714062479762e-06,0.2711060397895923,99.66080885237577,73.43606248967686,0.005594492194945842,0.0,32.101638189242415,161.4934876595785
1697,abundant,111.18301540202273,93.09184074886453,57.18912095217862,0.12133323929972076,6.153089923186727,8701.260507960294,2.172224994306022,19,1,39,0,0,0,0.26072536494565635,0.5787186381890569,0.00035,0.2711037621406569,99.66082567991205,73.43544552972392,0.005594809290998031,0.0,32.101638189242415,163.18436316886155
1698,abundant,111.15173710591225,93.12446583818397,57.18725081776862,0.19203268024639772,6.155100979486795,8669.652194710172,2.1791774881500885,18,2,38,0,0,0,0.262028079521888,0.5781028188352689,8.612620307420949e-05,0.2711036263152869,99.66067542926567,73.43540873791962,0.005594740859528248,0.0,32.101638189242415,154.60834958451056
1699,abundant,111.10992317381795,93.1608048001481,57.19202716268127,0.22444049631858135,6.206831786863002,8640.8551812632,2.192926269370887,19,1,39,0,0,0,0.26161126544501345,0.5774948464432794,0.00035,0.27110134867634905,99.6606930628974,73.43479178067479,0.005595057946946399,0.0,32.101638189242415,143.76628183272356
1700,abundant,111.05245444581536,93.1992492717958,57.20211134987803,0.2688660292711916,6.252876480342789,8617.454196951381,2.2070027894019004,19,1,39,0,0,0,0.26407262941637316,0.576874454797388,3.1516595196548272e-06,0.2711018863596234,99.66062884386771,73.43493742605607,0.005594868282011241,0.0,32.101638189242415,155.90840586910772
1701,abundant,111.0003205881679,93.23212137875551,57.201564936445266,0.20889311246460965,6.264699855303512,8600.23475129612,2.211426937710486,19,0,40,0,0,0,0.2619237352313279,0.5762563386886335,0.0,0.2711024496220482,99.6606498448131,73.43509000020993,0.005594674019124088,0.0,32.101638189242415,162.06206046894758
1702,abundant,110.95607586984427,93.24967435344433,57.202410228100085,0.1542718312685911,6.252482642031897,8588.41853818539,2.2097701112892043,19,0,40,0,0,0,0.2668715020682029,0.5756327800363585,0.0,0.27110301288197164,99.66067084579701,73.43524257368622,0.005594479762982055,0.0,32.101638189242415,173.08589978351696
1703,abundant,110.91102375873422,93.25259635491214,57.17187100124643,0.1487997720506312,6.24164701708653,8586.508292170845,2.2080681341236548,20,2,38,0,0,0,0.25813871603746125,0.5750286473080234,0.0003507092609295857,0.27110072948960146,99.66054027111608,73.43462405797585,0.005594797895687774,0.0,32.101638189242415,165.57984316574098
1704,abundant,110.85717677358002,93.24839903373375,57.128625077857784,0.18496018212323329,6.241978623435936,8581.914487003094,2.2048472004816566,20,1,39,0,0,0,0.2605328004140057,0.5744218612275678,0.00035,0.2710984518688858,99.66047534540769,73.43400710566696,0.005595114981125538,0.0,32.101638189242415,185.71023455525707
1705,abundant,110.82028299534625,93.25141180778051,57.084456120595654,0.09998910964149361,6.287553465735483,8567.241839293543,2.201116741308973,21,2,38,0,0,0,0.2591172790818094,0.5738166652439802,0.00035117940722738806,0.2710961646874099,99.6604073825314,73.43338756357959,0.005595433778653662,0.0,32.101638189242415,190.8504190956793
1706,abundant,110.78718575014348,93.25806819786729,57.050545790308455,0.08215682740307251,6.354415581374626,8550.213730053038,2.198489138529315,18,1,39,0,0,0,0.2687173130221521,0.5731911020588967,9.235443176398467e-07,0.2710967204851007,99.66034314708062,73.43353811571774,0.005595240845418929,0.0,32.101638189242415,187.41858046321843
1707,abundant,110.76131223787465,93.27663260044545,57.02796448413595,0.08063053066074467,6.425349485582802,8541.853590211613,2.19461536150482,19,1,39,0,0,0,0.2687634632551559,0.5725752622493161,0.00035,0.27109444288443024,99.6602933962037,73.43292116883859,0.005595557915476761,0.0,32.101638189242415,165.33085865751883
1708,abundant,110.72854517060618,93.31411821303811,57.010884475942724,0.15127709494909125,6.507152251806699,8536.733221169321,2.1882063218970886,19,1,39,0,0,0,0.27156548529797125,0.571946574939182,1.240131917563212e-06,0.2710949961201076,99.66022911627373,73.43307102698932,0.005595365440462554,0.0,32.101638189242415,172.11606315400167
1709,abundant,110.70686939473157,93.35114276911524,56.976805502397994,0.12930944271455885,6.592979696069989,8515.400568856436,2.1929154297191897,19,3,37,0,0,0,0.2585110798704113,0.5713519923182309,0.0007064131037978916,0.2710898255858722,99.6600727573078,73.43167045444763,0.00559620322154441,0.0,32.101638189242415,179.27024774868286
1710,abundant,110.69682783801395,93.39052078904257,56.93339680618057,0.16555113421508863,6.642547526926487,8497.067078760869,2.2005044426501317,19,2,38,0,0,0,0.26105782817016787,0.5707447307942275,0.0003536459637073524,0.2710875184438587,99.66000106396744,73.43104550553389,0.005596525584897053,0.0,32.101638189242415,141.17909359891755
1711,abundant,110.68736891603933,93.42532907617729,56.91928619847819,0.1247302868995042,6.655301600370438,8496.366046111361,2.208268611593792,19,3,37,0,0,0,0.2572338290613702,0.5701440861710967,0.0004397353155974898,0.2710845125373539,99.65980792074383,73.43023127823707,0.005596973712586679,0.0,32.101638189242415,165.70026663323338
1712,abundant,110.66204130283259,93.45151680361593,56.91888641691448,0.10550506217026898,6.669081101330741,8503.289101351722,2.2175627918501335,19,1,39,0,0,0,0.2584939830567598,0.5695298323611656,3.1989796857930567e-06,0.27108504993666793,99.65974362143069,73.43037684670041,0.0055967840502672405,0.0,32.101638189242415,183.61564268512558
1713,abundant,110.64967725276601,93.46108425421069,56.9251418028703,0.03826193794162237,6.692522958686157,8522.565470289577,2.225448316976075,17,1,39,0,0,0,0.25877231483557284,0.5689152608776684,2.7879579282881683e-06,0.2710855906675204,99.65967932615862,73.43052331759682,0.005596593794035233,0.0,32.101638189242415,175.5908713378858
1714,abundant,110.62528043932016,93.4656404732622,56.92731243764003,0.09059784154023107,6.695405585953584,8534.725345902072,2.235156376460439,18,1,39,0,0,0,0.2608662484892261,0.5683081080043302,0.00035,0.27108331313477174,99.65967038477801,73.42990638911606,0.005596910817116498,0.0,32.101638189242415,184.11465090071755
1715,abundant,110.58729915969577,93.45691481732841,56.92441823545279,0.1461978992292764,6.693715512230054,8527.660363071394,2.2445184154213935,18,1,39,0,0,0,0.2619283398018755,0.5676900197796491,1.1767536039772486e-06,0.2710838669542168,99.65960610516963,73.43005640539533,0.0055967182025323855,0.0,32.101638189242415,196.90022470118896
1716,abundant,110.55589830857193,93.44196499512267,56.919888121056395,0.11062702265878537,6.691346532469562,8512.233160032963,2.2507914274996823,18,1,39,0,0,0,0.26295035304832043,0.5670805743912959,0.00035,0.2710815894280453,99.65959466845837,73.42943947869614,0.005597035221293986,0.0,32.101638189242415,202.71292038018763
1717,abundant,110.51038823441561,93.42800627454386,56.92661055626536,0.18145968168947635,6.663815194730321,8519.711843336976,2.2520668928384997,18,2,38,0,0,0,0.26299692758591436,0.5664712297165148,0.00035542662725984687,0.2710792678627907,99.6594516945823,73.42881062287559,0.005597360157286744,0.0,32.101638189242415,182.33644680050617
1718,abundant,110.45255904713815,93.4086442644712,56.949604388809306,0.24368901546928276,6.640103283345726,8546.136488877644,2.2477652407682607,18,0,40,0,0,0,0.2637229330558565,0.5658511344901533,0.0,0.2710798312514182,99.65947261254972,73.42896323121471,0.005597165807877646,0.0,32.101638189242415,173.3602923379952
1719,abundant,110.39452271660733,93.39332731864181,56.96246996572796,0.2441497705060643,6.625269168019486,8576.54545687075,2.2407758329280263,19,1,39,0,0,0,0.2589243382784677,0.565246117718047,0.00035,0.2710775537458927,99.65941834567711,73.42834631010804,0.005597482811097666,0.0,32.101638189242415,171.26878137696104
1720,abundant,110.34134168523724,93.37608723573024,56.962790954002195,0.21371942345783804,6.611240120438408,8611.742130153601,2.2270965479590097,19,1,39,0,0,0,0.2594610452586011,0.5646405105682625,0.00035,0.2710752762617348,99.6594242223538,73.42772939478934,0.005597799803310818,0.0,32.101638189242415,172.83588429907863
1721,abundant,110.29346578872791,93.36724680523238,56.957106540460074,0.1497129918577935,6.607107143020102,8630.44897663009,2.212875444221732,19,3,37,0,0,0,0.25245479866212595,0.564052454983838,0.0007015962179960255,0.271070144939605,99.65924285132427,73.4263394438577,0.0055986304624541855,0.0,32.101638189242415,177.5405903079699
1722,abundant,110.24883700278527,93.3531081398107,56.942677625059524,0.15118890565414356,6.618812314397692,8636.105509843444,2.200926651350399,20,1,39,0,0,0,0.2604563088835693,0.5634457530440662,0.00035,0.27106786749913686,99.65923201644024,73.4257225403735,0.005598947414819025,0.0,32.101638189242415,184.0691360710743
1723,abundant,110.19628654437322,93.32463480148456,56.92373531016757,0.20733978783329834,6.608004192965391,8646.178492161373,2.1894944056092753,20,1,39,0,0,0,0.25792140159795635,0.5628321156253688,2.718680728737555e-06,0.2710684088951586,99.65916767371044,73.42586919144816,0.005598756982258324,0.0,32.101638189242415,192.0318610337502
1724,abundant,110.15255485329062,93.28826643894479,56.8912055286979,0.22083918434944125,6.565153659791235,8653.019712969523,2.178090288332523,20,0,40,0,0,0,0.26409045855411994,0.5622116161209593,0.0,0.2710689723558846,99.6591885492055,73.42602181931701,0.005598562584349201,0.0,32.101638189242415,193.35118764068687
1725,abundant,110.10277792076371,93.25799504671667,56.85500857489366,0.2256370952872617,6.5167458012057775,8662.47216338887,2.165938925580685,17,2,38,0,0,0,0.25858819748060957,0.5616074552649499,0.00036736290068766777,0.27106655399446083,99.65911756900083,73.42536674375773,0.005598904906064446,0.0,32.101638189242415,184.55130098316823
1726,abundant,110.04641559681708,93.24038931542557,56.82149620088829,0.21918966276371624,6.512951497582952,8678.5429063751,2.154001429105523,17,1,39,0,0,0,0.2672258547314583,0.5609835711780666,2.298332908558248e-06,0.2710670988127993,99.65905319480119,73.42551432185513,0.0055987138608565,0.0,32.101638189242415,186.5363290627451
1727,abundant,109.98472947668304,93.22259553051843,56.793824494596926,0.25055214343629173,6.538793824291676,8683.6758667088,2.139418375628461,17,1,39,0,0,0,0.2638528239904098,0.5603731330716772,0.00035,0.27106482139493865,99.65907070337708,73.42489742449476,0.005599030810325612,0.0,32.101638189242415,201.9183751955572
1728,abundant,109.94707429002112,93.21527875463761,56.762212186501486,0.10271415992328656,6.593062153859222,8682.669541359079,2.1314661462571323,17,2,38,0,0,0,0.2530219323360991,0.5597844089461075,0.0007,0.2710597031085182,99.65902736104624,73.42351100462118,0.005599859094670715,0.0,32.101638189242415,185.75856724789182
1729,abundant,109.91337205963809,93.22685508214443,56.73720524934892,0.09807550178879378,6.656208398097502,8691.768443360088,2.1297869458977043,18,3,37,0,0,0,0.25256765576496465,0.559179796357357,0.0001147083068215624,0.27105933555523865,99.65879147943515,73.4234114433365,0.005599832245980775,0.0,32.101638189242415,182.43555088026773
1730,abundant,109.89454376503723,93.23817858189823,56.70879381593979,0.08438945132643354,6.691487128950034,8676.482575697104,2.128861039764852,18,1,39,0,0,0,0.24981776024476865,0.5585750601567193,2.2619868411808836e-06,0.2710598807089109,99.65872714766361,73.42355911226772,0.005599641115472908,0.0,32.101638189242415,163.2979998818872
1731,abundant,109.88155759779845,93.23824730401117,56.685462854559844,0.04097983379355756,6.686678858417196,8646.20752015237,2.1276346259816292,18,1,39,0,0,0,0.25810028338828295,0.5579611902687474,1.4437055391997345e-06,0.27106043249599804,99.65866282390043,73.42370857803043,0.00559944879610205,0.0,32.101638189242415,174.3735977894251
1732,abundant,109.87164859340025,93.2331455433013,56.672391433358925,0.047369628987068944,6.6588013496725384,8599.740917651012,2.1266024818785976,18,0,40,0,0,0,0.26732524580394557,0.5573371324983629,0.0,0.2710609959989662,99.65868374151049,73.42386121734165,0.00559925437417203,0.0,32.101638189242415,192.69881653734876
1733,abundant,109.87993615492105,93.22302679433108,56.669610375324076,0.06007971887031656,6.599522680777452,8545.906158422804,2.1300564710875554,17,1,39,0,0,0,0.2641310725577413,0.5567166649257592,2.7359717758463608e-06,0.271061537290572,99.65861940523637,73.42400784013256,0.0055990639562152195,0.0,32.101638189242415,198.5823179128167
1734,abundant,109.89971885686411,93.2165744412803,56.679862495243356,0.09266451795475829,6.550755385179367,8498.434985415144,2.1354079270863324,17,1,39,0,0,0,0.26644941527796,0.5561033705689533,0.00035,0.27105925990001994,99.65863406627777,73.42339095016943,0.005599380893528454,0.0,32.101638189242415,179.92340171987965
1735,abundant,109.9294886783438,93.21754833652709,56.680290679068285,0.15167160292441192,6.498528658897385,8469.720821027702,2.1400914802967543,18,1,39,0,0,0,0.25973402157637054,0.5554877389571651,2.7075694892901082e-06,0.27105980143289954,99.65856973024991,73.42353763831557,0.0055991904296832816,0.0,32.101638189242415,163.51497741025312
1736,abundant,109.96352994368829,93.22051929150444,56.68101209279107,0.14020658040062198,6.424994293377912,8459.39666256019,2.1449985463370504,21,1,39,0,0,0,0.2619391301769104,0.5548696971041129,3.256790800062147e-06,0.2710603385033811,99.65850538890993,73.42368311770613,0.005599000774857192,0.0,32.101638189242415,184.7957575018508
1737,abundant,110.00968768978619,93.20273422999105,56.68606670611721,0.186237607396297,6.396630494347811,8469.841892163015,2.1503992866694013,21,0,40,0,0,0,0.26656881413608097,0.5542464714085632,0.0,0.27106090200634475,99.65852630660315,73.42383575701615,0.005598806368483195,0.0,32.101638189242415,178.97385139272575
1738,abundant,110.0584598198127,93.17618721074298,56.691774924858024,0.22052458044759765,6.413770882968237,8495.402596173706,2.155743549786317,20,1,39,0,0,0,0.2650926069160569,0.5536253798916391,1.822681012849704e-05,0.2710613175544741,99.65846181952269,73.42394831894363,0.005598638598014396,0.0,32.101638189242415,183.53660402824434
1739,abundant,110.10629653262158,93.16663059153765,56.70804721537824,0.18877635249396374,6.423168592182182,8524.834551673237,2.1588716781003265,19,3,37,0,0,0,0.2594136758128907,0.5530201313981278,0.0003609482100979661,0.271058951277096,99.65829243565977,73.42330735169134,0.005598971545302865,0.0,32.101638189242415,173.36625916528024
1740,abundant,110.1417525408051,93.17035991867604,56.715844637173674,0.1511608744801806,6.4228817631004365,8539.840146528746,2.1586550249278234,19,1,39,0,0,0,0.2477968192982928,0.5524273548968995,0.00035,0.2710566738777099,99.65823859548814,73.42269045933524,0.0055992884858247546,0.0,32.101638189242415,174.32803316805212
1741,abundant,110.17825132087737,93.17048748812854,56.72177522074179,0.1437100748061498,6.41684409147133,8549.43410632795,2.1566282924815283,17,0,40,0,0,0,0.2591532390117801,0.5518122863339867,0.0,0.2710572373849057,99.65825947154488,73.42284309979166,0.005599094069460966,0.0,32.101638189242415,170.18271962359202
1742,abundant,110.19889638289426,93.16619517647857,56.72144104096543,0.08057687397713761,6.409507662914294,8552.109807592598,2.153062861730405,18,2,38,0,0,0,0.2581611177985996,0.5512094037968538,0.00039623901591415123,0.27105458467726845,99.65816200001254,73.42212454551684,0.005599478560386701,0.0,32.101638189242415,198.07512736404186
1743,abundant,110.21361842686974,93.15076780447588,56.72385655680391,0.07638018841763261,6.392154076420051,8569.072575380342,2.148645833908954,19,3,37,0,0,0,0.2508344821816056,0.5506133775938806,0.0003532759795192056,0.27105228070891013,99.65798735860596,73.42150045626946,0.005599800269471732,0.0,32.101638189242415,194.6264377513666
1744,abundant,110.22456350010569,93.1380807056484,56.72207928303633,0.04468474450437639,6.350769378161383,8576.740362666686,2.142017310939737,20,1,39,0,0,0,0.2594171487038555,0.549998058831003,1.4321677384503713e-06,0.2710528326089151,99.6579229933271,73.42164995261888,0.005599607927718198,0.0,32.101638189242415,190.30930420650486
1745,abundant,110.23654824472491,93.11980962598467,56.71032801273503,0.06904552859784881,6.315519539140645,8565.77427502194,2.142703070546243,20,0,40,0,0,0,0.26261944396023584,0.5493791774426467,0.0,0.2710533961311491,99.65794386930908,73.42180259714874,0.005599413500262871,0.0,32.101638189242415,182.06401353869774
1746,abundant,110.24255623689166,93.1234276255137,56.68618557736289,0.02970798284226887,6.287127802475693,8529.2803155777,2.145253966524444,20,0,40,0,0,0,0.2643122862817263,0.5487584339277369,0.0,0.27105395965087414,99.6579647453295,73.421955240999,0.00559921907955838,0.0,32.101638189242415,167.5723946960415
1747,abundant,110.23503182425952,93.14760998300737,56.63128741870319,0.12712477775120912,6.2310322406419445,8472.810905942359,2.14729143355437,20,3,37,0,0,0,0.25921040420441516,0.548172702483112,0.0010500000000000002,0.27104600049359034,99.65792676247477,73.41979929798825,0.0056005587032474605,0.0,32.101638189242415,152.02457694306923
1748,abundant,110.22340857922559,93.17814297247705,56.569651043279165,0.15158405292637034,6.208016372073077,8406.493509020569,2.1550911926990315,19,3,37,0,0,0,0.26355914123052804,0.5475724509618629,0.0007022690751633164,0.27104086385099,99.65777762917226,73.41840790586997,0.005601390249633756,0.0,32.101638189242415,166.9304732502985
1749,abundant,110.19502458171667,93.20437464159983,56.49758939932806,0.15664612909642067,6.1951376491816506,8355.448036727103,2.166169632135006,19,1,39,0,0,0,0.2657289994624145,0.5469599490624544,0.00035,0.271038586546025,99.65779518012813,73.41779103909026,0.005601707106174315,0.0,32.101638189242415,182.32362960161635
1750,abundant,110.15825284090185,93.21290837176556,56.43180365939348,0.12460975175383246,6.287278934373803,8331.762991278607,2.184407620590007,19,2,38,0,0,0,0.26274146097076023,0.5463508318502651,0.00035351410280863897,0.2710362807211239,99.65772746951386,73.41716644695039,0.00560202908577595,0.0,32.101638189242415,206.22082695297294
1751,abundant,110.09612635991955,93.20530120548983,56.369735053466215,0.2584911519511273,6.412679037210377,8319.383819914729,2.2015585968642544,19,1,39,0,0,0,0.25608935121636067,0.5457489335639271,0.00035,0.2710340034294595,99.65774502033253,73.41654958377352,0.005602345920135085,0.0,32.101638189242415,186.72445405562885
1752,abundant,110.04683682316852,93.18087105986092,56.32720135649176,0.21155890566141464,6.461924267028745,8308.036367278917,2.2173175819470243,18,4,36,0,0,0,0.24742936179378203,0.5451666506503337,0.000710335156415524,0.2710288013586714,99.65755757074727,73.41514046874322,0.0056031891889160995,0.0,32.101638189242415,199.8158504316585
1753,abundant,109.99157198732905,93.14716695464108,56.3018896764547,0.24743905715614375,6.493835181170972,8303.932011086166,2.2313829312507965,17,2,38,0,0,0,0.25569144819269674,0.544565217139807,0.0003509672316209307,0.27102651624578766,99.65741570354866,73.41452148698738,0.0056035073961085875,0.0,32.101638189242415,190.2205631882312
1754,abundant,109.92481023266066,93.10304234860621,56.29507827897335,0.32188958459498485,6.539507060852597,8311.085068320142,2.2289458117335923,17,1,39,0,0,0,0.2545670934618106,0.543964993336999,0.00035,0.27102423900292605,99.65743325405319,73.41390463703,0.005603824179138394,0.0,32.101638189242415,201.7439712442433
1755,abundant,109.87013580793777,93.06591328843814,56.294250007508005,0.2606385568539062,6.603659891955536,8320.246416353562,2.22365534128259,18,3,37,0,0,0,0.25189810132912194,0.5433581738401781,9.586237184926067e-06,0.2710247248454395,99.65719843849355,73.41403624000428,0.0056036436106677,0.0,32.101638189242415,206.31402243613803
1756,abundant,109.83150586743632,93.02516938329234,56.290138213749536,0.2104235190651578,6.662489636468171,8346.08559804326,2.216533117315669,19,1,39,0,0,0,0.25922335137550123,0.5427430623495703,1.2212823245064235e-06,0.27102527857857,99.6571341589943,73.414186232903,0.0056034508273660275,0.0,32.101638189242415,195.74699114969349
1757,abundant,109.79901462606634,92.9927593596202,56.29957335812412,0.15916649216572595,6.716430787483875,8375.931094666223,2.207405920309604,19,0,40,0,0,0,0.2684665667248768,0.5421177491261728,0.0,0.2710258422221982,99.65715511870185,73.41433891031565,0.005603256266479001,0.0,32.101638189242415,190.7493054818445
1758,abundant,109.76695804485568,92.96256559030293,56.3254815675791,0.1561417730377096,6.761763097763176,8405.05238823605,2.197945527068771,19,0,40,0,0,0,0.27197461957267344,0.5414885770446428,0.0,0.2710264058633182,99.6571760784479,73.41449158704886,0.0056030617123474435,0.0,32.101638189242415,188.34357118279098
1759,abundant,109.72925240421884,92.93984246379398,56.359279928580655,0.14559793402859325,6.796367442924298,8430.64773117059,2.189881931157473,18,0,40,0,0,0,0.27339515107043066,0.5408578423784653,0.0,0.27102696950193,99.65719703823241,73.41464426310266,0.00560286716497112,0.0,32.101638189242415,182.271792265557
1760,abundant,109.69616865286055,92.9280362591559,56.37525740855305,0.0943026913945769,6.790535220723453,8440.902411084266,2.1898012607719672,17,0,39,0,1,0,0.2650065054312815,0.540236335222491,0.0,0.27102753313803274,99.65721797256948,73.41479693847683,0.005602672624349798,0.0,32.101638189242415,177.81942741790897
1761,abundant,109.67362897992334,92.91795674291362,56.40135599368425,0.05968320912706912,6.728561520066657,8440.93784207489,2.1911996178299455,18,1,38,0,1,0,0.2632414667664617,0.5396265696090479,0.00035,0.2710252558822966,99.65719377793671,73.41418008503204,0.005602989436364231,0.0,32.101638189242415,173.56355545692554
1762,abundant,109.6580811269755,92.89516294118259,56.41934050301004,0.09676273455549829,6.6923563595302085,8447.001273453418,2.19438901789955,19,1,38,0,1,0,0.26144364839391526,0.5390187815958146,0.00035,0.27102297864359864,99.6571672138437,73.41356323620249,0.005603306237378436,0.0,32.101638189242415,199.58350153780006
1763,abundant,109.64702453943839,92.86929450174748,56.43260708461937,0.09630039502824538,6.672845278197832,8437.386918514807,2.194292469381355,19,3,36,0,1,0,0.2503389920735884,0.5384282304047598,0.0005293464366502012,0.27101924568354313,99.65698062631255,73.41255206770134,0.005603885050426089,0.0,32.101638189242415,169.7395379189535
1764,abundant,109.66402051988298,92.84820837954389,56.443568219105806,0.13796654311009166,6.631798859853179,8418.50655588627,2.1886665067703497,20,4,35,0,1,0,0.24737840942547532,0.5378383199388092,0.0004359208720446724,0.27101627105714393,99.65673623840138,73.41174631342783,0.005604327349726013,0.0,32.101638189242415,172.1166977807492
1765,abundant,109.68566919486932,92.8263749586818,56.4596591236821,0.1466067469166472,6.625776033047208,8412.154078055857,2.1814572762412143,20,1,38,0,1,0,0.2570022621657721,0.5372257020303712,3.020712300054941e-06,0.2710168102221279,99.6566718998419,73.4118923601684,0.0056041371716298305,0.0,32.101638189242415,180.61148179687035
1766,abundant,109.72422998269244,92.80833070274899,56.46236619639469,0.14943357531849014,6.606065140091305,8387.30149196351,2.1858552660243284,20,1,38,0,1,0,0.25208438383388454,0.5366184288990106,7.032448824609963e-07,0.27101736819271716,99.6566075838934,73.41204350089211,0.005603943614344318,0.0,32.101638189242415,195.87628522564682
1767,abundant,109.759494366696,92.79003721880609,56.4649423188342,0.16067029039225694,6.587669620126128,8360.88971755794,2.196658206897022,21,0,39,0,1,0,0.26175182325504764,0.5360005018934301,0.0,0.27101793186895323,99.65662850210583,73.41219618713743,0.005603749036346929,0.0,32.101638189242415,194.63112498633444
1768,abundant,109.78695016821935,92.77508633746018,56.46969505866421,0.13448155489415659,6.566550797015827,8332.338963837203,2.2090036044877275,20,1,38,0,1,0,0.2608451116768429,0.5353933722705856,0.00035,0.27101565464877114,99.65657121312861,73.41157934332337,0.005604065810986594,0.0,32.101638189242415,187.35690995352215
1769,abundant,109.80727280572299,92.77046244352896,56.473335573288374,0.07367080658651941,6.5034254020705005,8294.75739358997,2.219547845102207,20,3,36,0,1,0,0.25430018666935117,0.5348039782724219,0.000726293113309032,0.27101032313024936,99.6563487531678,73.41013516403606,0.005604932334437431,0.0,32.101638189242415,186.64211392611918
1770,abundant,109.82341867392218,92.77671552475883,56.46861352360943,0.04772059713052766,6.47729482459297,8270.162714593913,2.2272937451154307,19,0,40,0,0,0,0.2626168975413069,0.5341850996851265,0.0,0.2710108868455271,99.65636967116801,73.4102878608568,0.0056047377221100795,0.0,32.101638189242415,175.41015484349546
1771,abundant,109.84419857811307,92.77564738206242,56.45385974228715,0.053844539665119054,6.453507387008541,8273.066072628106,2.230764641432467,18,0,40,0,0,0,0.26526234709091223,0.5335633111033264,0.0,0.27101145055829484,99.65639058920668,73.41044055699766,0.005604543116539984,0.0,32.101638189242415,184.63087544500857
1772,abundant,109.87559659978015,92.7694062889947,56.43192068956753,0.08427593938309784,6.445694917918573,8290.102010510658,2.2312996677149637,19,1,39,0,0,0,0.2557851306977141,0.532961747459559,0.00035,0.27100917337292557,99.65637960591039,73.40982372261357,0.005604859863607899,0.0,32.101638189242415,193.94956387607317
1773,abundant,109.91948804445853,92.77313513467716,56.41223386999394,0.1393034546539239,6.506334782698039,8312.240368234954,2.2293843187198528,19,1,39,0,0,0,0.2614398577200527,0.5323539636160669,0.00035,0.271006896198377,99.65636467120414,73.40920689116052,0.005605176599677842,0.0,32.101638189242415,171.67183739050165
1774,abundant,109.97025910590177,92.78906022479927,56.39488440454047,0.17123292785132171,6.585727146010152,8333.599261450603,2.2302803276583414,19,1,39,0,0,0,0.26701828444752446,0.5317303778170388,4.796923714351237e-06,0.2710074209927244,99.65630031514763,73.40934904524357,0.0056049889871183,0.0,32.101638189242415,166.54768435888346
1775,abundant,110.0055150210848,92.81780091418179,56.36959886858732,0.15627770470297078,6.64069549200745,8347.171244332523,2.230621680364651,19,0,40,0,0,0,0.2653301734966109,0.5311085146261924,0.0,0.27100798472063103,99.65632123312562,73.40950174548519,0.005604794372823876,0.0,32.101638189242415,164.3970484912405
1776,abundant,110.03371759972094,92.86629011606155,56.356420371281466,0.20424050944703367,6.663528108069082,8357.431591595538,2.229541009285849,18,1,39,0,0,0,0.26336698427034216,0.5304986109434949,0.00035,0.27100570755965697,99.65627975884489,73.40888491770914,0.005605111111167765,0.0,32.101638189242415,144.26149842688474
1777,abundant,110.03125406840817,92.9268433063252,56.35169663965701,0.2605326928510259,6.692515610417348,8370.398615825383,2.2253389491375413,19,2,38,0,0,0,0.2546615094286853,0.5298890523158596,2.0322597720084643e-05,0.27100610633833927,99.65613002429421,73.40899293719944,0.005604946183709097,0.0,32.101638189242415,146.5580610936026
1778,abundant,110.00702946377608,92.99543400035117,56.36486527596362,0.2826384501812997,6.71386476479708,8398.335992141161,2.2198125402011835,19,0,40,0,0,0,0.26579194933170613,0.5292666811715947,0.0,0.2710066700706618,99.65615094227482,73.40914563863721,0.005604751570900877,0.0,32.101638189242415,160.4608837086892
1779,abundant,109.95453852776981,93.06549281472107,56.390199116284236,0.3219709942058914,6.725583703219071,8439.881228038124,2.2057875527050137,21,0,40,0,0,0,0.26600556612347465,0.5286440750488589,0.0,0.2710072338004745,99.65617186029392,73.40929833939514,0.005604556964849928,0.0,32.101638189242415,154.87098597515256
1780,abundant,109.8847633303518,93.1323529577092,56.432872474693944,0.34781514368903677,6.753779012947656,8497.358389871515,2.195901053323436,22,0,40,0,0,0,0.2674254929380989,0.528019907006627,0.0,0.2710077975277771,99.65619277835144,73.40945103947313,0.005604362365556017,0.0,32.101638189242415,168.31636280203196
1781,abundant,109.80814650491777,93.19062123933463,56.49113147139036,0.3567907656672132,6.776560203631673,8540.644439582386,2.1837068811924407,22,0,40,0,0,0,0.2617576907577967,0.5274019735467934,0.0,0.2710083612525698,99.65621369644744,73.40960373887125,0.0056041677730189095,0.0,32.101638189242415,146.87622980197074
1782,abundant,109.75160382058667,93.24947118719338,56.5503295402312,0.25210940996269865,6.783052857119031,8565.497239535573,2.1648041894385033,22,4,36,0,0,0,0.25260861442812843,0.5268236533172417,0.0010553302256865987,0.2710003590355568,99.65602178746462,73.40743613202237,0.0056055150122783365,0.0,32.101638189242415,148.41065151636963
1783,abundant,109.71483063085186,93.2956631339039,56.59511757734424,0.18066457482745554,6.766645837625586,8579.679830496803,2.1461179829373593,21,3,37,0,0,0,0.25318559710975813,0.5262253513221167,0.00036436291770237326,0.2709979653321355,99.65585265347342,73.40678773571896,0.005605852709654188,0.0,32.101638189242415,169.39883489080256
1784,abundant,109.70256847070804,93.32154186294876,56.635643338466195,0.0710620498403424,6.738629171903827,8570.796791391178,2.1344323541832932,21,2,38,0,0,0,0.2537075887408386,0.5256261890026304,0.0003541438617400906,0.27099565458245173,99.65570499666808,73.4061618095747,0.005606175465384144,0.0,32.101638189242415,171.88450231156702
1785,abundant,109.70446219582581,93.33369424275175,56.66501071699258,0.055397645838030495,6.700092069775617,8542.736665713768,2.1279635228864233,21,0,40,0,0,0,0.2633736551258378,0.525006477981992,0.0,0.27099621837459004,99.655725914378,73.40631452721512,0.005605980809893274,0.0,32.101638189242415,178.37907202026454
1786,abundant,109.7053599429253,93.33548328464472,56.66991117304931,0.05342578960317171,6.6967823691251365,8537.990424706237,2.1275186069083216,21,0,0,0,0,40,0.044336283496434634,0.5336277080701459,0.0,0.27099678216421796,99.65574683212638,73.40646724417553,0.005605786161161156,0.0,32.101638189242415,178.36766207689735
1787,abundant,109.70618076561564,93.33625539950003,56.67239628064762,0.05245667995933963,6.695663624769641,8535.582877403314,2.1275447639254246,21,0,0,0,0,40,0.02243275852321715,0.5422730320357705,0.0,0.27099734595133557,99.65576774991324,73.40661996045597,0.005605591519187559,0.0,32.101638189242415,187.27593085615794
1788,abundant,109.70697501828155,93.33693967364398,56.67462592674674,0.05204594140300368,6.695084370911751,8533.350242911714,2.12757807745519,21,0,0,0,0,40,0.020242934247316973,0.5509207648080984,0.0,0.27099790973594284,99.65578866773852,73.4067726760564,0.0056053968839722456,0.0,32.101638189242415,187.36514262940295
1789,abundant,109.70775243017752,93.33752894774315,56.67680627382039,0.0487469516191773,6.695270824986343,8531.64342043161,2.127630642223632,21,0,0,0,0,40,0.020023830916175427,0.5595687385940906,0.0,0.2709984735180398,99.65580958560231,73.40692539097688,0.0056052022555149825,0.0,32.101638189242415,196.447445129222
1790,abundant,109.70849292005974,93.33806277336024,56.67899329328516,0.04564330263418501,6.696123188402737,8530.097612500096,2.1276850818057533,21,0,0,0,0,40,0.02000211658077462,0.5682167362658517,0.0,0.27099903729762637,99.6558305035045,73.40707810521732,0.005605007633815534,0.0,32.101638189242415,187.43594187989305
1791,abundant,109.70928752771697,93.33862432971118,56.68114015447996,0.0486545891241658,6.696904650070195,8528.56833568251,2.1277471770786813,21,0,0,0,0,40,0.01999978054193063,0.5768647365072556,0.0,0.2709996010747027,99.6558514214452,73.40723081877782,0.005604813018873666,0.0,32.101638189242415,178.48189466003163
1792,abundant,109.71003171144824,93.33914864430105,56.683263084121165,0.04551829850536432,6.6978034861673565,8526.95035527771,2.1278156087877984,21,0,0,0,0,40,0.01999961048717903,0.5855127369357197,0.0,0.2710001648492686,99.65587233942435,73.4073835316583,0.005604618410689145,0.0,32.101638189242415,187.74413645185103
1793,abundant,109.71075837884575,93.33963269140062,56.68536668703306,0.04365532405761306,6.698893022357403,8525.318497833956,2.127882319378938,21,0,0,0,0,40,0.019999545930990143,0.5941607374351956,0.0,0.2710007286213242,99.65589325744193,73.4075362438588,0.005604423809261735,0.0,32.101638189242415,196.5966009409768
1794,abundant,109.71152233348639,93.34008284542243,56.68746654502362,0.044335196440828374,6.70027861277362,8523.698868368156,2.127947833639936,21,0,0,0,0,40,0.019999704449193523,0.6028087377603015,0.0,0.27100129239086823,99.65591416357655,73.40768895537899,0.005604229214591201,0.0,32.101638189242415,196.50820002732237
1795,abundant,109.7122674085997,93.34054429614433,56.68962451563523,0.04381843467468121,6.701729227195076,8522.0836302854,2.1280149606448355,21,0,0,0,0,40,0.019999779927220636,0.6114567380023817,0.0,0.2710018561578979,99.65593504061013,73.40784166621808,0.00560403462667731,0.0,32.101638189242415,196.36262339122646
1796,abundant,109.71301290408523,93.34095819974235,56.69175611080927,0.04263331140754478,6.70288539761669,8520.418369974213,2.12808808240056,21,0,0,0,0,40,0.019999720455297212,0.6201047383098807,0.0,0.27100241992241314,99.65595591768214,73.40799437637607,0.005603840045519826,0.0,32.101638189242415,196.3996794955588
1797,abundant,109.71370061655387,93.34137187070968,56.69392260828639,0.040124319127642125,6.704162444426524,8518.741854071886,2.1281638160485725,21,0,0,0,0,40,0.019999597355025406,0.6287527387527903,0.0,0.2710029836844107,99.65597676266125,73.4081470858521,0.005603645471118515,0.0,32.101638189242415,196.30660575799146
1798,abundant,109.71433390039692,93.34171227115222,56.69607827209613,0.03594880547112934,6.705668101151764,8517.04957488233,2.1282338620749304,21,0,0,0,0,40,0.01999960102053927,0.6374007391916676,0.0,0.27100354744388966,99.6559975987535,73.40829979464588,0.005603450903473141,0.0,32.101638189242415,196.27803756368257
1799,abundant,109.71498077469148,93.34209049917243,56.69828541436935,0.03746696981771439,6.7074091126143,8515.370373432408,2.128294947810711,21,0,0,0,0,40,0.019999684936445467,0.6460487395382376,0.0,0.27100411120084994,99.6560184348841,73.40845250275743,0.005603256342583473,0.0,32.101638189242415,196.36118336346576
1800,abundant,109.7156045242421,93.34241194727575,56.700419899051795,0.035085510735689315,6.709268436341681,8513.611175589787,2.1283584826251647,21,0,0,0,0,40,0.019999678197418897,0.6546967398922204,0.0,0.2710046749552916,99.65603927105307,73.40860521018674,0.005603061788449272,0.0,32.101638189242415,196.4034117747672
1801,abundant,109.71624864612413,93.34274562797064,56.70255362263945,0.036267679505361416,6.711290153861119,8511.852725476492,2.128423195268766,21,0,0,0,0,40,0.019999575317084507,0.6633447403593716,0.0,0.2710052387072147,99.65606010726043,73.40875791693384,0.005602867241070308,0.0,32.101638189242415,196.39685837849933
1802,abundant,109.71690005584472,93.34304698454113,56.70465860074482,0.03589262740635135,6.713451751401934,8510.052329340455,2.128482155430618,21,0,0,0,0,40,0.019999690665475973,0.6719927406996395,0.0,0.2710058024566188,99.65608090916946,73.40891062299859,0.005602672700446342,0.0,32.101638189242415,196.47343894137208
1803,abundant,109.71752841136015,93.34335334989449,56.706744822852286,0.03495491023956601,6.715726375401853,8508.2120581794,2.1285344721908777,21,0,0,0,0,40,0.01999968465786465,0.6806407410465161,0.0,0.27100636620350393,99.65610170378126,73.40906332838102,0.005602478166577142,0.0,32.101638189242415,196.60073486820608
1804,abundant,109.71815809667169,93.3436458283081,56.70883641667574,0.03471489931881469,6.718190640712092,8506.368181818914,2.1285902111098554,21,0,0,0,0,40,0.01999967395473935,0.6892887414051658,0.0,0.27100692994787007,99.65612249843142,73.40921603308111,0.005602283639462474,0.0,32.101638189242415,196.51636894384734
1805,abundant,109.71882677525255,93.3439739972907,56.710949495978205,0.03724060490628979,6.720771789194105,8504.4491851341,2.128667198066594,21,0,0,0,0,40,0.01999962106779255,0.6979367418219912,0.0,0.27100749368971705,99.6561432931199,73.40936873709882,0.005602089119102101,0.0,32.101638189242415,196.40770017020415
1806,abundant,109.71950508892205,93.34428599881566,56.71302193091809,0.03733609371605667,6.7236344985487,8502.507758281958,2.1287423686741094,21,0,0,0,0,40,0.01999966208661414,0.7065847421936959,0.0,0.2710080574290451,99.6561640878467,73.40952144043422,0.005601894605495791,0.0,32.101638189242415,196.32606759544987
1807,abundant,109.7201551563362,93.34453365554643,56.71507447305528,0.03478682034940312,6.726706977733128,8500.577977459434,2.1288033073600623,21,0,0,0,0,40,0.019999611828370595,0.7152327426206847,0.0,0.27100862116585406,99.65618488261185,73.40967414308726,0.005601700098643308,0.0,32.101638189242415,196.06389135696045
1808,abundant,109.72078930496366,93.34474298605615,56.717093776625845,0.03339060275777012,6.72994938464044,8498.952290727102,2.128867007618783,21,0,0,0,0,40,0.019999631537692547,0.7238807430259933,0.0,0.27100918490014403,99.65620567741533,73.40982684505796,0.005601505598544418,0.0,32.101638189242415,196.1853184923354
1809,abundant,109.72140303605377,93.34492520534025,56.719197159040576,0.03200829984690149,6.733436370390455,8497.363950384934,2.1289066125762233,20,0,0,0,0,40,0.0199997029505113,0.7325287433527479,0.0,0.271009748631915,99.65622647225713,73.40997954634634,0.0056013111051988855,0.0,32.101638189242415,196.1387003727158
1810,abundant,109.72203322598052,93.34499245600449,56.721263619676435,0.031690406109969316,6.737087665012497,8495.831606402346,2.128959887295217,20,0,0,0,0,40,0.019999636999917966,0.7411767437520479,0.0,0.2710103123611669,99.65624726713725,73.41013224695236,0.005601116618606478,0.0,32.101638189242415,196.00461220050255
1811,abundant,109.72267229353686,93.34502308573516,56.723386567710385,0.031990705983772516,6.740886086896967,8495.037603407764,2.128985290836559,19,0,0,0,0,40,0.019999712280945547,0.7498247440685388,0.0,0.27101087608789975,99.65626806205572,73.41028494687602,0.005600922138766959,0.0,32.101638189242415,195.8248753092857
1812,abundant,109.72322584516948,93.3450264479934,56.72555347029381,0.027675252098265286,6.744670830773001,8494.290878414467,2.1289930704816924,19,0,0,0,0,40,0.019999604682494294,0.7584727445033881,0.0,0.2710114398121136,99.65628885701247,73.41043764611734,0.005600727665680096,0.0,32.101638189242415,195.6898475912099
1813,abundant,109.72382613629118,93.34500389617324,56.727734772294596,0.030040114798257175,6.747608804584894,8493.510911286452,2.129003384984792,19,0,0,0,0,40,0.019999603802679306,0.7671207449392051,0.0,0.2710120035338084,99.6563096520076,73.41059034467632,0.005600533199345654,0.0,32.101638189242415,195.7113745970967
1814,abundant,109.7244091716206,93.34497563301548,56.72991815826795,0.029189917699411642,6.749992086481943,8492.724625574723,2.129024540029823,19,0,0,0,0,40,0.019999645182311065,0.7757687453295046,0.0,0.27101256725298417,99.65633044704103,73.41074304255295,0.005600338739763397,0.0,32.101638189242415,195.66218606824216
1815,abundant,109.72502658951024,93.34485883966558,56.732130728581275,0.03142012893000262,6.751813216363767,8491.967469025862,2.1290266451565523,19,0,0,0,0,40,0.0199995373833578,0.784416745838383,0.0,0.2710131309696409,99.65635124211273,73.41089573974725,0.0056001442869330915,0.0,32.101638189242415,195.45655564644943
1816,abundant,109.72563484784794,93.34474568747825,56.73434159865112,0.030933277215254535,6.7537991607531165,8491.208951252767,2.129023940898768,19,0,0,0,0,40,0.019999665112437136,0.7930647462067593,0.0,0.27101369468377856,99.65637203722282,73.41104843625918,0.005599949840854504,0.0,32.101638189242415,195.24586022154867
1817,abundant,109.72622848993606,93.34452154909941,56.73655164445771,0.03172517895908765,6.7560652520117825,8490.41102755713,2.129027115138463,19,0,0,0,0,40,0.019999610833222582,0.8017127466348427,0.0,0.27101425839539717,99.6563928323712,73.41120113208875,0.005599755401527398,0.0,32.101638189242415,195.32322557383347
1818,abundant,109.72683897536645,93.34428131113671,56.73877277773166,0.03280233708984785,6.758510882013584,8489.598224446105,2.129036534442284,19,0,0,0,0,40,0.019999785627272847,0.8103607468706528,0.0,0.27101482210449684,99.65641362755791,73.41135382723601,0.005599560968951541,0.0,32.101638189242415,195.36788879192542
1819,abundant,109.72740045940868,93.34399344081058,56.74101054276938,0.03154795529060737,6.761181975874959,8488.734761833155,2.1290425838026517,19,0,0,0,0,40,0.01999955746597502,0.8190087473574401,0.0,0.2710153858110774,99.65643442278291,73.41150652170091,0.005599366543126699,0.0,32.101638189242415,195.5483714832304
1820,abundant,109.72796720459755,93.34375131738734,56.743245752852786,0.030816663764741226,6.763959198376563,8487.862220356743,2.129051780098635,18,0,0,0,0,40,0.019999750134989912,0.8276567476322916,0.0,0.27101594951513897,99.65645521804622,73.41165921548347,0.005599172124052635,0.0,32.101638189242415,195.54719661005797
1821,abundant,109.72849178369407,93.3434764731475,56.7454620934699,0.029611219350671857,6.766839259399904,8487.003623520068,2.1290545839432853,18,0,0,0,0,40,0.01999961514772372,0.8363047480556292,0.0,0.2710165132166814,99.65647601334788,73.41181190858367,0.005598977711729116,0.0,32.101638189242415,195.38332020790762
1822,abundant,109.72903877924371,93.34313702724918,56.747698428778065,0.03219154031650125,6.769920736744686,8486.767568164636,2.1290676186681496,18,0,0,0,0,40,0.019999659109619684,0.8449527484306086,0.0,0.2710170769157049,99.6564968086878,73.41196460100154,0.0055987833061559075,0.0,32.101638189242415,195.26069650488134
1823,abundant,109.72957970588891,93.34275880181826,56.749918657146736,0.03300800094680524,6.773071541653161,8487.294820511714,2.129092423063972,18,0,0,0,0,40,0.019999471414035876,0.8536007490120532,0.0,0.27101764061220934,99.65651760406608,73.41211729273705,0.005598588907332777,0.0,32.101638189242415,195.10947756312152
1824,abundant,109.73011255265642,93.34235730954018,56.752158991774174,0.03335945740944858,6.776402874340684,8487.806201513333,2.1291242593435076,18,0,0,0,0,40,0.019999742420481588,0.8622487492953906,0.0,0.2710182043061947,99.65653839948264,73.41226998379022,0.005598394515259488,0.0,32.101638189242415,194.93565644910603
1825,abundant,109.73061440900494,93.34196228662344,56.75442482518795,0.03193771038816577,6.779784890257798,8488.263796327432,2.1291796607359834,18,0,0,0,0,40,0.019999565690447703,0.8708967497731311,0.0,0.271018767997661,99.65655919493751,73.41242267416102,0.005598200129935805,0.0,32.101638189242415,194.70507979440538
1826,abundant,109.73106876054851,93.34153036060937,56.756667121603755,0.03134746850769964,6.783222494109673,8488.74607747799,2.1292410675068294,18,0,0,0,0,40,0.019999581183522193,0.8795447502338293,0.0,0.27101933168660824,99.6565799904307,73.41257536384948,0.005598005751361496,0.0,32.101638189242415,194.64675112706072
1827,abundant,109.73152871622725,93.3411001789369,56.75888930697397,0.03148923696328041,6.786772212356283,8489.153490475364,2.129324112829066,18,0,0,0,0,40,0.019999562776741208,0.8880050785925988,0.0,0.2710198953730365,99.65660078596217,73.4127280528556,0.005597811379536327,0.0,32.101638189242415,194.6777400941114
1828,abundant,109.73197004806336,93.34062666551884,56.76114381676846,0.032362985957396416,6.7904551991791395,8489.557952366995,2.129379150160631,18,0,0,0,0,40,0.01999968224703367,0.8964368789407213,0.0,0.2710204590569457,99.65662158153195,73.41288074117939,0.005597617014460061,0.0,32.101638189242415,194.43995584215483
1829,abundant,109.73243759677533,93.34003885379634,56.76330527361718,0.0375591071132444,6.794385902922217,8489.94384493836,2.129433529573911,18,0,0,0,0,40,0.01999957335207807,0.9048686794098535,0.0,0.27102102273833584,99.65664237714005,73.41303342882081,0.005597422656132466,0.0,32.101638189242415,194.34273354030637
1830,abundant,109.7329145391677,93.33944043150466,56.765529312615364,0.038258565962634994,6.798563751579627,8490.348643685727,2.1294881729368726,18,0,0,0,0,40,0.019999635631249187,0.9132661618974071,0.0,0.27102158641720686,99.65666317278642,73.41318611577987,0.005597228304553306,0.0,32.101638189242415,194.22626246074336
1831,abundant,109.73343475761303,93.33874009366473,56.76770911341964,0.04362072679107684,6.803025677551426,8490.67648016016,2.1295753606057812,18,0,0,0,0,40,0.019999686463030138,0.9212310536906225,0.0,0.27102215009355896,99.65668396847111,73.4133388020566,0.00559703395972235,0.0,32.101638189242415,194.22852405835528
1832,abundant,109.73396912227483,93.33805571769068,56.769936176026796,0.04341402296250855,6.807753399024454,8490.943324733293,2.129675306681151,18,0,0,0,0,40,0.019999692501262243,0.929014253999914,0.0,0.2710227137673919,99.65670476419409,73.41349148765094,0.005596839621639359,0.0,32.101638189242415,194.1285585373561
1833,abundant,109.7344721600268,93.33728072764637,56.77213848417357,0.04619930019922136,6.812784324073166,8491.168820995372,2.129753821574984,18,0,0,0,0,40,0.019999545085864445,0.9367974544874187,0.0,0.27102327743870586,99.65672555995538,73.41364417256298,0.005596645290304102,0.0,32.101638189242415,194.08693355085956
1834,abundant,109.73498316558991,93.3364357154073,56.77428006671505,0.049377219616037867,6.818044287873809,8491.385403268214,2.1298340371087434,18,0,0,0,0,40,0.0199995564253721,0.9445806549226173,0.0,0.2710238411075007,99.65674635575495,73.41379685679264,0.005596450965716342,0.0,32.101638189242415,193.84362561357503
1835,abundant,109.73550120083117,93.33552553793534,56.77643305078499,0.05236620990998416,6.823651094094319,8491.650653586286,2.129918205130138,18,0,0,0,0,40,0.019999765127971282,0.9521854201617451,0.0,0.27102440477377654,99.6567671515928,73.41394954033996,0.005596256647875849,0.0,32.101638189242415,193.85631016668248
1836,abundant,109.73606967593662,93.33463477416622,56.7785234014871,0.05283383248667499,6.82902357487377,8491.832604589363,2.130004323515405,18,0,0,0,0,40,0.019999640867495443,0.9595776871367739,0.0,0.2710249684375333,99.65678794746897,73.41410222320494,0.005596062336782385,0.0,32.101638189242415,193.68453082281843
1837,abundant,109.73659354380713,93.3336670898072,56.78062742425766,0.05502350494270538,6.834522155663082,8492.031540174241,2.13009062275466,18,0,0,0,0,40,0.019999675194402815,0.9665447532595849,0.0,0.27102553209877106,99.65680874338344,73.41425490538755,0.005595868032435715,0.0,32.101638189242415,193.7205901719696
1838,abundant,109.73713985099576,93.3326592159469,56.78274527916936,0.05732089691514867,6.840127354478942,8492.179863517224,2.1301732663445243,18,0,0,0,0,40,0.019999669235370898,0.9730715980282237,0.0,0.27102609575748965,99.65682953933617,73.4144075868878,0.005595673734835608,0.0,32.101638189242415,193.71968248826067
1839,abundant,109.73763037049648,93.33165011220902,56.78490415450972,0.05610228010374542,6.845755836615058,8492.29858978193,2.130235422837365,17,0,0,0,0,40,0.019999616776139196,0.9793320748978214,0.0,0.2710266594136893,99.65685033532719,73.41456026770574,0.005595479443981829,0.0,32.101638189242415,193.6352779373371
1840,abundant,109.7381591418067,93.33066052982744,56.78706293389869,0.05609951158705253,6.8510197088908855,8492.341148171123,2.1302997254754037,17,0,0,0,0,40,0.01999952809096277,0.9848130617389973,0.0,0.27102722306736987,99.65687113135651,73.41471294784131,0.005595285159874143,0.0,32.101638189242415,193.71269026796443
1841,abundant,109.73861080465774,93.32957827745423,56.78929092163848,0.05863742521188865,6.856500593571887,8492.475898289325,2.130344084691452,17,0,0,0,0,40,0.01999953613468173,0.9891587925691034,0.0,0.27102778671853134,99.65689192742411,73.41486562729452,0.0055950908825123154,0.0,32.101638189242415,193.70695810611787
1842,abundant,109.73908380867354,93.32849488096292,56.791549853746425,0.059108734175309104,6.862177252309086,8492.674472120481,2.1303708943197215,17,0,0,0,0,40,0.01999973561920112,0.9925843324409529,0.0,0.2710283503671737,99.65691272353,73.41501830606535,0.005594896611896112,0.0,32.101638189242415,193.85296450975278
1843,abundant,109.73954374540101,93.32738289644132,56.79375930303047,0.06016988067934342,6.86795089795972,8492.788957361889,2.130397899490363,17,0,0,0,0,40,0.019999723589029857,0.9951461135088259,0.0,0.2710289140132971,99.65693351967417,73.41517098415386,0.0055947023480253,0.0,32.101638189242415,193.68222357518826
1844,abundant,109.73998400386866,93.32619478301963,56.79594201535993,0.06335535043864227,6.87383694641341,8492.835830364682,2.1304347669502066,17,0,0,0,0,40,0.019999679293258275,0.9971534936227593,0.0,0.2710294776569015,99.65695431585661,73.41532366156005,0.005594508090899643,0.0,32.101638189242415,193.374604209511
1845,abundant,109.74040357350563,93.32501943361224,56.79811916882594,0.0624010679440663,6.8797102841979365,8492.864195944872,2.130454770446673,17,0,0,0,0,40,0.019999621402955844,0.9985306167998876,0.0,0.2710300412979867,99.65697511207736,73.41547633828384,0.005594313840518909,0.0,32.101638189242415,193.2061862955524
1846,abundant,109.74082581730343,93.32388082779454,56.80026986450266,0.0607198145674957,6.885625443240295,8492.835951895097,2.1304808930567516,16,0,0,0,0,40,0.019999636328663646,0.9993421869138498,0.0,0.27103060493655284,99.65699590833636,73.41562901432526,0.0055941195968828615,0.0,32.101638189242415,201.97080732127773
1847,abundant,109.74120564269927,93.32268517364486,56.80245174639113,0.06273242888295628,6.891629001824188,8492.829444903778,2.1304852736242137,16,0,0,0,0,40,0.019999477861585124,0.9997745869377063,0.0,0.2710311685726,99.65701670463365,73.41578168968438,0.005593925359991269,0.0,32.101638189242415,202.0526828575709
1848,abundant,109.74161130038758,93.321466635793,56.80467408987407,0.06422102511141864,6.897610887753187,8492.803955482304,2.130486981051583,16,0,0,0,0,40,0.019999599225016908,1.0,0.0,0.2710317322061281,99.65703750096921,73.41593436436112,0.005593731129843896,0.0,32.101638189242415,210.95679096627026
1849,abundant,109.74200534348506,93.32021682047818,56.80692906781072,0.06552236509873183,6.903718926086194,8492.818436906164,2.130475493626337,16,0,0,0,0,40,0.019999632114859174,1.0,0.0,0.271032295837137,99.65705829734304,73.4160870383555,0.005593536906440507,0.0,32.101638189242415,211.05329879910823
1850,abundant,109.74237862732605,93.31900649707444,56.80917661983982,0.06332706525572648,6.9098829834639925,8492.78991331211,2.130467111160529,16,0,0,0,0,40,0.019999646415615458,1.0,0.0,0.27103285946562694,99.65707909375514,73.41623971166753,0.005593342689780869,0.0,32.101638189242415,210.88862213783378
1851,abundant,109.74275311460708,93.31786174285159,56.811436150508186,0.06022499286956698,6.916035571650544,8492.745825905426,2.1304680928419724,16,0,0,0,0,40,0.019999624880993286,1.0,0.0,0.27103342309159784,99.65709989020556,73.41639238429723,0.0055931484798647495,0.0,32.101638189242415,210.77003854667018
1852,abundant,109.74319927484062,93.31665599678422,56.81368695885038,0.06429037943860574,6.922171523790506,8492.625994102898,2.1304858870112056,16,0,0,0,0,40,0.019999535815293394,1.0,0.0,0.27103398671504964,99.65712068669418,73.41654505624456,0.005592954276691911,0.0,32.101638189242415,210.94654230840328
1853,abundant,109.74362084044967,93.31545359290797,56.81592511267168,0.06370738779322908,6.928277197689534,8492.496805187286,2.1305005168347946,16,0,0,0,0,40,0.0199996894096098,1.0,0.0,0.2710345503359823,99.65714148322111,73.4166977275095,0.005592760080262124,0.0,32.101638189242415,210.80167248484926
1854,abundant,109.74403402661048,93.31421664391772,56.818155788230435,0.06521231431492469,6.934443548692917,8492.293571481263,2.130512521780475,16,0,0,0,0,40,0.01999964874309739,1.0,0.0,0.27103511395439595,99.6571622797863,73.41685039809211,0.005592565890575148,0.0,32.101638189242415,210.53021123776253
1855,abundant,109.74444956401467,93.31305500305771,56.82038962912596,0.06168632903062444,6.940646352182027,8491.987228430655,2.130534494255089,16,0,0,0,0,40,0.019999478412374583,1.0,0.0,0.27103567757029057,99.65718307638977,73.4170030679924,0.005592371707630755,0.0,32.101638189242415,210.629439253434
1856,abundant,109.7448568038127,93.31196321603335,56.82260793659073,0.05826534827046643,6.9469633419059065,8491.662114537743,2.1305705880922137,16,0,0,0,0,40,0.01999958390272126,1.0,0.0,0.2710362411836661,99.65720387303149,73.41715573721031,0.005592177531428707,0.0,32.101638189242415,210.31884860213512
1857,abundant,109.74522260745123,93.31079914306166,56.824805808070025,0.06101023399309738,6.95328812824139,8491.338916206885,2.1305907842235756,16,0,0,0,0,40,0.019999746642033998,1.0,0.0,0.27103680479452247,99.6572246697115,73.41730840574583,0.005591983361968771,0.0,32.101638189242415,210.28352477010966
1858,abundant,109.74550623687483,93.30959444092773,56.827048694731296,0.06188406480539229,6.959637475584353,8491.289514152013,2.130610537937683,17,0,0,0,0,40,0.019999645945779354,1.0,0.0,0.2710373684028599,99.65724546642973,73.41746107359904,0.005591789199250714,0.0,32.101638189242415,210.19048281075865
1859,abundant,109.74576165791677,93.30836985488355,56.82927103178304,0.0625512817364389,6.966009471326126,8491.215905476725,2.1306481452565635,16,0,0,0,0,40,0.019999697017466372,1.0,0.0,0.27103793200867815,99.65726626318624,73.41761374076987,0.0055915950432743,0.0,32.101638189242415,210.09938265332138
1860,abundant,109.74603329975066,93.30714796646147,56.83152142405347,0.06259040663612721,6.972198270810894,8491.15253333922,2.1306793560320054,16,0,0,0,0,40,0.019999680351858083,1.0,0.0,0.2710384956119774,99.65728705998104,73.41776640725836,0.005591400894039297,0.0,32.101638189242415,210.1787252426945
1861,abundant,109.74630968115585,93.30593247181879,56.83378311692728,0.06232477296644368,6.978253199073775,8491.089098556477,2.1307111343036005,16,0,0,0,0,40,0.019999573277779563,1.0,0.0,0.2710390592127575,99.65730785681406,73.41791907306447,0.0055912067515454696,0.0,32.101638189242415,210.47039892297508
1862,abundant,109.7465551565595,93.30471063300608,56.836030594564406,0.06231444425852219,6.9830000091142805,8491.025663459972,2.130761703954498,16,0,0,0,0,40,0.019999505923235173,1.0,0.0,0.27103962281101857,99.65732865368535,73.41807173818825,0.005591012615792584,0.0,32.101638189242415,210.6785174181692
1863,abundant,109.74678315626079,93.3034491025571,56.83826815964834,0.06410430061891177,6.9872434402860835,8490.923455675038,2.1308181256887506,16,0,0,0,0,40,0.01999959090754974,1.0,0.0,0.27104018640676053,99.65734945059491,73.41822440262965,0.005590818486780406,0.0,32.101638189242415,210.5960731160526
1864,abundant,109.74698398994713,93.3022778940395,56.840553033634954,0.05941954483968329,6.991286881174564,8490.801512101592,2.1308797842598772,16,0,0,0,0,40,0.01999968324143181,1.0,0.0,0.2710407499999825,99.65737022242332,73.41837706638844,0.005590624364508702,0.0,32.101638189242415,210.4861821620114
1865,abundant,109.74720360155914,93.30105310045298,56.842767517746665,0.06221565462746853,6.994489051780751,8490.603052160179,2.1309473584680005,16,0,0,0,0,40,0.01999950493598885,1.0,0.0,0.27104131359068384,99.65739097804342,73.41852972946447,0.005590430248977236,0.0,32.101638189242415,210.42631810274725
1866,abundant,109.74747551362184,93.29987479123517,56.84503762466916,0.060465406001511623,6.997062011588457,8490.452788395793,2.1310115251174553,16,0,0,0,0,40,0.01999952325383205,1.0,0.0,0.2710418771788645,99.65741173370176,73.4186823918577,0.005590236140185776,0.0,32.101638189242415,210.10793649849467
1867,abundant,109.74772575937982,93.29867747584458,56.847359530046404,0.061163132689066285,6.999651977176825,8490.262550637548,2.13108876559717,16,0,0,0,0,40,0.01999963469260873,1.0,0.0,0.2710424407645245,99.65743248939832,73.41883505356815,0.0055900420381340896,0.0,32.101638189242415,210.03403729250894
1868,abundant,109.74788918275408,93.29748790840715,56.84969542219709,0.06004234048232447,7.0022049501926515,8490.050924153278,2.131174735894147,16,0,0,0,0,40,0.019999502128026918,1.0,0.0,0.2710430043476638,99.65745324513307,73.4189877145958,0.0055898479428219405,0.0,32.101638189242415,209.89754003034236
1869,abundant,109.74801082101287,93.29629098940885,56.85203505812707,0.060154460256394114,7.004766549992448,8489.889830742599,2.1312485231402487,16,0,0,0,0,40,0.019999628738493636,1.0,0.0,0.2710435679282821,99.65747399497516,73.41914037494057,0.005589653854249093,0.0,32.101638189242415,210.04817503643397
1870,abundant,109.74813391832288,93.29511069609116,56.85439913515371,0.05933395567679313,7.007341463987116,8489.703602128619,2.1313203479467413,16,0,0,0,0,40,0.019999644062880653,1.0,0.0,0.2710441315063769,99.65749470961993,73.41929303460178,0.005589459772415316,0.0,32.101638189242415,210.1013623492692
1871,abundant,109.74825961823396,93.29396576520676,56.85673201825555,0.057591962660650295,7.00992880445437,8489.473163568175,2.131407101806457,16,0,0,0,0,40,0.01999954050361552,1.0,0.0,0.27104469508194834,99.65751542430289,73.41944569357946,0.005589265697320375,0.0,32.101638189242415,210.0350233101546
1872,abundant,109.74840280619519,93.29275894827506,56.85901282582806,0.06076254372540565,7.0123229272741625,8489.241208645399,2.1315013679744754,16,0,0,0,0,40,0.01999967175084616,1.0,0.0,0.2710452586549963,99.65753613902402,73.41959835187362,0.005589071628964034,0.0,32.101638189242415,209.91863570255373
1873,abundant,109.74852882142918,93.29153390097396,56.8613390858025,0.06157979181988275,7.014356704080936,8489.001454439298,2.131609785261554,16,0,0,0,0,40,0.01999955808527052,1.0,0.0,0.2710458222255207,99.65755685378329,73.41975100948419,0.005588877567346064,0.0,32.101638189242415,210.11641160568888
1874,abundant,109.7486261700952,93.29026530378869,56.863639254274425,0.06362164862882337,7.015406143324233,8488.78546678106,2.1316990175677524,16,0,0,0,0,40,0.019999631837765368,1.0,0.0,0.27104638579352175,99.65757756858076,73.41990366641126,0.005588683512466224,0.0,32.101638189242415,209.82679439532075
1875,abundant,109.74875355181004,93.28895474184365,56.865902716769185,0.06584548251032706,7.0165897021107355,8488.578988793823,2.131770518685033,16,0,0,0,0,40,0.019999439445270245,1.0,0.0,0.27104694935899926,99.65759828341642,73.42005632265474,0.005588489464324286,0.0,32.101638189242415,209.5168116280397
1876,abundant,109.74888906667505,93.28759653878664,56.86817822534814,0.06824954885995405,7.017763892330452,8488.314049976041,2.131853930603075,16,0,0,0,0,40,0.019999716930286418,1.0,0.0,0.2710475129219534,99.65761899829022,73.42020897821473,0.0055882954229200124,0.0,32.101638189242415,209.43161378660903
1877,abundant,109.74897686523505,93.28622493886296,56.87040851264508,0.0687215240653589,7.018921876357524,8488.005029849344,2.1319536338548857,16,0,0,0,0,40,0.01999970331195234,1.0,0.0,0.271048076482384,99.65763971320219,73.42036163309113,0.005588101388253172,0.0,32.101638189242415,209.43540090367796
1878,abundant,109.74903823121431,93.28481713791284,56.872641245404225,0.07046033166846295,7.020094359214849,8487.696131678145,2.1320419156976125,16,0,0,0,0,40,0.019999617993384323,1.0,0.0,0.27104864004029117,99.65766042815234,73.420514287284,0.0055879073603235276,0.0,32.101638189242415,209.4658068968598
1879,abundant,109.74909909794346,93.28335000984514,56.87496794320465,0.07342103142263347,7.021281666273356,8487.414983874827,2.132129904207821,16,0,0,0,0,40,0.019999682604631787,1.0,0.0,0.27104920359567486,99.65768114314064,73.42066694079334,0.005587713339130849,0.0,32.101638189242415,209.75945963004816
1880,abundant,109.74913300789123,93.28176364689685,56.87734122057092,0.07933328493623015,7.022443642965277,8487.126092369086,2.1322183620201156,16,0,0,0,0,40,0.019999629710170788,1.0,0.0,0.2710497671485351,99.65770185816713,73.42081959361913,0.005587519324674898,0.0,32.101638189242415,209.88777892819408
1881,abundant,109.74918413741698,93.28007608755183,56.87972768129159,0.08441965488665912,7.023722717048296,8486.859750007854,2.1323134830183115,16,0,0,0,0,40,0.0199995298975618,1.0,0.0,0.2710503306988719,99.65772257323174,73.42097224576138,0.005587325316955445,0.0,32.101638189242415,209.82085205235845
1882,abundant,109.7492343613523,93.27832737518098,56.8821375419104,0.08746750782144151,7.024946396479715,8486.572628940805,2.1324116580830306,17,0,0,0,0,40,0.019999532304532292,1.0,0.0,0.2710508942466852,99.65774328833454,73.42112489722005,0.005587131315972254,0.0,32.101638189242415,209.60662296912741
1883,abundant,109.7492176030756,93.27649059809026,56.88451257623642,0.09184660276569874,7.026147307364921,8486.308858333243,2.1324989033699318,17,0,0,0,0,40,0.0199995098726445,1.0,0.0,0.27105145779197504,99.65776400347549,73.4212775479952,0.005586937321725091,0.0,32.101638189242415,209.72788850070538
1884,abundant,109.74924351441977,93.27466320666791,56.88693679031693,0.09138213649565861,7.027293663736733,8486.057376651035,2.132592280038318,17,0,0,0,0,40,0.01999968377382058,1.0,0.0,0.27105202133474143,99.65778471865463,73.42143019808681,0.0055867433342137235,0.0,32.101638189242415,209.7809691888213
1885,abundant,109.7492142419422,93.27285505351603,56.88933534342186,0.09041725054536617,7.028299097767952,8485.842052192012,2.1326667967476176,17,0,0,0,0,40,0.019999470733978914,1.0,0.0,0.2710525848749844,99.65780543387187,73.42158284749488,0.005586549353437915,0.0,32.101638189242415,209.46435725860988
1886,abundant,109.74915945453947,93.27099417189069,56.89180922276709,0.0930899825456377,7.02821508701404,8485.659142563105,2.132731897362173,17,0,0,0,0,40,0.01999960584209913,1.0,0.0,0.2710531484127039,99.65782614912733,73.4217354962194,0.005586355379397434,0.0,32.101638189242415,209.73390950646407
1887,abundant,109.74909451487096,93.26909920986496,56.894282785365874,0.09480596149999103,7.028072744805348,8485.408749269227,2.132792348799403,17,0,0,0,0,40,0.019999669285690733,1.0,0.0,0.2710537119478992,99.65784684312193,73.42188814426017,0.005586161412092046,0.0,32.101638189242415,209.62875648949498
1888,abundant,109.74903995327914,93.26717189269456,56.896746612636285,0.09640705267598307,7.028024770914354,8485.225684287267,2.132854033469793,17,0,0,0,0,40,0.019999562325767616,1.0,0.0,0.27105427548056976,99.65786751707905,73.42204079161706,0.005585967451521516,0.0,32.101638189242415,209.5633195175773
1889,abundant,109.74895484074929,93.26522427634706,56.89912584590256,0.09747357350538519,7.027960063311551,8484.988149315992,2.1329287124223524,17,0,0,0,0,40,0.019999578086756925,1.0,0.0,0.27105483901071376,99.65788815058526,73.42219343828957,0.005585773497685612,0.0,32.101638189242415,209.72845805583347
1890,abundant,109.74885042893318,93.26323636621746,56.90153139472919,0.09953763940024912,7.027897744216331,8484.741398979524,2.13302216649849,17,0,0,0,0,40,0.019999598573172343,1.0,0.0,0.2710554025383291,99.65790874070221,73.42234608427712,0.005585579550584098,0.0,32.101638189242415,209.9993015423388
1891,abundant,109.74872796710349,93.26126176505899,56.90390308873002,0.09891883153771966,7.027816960991335,8484.490980066155,2.1331180361301487,17,0,0,0,0,40,0.01999967418584775,1.0,0.0,0.27105596606341575,99.65792933085729,73.42249872957971,0.005585385610216742,0.0,32.101638189242415,210.19020641396938
1892,abundant,109.74860365471889,93.25928209869865,56.90634734221985,0.09918090210874381,7.0277735479482955,8484.278869314141,2.133219428965205,17,0,0,0,0,40,0.019999517176711345,1.0,0.0,0.2710565295859737,99.65794992105045,73.42265137419734,0.005585191676583311,0.0,32.101638189242415,210.36261235583532
1893,abundant,109.7484336382976,93.25724006297335,56.90876351967675,0.10245344847636847,7.027665190032278,8484.030725960256,2.133318781412991,17,0,0,0,0,40,0.019999606652920627,1.0,0.0,0.2710570931060029,99.65797051128168,73.42280401812998,0.005584997749683568,0.0,32.101638189242415,210.61340902491474
1894,abundant,109.74829698363108,93.25510164517992,56.911097200718544,0.10713632825577792,7.027517850819175,8483.708240721862,2.133424217446027,17,0,0,0,0,40,0.01999961563881044,1.0,0.0,0.2710576566235035,99.65799110155105,73.4229566613777,0.005584803829517281,0.0,32.101638189242415,210.48228067129304
1895,abundant,109.74813013397734,93.25284684817017,56.913449974587046,0.11304737956932372,7.02738183187048,8483.335644462444,2.1335295749111833,17,0,0,0,0,40,0.019999669033202418,1.0,0.0,0.2710582201384753,99.65801169185848,73.42310930394042,0.005584609916084218,0.0,32.101638189242415,210.68467676450481
1896,abundant,109.74795499295674,93.25052488495844,56.915740349698964,0.1164278819308166,7.02728342428676,8482.896814610234,2.133629493004851,17,0,0,0,0,40,0.019999546275460967,1.0,0.0,0.27105878365091846,99.65803228220398,73.4232619458182,0.005584416009384143,0.0,32.101638189242415,210.72010726065355
1897,abundant,109.7477964420234,93.2481974821213,56.91800623141593,0.11663971081910644,7.0272262103357805,8482.404102764973,2.133735526891354,17,0,0,0,0,40,0.01999965681908274,1.0,0.0,0.2710593471608328,99.6580528725876,73.42341458701097,0.005584222109416822,0.0,32.101638189242415,210.94466724670028
1898,abundant,109.74760800177967,93.24584791822227,56.92027106145862,0.1178572026877279,7.027241244625,8481.872805821054,2.133855416459895,17,0,0,0,0,40,0.019999760820035902,1.0,0.0,0.2710599106682185,99.65807346300927,73.4235672275188,0.0055840282161820215,0.0,32.101638189242415,210.87777112055088
1899,abundant,109.74744603513659,93.243502295413,56.922499256355444,0.11756168625402189,7.027379081957657,8481.346651380663,2.133974448105564,17,0,0,0,0,40,0.019999669555151554,1.0,0.0,0.27106047417307555,99.65809405346907,73.42371986734169,0.005583834329679509,0.0,32.101638189242415,210.87577461436678
1900,abundant,109.7473056639798,93.2411458675542,56.92470694231672,0.11803496855907425,7.0274747099414725,8480.765310798997,2.134085073701541,17,0,0,0,0,40,0.01999967153092349,1.0,0.0,0.27106103767540385,99.65811464396695,73.4238725064796,0.005583640449909048,0.0,32.101638189242415,210.90235197198817
1901,abundant,109.74717145666395,93.23877143506942,56.92689976033231,0.11891189602756667,7.027541821006342,8480.08671876222,2.134203213507012,17,0,0,0,0,40,0.019999670516932515,1.0,0.0,0.2710616011752034,99.6581352345029,73.42402514493251,0.005583446576870409,0.0,32.101638189242415,211.0387209597026
1902,abundant,109.74703619871869,93.23636170685572,56.929026489897424,0.12067628398274258,7.0276314613929305,8479.333862396605,2.134325739146989,17,0,0,0,0,40,0.019999537565541802,1.0,0.0,0.2710621646724743,99.65815582507692,73.4241777827005,0.005583252710563354,0.0,32.101638189242415,211.0916203035444
1903,abundant,109.74686551805621,93.23396021973872,56.93119799040519,0.12038189501336961,7.0277567481859675,8478.594696955093,2.134451765980631,17,0,0,0,0,40,0.019999689056725407,1.0,0.0,0.27106272816721644,99.65817641568904,73.42433041978349,0.005583058850987652,0.0,32.101638189242415,211.15693733888975
1904,abundant,109.74668669006637,93.23156368331175,56.93335857962188,0.12016468137628081,7.027909623047792,8477.856885632078,2.1345623231868887,17,0,0,0,0,40,0.01999974835143435,1.0,0.0,0.27106329165942994,99.65819700633922,73.42448305618154,0.005582864998143069,0.0,32.101638189242415,211.2671889237095
1905,abundant,109.74652259080199,93.22913033283518,56.93555363710088,0.1219452096938845,7.028119346318897,8477.14704291262,2.1346725083890004,17,0,0,0,0,40,0.01999966045939347,1.0,0.0,0.27106385514911463,99.65821759702749,73.42463569189461,0.00558267115202937,0.0,32.101638189242415,211.36925923369398
1906,abundant,109.74639318835662,93.2266613168662,56.93774645529463,0.12362320380414943,7.028399381388086,8476.472727414955,2.134772815945714,17,0,0,0,0,40,0.01999973433879581,1.0,0.0,0.2710644186362707,99.65823818775381,73.42478832692271,0.005582477312646322,0.0,32.101638189242415,211.47573547447118
1907,abundant,109.74618367841083,93.22407963497275,56.9399104147554,0.12951536764138344,7.028775804848097,8475.793525916175,2.1348733118662455,17,0,0,0,0,40,0.019999602761139736,1.0,0.0,0.27106498212089797,99.65825877851823,73.42494096126583,0.005582283479993692,0.0,32.101638189242415,211.2813827601648
1908,abundant,109.7460087922215,93.22145261884651,56.94205062944327,0.13164673884775277,7.029177795562712,8475.082364820111,2.134989742779109,17,0,0,0,0,40,0.019999586684535924,1.0,0.0,0.2710655456029965,99.65827936932075,73.425093594924,0.0055820896540712435,0.0,32.101638189242415,211.20552530541778
1909,abundant,109.74576770833755,93.21876103375021,56.94418253452989,0.1351175579582581,7.0296955840695485,8474.351432402662,2.1351094468574083,17,0,0,0,0,40,0.019999692097249153,1.0,0.0,0.2710661090825664,99.65829995980485,73.42524622789719,0.005581895834878747,0.0,32.101638189242415,211.27875310124972
1910,abundant,109.7455589065889,93.21606330782785,56.94636659622239,0.13529056602078468,7.030287919606904,8473.652722145263,2.135213048207831,17,0,0,0,0,40,0.019999585447770096,1.0,0.0,0.2710666725596038,99.65832050961824,73.42539886018442,0.005581702022415966,0.0,32.101638189242415,211.07221884813822
1911,abundant,109.74535019805975,93.21343596577489,56.94856354388671,0.13178084970384635,7.030882956261237,8472.872519195342,2.1353171065556236,17,0,0,0,0,40,0.019999536055468836,1.0,0.0,0.27106723603410876,99.65834105946965,73.42555149178564,0.005581508216682667,0.0,32.101638189242415,211.2092159252919
1912,abundant,109.74516896007924,93.21078673381702,56.95076106330578,0.13277053132257272,7.031440989194198,8472.011763390234,2.135411378842711,17,0,0,0,0,40,0.019999643817554973,1.0,0.0,0.27106779950608134,99.65836160935909,73.42570412270092,0.005581314417678618,0.0,32.101638189242415,211.33720116650588
1913,abundant,109.74492448015585,93.20811342219488,56.95295104872557,0.13422475821717922,7.0320326994153985,8471.181497521444,2.1354924154949417,17,0,0,0,0,40,0.01999957401355256,1.0,0.0,0.2710683629755214,99.65838215928655,73.42585675293019,0.005581120625403583,0.0,32.101638189242415,211.2422345137711
1914,abundant,109.74467650527932,93.20540879397277,56.9551432186404,0.1358038149341686,7.032515283715265,8470.333019414495,2.1355906563074383,17,0,0,0,0,40,0.019999560078164606,1.0,0.0,0.27106892644242914,99.65840270925204,73.42600938247352,0.005580926839857331,0.0,32.101638189242415,211.1077800765329
1915,abundant,109.74442180624189,93.20271942591194,56.957352885981415,0.13507263480761553,7.032997118143278,8469.604810633944,2.1356798452233727,17,0,0,0,0,40,0.01999966935433697,1.0,0.0,0.2710694899068043,99.65842325925554,73.42616201133085,0.0055807330610396265,0.0,32.101638189242415,211.05215640604865
1916,abundant,109.74414746903508,93.20009085933596,56.959624755894446,0.13214398897759114,7.0335728579453045,8468.921381232562,2.135782862787602,17,0,0,0,0,40,0.01999969347393605,1.0,0.0,0.27107005336864715,99.65844380929708,73.42631463950222,0.005580539288950236,0.0,32.101638189242415,211.05064871390414
1917,abundant,109.74388170702983,93.19743186198762,56.961921189719035,0.13361308345368694,7.034293885232126,8468.265682742021,2.1358826372351833,17,0,0,0,0,40,0.019999755759331418,1.0,0.0,0.2710706168279575,99.65846435937664,73.4264672669876,0.005580345523588926,0.0,32.101638189242415,211.18405318296632
1918,abundant,109.74361080353927,93.1947221663721,56.96414634322266,0.13616392696950444,7.035096432415514,8467.552520208774,2.1360019893554236,17,0,0,0,0,40,0.019999683189867924,1.0,0.0,0.2710711802847354,99.65848490949418,73.42661989378702,0.0055801517649554655,0.0,32.101638189242415,211.15820788258603
1919,abundant,109.74334456026563,93.19205975053629,56.966314798280095,0.13379008391207506,7.035967334236046,8466.733032046439,2.1361505481910608,16,0,0,0,0,40,0.01999959284024526,1.0,0.0,0.2710717437389809,99.65850545964977,73.42677251990044,0.0055799580130496155,0.0,32.101638189242415,211.49434024933035
1920,abundant,109.74303570789534,93.18931411278732,56.96848456691953,0.13814974991728693,7.036934423867154,8465.905474574502,2.136297535495164,15,0,0,0,0,40,0.01999972816492866,1.0,0.0,0.2710723071906939,99.65852600984336,73.42692514532789,0.005579764267871147,0.0,32.101638189242415,211.34983691871201
1921,abundant,109.7427276762783,93.18654464230221,56.97066601556473,0.13932745901135898,7.037556716271865,8465.081507384442,2.1364431637888486,15,0,0,0,0,40,0.01999978614961803,1.0,0.0,0.2710728706398745,99.65854656007498,73.42707777006937,0.005579570529419824,0.0,32.101638189242415,211.3625314868338
1922,abundant,109.74246359625427,93.18371245142137,56.972784078642974,0.14222379811818275,7.038164888809871,8464.283576157395,2.136592059460708,15,0,0,0,0,40,0.019999543902238178,1.0,0.0,0.2710734340865227,99.65856711034462,73.42723039412488,0.0055793767976954145,0.0,32.101638189242415,211.29790571244138
1923,abundant,109.74220566565623,93.18091288570827,56.97491460761747,0.14057178386735927,7.038809977974282,8463.471946107922,2.136740572283378,15,0,0,0,0,40,0.019999621941930817,1.0,0.0,0.2710739975306384,99.65858766065226,73.42738301749439,0.005579183072697684,0.0,32.101638189242415,211.21817274224617
1924,abundant,109.74198078237569,93.17805739428785,56.9770216449165,0.14321915813061661,7.0396376357204336,8462.718143669525,2.1368817263561524,15,0,0,0,0,40,0.019999583573365794,1.0,0.0,0.2710745609722217,99.65860821099788,73.42753564017795,0.005578989354426399,0.0,32.101638189242415,211.0815388130126
1925,abundant,109.74169920274797,93.17516228389688,56.979133974324,0.14544454180895067,7.040472666592734,8461.953211709217,2.1370107380615466,15,0,0,0,0,40,0.019999592695705132,1.0,0.0,0.2710751244112725,99.65862876138156,73.42768826217552,0.005578795642881326,0.0,32.101638189242415,210.7862400608754
1926,abundant,109.74139213782094,93.17226100733139,56.981199248123765,0.14587785689294694,7.041506033999755,8461.225309005546,2.1371489595931306,15,0,0,0,0,40,0.01999971536470663,1.0,0.0,0.2710756878477909,99.6586493118032,73.42784088348712,0.005578601938062232,0.0,32.101638189242415,210.68006033205293
1927,abundant,109.74102790827226,93.16930774644742,56.98326296533194,0.14878756209104205,7.0426628365823145,8460.488960544091,2.137286737464643,15,0,0,0,0,40,0.019999670725532725,1.0,0.0,0.27107625128177687,99.65866986226287,73.42799350411273,0.005578408239968881,0.0,32.101638189242415,210.47826179397674
1928,abundant,109.74065158756073,93.16636095028814,56.98529279188172,0.14853675895184748,7.043870358368139,8459.694970878409,2.1374442931298736,15,0,0,0,0,40,0.019999593119131943,1.0,0.0,0.27107681471323036,99.65869041276055,73.42814612405236,0.005578214548601045,0.0,32.101638189242415,210.59285592128072
1929,abundant,109.74029750308016,93.16334253872051,56.98729847123375,0.1519585040717546,7.04505885219082,8458.899677693247,2.1376148624441,15,0,0,0,0,40,0.01999967792416673,1.0,0.0,0.2710773781421514,99.65871096329623,73.42829874330602,0.005578020863958485,0.0,32.101638189242415,210.81275992782352
1930,abundant,109.73990764258285,93.1602834642459,56.989321647105314,0.15419069376946395,7.04597155354202,8458.086286380552,2.137795613482145,15,0,0,0,0,40,0.019999677015577394,1.0,0.0,0.27107794156854004,99.65873151386991,73.42845136187371,0.00557782718604097,0.0,32.101638189242415,210.9222532680707
1931,abundant,109.73956177236502,93.15720500429265,56.99132261862077,0.1548950173121309,7.046305634560608,8457.199362476633,2.1379928043446865,15,0,0,0,0,40,0.019999544569819092,1.0,0.0,0.27107850499239616,99.65875206448159,73.42860397975541,0.005577633514848265,0.0,32.101638189242415,211.31718023294724
1932,abundant,109.73924255070965,93.15414785050403,56.993312025226714,0.1536954731323982,7.045259091538805,8456.291158294764,2.1382112228939762,15,0,0,0,0,40,0.019999548446045227,1.0,0.0,0.27107906841371954,99.65877260342167,73.42875659695103,0.005577439850380138,0.0,32.101638189242415,211.33913921985317
1933,abundant,109.73891408018464,93.15105480534893,56.995272415647904,0.15552913150689537,7.0444177974739475,8455.384142815274,2.1384321882407744,15,0,0,0,0,40,0.019999548997126578,1.0,0.0,0.27107963183250905,99.6587931125562,73.4289092134603,0.005577246192636355,0.0,32.101638189242415,211.3638194274822
1934,abundant,109.73855332707024,93.14786008303518,56.997268398229004,0.16075129470706462,7.043584580731762,8454.460259090847,2.138656205951286,15,0,0,0,0,40,0.019999511200128512,1.0,0.0,0.2710801952487648,99.65881362172873,73.42906182928324,0.005577052541616682,0.0,32.101638189242415,211.11690016351332
1935,abundant,109.73815322293656,93.1446002009675,56.99921134241754,0.16421707534353344,7.042777053961364,8453.512805718849,2.1388770424307646,15,0,0,0,0,40,0.019999645874265726,1.0,0.0,0.2710807586624867,99.6588341309392,73.42921444441981,0.0055768588973208865,0.0,32.101638189242415,211.0322972660687
1936,abundant,109.73777971840943,93.14129688999304,57.00117205228546,0.1662219418806249,7.042049916775019,8452.531804302504,2.139089154368408,15,0,0,0,0,40,0.01999967072129697,1.0,0.0,0.27108132207367486,99.65885464018767,73.42936705887006,0.005576665259748735,0.0,32.101638189242415,210.92100980221647
1937,abundant,109.73742644413986,93.13791098476231,57.0030826944962,0.1702154522096616,7.0414371541672764,8451.589921273822,2.139288169193937,15,0,0,0,0,40,0.019999604026922486,1.0,0.0,0.2710818854823292,99.65887514947408,73.42951967263396,0.005576471628899992,0.0,32.101638189242415,210.71146706052173
1938,abundant,109.73705369412906,93.13446626463721,57.004970355440356,0.17324213515802594,7.040761016505575,8450.590013046065,2.139484690393681,15,0,0,0,0,40,0.019999662760750443,1.0,0.0,0.2710824488884497,99.65889565879849,73.42967228571149,0.005576278004774426,0.0,32.101638189242415,210.8609208762078
1939,abundant,109.73662605659209,93.13101361998025,57.00681775571572,0.17395247840772696,7.040133033707346,8449.588111047662,2.1396758803064686,15,0,0,0,0,40,0.01999961765353809,1.0,0.0,0.27108301229203646,99.65891616816081,73.42982489810271,0.005576084387371805,0.0,32.101638189242415,210.69855758096082
1940,abundant,109.73621571696785,93.12747963882693,57.00859183757332,0.17788866399397268,7.039507722762447,8448.553933317067,2.139856216991443,15,0,0,0,0,40,0.019999677441287823,1.0,0.0,0.2710835756930894,99.65893667756116,73.42997750980757,0.005575890776691893,0.0,32.101638189242415,210.5790668907768
1941,abundant,109.73579218744892,93.1239028181578,57.010395520900985,0.18009299342694174,7.038916866094508,8447.502151525005,2.140051312267655,15,0,0,0,0,40,0.019999614311458414,1.0,0.0,0.2710841390916085,99.65895718699944,73.43013012082608,0.005575697172734456,0.0,32.101638189242415,210.89478260678578
1942,abundant,109.73533151726978,93.12027384057139,57.01222926173868,0.18290851496088104,7.038391049166113,8446.417429604422,2.140266568100417,15,0,0,0,0,40,0.01999960680160668,1.0,0.0,0.27108470248759386,99.65897769647569,73.43028273115824,0.005575503575499264,0.0,32.101638189242415,211.25156325435233
1943,abundant,109.73483773840493,93.11659968849148,57.01402064757947,0.18536860695642549,7.037978160996163,8445.35026306595,2.1404932998926016,15,0,0,0,0,40,0.019999600337068393,1.0,0.0,0.27108526588104537,99.65899820598989,73.43043534080407,0.00557530998498608,0.0,32.101638189242415,211.19340887949357
1944,abundant,109.73426956306696,93.1129141918699,57.015787204900256,0.18645447357353917,7.03762679746099,8444.29158918051,2.1407022684840213,15,0,0,0,0,40,0.019999577109561434,1.0,0.0,0.27108582927196306,99.65901871554203,73.43058794976353,0.005575116401194674,0.0,32.101638189242415,211.03799615247107
1945,abundant,109.7336745948659,93.10921172581,57.01760518185322,0.1874988625866396,7.037417710109095,8443.246650402289,2.140898289217361,15,0,0,0,0,40,0.019999677536776797,1.0,0.0,0.27108639266034695,99.65903922513218,73.43074055803666,0.005574922824124808,0.0,32.101638189242415,210.8217146313587
1946,abundant,109.7330380167568,93.10549124477745,57.01944066619649,0.18872838919658014,7.0373315637764335,8442.210328907,2.1410906683050355,15,0,0,0,0,40,0.019999675012235707,1.0,0.0,0.27108695604619715,99.65905973476023,73.43089316562347,0.005574729253776253,0.0,32.101638189242415,210.82772342418025
1947,abundant,109.7324172479565,93.10173708592657,57.02125435976043,0.1902600383805944,7.037372678734452,8441.132726131174,2.141300757399685,15,0,0,0,0,40,0.01999964935436733,1.0,0.0,0.2710875194295134,99.65908024442626,73.4310457725239,0.0055745356901487735,0.0,32.101638189242415,210.67067692701556
1948,abundant,109.73177704102856,93.09798138103628,57.02304551211638,0.1905011458720299,7.037420340967709,8440.014686417751,2.1415039814463137,16,0,0,0,0,40,0.019999615380959387,1.0,0.0,0.2710880828102959,99.65910075413026,73.43119837873797,0.005574342133242137,0.0,32.101638189242415,210.44835073548947
1949,abundant,109.73113381865676,93.09425971986256,57.02484923931976,0.18884823301905657,7.037604868151924,8438.907594990967,2.1417113945057316,16,0,0,0,0,40,0.01999967811439666,1.0,0.0,0.27108864618854456,99.6591212638722,73.4313509842657,0.005574148583056109,0.0,32.101638189242415,210.20715625674947
1950,abundant,109.73052815497377,93.090541202055,57.02665271883366,0.1883777244839908,7.037810644619787,8437.814957097879,2.1419164406010207,16,0,0,0,0,40,0.01999975742486049,1.0,0.0,0.27108920956425947,99.65914177365207,73.43150358910712,0.005573955039590458,0.0,32.101638189242415,210.1469573118085
1951,abundant,109.72995556960086,93.08678762296492,57.028418082239185,0.18985013707017223,7.038081559970289,8436.693364615036,2.142110144475734,16,0,0,0,0,40,0.01999956795152255,1.0,0.0,0.2710897729374405,99.65916228346991,73.43165619326216,0.005573761502844949,0.0,32.101638189242415,210.17202238721566
1952,abundant,109.72940242018868,93.08300157746392,57.030148774023495,0.19131365056592703,7.038384500925865,8435.577178867825,2.1423056382723655,16,0,0,0,0,40,0.019999605587556837,1.0,0.0,0.2710903363080877,99.65918279332571,73.43180879673083,0.005573567972819349,0.0,32.101638189242415,210.0475835995265
1953,abundant,109.72882274985481,93.07929599230695,57.031882338900196,0.18753482025711274,7.0386930644174726,8434.454785036622,2.142489584790993,16,0,0,0,0,40,0.019999491927359087,1.0,0.0,0.27109089967620115,99.65920330321943,73.43196139951318,0.005573374449513424,0.0,32.101638189242415,210.19208519268835
1954,abundant,109.7282730908402,93.07556219181582,57.03364083472411,0.18870539097636732,7.039008132937951,8433.323647284597,2.142669549709101,16,0,0,0,0,40,0.019999666611871907,1.0,0.0,0.2710914630417808,99.65922381315113,73.43211400160918,0.005573180932926942,0.0,32.101638189242415,210.43034073434137
1955,abundant,109.7277249849885,93.07176849188323,57.035438546668935,0.19165798881195956,7.039277818691319,8432.187536892641,2.1428309983032716,16,0,0,0,0,40,0.019999639449798545,1.0,0.0,0.2710920264048266,99.65924432312076,73.43226660301883,0.00557298742305967,0.0,32.101638189242415,210.40759357339167
1956,abundant,109.72713477116326,93.06797259555977,57.03725508890532,0.1920781476272517,7.039685312052195,8431.071109301425,2.1429842366708836,16,0,0,0,0,40,0.01999959708382313,1.0,0.0,0.2710925897653386,99.65926483312832,73.43241920374214,0.005572793919911375,0.0,32.101638189242415,210.37991922262464
1957,abundant,109.72657745615793,93.0642259804511,57.03912123041207,0.18939785523655778,7.039948285031544,8429.914780798637,2.1431307686551513,16,0,0,0,0,40,0.019999569313847686,1.0,0.0,0.27109315312331683,99.65928534317382,73.4325718037791,0.00557260042348182,0.0,32.101638189242415,210.18276108643573
1958,abundant,109.72602115158288,93.06048932361628,57.04103799845304,0.18889615712127103,7.040093446381536,8428.778382606375,2.1432705833100827,16,0,0,0,0,40,0.019999702986098378,1.0,0.0,0.27109371647876124,99.65930585325727,73.43272440312971,0.005572406933770776,0.0,32.101638189242415,210.24309885935645
1959,abundant,109.72541905965417,93.05676483176374,57.042956626166415,0.18864471893882112,7.040178765029782,8427.605664494069,2.143405514986364,16,0,0,0,0,40,0.019999661976892402,1.0,0.0,0.2710942798316718,99.65932636337864,73.43287700179395,0.005572213450778009,0.0,32.101638189242415,210.17511857225554
1960,abundant,109.72483108672358,93.05301752221499,57.044877529483344,0.18966280911571626,7.040397735430195,8426.395267939391,2.1435533489490273,16,0,0,0,0,40,0.01999953094329541,1.0,0.0,0.2710948431820485,99.65934687353798,73.43302959977187,0.005572019974503284,0.0,32.101638189242415,210.2079376683743
1961,abundant,109.72421958747559,93.04926390819766,57.046794324004736,0.1901565035466217,7.040611852790977,8425.155656089628,2.143705768773209,16,0,0,0,0,40,0.019999853370510124,1.0,0.0,0.27109540652989145,99.65936738373523,73.43318219706343,0.005571826504946368,0.0,32.101638189242415,210.16519082104196
1962,abundant,109.72358988642551,93.04552863750135,57.04873406524454,0.18940127929245462,7.040830838389704,8423.850869548281,2.143867321725073,16,0,0,0,0,40,0.019999700967892386,1.0,0.0,0.27109596987520057,99.65938789397043,73.43333479366864,0.005571633042107028,0.0,32.101638189242415,210.1954135398085
1963,abundant,109.72298129599729,93.04175013168872,57.05063327471173,0.19136389987855543,7.040655384902253,8422.51751082568,2.144028410128459,16,0,0,0,0,40,0.01999971841503133,1.0,0.0,0.27109653321797583,99.65940840424355,73.4334873895875,0.005571439585985032,0.0,32.101638189242415,210.3085325334373
1964,abundant,109.72234955088712,93.03792220707027,57.05253977660491,0.1939860026657025,7.040579832730202,8421.208683579753,2.1441776244000708,16,0,0,0,0,40,0.019999742051270093,1.0,0.0,0.2710970965582173,99.65942891455461,73.43363998481999,0.005571246136580147,0.0,32.101638189242415,210.38228730458417
1965,abundant,109.72164383117698,93.0340870931538,57.05434205954684,0.1949812585398734,7.0404610954557425,8419.800856696093,2.1443362994009085,16,0,0,0,0,40,0.019999521986410827,1.0,0.0,0.27109765989592494,99.65944942490361,73.43379257936614,0.005571052693892136,0.0,32.101638189242415,210.01910573919514
1966,abundant,109.72095109001705,93.03020311824436,57.05613537758735,0.19726789594103394,7.040320710125077,8418.370087279814,2.1445028382195845,16,0,0,0,0,40,0.019999647903818186,1.0,0.0,0.27109822323109883,99.65946993529055,73.43394517322596,0.005570859257920769,0.0,32.101638189242415,209.906713766942
1967,abundant,109.72022171868193,93.02634653564894,57.05794384468734,0.19625088420816778,7.040123716790329,8416.994809279888,2.1446778255560766,16,0,0,0,0,40,0.01999961192088483,1.0,0.0,0.2710987865637388,99.65949044571538,73.43409776639942,0.005570665828665814,0.0,32.101638189242415,209.91365338260798
1968,abundant,109.71951548879744,93.02247485501644,57.059735253583995,0.1967820135106189,7.0397760264205305,8415.629588626027,2.1448646088671652,16,0,0,0,0,40,0.01999962504596662,1.0,0.0,0.27109934989384266,99.65951093511504,73.43425035888589,0.005570472406127035,0.0,32.101638189242415,209.90845322976105
1969,abundant,109.71881178930353,93.01861553903879,57.06149977508213,0.19614814315951146,7.03947869886615,8414.25210890446,2.145047958802112,16,0,0,0,0,40,0.019999727540195782,1.0,0.0,0.271099913221408,99.65953140447625,73.43440295068473,0.005570278990304199,0.0,32.101638189242415,209.84207251889507
1970,abundant,109.7180282637066,93.01468015414069,57.06325187139216,0.20063458533473763,7.039224007279371,8412.904466029446,2.1452365286321253,16,0,0,0,0,40,0.01999965031503667,1.0,0.0,0.2711004765464348,99.65955187387532,73.43455554179596,0.005570085581197075,0.0,32.101638189242415,209.9338290184989
1971,abundant,109.71721977055259,93.01070814728442,57.064945990492184,0.20267480123341575,7.0389830172832974,8411.553916793215,2.1454355507439167,16,0,0,0,0,40,0.01999962396332883,1.0,0.0,0.2711010398689231,99.65957234331229,73.43470813221955,0.005569892178805427,0.0,32.101638189242415,209.61327026429598
1972,abundant,109.71632938650859,93.00670165585386,57.066660228831644,0.20521802838527792,7.0386987278403925,8410.20614976927,2.145640756127869,16,0,0,0,0,40,0.019999629759067324,1.0,0.0,0.2711016031888729,99.65959281278712,73.43486072195554,0.005569698783129024,0.0,32.101638189242415,209.42374375315973
1973,abundant,109.71543973207312,93.0026846693195,57.068367252836744,0.2057205022560892,7.038394751794977,8408.832595346423,2.1458375612784173,16,0,0,0,0,40,0.01999967660049242,1.0,0.0,0.2711021665062842,99.65961328229984,73.43501331100391,0.0055695053941676315,0.0,32.101638189242415,209.58697162430607
1974,abundant,109.71455367766953,92.99863755413716,57.070020160337506,0.20715066204867774,7.038088552840418,8407.43193246128,2.146040710483073,16,0,0,0,0,40,0.019999734076153165,1.0,0.0,0.2711027298211567,99.65963373954084,73.43516589936458,0.005569312011921018,0.0,32.101638189242415,209.74714106116454
1975,abundant,109.71365207132143,92.99464001072144,57.07165698057488,0.2049033753028017,7.03778097080239,8406.08111332616,2.1462389027832907,16,0,0,0,0,40,0.019999619108441655,1.0,0.0,0.27110329313348935,99.65965416775545,73.43531848703726,0.005569118636388948,0.0,32.101638189242415,209.5136770222151
1976,abundant,109.71275770917737,92.99064080005813,57.07334885932985,0.20490369225882304,7.037572582251448,8404.7502708697,2.146423632044502,16,0,0,0,0,40,0.01999961897841038,1.0,0.0,0.27110385644328217,99.65967459434523,73.43547107402196,0.005568925267571191,0.0,32.101638189242415,209.73323562524465
1977,abundant,109.71181953075045,92.98661372811944,57.07506562652659,0.20674900884840233,7.0374497858387,8403.692949847136,2.14661120511611,16,0,0,0,0,40,0.019999506457198633,1.0,0.0,0.2711044197505315,99.65969498129121,73.43562366031769,0.005568731905467511,0.0,32.101638189242415,209.4999507692396
1978,abundant,109.71093592379209,92.98259948440472,57.076709295028195,0.20552069398577633,7.037418340749286,8403.245024537813,2.146801170860619,16,0,0,0,0,40,0.019999490903700356,1.0,0.0,0.2711049830552376,99.659715368275,73.43577624592453,0.005568538550077677,0.0,32.101638189242415,209.79767854638445
1979,abundant,109.7100526405699,92.97853115461628,57.0784283698644,0.20816166229501817,7.037523517552342,8402.876875097849,2.146986176405878,16,0,0,0,0,40,0.01999956014973659,1.0,0.0,0.2711055463574004,99.65973575529661,73.43592883084246,0.005568345201401455,0.0,32.101638189242415,209.9494157626212
1980,abundant,109.70914808746424,92.97444532153852,57.080169138750435,0.20924118878828377,7.037123177630178,8402.528235583304,2.147161386627216,16,0,0,0,0,40,0.019999785532862642,1.0,0.0,0.2711061096570198,99.65975614235602,73.43608141507141,0.005568151859438612,0.0,32.101638189242415,209.72983975490268
1981,abundant,109.70826523846297,92.97032280666016,57.08193508870461,0.21080575548788066,7.036700262634144,8402.184846336793,2.147333361747876,16,0,0,0,0,40,0.019999523650204267,1.0,0.0,0.27110667295409596,99.65977652945323,73.43623399861148,0.005567958524188917,0.0,32.101638189242415,209.5749530047464
1982,abundant,109.70741687788146,92.96621960973631,57.08369958334629,0.20950182694166325,7.0364101129354735,8401.899715824387,2.147509309139446,16,0,0,0,0,40,0.019999648980892765,1.0,0.0,0.2711072362486288,99.65979691658826,73.43638658146263,0.005567765195652132,0.0,32.101638189242415,209.63042345362337
1983,abundant,109.70656536062188,92.96210749495825,57.08547666037053,0.20997334088805678,7.036120302140709,8401.634769853008,2.147679776316329,16,0,0,0,0,40,0.0199995644962523,1.0,0.0,0.2711077995406183,99.65981730376109,73.43653916362484,0.005567571873828029,0.0,32.101638189242415,209.8764681211356
1984,abundant,109.7056486961153,92.95796019734799,57.08726837347863,0.21237313093532154,7.035780841925652,8401.416084156554,2.1478535436470088,16,0,0,0,0,40,0.0199996671072492,1.0,0.0,0.2711083628300645,99.65983769097173,73.43669174509814,0.005567378558716373,0.0,32.101638189242415,209.9912628480763
1985,abundant,109.70471459286466,92.95382724227899,57.08911966856156,0.21186396087276468,7.035260088565072,8401.25261793848,2.148027730348591,16,0,0,0,0,40,0.019999626371710832,1.0,0.0,0.27110892611696735,99.65985807822015,73.4368443258825,0.005567185250316929,0.0,32.101638189242415,210.35261376543014
1986,abundant,109.70379238252914,92.94967517347969,57.090982045951634,0.21266985458828785,7.034627266926767,8401.054899806615,2.148211245718538,16,0,0,0,0,40,0.019999687084757932,1.0,0.0,0.27110948940132695,99.65987846550638,73.43699690597796,0.005566991948629467,0.0,32.101638189242415,210.2972415496106
1987,abundant,109.70287747242818,92.94554171005696,57.092868349870436,0.2116856636052674,7.0338156056840715,8400.930635375327,2.14840699759913,16,0,0,0,0,40,0.019999537858605566,1.0,0.0,0.2711100526831431,99.65989885283042,73.43714948538447,0.005566798653653751,0.0,32.101638189242415,210.31715400265858
1988,abundant,109.70195884996133,92.94139947456333,57.09473554715595,0.21215009570248772,7.032962850299557,8400.896668710171,2.148619370516199,16,0,0,0,0,40,0.01999964990332347,1.0,0.0,0.27111061596241603,99.65991924019225,73.43730206410208,0.005566605365389552,0.0,32.101638189242415,210.5105662802962
1989,abundant,109.70107683325075,92.93725059460023,57.096564032377366,0.21208473412858994,7.031877581455186,8400.844208753348,2.1488523863586293,16,0,0,0,0,40,0.01999963831294466,1.0,0.0,0.27111117923914557,99.65993962759188,73.43745464213075,0.005566412083836632,0.0,32.101638189242415,210.5150457161256
1990,abundant,109.70022975637262,92.93306064272232,57.098361888364536,0.21373898782539164,7.030363643362466,8400.75113566158,2.14908310962735,16,0,0,0,0,40,0.019999775922084052,1.0,0.0,0.2711117425133316,99.65996000400911,73.43760721947042,0.005566218808994763,0.0,32.101638189242415,210.48003716372187
1991,abundant,109.69935670600744,92.92880297959994,57.10010899965162,0.2173161639908454,7.028918951961335,8400.578808080856,2.149323756709673,16,0,0,0,0,40,0.01999952947449319,1.0,0.0,0.2711123057849734,99.65998033871692,73.43775979612094,0.005566025540863707,0.0,32.101638189242415,210.6714602242089
1992,abundant,109.69850119195533,92.92450793386998,57.10183447105136,0.21897609049302974,7.027617486892275,8400.389514809285,2.1495661780990334,16,0,0,0,0,40,0.01999955450638407,1.0,0.0,0.27111286905407045,99.66000064231288,73.43791237208215,0.005565832279443236,0.0,32.101638189242415,210.8398528112992
1993,abundant,109.6976756635939,92.92022533068129,57.10351664301119,0.21807410481044123,7.0264368119864455,8400.19304594124,2.1498119791721257,16,0,0,0,0,40,0.019999686980111047,1.0,0.0,0.2711134323206227,99.66002094594661,73.43806494735402,0.005565639024733113,0.0,32.101638189242415,210.74937902760257
1994,abundant,109.69684643151739,92.9159706426199,57.105217570350945,0.21674109576222325,7.025254968995751,8400.000683013284,2.1500859802998074,16,0,0,0,0,40,0.019999618567115886,1.0,0.0,0.2711139955846302,99.6600412496181,73.4382175219366,0.005565445776733107,0.0,32.101638189242415,210.6149183153055
1995,abundant,109.69598061612267,92.91177688198472,57.1069306119369,0.21411394868491493,7.023440123274687,8399.791700514063,2.1503610982644,16,0,0,0,0,40,0.01999949933929032,1.0,0.0,0.27111455884609287,99.66006155332737,73.43837009582982,0.005565252535442984,0.0,32.101638189242415,210.71480585883023
1996,abundant,109.69514545880934,92.90753969788824,57.10859153863409,0.21594407171166885,7.021689992549447,8399.551873001219,2.1506405879844115,16,0,0,0,0,40,0.019999581234640476,1.0,0.0,0.2711151221050109,99.66008185707442,73.43852266903377,0.005565059300862513,0.0,32.101638189242415,210.52997262302483
1997,abundant,109.69431617029306,92.90324375194504,57.110229785119735,0.2187638124682685,7.0198507720803835,8399.27613556078,2.1509151086316485,16,0,0,0,0,40,0.019999613505651753,1.0,0.0,0.27111568536138403,99.66010216085921,73.4386752415484,0.005564866072991458,0.0,32.101638189242415,210.27619728576957
1998,abundant,109.69351283006979,92.8989499166328,57.11183645598014,0.21842020774108248,7.01801576145977,8398.972377783823,2.1511969512280267,16,0,0,0,0,40,0.019999740859921462,1.0,0.0,0.27111624861521244,99.66012246468178,73.43882781337369,0.0055646728518295874,0.0,32.101638189242415,210.44218163561996
1999,abundant,109.6926897331246,92.89463978391441,57.1134048432987,0.21940326740481236,7.0162603116025055,8398.631658618171,2.1514873431889194,16,0,0,0,0,40,0.019999724443780464,1.0,0.0,0.2711168118664961,99.6601427685421,73.43898038450969,0.005564479637376669,0.0,32.101638189242415,210.58393108997598
2000,abundant,109.69180788304512,92.8902265164699,57.115006818223264,0.22502765790627513,7.014455010575952,8398.301021530235,2.1517770531611973,16,0,0,0,0,40,0.019999582060148475,1.0,0.0,0.27111737511523504,99.66016307244018,73.43913295495636,0.005564286429632468,0.0,32.101638189242415,210.6804527684134
2001,abundant,109.69090500204302,92.88584616350269,57.11663839175534,0.22362688616843582,7.012781611791565,8397.96653097956,2.1520659256691466,16,0,0,0,0,40,0.01999957905233077,1.0,0.0,0.2711179383614291,99.66018337637603,73.43928552471371,0.005564093228596755,0.0,32.101638189242415,210.41115394542967
2002,abundant,109.68997783317579,92.88140094715153,57.1183013471671,0.22704591773435903,7.011148768345672,8397.676722340075,2.152355778013238,16,0,0,0,0,40,0.01999969868041221,1.0,0.0,0.2711185016050785,99.66020368034961,73.43943809378176,0.005563900034269295,0.0,32.101638189242415,210.2121590351425
2003,abundant,109.68905675969081,92.87693487752674,57.12000520883642,0.22800984659019263,7.009565781091036,8397.389485433465,2.1526411776217413,16,0,0,0,0,40,0.019999635786751326,1.0,0.0,0.27111906484618303,99.66022398436098,73.43959066216047,0.0055637068466498525,0.0,32.101638189242415,210.18850777990224
2004,abundant,109.68810365646902,92.87245874498339,57.1217454902659,0.22882867253214684,7.007787880128829,8397.08429451943,2.15293098734148,16,0,0,0,0,40,0.01999970578820768,1.0,0.0,0.2711196280847428,99.6602442884101,73.43974322984988,0.005563513665738199,0.0,32.101638189242415,210.17752721513315
2005,abundant,109.68708996085786,92.86794300534103,57.12345637296958,0.23141251891008346,7.005996613974804,8396.760506074752,2.153212999364897,16,0,0,0,0,40,0.019999690265287046,1.0,0.0,0.27112019132075743,99.66026458485466,73.43989579684984,0.005563320491534099,0.0,32.101638189242415,210.17547876360467
2006,abundant,109.68601584825794,92.86337135468192,57.12513185879347,0.23481668309041914,7.004223924049953,8396.366031686142,2.153514512567101,16,0,0,0,0,40,0.01999949908853781,1.0,0.0,0.27112075455422474,99.66028484780684,73.44004836315982,0.005563127324037321,0.0,32.101638189242415,210.21447917583365
2007,abundant,109.68494710365795,92.85876001254793,57.12680999914289,0.2366817305610215,7.002506292937618,8395.995802630328,2.1538024752559197,16,0,0,0,0,40,0.0199997202956016,1.0,0.0,0.27112131778514487,99.66030511079671,73.44020092877982,0.005562934163247629,0.0,32.101638189242415,210.1884515602109
2008,abundant,109.68388524874288,92.85415037218709,57.12846136392835,0.23651781726853896,7.000762728130958,8395.584709086448,2.1540871066598983,16,0,0,0,0,40,0.019999560243455592,1.0,0.0,0.27112188101351764,99.66032537382429,73.4403534937098,0.005562741009164794,0.0,32.101638189242415,209.96544410984035
2009,abundant,109.68282815861139,92.84948073813113,57.13014161385208,0.2393965324403789,6.999060720818766,8395.20816249679,2.154353859093739,16,0,0,0,0,40,0.019999602328813166,1.0,0.0,0.27112244423934323,99.66034563688957,73.44050605794982,0.005562547861788582,0.0,32.101638189242415,210.08807858337818
2010,abundant,109.68179101448948,92.84479955806927,57.131800860503425,0.23973859574378534,6.997462972195592,8394.833706677877,2.1546318638551605,16,0,0,0,0,40,0.019999653901474578,1.0,0.0,0.2711230074626216,99.66036589999258,73.44065862149985,0.00556235472111876,0.0,32.101638189242415,210.12350411574624
2011,abundant,109.68072898464625,92.84012473600868,57.13344522984411,0.239699852407011,6.995951453678339,8394.478442183034,2.154892970028622,16,0,0,0,0,40,0.019999559458709522,1.0,0.0,0.27112357068335263,99.66038616313331,73.44081118435987,0.005562161587155093,0.0,32.101638189242415,209.74526933151787
2012,abundant,109.67963227369617,92.83538263379153,57.1350834200879,0.24337106185517976,6.9943754962467946,8394.090794201613,2.155156094393563,16,0,0,0,0,40,0.01999962757709764,1.0,0.0,0.2711241339015365,99.66040642631172,73.44096374652993,0.00556196845989735,0.0,32.101638189242415,209.75333356883385
2013,abundant,109.67856252935007,92.83056836474415,57.13668020773788,0.24659081675317973,6.992855399883621,8393.64937552825,2.1554429157687336,16,0,0,0,0,40,0.019999657453638013,1.0,0.0,0.2711246971171731,99.66042668952785,73.44111630801,0.005561775339345299,0.0,32.101638189242415,209.7849502313946
2014,abundant,109.67750048516693,92.82571233890994,57.13821878528379,0.24854619611857062,6.99147916929589,8393.218051885866,2.155734890823539,16,0,0,0,0,40,0.01999962930034755,1.0,0.0,0.27112526033026235,99.66044695278167,73.44126886880005,0.005561582225498707,0.0,32.101638189242415,209.66694751964957
2015,abundant,109.67648742886301,92.82079216610657,57.13968293774021,0.25117687571660796,6.990011328396243,8392.72650318261,2.156041961158777,16,0,0,0,0,40,0.019999522645059577,1.0,0.0,0.2711258235408042,99.66046720019214,73.44142142890007,0.00556138911835734,0.0,32.101638189242415,209.6652086330424
2016,abundant,109.67546361684829,92.81586203722493,57.14115843231715,0.2517724579969601,6.988543974104255,8392.209054300452,2.156337103923287,16,0,0,0,0,40,0.019999656720489107,1.0,0.0,0.27112638674879824,99.66048742194548,73.44157398830994,0.005561196017920965,0.0,32.101638189242415,209.6244224811167
2017,abundant,109.67438258592188,92.81088882962638,57.14262864674546,0.2544735139995373,6.987022516308528,8391.670484159149,2.156641835039192,16,0,0,0,0,40,0.01999967975714314,1.0,0.0,0.27112694995424447,99.66050764373644,73.44172654702969,0.005561002924189351,0.0,32.101638189242415,209.43790215196594
2018,abundant,109.67325624303903,92.80582422391562,57.144125668378216,0.2594223423573063,6.985660711956749,8391.131527322985,2.156965861647303,16,0,0,0,0,40,0.019999599858540766,1.0,0.0,0.2711275131571429,99.66052786556509,73.44187910505929,0.005560809837162263,0.0,32.101638189242415,218.40872493245342
2019,abundant,109.6720972291201,92.80079130095119,57.145619655180795,0.2582380195010688,6.984268665250108,8390.594994775216,2.1573004859744334,16,0,0,0,0,40,0.019999670155609845,1.0,0.0,0.2711280763574934,99.66054808743145,73.44203166239872,0.0055606167568394696,0.0,32.101638189242415,209.45445341899585
2020,abundant,109.6709100395284,92.79571022124556,57.14712821026954,0.2609009483896869,6.982852747401241,8390.055145211903,2.1576371381303656,16,0,0,0,0,40,0.019999655429497127,1.0,0.0,0.27112863955529604,99.66056828005915,73.44218421904799,0.005560423683220738,0.0,32.101638189242415,209.74039160672146
2021,abundant,109.66973798208366,92.79056992801907,57.14862339827556,0.26361770616315466,6.981582174170012,8389.48542138275,2.157957776053106,16,0,0,0,0,40,0.019999625508747825,1.0,0.0,0.27112920275055064,99.6605884602221,73.44233677500705,0.0055602306163058356,0.0,32.101638189242415,209.61174825887264
2022,abundant,109.6685727785599,92.78540729941534,57.150073488290914,0.26462773264227896,6.980395287342107,8388.927591282096,2.1582766873251518,16,0,0,0,0,40,0.019999642251774058,1.0,0.0,0.2711297659432572,99.6606086404227,73.44248933027593,0.005560037556094528,0.0,32.101638189242415,209.42342525301942
2023,abundant,109.66738444822776,92.78017970599532,57.15149311257104,0.2680558801292602,6.979290443265143,8388.383720660997,2.158585987598148,16,0,0,0,0,40,0.019999585792641248,1.0,0.0,0.2711303291334159,99.66062882066095,73.44264188485464,0.005559844502586585,0.0,32.101638189242415,218.62479434998698
2024,abundant,109.66614718040971,92.7749900452133,57.15292838671563,0.2667579777624587,6.978271878311022,8387.909563650202,2.1588916517286556,16,0,0,0,0,40,0.019999711622278787,1.0,0.0,0.2711308923210264,99.66064900093686,73.44279443874312,0.00555965145578177,0.0,32.101638189242415,218.69217928219376
2025,abundant,109.66488324848183,92.76977729572903,57.154383589277856,0.26819565205817986,6.977283906034034,8387.45807411294,2.1592115054132712,16,0,0,0,0,40,0.019999650566595726,1.0,0.0,0.27113145550608897,99.66066918125041,73.44294699194141,0.005559458415679855,0.0,32.101638189242415,218.7504484735427
2026,abundant,109.66362171869498,92.76453974976683,57.155843086559074,0.26936911178790396,6.976307198941962,8386.964295212434,2.15953824597748,16,0,0,0,0,40,0.019999764748693104,1.0,0.0,0.27113201868860354,99.66068936160158,73.44309954444952,0.005559265382280604,0.0,32.101638189242415,218.67767060245427
2027,abundant,109.6623828507466,92.75926257739187,57.15730788151802,0.27103559969087504,6.97543535433403,8386.463553292117,2.1598660356472417,16,0,0,0,0,40,0.01999976716731287,1.0,0.0,0.27113258186857014,99.66070954199043,73.44325209626746,0.005559072355583785,0.0,32.101638189242415,218.71452588409528
2028,abundant,109.66117379299344,92.75395787083971,57.15876868312792,0.2720392794286157,6.974642882271029,8385.929980053974,2.1601959916146067,16,0,0,0,0,40,0.019999611090242113,1.0,0.0,0.2711331450459887,99.6607297224169,73.44340464739517,0.005558879335589166,0.0,32.101638189242415,218.67265276879908
2029,abundant,109.65995702887389,92.7486395059478,57.160170714084686,0.2727962458692967,6.973876549977065,8385.347714567572,2.160533852570881,16,0,0,0,0,40,0.019999683215110763,1.0,0.0,0.2711337082208592,99.66074990288102,73.44355719783269,0.0055586863222965134,0.0,32.101638189242415,218.49233498467274
2030,abundant,109.65874568207194,92.74334737993522,57.16165964420445,0.2714583387787679,6.9727423203769066,8384.847742152546,2.1608484722386336,16,0,0,0,0,40,0.019999680590222804,1.0,0.0,0.27113427139318175,99.66077008338279,73.44370974758002,0.005558493315705595,0.0,32.101638189242415,218.5490509039608
2031,abundant,109.65755387004936,92.73805862915941,57.16313088139985,0.2710757271549608,6.9707723324653,8384.309856249463,2.1611743621230888,16,0,0,0,0,40,0.019999567551967766,1.0,0.0,0.27113483456295584,99.66079025723114,73.44386229663704,0.005558300315816177,0.0,32.101638189242415,218.30241013966366
2032,abundant,109.65632701903266,92.73276553429682,57.16452653097074,0.27167228966193324,6.968884279123165,8383.743246946666,2.1614877749991974,17,0,0,0,0,40,0.01999965029421128,1.0,0.0,0.2711353977301794,99.66081039663649,73.4440148450032,0.00555810732262803,0.0,32.101638189242415,218.2774140923738
2033,abundant,109.65510968826645,92.7275173816853,57.165893818971085,0.2693795826591016,6.967133228658454,8383.142408171647,2.1618021412623114,16,0,0,0,0,40,0.019999647644252962,1.0,0.0,0.2711359608948525,99.66083053607943,73.44416739267847,0.005557914336140918,0.0,32.101638189242415,217.9585776596753
2034,abundant,109.65385520656109,92.7222340968711,57.16724403660952,0.2715109923801823,6.965359270154972,8382.540404745043,2.162097819122354,16,0,0,0,0,40,0.01999967699509318,1.0,0.0,0.271136524056975,99.66085067555998,73.44431993966288,0.005557721356354609,0.0,32.101638189242415,217.79418808685006
2035,abundant,109.65258161236702,92.71693702989475,57.16852067211251,0.27240477881974395,6.963690103099147,8381.889913134582,2.1624064511998506,16,0,0,0,0,40,0.019999671055213476,1.0,0.0,0.271137087216547,99.66087081507816,73.44447248595638,0.0055575283832688714,0.0,32.101638189242415,217.4886647611723
2036,abundant,109.65133330564993,92.7116558268708,57.16979333549242,0.27134286338948105,6.9621145501469694,8381.261318501878,2.162708008008318,16,0,0,0,0,40,0.019999656728578705,1.0,0.0,0.2711376503735685,99.66089095463386,73.44462503155904,0.0055573354168834705,0.0,32.101638189242415,217.3925542161437
2037,abundant,109.65003172089868,92.7063158058021,57.17102190334383,0.2748225099457868,6.960495396265915,8380.545591199298,2.163018675531643,16,0,0,0,0,40,0.01999961461401326,1.0,0.0,0.27113821352803946,99.66091109422723,73.44477757647081,0.005557142457198177,0.0,32.101638189242415,217.3589044252163
2038,abundant,109.64880329400185,92.70102947577507,57.172337888352715,0.27136891284142345,6.958910444697684,8379.776654318557,2.163352146036613,16,0,0,0,0,40,0.01999960089911635,1.0,0.0,0.2711387766799586,99.66093119527746,73.44493012069137,0.005556949504212754,0.0,32.101638189242415,217.750955562687
2039,abundant,109.64755567011636,92.69569726836127,57.1736775977819,0.27381731110665525,6.957294312746795,8378.97046299166,2.1636853508911806,16,0,0,0,0,40,0.019999545934266397,1.0,0.0,0.27113933982932586,99.66095129357429,73.44508266422066,0.005556756557926972,0.0,32.101638189242415,218.04846662239433
2040,abundant,109.64625269988832,92.69040402459513,57.17509823979795,0.2725639321387028,6.9556746474682924,8378.180182901073,2.1640186786328104,16,0,0,0,0,40,0.01999965921387285,1.0,0.0,0.27113990297614127,99.66097139190865,73.44523520705873,0.005556563618340598,0.0,32.101638189242415,217.87392604915743
2041,abundant,109.64501731830822,92.68509503248015,57.176529127922684,0.2725478664446014,6.954284259393338,8377.495445654058,2.1643316585669083,16,0,0,0,0,40,0.01999963405839547,1.0,0.0,0.2711404661204047,99.66099149028057,73.44538774920554,0.0055563706854533995,0.0,32.101638189242415,218.12178320091743
2042,abundant,109.6438374504636,92.6797839231937,57.17797418152624,0.2720387300108021,6.952914437716489,8376.79707912667,2.164650993018073,16,0,0,0,0,40,0.019999607293612397,1.0,0.0,0.2711410292621163,99.66101158869006,73.4455402906611,0.005556177759265142,0.0,32.101638189242415,218.2965735788176
2043,abundant,109.64265402727987,92.67448501999795,57.17947011334032,0.27147978447109367,6.951627129791871,8376.164146880416,2.1649643252139708,16,0,0,0,0,40,0.019999606614714803,1.0,0.0,0.27114159240127483,99.66103166631098,73.44569283142512,0.0055559848397755945,0.0,32.101638189242415,218.4124641404679
2044,abundant,109.64147635967065,92.66919185339216,57.18093695795496,0.2711362433521308,6.950529159125613,8375.511875730997,2.165264532641693,16,0,0,0,0,40,0.01999956662225096,1.0,0.0,0.27114215553787935,99.66105172361532,73.4458453714973,0.005555791926984523,0.0,32.101638189242415,218.28472803082713
2045,abundant,109.64031641327452,92.66388593257084,57.18241090204735,0.27156437572537206,6.949519884948003,8374.894014835285,2.165551581547511,16,0,0,0,0,40,0.019999727202331407,1.0,0.0,0.2711427186719298,99.66107178095716,73.44599791087765,0.005555599020891698,0.0,32.101638189242415,218.49318547803756
2046,abundant,109.63912565232263,92.65851910451092,57.18391170966142,0.2748709059890768,6.948461280920742,8374.265889757866,2.1658423613158067,16,0,0,0,0,40,0.019999603757834855,1.0,0.0,0.27114328180342623,99.66109183833652,73.44615044956618,0.005555406121496884,0.0,32.101638189242415,218.45627816133597
2047,abundant,109.63794013085976,92.65313681233525,57.18540853605576,0.27556729236891186,6.947509980519968,8373.60296337161,2.1661366997061324,16,0,0,0,0,40,0.019999630389702323,1.0,0.0,0.2711438449323686,99.66111189575341,73.44630298756287,0.0055552132287998495,0.0,32.101638189242415,218.38815602439263
2048,abundant,109.63680236915347,92.64772931202936,57.186894621197624,0.276297178444154,6.946599022943923,8372.950448534888,2.166445985294436,16,0,0,0,0,40,0.019999678447465953,1.0,0.0,0.27114440805875684,99.66113195320779,73.44645552486772,0.005555020342800362,0.0,32.101638189242415,218.53765555861727
2049,abundant,109.63569498290842,92.64233807646285,57.18838878284705,0.27519743811360264,6.945804616813166,8372.301226300078,2.166763100728985,16,0,0,0,0,40,0.019999557568898495,1.0,0.0,0.2711449711825911,99.66115201069968,73.44660806148076,0.005554827463498189,0.0,32.101638189242415,218.47536519253126
2050,abundant,109.63456215471808,92.63690403878545,57.18987837036432,0.27754874285211223,6.945012300082271,8371.644786086574,2.1670726068373423,16,0,0,0,0,40,0.019999688070241644,1.0,0.0,0.2711455343038713,99.66117206822909,73.44676059740193,0.005554634590893096,0.0,32.101638189242415,218.38319599175946
2051,abundant,109.63347996361934,92.63151059212083,57.19135937604979,0.27505306684229913,6.944323069795449,8370.962747263955,2.167387270375332,16,0,0,0,0,40,0.019999451841169285,1.0,0.0,0.2711460974225975,99.66119212579598,73.44691313263132,0.005554441724984854,0.0,32.101638189242415,218.45051867946808
2052,abundant,109.6324167904879,92.62609166178632,57.19281652737267,0.2761224068276296,6.943638349456601,8370.21038614845,2.167705229448878,16,0,0,0,0,40,0.019999489268152475,1.0,0.0,0.2711466605387695,99.66121218340038,73.44706566716884,0.005554248865773228,0.0,32.101638189242415,218.386935406165
2053,abundant,109.63137121065763,92.62068077433075,57.194297675575896,0.27555452918767054,6.943062834790959,8369.49450574645,2.168009877592592,16,0,0,0,0,40,0.019999756245367685,1.0,0.0,0.2711472236523875,99.6612322410423,73.44721820101454,0.005554056013257986,0.0,32.101638189242415,218.35945216582203
2054,abundant,109.63031900166034,92.61525444582574,57.19580700377001,0.276376122364282,6.9425192144816545,8368.763769562298,2.168320570172067,16,0,0,0,0,40,0.019999679616112476,1.0,0.0,0.27114778676345147,99.66125229872172,73.4473707341684,0.005553863167438895,0.0,32.101638189242415,218.30737028198072
2055,abundant,109.6293069230536,92.6097542112322,57.19730791189198,0.27963293268052075,6.941962903602085,8367.97593698126,2.1686137502991203,16,0,0,0,0,40,0.019999633279045966,1.0,0.0,0.2711483498719614,99.66127235643863,73.44752326663044,0.0055536703283157254,0.0,32.101638189242415,218.38225175782526
2056,abundant,109.62833386862273,92.60426730136422,57.19873385872978,0.2786294700402682,6.94151703171412,8367.183691648868,2.1689065270000354,16,0,0,0,0,40,0.019999738481153367,1.0,0.0,0.2711489129779173,99.66129241419306,73.44767579840067,0.005553477495888242,0.0,32.101638189242415,218.36560305796692
2057,abundant,109.62730667879273,92.59875520380893,57.200152850476705,0.280353437841901,6.941192905327062,8366.40169258495,2.1692032115959132,16,0,0,0,0,40,0.01999972178887667,1.0,0.0,0.27114947608131906,99.66131247198497,73.44782832947902,0.00555328467015621,0.0,32.101638189242415,218.3762367642038
2058,abundant,109.62627685559312,92.5932126773312,57.20153996201917,0.2818741168086661,6.940875094164521,8365.591950231486,2.1694946174196037,16,0,0,0,0,40,0.019999378925348324,1.0,0.0,0.27115003918216674,99.66133252981436,73.44798085986555,0.005553091851119403,0.0,32.101638189242415,218.44767029332633
2059,abundant,109.62528804984352,92.58761652197859,57.202904131022635,0.2841453186728617,6.940661490292063,8364.774076125846,2.169826896928688,16,0,0,0,0,40,0.019999665130381882,1.0,0.0,0.27115060228046045,99.66135258768128,73.44813338956027,0.005552899038777583,0.0,32.101638189242415,218.49517653981357
2060,abundant,109.62422956875693,92.58197453276378,57.20423441546113,0.28702447438632417,6.940505237104352,8363.989673289238,2.1705213417530373,16,0,0,0,0,40,0.01999956612040123,1.0,0.0,0.27115116537620004,99.66137264558567,73.44828591856314,0.00555270623313052,0.0,32.101638189242415,218.76352519382962
2061,abundant,109.62315687292316,92.57626199912615,57.205628242426016,0.2906274922793969,6.940436718104536,8363.207994043842,2.1712131312448273,16,0,0,0,0,40,0.01999951116038009,1.0,0.0,0.271151728469385,99.66139266677226,73.44843844687402,0.005552513434177982,0.0,32.101638189242415,218.6771890721406
2062,abundant,109.62207532551027,92.57057913740356,57.207068833868746,0.2892505446394929,6.940421523375122,8362.431346761172,2.171899820150498,16,0,0,0,0,40,0.019999736717018414,1.0,0.0,0.27115229156001514,99.66141268309288,73.44859097449286,0.005552320641919736,0.0,32.101638189242415,218.56713291111328
2063,abundant,109.62110120175942,92.56485671300396,57.20850799874553,0.2902457225203024,6.940503368503005,8361.660371062753,2.172593700084901,16,0,0,0,0,40,0.0199996641110567,1.0,0.0,0.2711528546480905,99.661432699451,73.44874350141967,0.005552127856355549,0.0,32.101638189242415,218.94105881507485
2064,abundant,109.62014883716479,92.55904771615876,57.20991921071029,0.29433558776649393,6.940713875387241,8360.890840785214,2.1732838145929194,16,0,0,0,0,40,0.01999949882753364,1.0,0.0,0.2711534177336111,99.66145271584655,73.44889602765447,0.005551935077485189,0.0,32.101638189242415,218.94521563231154
2065,abundant,109.61923491225018,92.55321776351482,57.21133773725607,0.29506091448508726,6.941042239863651,8360.123315301636,2.1739784006436063,16,0,0,0,0,40,0.01999963432220233,1.0,0.0,0.27115398081657693,99.66147273227962,73.44904855319722,0.0055517423053084245,0.0,32.101638189242415,219.0821401874848
2066,abundant,109.61830869354324,92.54736010933966,57.21270212787242,0.29652720228129625,6.941427879514373,8359.261999127062,2.1746765424495598,17,0,0,0,0,40,0.019999672523893543,1.0,0.0,0.27115454389698795,99.66149274875012,73.44920107804795,0.005551549539825021,0.0,32.101638189242415,218.99310049551573
2067,abundant,109.61738786823796,92.54150868798467,57.21411064914969,0.2961776284743789,6.941903621336991,8358.41338605414,2.17536457193746,17,0,0,0,0,40,0.01999963958405118,1.0,0.0,0.27115510697484424,99.66151276525808,73.44935360220666,0.005551356781034746,0.0,32.101638189242415,218.99079208262438
2068,abundant,109.61650999552089,92.53555972454134,57.21548742077086,0.3006734175499347,6.942339389880746,8357.49613734566,2.1760576415653086,17,0,0,0,0,40,0.019999560051838512,1.0,0.0,0.2711556700501457,99.6615327818035,73.44950612567332,0.005551164028937371,0.0,32.101638189242415,219.02580357666778
2069,abundant,109.61564846605525,92.52960800844212,57.21693673533273,0.30069135327341356,6.942892587159418,8356.612415124924,2.1767532494109036,17,0,0,0,0,40,0.01999966351024162,1.0,0.0,0.2711562331228924,99.66155279838642,73.44965864844798,0.005550971283532659,0.0,32.101638189242415,219.05800060850987
2070,abundant,109.61481629672907,92.52363705148913,57.21837383615466,0.30143511244196075,6.943556760397212,8355.752985564694,2.1774488582959903,17,0,0,0,0,40,0.019999730023117373,1.0,0.0,0.2711567961930839,99.66157280150667,73.4498111705305,0.005550778544820381,0.0,32.101638189242415,219.0110034959079
2071,abundant,109.61402599616531,92.51770031953762,57.21971110717741,0.2994634353471035,6.944410600566175,8354.870689615134,2.178159524284498,17,0,0,0,0,40,0.01999950461941686,1.0,0.0,0.2711573592607194,99.66159277670262,73.44996369192063,0.005550585812800303,0.0,32.101638189242415,219.00550526664483
2072,abundant,109.61323521879686,92.51171883831434,57.22102312210675,0.3016789204589581,6.945297969305111,8353.948225202876,2.1788638037556955,17,0,0,0,0,40,0.019999597441199952,1.0,0.0,0.2711579223257987,99.66161275193599,73.45011621261838,0.0055503930874721925,0.0,32.101638189242415,218.76908404571154
2073,abundant,109.61243238506943,92.50572637009927,57.222296660931896,0.3023043092328165,6.9462677027146515,8353.008069840755,2.179553136875179,17,0,0,0,0,40,0.019999700157162896,1.0,0.0,0.271158485388322,99.6616327272068,73.45026873262374,0.005550200368835816,0.0,32.101638189242415,218.63737473485745
2074,abundant,109.61162620876148,92.49972557810572,57.2236402486764,0.3027391892001745,6.94734612587674,8352.121879144586,2.1802204039516204,17,0,0,0,0,40,0.019999723141962016,1.0,0.0,0.2711590484482892,99.66165270251501,73.45042125193675,0.0055500076568909444,0.0,32.101638189242415,218.40257719637071
2075,abundant,109.61081462110079,92.49375378642961,57.22503655771324,0.30134320799567615,6.948491512170834,8351.301158008013,2.180874263911105,17,0,0,0,0,40,0.019999623798846986,1.0,0.0,0.27115961150570034,99.66167267786065,73.45057377055736,0.005549814951637345,0.0,32.101638189242415,218.38771115777845
2076,abundant,109.60997440900084,92.48770269878341,57.22636192001494,0.30546469573910984,6.949688919178061,8350.47653933816,2.181509818405101,17,0,0,0,0,40,0.01999961463804905,1.0,0.0,0.2711601745605554,99.66169265324372,73.4507262884856,0.005549622253074781,0.0,32.101638189242415,218.3373821781804
2077,abundant,109.60914047900992,92.48159442882178,57.2276368756088,0.30825491617181006,6.95094306190452,8349.580213081252,2.1821707465406512,17,0,0,0,0,40,0.019999448230766808,1.0,0.0,0.2711607376128544,99.66171262866422,73.45087880572146,0.005549429561203025,0.0,32.101638189242415,218.08230002682322
2078,abundant,109.60836600907172,92.47544625059544,57.22887798779541,0.3098440280317154,6.952367704179719,8348.67705496031,2.1828327633655014,17,0,0,0,0,40,0.019999656175747883,1.0,0.0,0.2711613006625974,99.66173260412214,73.45103132226497,0.005549236876021842,0.0,32.101638189242415,218.15220404696203
2079,abundant,109.60750754709508,92.46925664597856,57.230128880511586,0.31245239561976734,6.953803867481925,8347.743253146124,2.1832959409981494,17,0,0,0,0,40,0.019999596192920018,1.0,0.0,0.27116186370978423,99.66175257961747,73.45118383811607,0.0055490441975310015,0.0,32.101638189242415,218.1573070761935
2080,abundant,109.60668346769755,92.46305088917902,57.231320011710274,0.31301596255695785,6.955298665249647,8346.794371841315,2.1831022653393926,17,0,0,0,0,40,0.019999730216879452,1.0,0.0,0.271162426754415,99.66177255515024,73.45133635327478,0.005548851525730269,0.0,32.101638189242415,218.15217452135556
2081,abundant,109.60582850242027,92.45691764770103,57.232499130814084,0.30963579104098476,6.956856596855344,8345.786494815264,2.182931626574105,17,0,0,0,0,40,0.01999951022192385,1.0,0.0,0.27116298979648973,99.66179253072039,73.45148886774115,0.005548658860619413,0.0,32.101638189242415,217.8608198261195
2082,abundant,109.6049306050163,92.45072645236331,57.23372523697962,0.3128042944789846,6.958509010508488,8344.816352114824,2.18275441028989,17,0,0,0,0,40,0.019999683784691358,1.0,0.0,0.27116355283600835,99.66181250632799,73.4516413815151,0.0055484662021982045,0.0,32.101638189242415,217.8293659921947
2083,abundant,109.6039772817084,92.44455520082377,57.234963453283015,0.3122264582758109,6.96022183597776,8343.813131826792,2.18258485964356,17,0,0,0,0,40,0.019999646093038913,1.0,0.0,0.2711641158729708,99.66183247843189,73.45179389459668,0.005548273550466406,0.0,32.101638189242415,217.86328273460504
2084,abundant,109.60303240321755,92.43833980586251,57.23621870103797,0.3143453668665692,6.962026517497028,8342.83212801793,2.1824140990904404,17,0,0,0,0,40,0.019999648573570315,1.0,0.0,0.2711646789073755,99.66185241283684,73.4519464069854,0.005548080905423788,0.0,32.101638189242415,217.90814440494609
2085,abundant,109.6021043446203,92.43211854842542,57.237550407910156,0.3145134043211706,6.963904438031088,8341.84970143834,2.1822391706574846,17,0,0,0,0,40,0.019999683960727155,1.0,0.0,0.27116524193922237,99.66187234727917,73.45209891868127,0.005547888267070118,0.0,32.101638189242415,217.9679810041116
2086,abundant,109.6011001380596,92.42593215941064,57.238904954422516,0.3133743328098034,6.9654912676039205,8340.865745378316,2.182063202345402,17,0,0,0,0,40,0.019999645890430226,1.0,0.0,0.27116580496851156,99.66189228175885,73.45225142968434,0.005547695635405164,0.0,32.101638189242415,217.8894277437821
2087,abundant,109.60005336497905,92.41972272598677,57.24022774044952,0.3148581127282465,6.9671928001376555,8339.94226830364,2.181894090693075,17,0,0,0,0,40,0.019999627834720035,1.0,0.0,0.27116636799524296,99.66191221627595,73.45240393999455,0.005547503010428693,0.0,32.101638189242415,217.5085466507218
2088,abundant,109.59899701674753,92.41352164705354,57.24149795924158,0.3145237862522497,6.969027451098472,8339.036274964456,2.181716597101381,17,0,0,0,0,40,0.019999713611493414,1.0,0.0,0.27116693101941663,99.6619321508304,73.45255644961195,0.0055473103921404735,0.0,32.101638189242415,217.35119374486348
2089,abundant,109.59787872244303,92.40735105353036,57.24282680557805,0.3135614451571744,6.97091521793581,8338.16383560776,2.1815241921758464,17,0,0,0,0,40,0.019999684019195347,1.0,0.0,0.2711674940410326,99.66195208542221,73.45270895853652,0.005547117780540272,0.0,32.101638189242415,217.289469724662
2090,abundant,109.59682741696471,92.40121483739196,57.244168326984706,0.31128525813835467,6.972872639552669,8337.28592500191,2.181338485125847,17,0,0,0,0,40,0.01999978199986252,1.0,0.0,0.2711680570600908,99.6619720200514,73.45286146676825,0.005546925175627858,0.0,32.101638189242415,217.40163681246713
2091,abundant,109.59578910597472,92.39510634365357,57.245550025158835,0.3098109226215677,6.975014010457912,8336.422532701967,2.1811549176304306,17,0,0,0,0,40,0.019999665510074593,1.0,0.0,0.2711686200765912,99.66199195471795,73.45301397430714,0.005546732577402998,0.0,32.101638189242415,217.35845785196562
2092,abundant,109.59472170592394,92.38900652015646,57.24694173626415,0.3096356444138677,6.97723525576329,8335.53450851173,2.180972148360517,17,0,0,0,0,40,0.019999569259013437,1.0,0.0,0.2711691830905339,99.66201188942189,73.45316648115322,0.00554653998586546,0.0,32.101638189242415,217.34405431447348
2093,abundant,109.59366204793466,92.38288199470047,57.248356104507494,0.31078558288239455,6.979592616807191,8335.788674084037,2.180787841636747,17,0,0,0,0,40,0.019999541872537295,1.0,0.0,0.2711697461019188,99.6620318241632,73.45331898730643,0.005546347401015013,0.0,32.101638189242415,217.20411637791494
2094,abundant,109.59267913229628,92.37678866993933,57.249738301465335,0.30861264028716767,6.981965121558966,8336.709561816871,2.180601263805052,17,0,0,0,0,40,0.01999955182831297,1.0,0.0,0.27117030911074597,99.66205175894186,73.45347149276684,0.0055461548228514235,0.0,32.101638189242415,217.39872348772096
2095,abundant,109.59173107607094,92.37070025146366,57.25116477262518,0.3080925388051258,6.984409973655258,8337.621577984035,2.180415621519406,17,0,0,0,0,40,0.019999754162939386,1.0,0.0,0.2711708721170154,99.66207169375788,73.45362399753441,0.00554596225137446,0.0,32.101638189242415,217.55228874481236
2096,abundant,109.59072132753572,92.36462378221452,57.25252808207839,0.3080016577146188,6.986835937850053,8338.508991076116,2.1802153572062646,17,0,0,0,0,40,0.019999612182922556,1.0,0.0,0.27117143512072706,99.66209162861126,73.45377650160913,0.0055457696865838894,0.0,32.101638189242415,217.35731288283586
2097,abundant,109.58968341858251,92.35849911339743,57.25380519474781,0.3106046448748042,6.989355220227859,8339.423741717816,2.1800056671930172,17,0,0,0,0,40,0.01999973907224088,1.0,0.0,0.271171998121881,99.66211156350201,73.45392900499102,0.00554557712847948,0.0,32.101638189242415,217.15036568456952
2098,abundant,109.58868420553797,92.35234981240151,57.255048001852,0.3114976779545246,6.991864094423184,8340.323512013045,2.179797312148169,17,0,0,0,0,40,0.019999773176972786,1.0,0.0,0.27117256112047716,99.66213149843013,73.4540815076801,0.005545384577061001,0.0,32.101638189242415,217.12976412271155
2099,abundant,109.58768006058749,92.34621087853002,57.25629510044446,0.3110332818178744,6.994398252871932,8341.177602297623,2.179580252172679,17,0,0,0,0,40,0.01999962313977395,1.0,0.0,0.2711731241165156,99.66215143339561,73.45423400967634,0.005545192032328218,0.0,32.101638189242415,217.13577466782453
2100,abundant,109.58661517020487,92.34009024060376,57.25747547026765,0.3106349770828572,6.997014815573773,8341.980686417915,2.1793575803138925,17,0,0,0,0,40,0.019999600785939833,1.0,0.0,0.27117368710999623,99.66217136839843,73.45438651097973,0.005544999494280899,0.0,32.101638189242415,216.9657656465909
2101,abundant,109.58552817630648,92.33385241221039,57.25862807270907,0.3166001218179157,6.999175798484575,8342.761811496122,2.1791211981310203,17,0,0,0,0,40,0.01999957014015408,1.0,0.0,0.27117425010091917,99.66219130343862,73.4545390115903,0.005544806962918815,0.0,32.101638189242415,216.84536800725127
2102,abundant,109.584517626419,92.32763202796556,57.25981690084859,0.3151027461839409,7.001179870584757,8343.52415713371,2.178888412584246,17,0,0,0,0,40,0.019999732473580924,1.0,0.0,0.27117481308928437,99.66221123851615,73.45469151150805,0.005544614438241731,0.0,32.101638189242415,217.05587307216882
2103,abundant,109.58352601164829,92.32139883225224,57.26104636847246,0.3155864501139008,7.003256060934326,8344.298308248399,2.178630091382781,17,0,0,0,0,40,0.019999690931447992,1.0,0.0,0.2711753760750918,99.66223117363104,73.45484401073294,0.005544421920249416,0.0,32.101638189242415,217.2123194136222
2104,abundant,109.58258788452888,92.31511052674595,57.26229536279351,0.3179006938691874,7.005403250154333,8345.130182420016,2.178366132763035,17,0,0,0,0,40,0.01999969958330205,1.0,0.0,0.27117593905834136,99.66225110878331,73.45499650926499,0.005544229408941635,0.0,32.101638189242415,217.39615280811154
2105,abundant,109.58164990569385,92.30882891159541,57.26354665711059,0.3175679361703694,7.007612835039822,8345.976051802627,2.1781033719827616,17,0,0,0,0,40,0.01999974964511702,1.0,0.0,0.2711765020390333,99.6622710439729,73.45514900710424,0.005544036904318161,0.0,32.101638189242415,217.43483879948835
2106,abundant,109.58068336341937,92.30253296647457,57.264784086170266,0.3184900635809483,7.0099149589801595,8346.829402790336,2.1778303513994413,17,0,0,0,0,40,0.01999977578808535,1.0,0.0,0.27117706501716743,99.66229097919982,73.45530150425063,0.005543844406378758,0.0,32.101638189242415,217.3982885207537
2107,abundant,109.5797233220186,92.296235890206,57.26602832153458,0.3184966892750106,7.012333746925594,8347.702753367063,2.177550390070124,17,0,0,0,0,40,0.019999709202617413,1.0,0.0,0.27117762799274386,99.66231091446414,73.45545400070421,0.005543651915123197,0.0,32.101638189242415,217.1342348584595
2108,abundant,109.57879056548879,92.28996298389774,57.26726610740691,0.31710597904249926,7.0148671783083305,8348.558361226962,2.1772696911113893,17,0,0,0,0,40,0.01999945156992172,1.0,0.0,0.27117819096576246,99.66233084976578,73.45560649646492,0.005543459430551241,0.0,32.101638189242415,217.25652041612202
2109,abundant,109.57792778749624,92.2837167922374,57.26857940251078,0.31528202859706356,7.017553110683229,8349.386207238975,2.177002403212912,17,0,0,0,0,40,0.019999634532485287,1.0,0.0,0.2711787539362233,99.66235078510478,73.45575899153282,0.005543266952662663,0.0,32.101638189242415,217.3994076196032
2110,abundant,109.57708839262845,92.27744556407455,57.269889573875005,0.3163644686173148,7.020347245422966,8350.230205084019,2.176737495060644,17,0,0,0,0,40,0.019999706730602355,1.0,0.0,0.27117931690412644,99.66237072048112,73.45591148590788,0.005543074481457229,0.0,32.101638189242415,217.6415264694549
2111,abundant,109.5761986452281,92.2711722344937,57.27120328181356,0.31681423554496274,7.0224563624168805,8351.09549600065,2.1764887617153366,17,0,0,0,0,40,0.019999625450129406,1.0,0.0,0.27117987986947184,99.66239065589478,73.45606397959011,0.005542882016934707,0.0,32.101638189242415,217.53128554643598
2112,abundant,109.57531427712684,92.26487097283093,57.27254714305508,0.3181551687039231,7.024171534715333,8351.971793096032,2.1762396287578953,16,0,0,0,0,40,0.019999687125366327,1.0,0.0,0.27118044283225945,99.66241059134582,73.45621647257951,0.005542689559094863,0.0,32.101638189242415,217.5405991012987
2113,abundant,109.57446312989654,92.25856974837251,57.27390512586718,0.3179254995879876,7.025928722329354,8352.769415346542,2.1760041244836628,16,0,0,0,0,40,0.019999644805420297,1.0,0.0,0.27118100579248927,99.66243052683417,73.45636896487606,0.00554249710793747,0.0,32.101638189242415,217.49872325972473
2114,abundant,109.5735931472424,92.2522513801086,57.275275312381495,0.31890494454694257,7.027791675358207,8353.567283039141,2.1757825959748573,16,0,0,0,0,40,0.019999621942122885,1.0,0.0,0.27118156875016136,99.66245046235989,73.45652145647978,0.005542304663462291,0.0,32.101638189242415,217.61823047253066
2115,abundant,109.57265076544957,92.24590809195946,57.2766446554502,0.3206482657904913,7.029729176318713,8354.435936784066,2.1755482013914613,16,0,0,0,0,40,0.019999646233835582,1.0,0.0,0.27118213170527566,99.66247039792292,73.45667394739067,0.005542112225669096,0.0,32.101638189242415,217.6494474313567
2116,abundant,109.57168344082768,92.23954332877769,57.278015811681996,0.3218979750368619,7.031769742948422,8355.354313954627,2.175301374292043,16,0,0,0,0,40,0.019999613078976068,1.0,0.0,0.27118269465783224,99.66249033352331,73.45682643760873,0.0055419197945576525,0.0,32.101638189242415,217.68300796679836
2117,abundant,109.57070691803168,92.23314948944774,57.279402580598244,0.3234080062847129,7.033908833296562,8356.331029555527,2.1750603369201746,16,0,0,0,0,40,0.01999952419591085,1.0,0.0,0.27118325760783113,99.662510269161,73.45697892713396,0.0055417273701277294,0.0,32.101638189242415,217.5629887579434
2118,abundant,109.5698033096402,92.22675998025599,57.28079346211375,0.3226603351358129,7.036152642286969,8357.349121001473,2.1748222409031355,16,0,0,0,0,40,0.019999681866909903,1.0,0.0,0.2711838205552722,99.66253020483607,73.45713141596634,0.005541534952379094,0.0,32.101638189242415,217.83110802149568
2119,abundant,109.56897713394446,92.22044872924349,57.28226508842958,0.3182662085604378,7.038512005635671,8358.369674019636,2.1745924227904045,16,0,0,0,0,40,0.019999453693635632,1.0,0.0,0.2711843835001554,99.66255014054845,73.45728390410588,0.005541342541311514,0.0,32.101638189242415,218.0475776821765
2120,abundant,109.56811929153776,92.21407599436348,57.283732390852606,0.321521110970908,7.040887730740607,8359.358909500861,2.174361092660289,16,0,0,0,0,40,0.019999512963076987,1.0,0.0,0.2711849464424809,99.66257007629817,73.45743639155258,0.005541150136924759,0.0,32.101638189242415,218.0445396128075
2121,abundant,109.56729277766424,92.20772557254722,57.285288715212616,0.3202072399974989,7.043316601424877,8360.372988891526,2.174121842316564,16,0,0,0,0,40,0.01999961277120313,1.0,0.0,0.2711855093822487,99.66259001208519,73.45758887830647,0.005540957739218594,0.0,32.101638189242415,218.064729413282
2122,abundant,109.56644318635968,92.20143551762771,57.286870929570874,0.3173679267180241,7.045742576565016,8361.379271612375,2.1738974063044876,16,0,0,0,0,40,0.01999962382458594,1.0,0.0,0.27118607231945874,99.66260994790959,73.45774136436751,0.005540765348192792,0.0,32.101638189242415,218.18087670199355
2123,abundant,109.56565111209622,92.19516857512193,57.28849937081323,0.31584411114287086,7.0483273852858614,8362.358200724175,2.173688104819915,16,0,0,0,0,40,0.019999577522155587,1.0,0.0,0.27118663525411096,99.66262988377127,73.45789384973571,0.005540572963847115,0.0,32.101638189242415,218.27131330433826
2124,abundant,109.56483975563363,92.1888976448432,57.290121648409276,0.31616341495661765,7.051017128218068,8363.372989483167,2.1734723356452714,16,0,0,0,0,40,0.019999722902567105,1.0,0.0,0.27118719818620546,99.6626498196703,73.45804633441108,0.005540380586181335,0.0,32.101638189242415,218.46304833721916
2125,abundant,109.56402232102286,92.18261048456196,57.29176683410064,0.31701011035953436,7.053885976284695,8364.433945682173,2.1732408344421437,17,0,0,0,0,40,0.019999715135617567,1.0,0.0,0.2711877611157422,99.66266975560666,73.45819881839363,0.00554018821519522,0.0,32.101638189242415,218.47475987002773
2126,abundant,109.56321251578424,92.17634558169077,57.293474514985746,0.3158583432875657,7.056882260015536,8365.52057150755,2.1730102645270537,17,0,0,0,0,40,0.019999722222189247,1.0,0.0,0.2711883240427208,99.66268967732545,73.45835130168322,0.005539995850888536,0.0,32.101638189242415,218.45770041525103
2127,abundant,109.56238579538599,92.17011346173673,57.29523780368686,0.3143412270569942,7.059929890584556,8366.509658200557,2.1727949702831517,17,0,0,0,0,40,0.01999959810870951,1.0,0.0,0.2711888869671406,99.6627095717778,73.4585037842797,0.005539803493261052,0.0,32.101638189242415,218.52243667165004
2128,abundant,109.56153462755628,92.16389833134035,57.29699725794002,0.31366486988715525,7.063049262013934,8367.530575344219,2.1725747176013974,17,0,0,0,0,40,0.019999652760260243,1.0,0.0,0.27118944988900157,99.66272946482094,73.45865626618307,0.0055396111423125375,0.0,32.101638189242415,218.4087020921043
2129,abundant,109.56062025963085,92.15772292223616,57.29882898644996,0.3121422857389278,7.066316954487277,8368.564796126077,2.172349732225154,17,0,0,0,0,40,0.01999967155328327,1.0,0.0,0.2711900128083006,99.66274931827202,73.45880874739244,0.0055394187980427586,0.0,32.101638189242415,218.36339815200668
2130,abundant,109.55969189451943,92.15154240636664,57.30063712311353,0.31249976157078524,7.069644883510158,8369.597223096367,2.172121073586986,17,0,0,0,0,40,0.019999638704634927,1.0,0.0,0.27119057572503785,99.66276917176035,73.45896122790792,0.005539226460451484,0.0,32.101638189242415,218.4215458896512
2131,abundant,109.5587066071655,92.14537917385118,57.30247320936115,0.3120794759852786,7.072992944712558,8370.6349528649,2.171889151502771,17,0,0,0,0,40,0.01999968889234898,1.0,0.0,0.2711911386392132,99.66278902528593,73.45911370772943,0.005539034129538483,0.0,32.101638189242415,218.41881482902568
2132,abundant,109.55769073895979,92.13919476731448,57.304275789270854,0.3133697162475189,7.0763766317878565,8371.65242909603,2.171654607158638,17,0,0,0,0,40,0.019999676174154924,1.0,0.0,0.2711917015508267,99.66280887884876,73.459266186857,0.005538841805303522,0.0,32.101638189242415,218.2558848784287
2133,abundant,109.55661292305278,92.13298760922733,57.30603367489791,0.31500687334670135,7.079185230189819,8372.666641461554,2.171416788706179,17,0,0,0,0,40,0.019999746817715512,1.0,0.0,0.27119226445987843,99.66282873244884,73.45941866529064,0.00553864948774637,0.0,32.101638189242415,218.05219113922095
2134,abundant,109.5554984982371,92.12675730834715,57.3077718032978,0.31646595864070026,7.081043125203147,8373.694743066648,2.1711758009286575,17,0,0,0,0,40,0.019999671345822444,1.0,0.0,0.27119282736636824,99.66284858608618,73.45957114303032,0.005538457176866796,0.0,32.101638189242415,218.0161005534043
2135,abundant,109.5543475205488,92.12053894542626,57.30950447254681,0.31620684401293303,7.083030691330768,8374.72384059905,2.1709290816299913,17,0,0,0,0,40,0.019999648624743568,1.0,0.0,0.2711933902702962,99.66286843976073,73.45972362007606,0.005538264872664566,0.0,32.101638189242415,217.97399722909614
2136,abundant,109.55315258474229,92.11432924750068,57.31119575246832,0.31618713387190006,7.085104700097494,8375.724872339124,2.170695853948346,17,0,0,0,0,40,0.019999682345096775,1.0,0.0,0.27119395317166234,99.66288829347256,73.45987609642786,0.00553807257513945,0.0,32.101638189242415,217.89660644962913
2137,abundant,109.55198955473841,92.10815023715503,57.31285960276871,0.31437966492318814,7.087137756843768,8376.695142007124,2.1704662407906903,17,0,0,0,0,40,0.019999622888362066,1.0,0.0,0.2711945160704666,99.66290814722164,73.46002857208572,0.005537880284291214,0.0,32.101638189242415,217.86475567799826
2138,abundant,109.55083547534124,92.10193594824712,57.3145892261937,0.31602972099207116,7.089295468416163,8377.67129357245,2.170227283437767,17,0,0,0,0,40,0.019999635621601047,1.0,0.0,0.271195078966709,99.66292800100794,73.46018104704963,0.00553768800011963,0.0,32.101638189242415,217.60722007322966
2139,abundant,109.54969729464327,92.0956797254672,57.31629292395371,0.3179511112117428,7.091546489095487,8378.6303164249,2.1699938208697294,17,0,0,0,0,40,0.01999968231349977,1.0,0.0,0.2711956418603896,99.66294785483149,73.4603335213196,0.005537495722624462,0.0,32.101638189242415,217.50904981667253
2140,abundant,109.54856486178865,92.08940156540507,57.31801412010996,0.31897834480805504,7.093876202238889,8379.621426080226,2.1697591090236545,17,0,0,0,0,40,0.019999686457329677,1.0,0.0,0.2711962047515083,99.66296770869228,73.46048599489563,0.0055373034518054805,0.0,32.101638189242415,217.57235316593278
2141,abundant,109.54747545563589,92.08312861338075,57.31973003521402,0.3183510686375056,7.096226529749481,8380.60242082045,2.1695396659004507,17,0,0,0,0,40,0.01999965564484411,1.0,0.0,0.2711967676400651,99.6629875625903,73.4606384677777,0.005537111187662454,0.0,32.101638189242415,217.6613749782483
2142,abundant,109.54631638410089,92.07689787574148,57.321463317241296,0.3168891549932349,7.0986895210193754,8381.535665864827,2.169319621125851,16,0,0,0,0,40,0.019999686133196477,1.0,0.0,0.27119733052606015,99.66300741652556,73.46079093996585,0.005536918930195149,0.0,32.101638189242415,217.55124185276696
2143,abundant,109.54516129432925,92.0706792834727,57.323313313037964,0.3162478679541562,7.101220674928939,8382.518284937181,2.1690803361498774,16,0,0,0,0,40,0.019999675456064753,1.0,0.0,0.2711978934094912,99.66302723158091,73.46094341145947,0.005536726679403335,0.0,32.101638189242415,217.59757441222456
2144,abundant,109.54399079734223,92.06441026782655,57.32519238733888,0.31887326392247883,7.1037384351998485,8383.533609760176,2.1688338390122253,16,0,0,0,0,40,0.01999955069158097,1.0,0.0,0.27119845629035827,99.66304704423598,73.46109588225856,0.00553653443528678,0.0,32.101638189242415,217.50187616164695
2145,abundant,109.54280095902004,92.05810552376606,57.32699315357367,0.32080292828863577,7.105327747643026,8384.597433071634,2.168587017201071,16,0,0,0,0,40,0.019999497664727372,1.0,0.0,0.27119901916866124,99.66306685692825,73.46124835236311,0.005536342197845252,0.0,32.101638189242415,217.3226874294856
2146,abundant,109.5416113502619,92.05180451914443,57.328705548532845,0.3206184067078117,7.106696419244922,8385.548305050113,2.1683582353879287,16,0,0,0,0,40,0.019999584565179522,1.0,0.0,0.2711995820444002,99.6630866696577,73.46140082177314,0.005536149967078519,0.0,32.101638189242415,217.2333815922346
2147,abundant,109.54041672668154,92.04547892488488,57.33040744880655,0.3218785631725606,7.108182851123968,8386.5372137759,2.168118127750185,16,0,0,0,0,40,0.019999718894662715,1.0,0.0,0.27120014491757516,99.66310648242438,73.46155329048864,0.005535957742986348,0.0,32.101638189242415,217.22795906188838
2148,abundant,109.5391754354863,92.03912849798068,57.33215441763743,0.32353417473518087,7.10972107391341,8387.52121106711,2.167883420483044,16,0,0,0,0,40,0.01999967959104913,1.0,0.0,0.27120070778818606,99.66312629522822,73.4617057585096,0.005535765525568511,0.0,32.101638189242415,217.42237091030475
2149,abundant,109.53792416076047,92.03280738911607,57.33396860808582,0.32219214330381774,7.111368588960646,8388.554815422125,2.167649715042076,16,0,0,0,0,40,0.019999715891588655,1.0,0.0,0.27120127065623295,99.6631461080693,73.46185822583602,0.005535573314824773,0.0,32.101638189242415,217.47965482975286
2150,abundant,109.53657545115705,92.02649320074778,57.33578091934923,0.32283961838457004,7.113003612244785,8389.5270335737,2.1674249610463727,16,0,0,0,0,40,0.019999592276249433,1.0,0.0,0.2712018335217157,99.66316592094755,73.46201069246787,0.005535381110754903,0.0,32.101638189242415,217.44187912701653
2151,abundant,109.53527838248988,92.02017879192309,57.33768485135297,0.3223202866792766,7.114725701586994,8390.519615861806,2.1672052950576584,16,0,0,0,0,40,0.019999548554913548,1.0,0.0,0.27120239638463445,99.66318573386299,73.46216315840522,0.005535188913358671,0.0,32.101638189242415,217.71797295193156
2152,abundant,109.53394725679887,92.01379435390315,57.339559941100774,0.3260931199248121,7.116537905183833,8391.543389682218,2.1669899237478307,16,0,0,0,0,40,0.019999597143285846,1.0,0.0,0.27120295924498916,99.66320554681562,73.46231562364802,0.005534996722635844,0.0,32.101638189242415,217.42315663623623
2153,abundant,109.5326042547517,92.00744756220288,57.34146260061958,0.324371760069373,7.118419083146103,8392.623253536298,2.166763441405995,16,0,0,0,0,40,0.019999556400936546,1.0,0.0,0.27120352210277987,99.66322535980542,73.4624680881963,0.005534804538586188,0.0,32.101638189242415,217.39937457711252
2154,abundant,109.53124505216078,92.00105860562383,57.3433670727855,0.32660497772433217,7.120342564033875,8393.714442256602,2.1665259276137374,15,0,0,0,0,40,0.019999650735883077,1.0,0.0,0.27120408495800646,99.66324517283248,73.46262055205001,0.005534612361209474,0.0,32.101638189242415,217.31836237331362
2155,abundant,109.5299415996639,91.9946583956711,57.34524102721234,0.3265872204902287,7.122290350979744,8394.739448306038,2.166291168624497,15,0,0,0,0,40,0.01999943046625199,1.0,0.0,0.27120464781066905,99.66326498589663,73.46277301520921,0.005534420190505471,0.0,32.101638189242415,217.23942328445636
2156,abundant,109.52859172098483,91.98821990290669,57.34710739961777,0.32892938492108403,7.124287476974263,8395.778067467236,2.1660494870427094,15,0,0,0,0,40,0.01999966154216255,1.0,0.0,0.2712052106607676,99.66328479899805,73.46292547767386,0.005534228026473945,0.0,32.101638189242415,217.0827154773337
2157,abundant,109.52724638811318,91.98178787218794,57.34904323160595,0.328569053006486,7.126388395673343,8396.874766592373,2.165805770458454,15,0,0,0,0,40,0.019999616315322113,1.0,0.0,0.2712057735083021,99.66330461213663,73.46307793944399,0.005534035869114665,0.0,32.101638189242415,217.0104426556154
2158,abundant,109.52591913904205,91.97534432688732,57.35090328346517,0.328944079067525,7.128624761680262,8397.922871978677,2.1655731270449703,15,0,0,0,0,40,0.019999574422714238,1.0,0.0,0.2712063363532725,99.66332442531238,73.46323040051955,0.005533843718427401,0.0,32.101638189242415,217.10038711808585
2159,abundant,109.52460225671132,91.96885455286026,57.35275088557737,0.3311067396150349,7.130973807108435,8399.014809423647,2.1653402740442735,15,0,0,0,0,40,0.019999714378180638,1.0,0.0,0.2712068991956789,99.66334423852533,73.4633828609006,0.00553365157441192,0.0,32.101638189242415,217.16203084210147
2160,abundant,109.52321417301732,91.96242273656763,57.35468112614078,0.32899866411648526,7.133451259780479,8400.16523255856,2.1651046760894874,15,0,0,0,0,40,0.019999736786323268,1.0,0.0,0.27120746203552126,99.66336405177546,73.4635353205871,0.0055334594370679896,0.0,32.101638189242415,217.25476493788665
2161,abundant,109.52183801790352,91.95601508073342,57.3567154691156,0.32769170655233915,7.136048452794446,8401.331723805743,2.164880269007375,15,0,0,0,0,40,0.019999731769279123,1.0,0.0,0.27120802487279955,99.66338386506276,73.46368777957905,0.00553326730639538,0.0,32.101638189242415,217.44152652824351
2162,abundant,109.52049260504387,91.94958374969552,57.35874627177917,0.3285330923989271,7.1384813126070465,8402.545952350261,2.1646486546016965,15,0,0,0,0,40,0.019999695850607048,1.0,0.0,0.2712085877075138,99.66340367838723,73.46384023787648,0.005533075182393856,0.0,32.101638189242415,217.3683100461863
2163,abundant,109.51912461552574,91.94316797610733,57.36074528359213,0.3280062847137323,7.140517192007633,8403.723685682606,2.1644127776357798,15,0,0,0,0,40,0.01999965270249474,1.0,0.0,0.27120915053966405,99.6634234917489,73.46399269547936,0.0055328830650631915,0.0,32.101638189242415,217.07542600863727
2164,abundant,109.51777838798958,91.93681027043215,57.36277334797158,0.32493937160289427,7.1425250048285065,8404.907725855839,2.164182813426511,15,0,0,0,0,40,0.01999971879263643,1.0,0.0,0.27120971336925026,99.66344330514774,73.46414515238772,0.005532690954403149,0.0,32.101638189242415,216.96531842187701
2165,abundant,109.51640132235346,91.93039485490634,57.36484034234407,0.3280796923759328,7.144682047641351,8406.211087564458,2.1639446907564657,15,0,0,0,0,40,0.019999624019529948,1.0,0.0,0.27121027619627236,99.66346311858375,73.46429760860153,0.005532498850413503,0.0,32.101638189242415,217.27806422887542
2166,abundant,109.51500405409647,91.92393365100534,57.366895401918555,0.33053453537903815,7.1469225156883756,8407.514269858137,2.163702690644458,16,0,0,0,0,40,0.019999703765567412,1.0,0.0,0.27121083902073045,99.66348293205695,73.4644500641208,0.005532306753094017,0.0,32.101638189242415,217.28747375389293
2167,abundant,109.5136315536575,91.917462466366,57.36901127394825,0.33075668058770114,7.149164378101486,8408.859903762863,2.163451139277699,16,0,0,0,0,40,0.01999969937687059,1.0,0.0,0.2712114018426245,99.66350274556733,73.46460251894554,0.005532114662444459,0.0,32.101638189242415,217.2306068208387
2168,abundant,109.51227934872338,91.91097988143565,57.371117338901534,0.33110888053582205,7.151445003922606,8410.235292735491,2.1631883823765428,15,0,0,0,0,40,0.019999721671875116,1.0,0.0,0.27121196466195446,99.66352255911482,73.46475497307573,0.005531922578464602,0.0,32.101638189242415,217.40271755491435
2169,abundant,109.51096183042038,91.9045150450176,57.37325899150733,0.32989249104545953,7.153871615030695,8411.584206277614,2.162924920655912,15,0,0,0,0,40,0.01999975358843222,1.0,0.0,0.2712125274787204,99.66354237269954,73.46490742651139,0.005531730501154211,0.0,32.101638189242415,217.49422846867665
2170,abundant,109.50965765380923,91.89801833109028,57.37536241428224,0.3313200640632028,7.156365578352208,8412.897975630207,2.162654971645655,15,0,0,0,0,40,0.019999739353395437,1.0,0.0,0.2712130902929223,99.66356218632141,73.46505987925252,0.005531538430513055,0.0,32.101638189242415,217.38267220600477
2171,abundant,109.5083620318408,91.89154823908385,57.37744537272927,0.32992875257139714,7.158936680521182,8414.142012212567,2.1624031439843665,15,0,0,0,0,40,0.019999745399466796,1.0,0.0,0.27121365310456,99.66358199998044,73.46521233129907,0.005531346366540903,0.0,32.101638189242415,217.57153719783355
2172,abundant,109.50697323235806,91.88509988747893,57.37951348605433,0.32981615515884294,7.161656565952764,8415.376175735924,2.1621505046140514,15,0,0,0,0,40,0.019999710335284738,1.0,0.0,0.27121421591363387,99.66360181367665,73.46536478265112,0.005531154309237524,0.0,32.101638189242415,217.44517485596606
2173,abundant,109.50559238933465,91.87864362169915,57.38163483305154,0.33011895704223904,7.1644584424727835,8416.5996038651,2.1618972469653266,15,0,0,0,0,40,0.019999711005541924,1.0,0.0,0.2712147787201436,99.66362162741002,73.46551723330862,0.005530962258602685,0.0,32.101638189242415,217.55982118788566
2174,abundant,109.50422435976677,91.8721713330373,57.383733132033946,0.3307748833800314,7.167446235158545,8417.906356693064,2.161624448962243,15,0,0,0,0,40,0.019999568396572243,1.0,0.0,0.2712153415240893,99.66364144118054,73.4656696832716,0.005530770214636155,0.0,32.101638189242415,217.6560735518333
2175,abundant,109.48681433822469,91.83630676609872,57.38192135424019,0.2516491271970299,7.19356375054044,8427.429957994027,2.1637059829748835,14,1,39,0,0,0,0.15798377700253607,0.9995060178452972,0.00035,0.2712130634370925,99.66365788806623,73.46505260465842,0.005531089523218693,0.0,32.101638189242415,212.9737799733222
2176,abundant,109.46775476038779,91.8053099515914,57.379323936849914,0.16180387153393647,7.245471736506377,8448.986148889308,2.1652598354765096,14,1,39,0,0,0,0.21958421820412025,0.9989442752052726,0.00035,0.2712107853681753,99.66367433488254,73.46443553094258,0.005531408820714319,0.0,32.101638189242415,205.74855028492803
2177,abundant,109.44944708696578,91.77552529910102,57.373942099553446,0.13628337372335408,7.290592014291103,8472.45754829226,2.166137461255149,13,1,39,0,0,0,0.2513424486075936,0.9983475985118042,0.00035,0.2712085073172685,99.66369078162953,73.46381846210532,0.005531728107123418,0.0,32.101638189242415,198.2845509942445
2178,abundant,109.43379215909408,91.74930379170873,57.36324325951075,0.11657316087710698,7.342045810917142,8500.087154472425,2.1662122661612373,13,1,39,0,0,0,0.2679495802273613,0.9977326539735543,0.00035,0.2712062292843031,99.6637072283071,73.46320139812796,0.0055320473824463775,0.0,32.101638189242415,199.4030776707616
2179,abundant,109.41515752769035,91.73068236622852,57.3498790847745,0.09825328231298677,7.393816399708439,8525.473910468372,2.1665559334950353,14,1,39,0,0,0,0.2763691321332386,0.9971084479282076,0.00035,0.2712039512692103,99.66372367491536,73.46258433899186,0.00553236664668358,0.0,32.101638189242415,199.05963928728264
2180,abundant,109.3945471204964,91.71859737600444,57.33346220591479,0.0943965175446402,7.405502734351576,8548.487833415697,2.166635632972541,13,1,39,0,0,0,0.2804364902905879,0.996479767788888,0.00035,0.27120167327184774,99.66373851181574,73.46196728465843,0.005532685899835412,0.0,32.101638189242415,190.7293284285736
2181,abundant,109.37224691597655,91.71545314518325,57.321008670163884,0.08809722482007816,7.39606013047112,8571.906167241268,2.1673296893264657,13,1,39,0,0,0,0.2832934254608266,0.9958479450208811,0.00035,0.2711993952920212,99.66375058667481,73.46135023507509,0.005533005141902257,0.0,32.101638189242415,189.60276809801758
2182,abundant,109.35087673116163,91.71447493686986,57.307353966353425,0.08614555625521877,7.363309390959847,8583.289813140458,2.171087758329752,13,1,39,0,0,0,0.28422688180377165,0.9952150954508969,0.00035,0.27119711732953683,99.66375989951214,73.46073319018933,0.005533324372884501,0.0,32.101638189242415,188.31095262673702
2183,abundant,109.3320217361512,91.7230978879288,57.29017712235193,0.08351854175304368,7.3223007051070015,8585.799335870099,2.176804735248483,14,1,39,0,0,0,0.2848187580496181,0.9945815948170423,0.00035,0.27119483938420175,99.6637664503471,73.4601161499489,0.005533643592782528,0.0,32.101638189242415,179.80975043625386
2184,abundant,109.31574199829092,91.73730654002712,57.266550946466964,0.08600882170301791,7.296140148341398,8585.227105369631,2.1833068805104263,14,1,39,0,0,0,0.28460522482403183,0.9939483290697361,0.00035,0.27119256145582354,99.66377023919883,73.45949911430166,0.005533962801596722,0.0,32.101638189242415,162.97695643881818
2185,abundant,109.3051609555931,91.75123378398752,57.22854517068373,0.06947148228139803,7.237516940135871,8558.921812377579,2.196269716694929,13,25,15,0,0,0,0.19949318766601848,0.9936438865633033,0.00875,0.27112210224814537,99.6632878791044,73.44041342081418,0.0055465543004712325,0.0,32.101638189242415,155.26608674589156
2186,abundant,109.2957343232008,91.76996062552378,57.195446152634794,0.0858881682271351,7.202396757626358,8547.884030348265,2.2071168848388756,13,25,15,0,0,0,0.1953161109501247,0.9933440388412581,0.00875,0.2710516435711836,99.66285053315684,73.42132787108494,0.00555914536214851,0.0,32.101638189242415,169.35951453688853
2187,abundant,109.28165503970163,91.79935895512669,57.16091101499202,0.17048182633521766,7.161656342986025,8525.604321853141,2.2174436767663743,13,25,15,0,0,0,0.19607885973688402,0.9930433520955475,0.00875,0.27098118540236094,99.66228009881203,73.40224245899827,0.005571735986643736,0.0,32.101638189242415,152.02948525696473
2188,abundant,109.27786392770497,91.82595588807436,57.12773308795285,0.13042722837950926,7.1040571924453415,8504.14021625599,2.226292018271967,13,24,16,0,0,0,0.19781996561357199,0.9927309501333724,0.008400000000000001,0.270913568639947,99.66169943029472,73.38392671511504,0.005583814828091101,0.0,32.101638189242415,161.54202117616535
2189,abundant,109.27478998594879,91.83703692868582,57.09524011938915,0.06599023992483963,7.055734913286896,8490.381429907677,2.2367887138001836,13,22,18,0,0,0,0.20058688560108617,0.9923959045592113,0.0077,0.2708516341506183,99.66123573130112,73.36715016143836,0.005594870558379549,0.0,32.101638189242415,166.84843698463163
2190,abundant,109.2810431330729,91.85037571472942,57.06514824665801,0.05042485235888313,7.009990971212896,8469.359714269747,2.247941977429559,13,22,18,0,0,0,0.20313570653674065,0.9920580552820208,0.0077,0.2707897001040723,99.6607491963476,73.35037372770076,0.005605925904795139,0.0,32.101638189242415,161.751928853854
2191,abundant,109.28441382176854,91.85319164463553,57.023139999133036,0.04024528751985546,6.978870943826323,8457.150821473551,2.255048527600925,13,22,18,0,0,0,0.20473444096876797,0.9917184473969552,0.0077,0.27072776649958313,99.66030276327328,73.33359741370566,0.0056169808673511975,0.0,32.101638189242415,162.58438383485205
2192,abundant,109.3052384984372,91.85880342303093,56.97589637126496,0.05986007042163494,6.916109938665966,8421.933927894788,2.265209485960964,13,22,18,0,0,0,0.20128726021535584,0.9913826314107184,0.0077,0.27066583332744076,99.659767642926,73.31682121682285,0.0056280354460610535,0.0,32.101638189242415,168.17842181670474
2193,abundant,109.31854432867473,91.8584034386307,56.940413235829375,0.022647344397351832,6.878123295284834,8409.168593189053,2.273423502882164,13,22,18,0,0,0,0.1980590152492247,0.9910503664939441,0.0077,0.2706039005677396,99.65913383561988,73.30004513166037,0.005639089640938035,0.0,32.101638189242415,167.19870619739268
2194,abundant,109.3501232551741,91.85868304101282,56.92462860465539,0.1398848179683405,6.859024299564598,8399.444661272544,2.2807030472556566,11,23,17,0,0,0,0.1964161923534279,0.9907142147177603,0.007496644121608724,0.2705436188195071,99.65841987383227,73.28371626553248,0.005649846351450354,0.0,32.101638189242415,162.9672988519977
2195,abundant,109.36622010084011,91.8692397678652,56.892169857197814,0.043254034828937825,6.8191268624796395,8382.258311461985,2.289465578483423,11,21,19,0,0,0,0.20209287980660245,0.990367712549973,0.007350000000000001,0.2704845277518792,99.65775461518226,73.26770992595306,0.005660388443136388,0.0,32.101638189242415,173.8515273327946
2196,abundant,109.38765111594725,91.88490107458007,56.872860525730076,0.0803958615156766,6.774054925311686,8360.406282370284,2.3014248614472232,11,21,19,0,0,0,0.2039299737668526,0.9900191895788295,0.007350000000000001,0.2704254370727893,99.65700471927494,73.25170369161917,0.005670930168783929,0.0,32.101638189242415,167.78511907464787
2197,abundant,109.3925055845626,91.8972243915957,56.85551793436607,0.0474100418938773,6.714646065974347,8353.833968287247,2.31258144962685,12,20,20,0,0,0,0.20528262646566137,0.9896593786897172,0.007000000000000001,0.2703691876586404,99.65633667960685,73.23646708716855,0.005680960182524693,0.0,32.101638189242415,168.95484647654814
2198,abundant,109.41045605078148,91.91590059268852,56.84860430841231,0.107862356400874,6.654120147019375,8335.849284546632,2.32025282050733,13,18,22,0,0,0,0.21176227655324542,0.9892728401855087,0.0063,0.27031862039512544,99.65572584656115,73.22276963975536,0.005689967156245156,0.0,32.101638189242415,167.8438893679423
2199,abundant,109.42209223311163,91.93638587238685,56.83886211166673,0.08496232505713777,6.5813336178748,8312.391078554538,2.3345073777588095,14,17,23,0,0,0,0.21591830213961688,0.9888719300531552,0.00595,0.27027089434883683,99.6550909865907,73.20984180930068,0.005698462471347917,0.0,32.101638189242415,177.3491655823904
2200,abundant,109.43840646383964,91.95440003198168,56.82628114466138,0.09313970896316139,6.497852182739656,8290.886190294696,2.3423583360547795,15,16,24,0,0,0,0.21932927135410196,0.9884574678546656,0.005600000000000001,0.2702260095094987,99.65452919532126,73.19768359302108,0.005706446145598588,0.0,32.101638189242415,177.93295671853903
2201,abundant,109.45390568621102,91.96020287818791,56.820256774234664,0.040581295927304646,6.449517295603238,8268.135410283488,2.348705873671391,15,13,27,0,0,0,0.22788909093686813,0.9880041898546349,0.00455,0.27018964764743253,99.6541550136592,73.18783404493647,0.0057128955050001935,0.0,32.101638189242415,168.1324739940799
2202,abundant,109.48735002359157,91.96631475705934,56.81751750412857,0.14658350108920346,6.407905371455206,8238.838053038955,2.3557357514793313,16,12,28,0,0,0,0.23443257707612225,0.9875339140198512,0.004200000000000001,0.27015612692223473,99.6538020357379,73.17875409204338,0.005718833294588604,0.0,32.101638189242415,161.34658784052104
2203,abundant,109.52202919057035,91.96789517440975,56.831935378789964,0.12929127219464043,6.384564768747845,8201.655777182415,2.3620672958290845,16,12,28,0,0,0,0.23538510686383107,0.9870625904023009,0.004200000000000001,0.2701226064246743,99.65344912872902,73.16967420081171,0.005724770878007343,0.0,32.101638189242415,171.35526011103593
2204,abundant,109.54283887654148,91.95814061939836,56.823416657276915,0.04408777303151605,6.348744006928674,8160.6205145655695,2.3718122761547904,16,12,28,0,0,0,0.2335385511826483,0.986593297996,0.004200000000000001,0.27008908615613714,99.65311396987462,73.16059437161692,0.0057307082552635735,0.0,32.101638189242415,176.48580814874913
2205,abundant,109.55713476080484,91.94551396720006,56.82350702900449,0.04571953045942386,6.318181958176192,8122.599250582425,2.3846889170691172,15,12,28,0,0,0,0.2294740870497856,0.9861284765002452,0.004200000000000001,0.27005556610549053,99.65275546368493,73.15151460144341,0.005736645426364448,0.0,32.101638189242415,175.33655390385124
2206,abundant,109.56969761935966,91.9276477395141,56.80035072089087,0.07879478324813247,6.299627262383602,8073.663798522306,2.396903830015379,14,11,29,0,0,0,0.2328569167620973,0.9856423008017474,0.003570246783590779,0.2700271578707338,99.65228046004543,73.1438194984334,0.005741662329279269,0.0,32.101638189242415,160.85669751355914
2207,abundant,109.59052196866067,91.91446602402505,56.78126700176604,0.09750298211484783,6.313083801574825,8045.01561133541,2.4093218969826795,16,8,32,0,0,0,0.24020206752284484,0.9851264785274723,0.0028000000000000004,0.27000500179692644,99.65212831494367,73.13781795445487,0.005745553736512994,0.0,32.101638189242415,170.89461006059315
2208,abundant,109.60305403948148,91.92268905692292,56.77674923314955,0.03702340676387539,6.339257429363981,8019.078416483724,2.419214018478748,16,9,31,0,0,0,0.2367945392658964,0.9846242045342798,0.00315,0.2699800049942589,99.65193801782127,73.13104692580438,0.00574995635451175,0.0,32.101638189242415,164.38315331283144
2209,abundant,109.61041012107061,91.94910989583924,56.76336524220103,0.14981160044051114,6.367605930902363,8002.508191552108,2.4313657731150213,16,11,29,0,0,0,0.23576661983353367,0.9841426612524629,0.0038500000000000006,0.2699493265720144,99.65153616485226,73.12273688396697,0.005755381511406458,0.0,32.101638189242415,151.2622700789813
2210,abundant,109.61650421391312,91.96575619404348,56.77932158023312,0.07796506491422657,6.413524237858323,7990.099118093836,2.444267164055027,16,10,30,0,0,0,0.23746729465250396,0.9836494472283451,0.0035000000000000005,0.26992148925405246,99.65123470001855,73.11519642849431,0.005760295134049945,0.0,32.101638189242415,167.63310169865508
2211,abundant,109.61435456070555,92.00235005437031,56.77504089488424,0.1915846754169109,6.4292545289847,7981.113103446034,2.458600450322014,16,10,30,0,0,0,0.23783898977491216,0.9831476120294026,0.003206703207491743,0.26989603275634394,99.65090268013721,73.10830087958679,0.005764780082922332,0.0,32.101638189242415,166.91665941613286
2212,abundant,109.6219486109281,92.02772183694552,56.77787215076169,0.0897929877034921,6.446058458902908,7975.136297722245,2.472657745209934,16,8,32,0,0,0,0.2434919169367143,0.9826281709207721,0.0028000000000000004,0.2698738775667044,99.65061401253368,73.10229957510792,0.005768670687470215,0.0,32.101638189242415,185.93996666887978
2213,abundant,109.65450148264783,92.06164652658262,56.77035227592226,0.23618947834046514,6.456742735947271,7977.715917887232,2.478739752326795,16,8,32,0,0,0,0.2398263290458706,0.9821127619588216,0.0028000000000000004,0.2698517225267248,99.6504290093186,73.0962983111683,0.005772561156930008,0.0,32.101638189242415,168.76828529616478
2214,abundant,109.67826467054007,92.10306505608882,56.77555629813939,0.19634773091771354,6.458014195406531,7972.329520606443,2.473625535426781,17,9,31,0,0,0,0.24223494735199796,0.9816045035167346,0.00315,0.26982672673565383,99.65009211249982,73.08952755653483,0.00577696283718739,0.0,32.101638189242415,148.1265799151077
2215,abundant,109.69197830557032,92.13734966218942,56.77776060301401,0.15008296002691515,6.424849389825743,7968.098763072776,2.466398104322254,17,8,32,0,0,0,0.24754876931050288,0.9810805998704929,0.0028000000000000004,0.26980457199288826,99.6497834898241,73.0835263731033,0.005780853018730315,0.0,32.101638189242415,154.37040469726938
2216,abundant,109.6990734604336,92.171081750142,56.80667731274697,0.1700164825821538,6.434531620479817,7983.193948827895,2.4586937038547076,17,7,33,0,0,0,0.24615273906668964,0.9805484318575196,0.00245,0.2697852582833491,99.64944285751474,73.07829475678915,0.005784231719318848,0.0,32.101638189242415,140.43777782909908
2217,abundant,109.68411528745443,92.21733891913559,56.84292514222564,0.2126039338308186,6.428883220335291,8010.3521566593045,2.44988346534878,17,7,33,0,0,0,0.24734747534265966,0.9800149496346426,0.00245,0.26976594469392473,99.64916363108257,73.07306317301119,0.005787610302593424,0.0,32.101638189242415,155.0733021658469
2218,abundant,109.6617222928484,92.26557932594002,56.88576701989098,0.20744480442745444,6.402761726684036,8025.415838641704,2.440889451757691,16,6,34,0,0,0,0.25086691010804263,0.9794677960335237,0.0021000000000000003,0.2697494721259808,99.6489904655642,73.06860115316896,0.005790477422677127,0.0,32.101638189242415,164.27218444334784
2219,abundant,109.65817843050222,92.31515251713904,56.902361091539056,0.21456461381324868,6.3581140079609355,8050.889959447239,2.4294793693679027,16,7,33,0,0,0,0.24855620514588836,0.9789329842078633,0.00245,0.26973015877564005,99.64865188770675,73.06336963415296,0.00579385578909077,0.0,32.101638189242415,143.64372070975313
2220,abundant,109.65955072347008,92.37502878733781,56.925323664361756,0.28178246225216635,6.317104227659414,8082.621215225408,2.418548975345641,16,8,32,0,0,0,0.25018418115311963,0.9784061816085948,0.0028000000000000004,0.26970800466245365,99.64832808762658,73.05736862125917,0.005797745384083048,0.0,32.101638189242415,157.8568629164608
2221,abundant,109.64988084995238,92.41267939129591,56.946178183805344,0.16500009908637628,6.25753477006593,8106.94426428029,2.399707725603703,16,11,29,0,0,0,0.23251010763827384,0.9779282204901927,0.0038500000000000006,0.26967732801267424,99.64776000889644,73.04905905953962,0.00580316888166526,0.0,32.101638189242415,178.62616730796626
2222,abundant,109.65185217618469,92.43805600004158,56.96708780429384,0.08009351609777661,6.245067010685412,8142.128387938836,2.3799747425170543,17,10,30,0,0,0,0.2374381068016068,0.9774350385727107,0.0035000000000000005,0.2696494924392286,99.64724301912828,73.04151907661421,0.005808080845053862,0.0,32.101638189242415,179.77925527670345
2223,abundant,109.63941084720791,92.44664975072362,56.98360403299737,0.09760962727587588,6.2496375877633845,8166.362850751,2.367778912291392,16,7,33,0,0,0,0.2378510007782105,0.976912002471855,0.00245,0.26963017972532105,99.64697346852705,73.03628772999257,0.005811458600248173,0.0,32.101638189242415,179.60279170193627
2224,abundant,109.64191319970425,92.44399239529581,56.98600035926563,0.020795005559303845,6.252464660295427,8184.111893003152,2.3578540027243857,16,5,35,0,0,0,0.24025966759034062,0.976354736549823,0.0013221325827714753,0.2696200218285041,99.6466438324678,73.03353620167549,0.0058131884371382,0.0,32.101638189242415,183.715482084295
2225,abundant,109.65599643259073,92.4291477147424,56.97233133009208,0.10382989643142608,6.234750682442765,8199.524532536016,2.348917173938534,17,3,37,0,0,0,0.2524641856887132,0.9757764259455655,0.0010500000000000002,0.26961207284944183,99.64651257721378,73.03138301569852,0.00581452063146468,0.0,32.101638189242415,199.53862847301636
2226,abundant,109.65025757852246,92.39611936653327,56.953309109296356,0.17116747746707447,6.230386779576152,8210.457208233165,2.339401845086326,17,4,36,0,0,0,0.2510186595405325,0.9752095054200709,0.0014,0.26960128302293623,99.64629136345935,73.0284603129283,0.005816364125416207,0.0,32.101638189242415,207.09693033517192
2227,abundant,109.63006163233209,92.34547265497358,56.943361998003056,0.2586733395306718,6.228633935228489,8210.584395302518,2.330679490898696,17,4,36,0,0,0,0.25646666523858763,0.9746365920883084,0.0014,0.2695904932674442,99.64615656102085,73.02553762939394,0.005818207555358638,0.0,32.101638189242415,206.91994449247545
2228,abundant,109.59539759207625,92.29658758905722,56.94412765621869,0.2555495020437273,6.228828005915018,8217.539352418404,2.3225613426658436,17,5,35,0,0,0,0.25800323959041427,0.9740717885247591,0.0017500000000000003,0.2695768626829421,99.64599304239,73.02184543405943,0.005820562267175185,0.0,32.101638189242415,199.0204570367163
2229,abundant,109.55395534812337,92.23299132722454,56.95274786946088,0.3246936341657035,6.244577126992079,8223.504439093522,2.3150006294105845,17,5,35,0,0,0,0.2601094866542974,0.9735046680894393,0.0017500000000000003,0.26956323218098954,99.64576909967373,73.0181532610856,0.0058229168972323275,0.0,32.101638189242415,193.89714374253847
2230,abundant,109.50664198296211,92.15972609543087,56.955247601692236,0.3369037800408357,6.285237401367526,8230.776065364,2.300225541059913,17,4,36,0,0,0,0.26353885187408654,0.9729239753523778,0.0014,0.2695524426516412,99.64554320041476,73.01523063880808,0.005824760099651909,0.0,32.101638189242415,191.55848466050523
2231,abundant,109.4585877784084,92.07612633535113,56.95146499148176,0.3722117304527274,6.341208396578613,8228.417930705713,2.2881529650756574,17,5,35,0,0,0,0.2603853191187648,0.972356551501347,0.0017500000000000003,0.26953881230057825,99.64534179327799,73.01153850670657,0.005827114583953508,0.0,32.101638189242415,192.4370286220616
2232,abundant,109.4080829087296,92.00737012319114,56.9647091251559,0.32398910321251406,6.439231357974494,8260.166034167254,2.277304800598953,16,5,35,0,0,0,0.25795213824281277,0.9717918041492799,0.0017500000000000003,0.26952518204791664,99.64516080663066,73.00784640125964,0.005829468986503598,0.0,32.101638189242415,193.2183991912954
2233,abundant,109.3738463941821,91.9432183855608,56.982644828645014,0.26789466295808706,6.5391553782554706,8291.864400113322,2.2661108944014003,14,5,35,0,0,0,0.257196505212211,0.9712181552757524,0.001402402935925329,0.26951437326856625,99.64491234347214,73.00491856462261,0.005831315472085138,0.0,32.101638189242415,192.57942013080964
2234,abundant,109.36178441281746,91.89561059250339,56.985625792187264,0.17079110658147975,6.6232570075548995,8328.129813012289,2.2546333479681304,15,5,35,0,0,0,0.25373680929885556,0.9706580447855238,0.0017500000000000003,0.2695007431707373,99.64477767316494,73.00122650111608,0.005833669728773591,0.0,32.101638189242415,193.4534404602877
2235,abundant,109.36167364926969,91.85735374804351,56.985440551264126,0.12797634608000316,6.668149418309035,8344.481271948396,2.2468452902786975,14,7,32,0,1,0,0.2400970803108943,0.9701234819486395,0.0021265696949218744,0.269484056611346,99.64448754085416,72.99670651617164,0.005836574067611021,0.0,32.101638189242415,187.1663087305466
2236,abundant,109.33458183075841,91.82200123179489,56.983507303363055,0.2003169306822636,6.6978984702331825,8343.851611801954,2.2411950698327154,14,5,34,0,1,0,0.24111976361997364,0.9695772502086577,0.0017500000000000003,0.2694704267074088,99.6442877672955,72.99301450518568,0.00583892814171252,0.0,32.101638189242415,201.61052275437592
2237,abundant,109.2880910931708,91.79370928134549,56.98973222225318,0.23918062652050226,6.675836720096294,8332.991685595727,2.239826818211627,18,6,33,0,1,0,0.23699330193009085,0.9690453575765344,0.0021000000000000003,0.26945395601451666,99.64419796651846,72.98855299324957,0.005841793479957745,0.0,32.101638189242415,190.65304464071082
2238,abundant,109.25222884352377,91.77658844312968,56.97401960560575,0.15052147465582835,6.629211807803318,8308.41385347554,2.236893631183244,18,6,33,0,1,0,0.24016698774097697,0.9685099738900191,0.0021000000000000003,0.2694374854252402,99.64395599418488,72.98409150938043,0.005844658718713786,0.0,32.101638189242415,180.164512700799
2239,abundant,109.21555047816682,91.75926632528571,56.95172197744317,0.18691057275988654,6.587660691960112,8286.336493399438,2.2346080474190577,18,4,35,0,1,0,0.24777745005494545,0.967946618694959,0.0014,0.2694266967198573,99.64381888514383,72.9811691102952,0.005846501166222118,0.0,32.101638189242415,187.5411133484085
2240,abundant,109.18324230177079,91.75639457277259,56.91971573433673,0.09529020160207238,6.602856193340168,8276.420594334093,2.2278346695140003,18,4,35,0,1,0,0.2524187176292565,0.9673781581055667,0.0014,0.26941590808665106,99.64382197407436,72.97824673076087,0.005848343549757687,0.0,32.101638189242415,191.38872218425806
2241,abundant,109.15311343541956,91.76887834472072,56.895371369245254,0.1148801086661162,6.616644914170671,8259.655977999188,2.224646092627655,17,4,35,0,1,0,0.25522969932529016,0.9668066054363088,0.0014,0.2694051195226306,99.64380483589989,72.97532436996731,0.005850185869322717,0.0,32.101638189242415,179.87112222716172
2242,abundant,109.14642742683061,91.77261421025138,56.86455119946079,0.014999062109072394,6.611289280060808,8248.574124610765,2.214830293732831,18,7,32,0,1,0,0.24661960429848745,0.9662659454728303,0.0021650571874912254,0.26938812117790517,99.64359149212443,72.97071992992443,0.005853145864466701,0.0,32.101638189242415,199.89240061055074
2243,abundant,109.14673218165937,91.77505554979695,56.84449090841529,0.07643166049102357,6.58370514980989,8243.336974708138,2.2067867299084503,18,7,32,0,1,0,0.24038005174225488,0.9657313236047896,0.002135578174135307,0.2693713622159098,99.64336306936973,72.96618033286745,0.005856062688343273,0.0,32.101638189242415,188.75457785503096
2244,abundant,109.16260900204786,91.7820906523397,56.814898437038565,0.12962822032742807,6.561843356649909,8235.854354580464,2.195422038121095,18,6,33,0,1,0,0.2441346980448181,0.9651915754369403,0.0021000000000000003,0.26935489214470726,99.64322066614598,72.96171898933198,0.005858927431649292,0.0,32.101638189242415,186.53559172951822
2245,abundant,109.17999204281595,91.79925803980706,56.798254057820586,0.15298155622880397,6.57124975833938,8238.76131495941,2.1868862309453316,17,5,35,0,0,0,0.25267576365136596,0.9646326320969238,0.0017500000000000003,0.2693412630665514,99.64313603353938,72.95802720203021,0.005861280729605792,0.0,32.101638189242415,166.84117559535542
2246,abundant,109.21294596357953,91.8077802395878,56.77170022865117,0.14947879935617367,6.5515643915703405,8225.599198461023,2.1860536390736023,17,6,34,0,0,0,0.2522655098776937,0.9640839400360584,0.0021000000000000003,0.2693247931770277,99.64290774104585,72.95356590770716,0.005864145291732967,0.0,32.101638189242415,178.09884193064065
2247,abundant,109.25645203607526,91.81560695660585,56.76248282473841,0.19736224985775594,6.540007710135129,8217.380884568309,2.189161398519898,17,6,34,0,0,0,0.24628664165496347,0.9635418247302379,0.0021000000000000003,0.26930832338143357,99.64275054292943,72.94910463882735,0.0058670097543979055,0.0,32.101638189242415,189.8580774734377
2248,abundant,109.32646338627133,91.82652333305211,56.731701413636735,0.2850765631109181,6.511837883351814,8197.062656896167,2.1881028629563763,18,6,34,0,0,0,0.2373230220893469,0.9630095694059395,0.0021000000000000003,0.2692918536771265,99.64250752270121,72.94464339467498,0.0058698741176040625,0.0,32.101638189242415,178.52070571161852
2249,abundant,109.39760380929185,91.82991364546129,56.713569664935584,0.30380546547513115,6.4605456971936635,8176.968259385903,2.1849792653792837,17,6,34,0,0,0,0.24900986950370818,0.9624644585494855,0.0021000000000000003,0.2692753840713135,99.64239127304447,72.94018217720229,0.005872738381354891,0.0,32.101638189242415,193.8056729093412
2250,abundant,109.44634226421672,91.8341606068392,56.70398316044147,0.18629815864228993,6.411419714532931,8157.629585639763,2.1822872660531747,17,6,34,0,0,0,0.2539036795602337,0.9619139645019692,0.0021000000000000003,0.2692589145589018,99.64215658056474,72.93572098502973,0.005875602545653842,0.0,32.101638189242415,201.3716796039045
2251,abundant,109.48716873449987,91.83567466098852,56.69185209770477,0.15016713701790538,6.346821418717722,8126.780270759191,2.179652078775371,17,7,33,0,0,0,0.248701145607106,0.9613789932418013,0.00245,0.2692396042507602,99.64191087825388,72.93049029007184,0.005878977956385361,0.0,32.101638189242415,193.63675759547056
2252,abundant,109.5222472239656,91.84605435805645,56.69563702745427,0.12043815648346035,6.278265454039169,8119.237636949969,2.17862769770247,17,5,35,0,0,0,0.2564469724993914,0.9608159015720522,0.0017500000000000003,0.26922597583672386,99.64180509255975,72.92679868266396,0.005881330558155175,0.0,32.101638189242415,185.0912719026911
2253,abundant,109.54006935013277,91.85176950085182,56.734601848041464,0.05423391665710995,6.228993085970354,8128.846736752144,2.176645479657332,18,6,34,0,0,0,0.2589198060580659,0.9602502588411598,0.0017560377061294121,0.2692122984794973,99.64152878677609,72.92309381773082,0.005883691899256442,0.0,32.101638189242415,193.8325843978874
2254,abundant,109.54417384874446,91.87513384965031,56.79571186772627,0.07256181789974916,6.215816292162203,8138.255567916283,2.168598408170017,17,4,36,0,0,0,0.2581664139342297,0.9596754757858321,0.0014,0.2692015111060543,99.64145149084045,72.92017177943585,0.005885532991469534,0.0,32.101638189242415,192.6451998844479
2255,abundant,109.52584650472674,91.90191937788123,56.86255608015856,0.13129351077720852,6.203665626653824,8152.389883952637,2.1585776094784896,18,6,34,0,0,0,0.25358295510265416,0.9591155861135713,0.0017518420840024573,0.26918786795071165,99.64127906452728,72.91647617896498,0.005887888056900961,0.0,32.101638189242415,173.68553919472848
2256,abundant,109.50595295022022,91.92664315271604,56.93849476987109,0.1292106454844091,6.204066306738286,8177.134260537394,2.152791270769935,18,5,35,0,0,0,0.2600590779200864,0.9585400543001711,0.0014476132968545712,0.2691766942381104,99.6410726445469,72.91344949074563,0.005889798565883028,0.0,32.101638189242415,172.48973726755995
2257,abundant,109.51310232667542,91.93837868417992,57.0215293819238,0.02346907696753722,6.252320871775984,8203.12748642714,2.1473192825587595,18,4,36,0,0,0,0.2624337234537695,0.957960577204372,0.0014,0.2691659070659516,99.64101410772965,72.9105275069737,0.005891639446062765,0.0,32.101638189242415,172.32631319617386
2258,abundant,109.51695756741265,91.94608355106698,57.091084506468654,0.03041725337253727,6.298270385820452,8228.051425074627,2.1374685087954335,18,4,36,0,0,0,0.25532895152399515,0.9573889153576955,0.0014,0.26915511995700314,99.64090176026184,72.9076055403239,0.005893480262324161,0.0,32.101638189242415,185.76221948706734
2259,abundant,109.53134200034904,91.94907911184929,57.15499208790129,0.0845958071327396,6.337843820325555,8267.185267133958,2.134591555729166,18,9,31,0,0,0,0.24371245055417418,0.9568790316620859,0.00315,0.26913012846418743,99.64066661030415,72.90083594998372,0.005897877744074386,0.0,32.101638189242415,185.4992445183413
2260,abundant,109.53551515850504,91.95393178049939,57.203218015544756,0.03144704811337267,6.367427621171326,8277.662887517603,2.131334780507762,18,9,31,0,0,0,0.24152600651662554,0.9563618352170937,0.0028029343634345663,0.2691079541871137,99.6403212656179,72.89482947518104,0.005901768014326379,0.0,32.101638189242415,163.21736761631865
2261,abundant,109.54994027821151,91.95433658708146,57.239792308917664,0.08634855766371632,6.4016789604579545,8294.46848939066,2.129360412364949,18,7,33,0,0,0,0.2469341493133162,0.955813381677968,0.0018990723256694837,0.26909311653238954,99.64001008538533,72.8908103137475,0.005904337617701903,0.0,32.101638189242415,170.7918710835032
2262,abundant,109.54821938532078,91.94063598897202,57.278148927676476,0.045523059271676075,6.422531668427271,8320.736331282555,2.1321075633367497,19,6,34,0,0,0,0.24716823847447672,0.9552702966156461,0.0021000000000000003,0.2690766480767824,99.63985102441295,72.88634940783771,0.005907200684824196,0.0,32.101638189242415,179.55163452405543
2263,abundant,109.54957385592115,91.91524190927981,57.302777734579706,0.07819438700656826,6.384802670332992,8328.081928473548,2.137605529757913,19,5,35,0,0,0,0.25025840692577905,0.9547140123680276,0.0017500000000000003,0.26906302061755577,99.639740788754,72.88265805906468,0.005909552306655172,0.0,32.101638189242415,179.45787267654936
2264,abundant,109.5628115169831,91.89234733783238,57.31270797358577,0.10798298930627516,6.352360008271593,8313.756975975557,2.1456176697110343,19,6,34,0,0,0,0.2538453325880373,0.9541635825021808,0.0021000000000000003,0.26904655233843655,99.63953961469954,72.8781972009612,0.00591241519271502,0.0,32.101638189242415,198.69503186366012
2265,abundant,109.57439544236577,91.85967414709413,57.32365150033445,0.1340462299679825,6.310241680075857,8310.516937011074,2.1605820278366608,20,7,33,0,0,0,0.2507258580610304,0.9536263840583136,0.00245,0.26902724326356686,99.63929763522381,72.87296684006681,0.00591578932525182,0.0,32.101638189242415,205.1312722918204
2266,abundant,109.6128512197369,91.81624687701036,57.3087949128146,0.2550275947920743,6.303809121765482,8289.818988215826,2.1690060879650397,21,8,32,0,0,0,0.2458705018209643,0.9530909232028482,0.002321310590628837,0.2690089788537083,99.63893847804447,72.86801945363177,0.005918975326920674,0.0,32.101638189242415,197.02346803465858
2267,abundant,109.63805426638893,91.77119731218622,57.282810056813084,0.2084593476977112,6.283945066294585,8277.150850334387,2.172798064240241,21,6,34,0,0,0,0.24492943690423735,0.9525405481844373,0.0017516915065692064,0.2689953380503189,99.63868019337224,72.86432449024811,0.0059213290111882,0.0,32.101638189242415,207.58003686163502
2268,abundant,109.63393792587814,91.73631937145134,57.254955774973084,0.12654834371057205,6.282574860629901,8268.934347802133,2.1815100527184517,20,5,35,0,0,0,0.24919488321098732,0.9519854338129055,0.0017500000000000003,0.2689817110589862,99.6385464058114,72.8606332682162,0.005923680142460806,0.0,32.101638189242415,191.4233971846969
2269,abundant,109.61385963523851,91.70499200255443,57.22848795164229,0.12524236996517332,6.278656561099258,8265.049658423115,2.1902812637600926,20,5,34,0,1,0,0.2553564081295516,0.9514235417639629,0.0017500000000000003,0.26896808414616014,99.63839844159727,72.85694206744984,0.005926031192098325,0.0,32.101638189242415,172.4446595346575
2270,abundant,109.60181426339291,91.68206053325541,57.195266593821756,0.07344587955588686,6.247343945576435,8264.6153068836,2.1909996567371763,20,5,34,0,1,0,0.25828621890547077,0.9508584269231669,0.0017500000000000003,0.26895445730764866,99.63823677518766,72.8532508868135,0.005928382160103596,0.0,32.101638189242415,180.73003712216675
2271,abundant,109.58155014294115,91.67202807350395,57.17353980851858,0.05645521805700703,6.251713368348296,8280.640093345486,2.19083950843227,20,6,33,0,1,0,0.2522816862510039,0.9503097170682906,0.0021000000000000003,0.26893798965460686,99.63797734870697,72.84879019829924,0.005931244392360439,0.0,32.101638189242415,187.10574561524783
2272,abundant,109.58888508134335,91.67578890059107,57.157970991491425,0.10735218633390074,6.228559332490813,8286.276890013141,2.1837670711760007,20,9,30,0,1,0,0.24111558045212753,0.9497929489849095,0.0028021091112935556,0.26891582318804985,99.63758628907009,72.84278583917644,0.005935132298384701,0.0,32.101638189242415,168.57071805359342
2273,abundant,109.60017269586683,91.69896312186145,57.143261675313326,0.15117324569862406,6.2637452633636785,8292.917296553278,2.1755236289352937,21,8,31,0,1,0,0.24681642352778246,0.9492431834624314,0.001847590835797449,0.26890140450777145,99.63713422476269,72.83888016777655,0.005937625529447415,0.0,32.101638189242415,156.32668237067767
2274,abundant,109.6181208469447,91.74847139909382,57.119719999884374,0.2396602802909606,6.327810662844042,8304.477281424312,2.166890181507111,21,6,33,0,1,0,0.24793131272701877,0.9486992590184317,0.0021000000000000003,0.26888493715096484,99.6368499847698,72.83441955950524,0.0059404874407595065,0.0,32.101638189242415,148.8179553206849
2275,abundant,109.66005123321766,91.79400994196604,57.116963081094674,0.25996754112724435,6.38333978865709,8330.478299769042,2.1624831885319895,20,8,31,0,1,0,0.24417131961305466,0.9481697399534127,0.0024667638055442887,0.2688654929271478,99.63651716499834,72.82915259003308,0.005943885090305004,0.0,32.101638189242415,144.38244687108073
2276,abundant,109.70501409753824,91.83367900168327,57.10533524942629,0.21695501022491215,6.412567436682903,8347.054156279584,2.167417868832724,18,7,32,0,1,0,0.24394318173112692,0.9476400024535083,0.00245,0.2688461848961297,99.63627431150495,72.82392251189282,0.005947258130155997,0.0,32.101638189242415,174.4654588777674
2277,abundant,109.73628591003867,91.90204216316013,57.09745931240256,0.3197627970209942,6.440698527398764,8346.226521365985,2.172779316949314,17,7,32,0,1,0,0.24653498270664914,0.9471074139725311,0.00245,0.26882687697778707,99.6359594211785,72.8186924642736,0.00595063105288958,0.0,32.101638189242415,137.49710039089902
2278,abundant,109.73290191917972,91.96248238714912,57.12709818339762,0.2481491883191009,6.463846815647438,8345.516098350898,2.1829908091153083,18,8,31,0,1,0,0.24161016212421668,0.946580271670787,0.0024510313068834616,0.26880756080949236,99.63562876109208,72.81346018194212,0.005954005365237046,0.0,32.101638189242415,143.30661234920575
2279,abundant,109.70626358591399,92.0238382220931,57.168260704684144,0.29244271776066405,6.452088142399026,8325.239778187584,2.192147227712287,18,8,32,0,0,0,0.24727975292653204,0.9460566639425678,0.0028,0.26878541223325575,99.63516456292491,72.80746066887397,0.005957889399576693,0.0,32.101638189242415,143.52064086759881
2280,abundant,109.67773139787255,92.07348231032373,57.21732333422612,0.24359201525745602,6.425557720131861,8290.879585787421,2.1947319354122135,19,3,37,0,0,0,0.256365811135356,0.9454740615503189,0.0010500000000000002,0.26877746825197524,99.63507024489978,72.80530883667508,0.005959216569651427,0.0,32.101638189242415,158.733048744136
2281,abundant,109.68116440922572,92.1139999245054,57.24762205741066,0.1684646060009628,6.410408475042854,8243.515432786895,2.195623957583917,19,2,38,0,0,0,0.25231637849500244,0.9448861135339743,0.0007,0.26877236522229264,99.63507473587586,72.8039265494824,0.005960032347763677,0.0,32.101638189242415,155.12486725437435
2282,abundant,109.67471870048846,92.14435818526725,57.24113823141406,0.12854552948796996,6.396575342645713,8186.372820246601,2.1938856844064305,19,4,36,0,0,0,0.2490415459772395,0.9443213678333994,0.0014,0.2687615804420068,99.63487601133882,72.80100521361095,0.005961870789312771,0.0,32.101638189242415,168.58566269055535
2283,abundant,109.66022604075037,92.15942476284722,57.238325871690066,0.0929680310189399,6.398804336633784,8121.160179707484,2.19928328388375,19,5,35,0,0,0,0.2548074510896983,0.9437504536901443,0.0014062161765487312,0.2687507452729115,99.63462464028632,72.79807022863093,0.005963718248788977,0.0,32.101638189242415,179.40106835433636
2284,abundant,109.62940097511198,92.16171306898354,57.2334498971008,0.10809171889625098,6.362314622231968,8068.678406008468,2.2016747719684386,18,4,36,0,0,0,0.255937774498344,0.9431781221381961,0.0014,0.26873996063049216,99.63458146695481,72.79514893010418,0.0059655565623576165,0.0,32.101638189242415,189.29799183227914
2285,abundant,109.58297768359803,92.15564923968014,57.228319429961616,0.1857359567152072,6.345176181784258,8031.328067248396,2.205160431365199,18,4,36,0,0,0,0.26040724652279834,0.942573229554861,0.00041269242285900414,0.2687371898612077,99.63432928787377,72.79439839578751,0.005965952367346058,0.0,32.101638189242415,185.8142165241395
2286,abundant,109.53565806120662,92.15855815532045,57.23145808508789,0.17000722068972568,6.343457111038931,7994.524988546531,2.211986223800815,18,2,38,0,0,0,0.26407220634703527,0.9419723501278792,0.0007,0.26873208708910834,99.6343277292563,72.79301617836789,0.005966767911580503,0.0,32.101638189242415,182.5425045679451
2287,abundant,109.49346912823042,92.16963487326035,57.2452687198043,0.1598830034783455,6.338884200484843,7966.16008555398,2.2194237203072453,18,4,36,0,0,0,0.2600864251447523,0.94139545506022,0.0014,0.2687213025767918,99.63419549243098,72.79009491508282,0.005968606119259913,0.0,32.101638189242415,180.95067827717668
2288,abundant,109.46194244879423,92.17598696725891,57.27480695069735,0.12291640192171399,6.311173099978077,7942.188090838361,2.227594807501199,18,4,36,0,0,0,0.2631834958850635,0.9408151532147464,0.0014,0.26871051814750413,99.63411253240525,72.78717367428827,0.0059704442631137765,0.0,32.101638189242415,178.9362538148821
2289,abundant,109.4328329654318,92.16667125070641,57.30377504091606,0.11926938493518856,6.267302744638838,7921.373617173071,2.2385841989012327,17,8,32,0,0,0,0.24682392548164742,0.9402823347052198,0.0024531360179755766,0.26869118564897926,99.63366343827877,72.78193696849279,0.005973820962472632,0.0,32.101638189242415,192.09646503797438
2290,abundant,109.43678112466311,92.16047751631756,57.300582046364354,0.07954392900618591,6.220783758440945,7901.586640844122,2.2481455624552504,17,10,30,0,0,0,0.2392451011386573,0.9397598195016583,0.0025233717032513356,0.26867128315673183,99.6330921869826,72.77654586519787,0.005977300158096631,0.0,32.101638189242415,201.76545354261734
2291,abundant,109.43646618487966,92.1424060148081,57.28542096594558,0.06878904647579012,6.195045007107943,7895.1369047640255,2.256035647281493,18,7,33,0,0,0,0.2519155497051036,0.9392115289609133,0.002100591568952296,0.26865481241118905,99.63267702767995,72.77208433899996,0.005980161556116642,0.0,32.101638189242415,203.81338119285115
2292,abundant,109.44222002141446,92.12924871761925,57.25318798065248,0.06628672359975872,6.181918321233953,7894.545084508092,2.2631437889325547,18,7,33,0,0,0,0.25378668232061957,0.9386709636103607,0.00245,0.2686355056578427,99.63234567477123,72.76685460695005,0.005983533336389994,0.0,32.101638189242415,187.5377051895701
2293,abundant,109.43502924785552,92.12251418062989,57.22934450713991,0.04091325190842059,6.218004563909955,7927.260059723485,2.2695814464076234,18,6,34,0,0,0,0.2562495435475355,0.9381178891124584,0.0021000000000000003,0.26861903990638036,99.63199850816635,72.76239443352762,0.005986393653708684,0.0,32.101638189242415,186.49275188097545
2294,abundant,109.45043320388174,92.10100963992417,57.20913282442027,0.11575478294630016,6.269955077745206,7972.148847362594,2.267516681827674,18,6,34,0,0,0,0.2544539814820761,0.9375667897328281,0.0021000000000000003,0.2686025742516223,99.63170954259438,72.75793428630006,0.005989253871712524,0.0,32.101638189242415,172.2214641679499
2295,abundant,109.45817605944046,92.06599464817194,57.21044902535753,0.11949059050796809,6.342916737263475,8031.846121203009,2.260849789506594,18,5,35,0,0,0,0.25983940563191993,0.9369902071125953,0.001401454498651198,0.26859177867319484,99.6314676751265,72.75501002547344,0.005991093423648395,0.0,32.101638189242415,196.6226225673375
2296,abundant,109.4731774355237,92.03809649710851,57.21912550135251,0.1011054650961029,6.393434759990588,8085.640778143512,2.2538379750776043,18,5,35,0,0,0,0.2611632324656221,0.9364219275568832,0.0017500000000000003,0.2685781540699186,99.63123957241187,72.75131945030822,0.005993442132587625,0.0,32.101638189242415,189.14255756551557
2297,abundant,109.48300060649908,92.01586845996196,57.22685049924098,0.0785809803272574,6.422629076355155,8138.595406458386,2.2466659304537284,17,3,37,0,0,0,0.265879159335495,0.9358288604816141,0.0010500000000000002,0.26857021133260567,99.63108919167351,72.74916795507002,0.005994768068213895,0.0,32.101638189242415,195.8215228939615
2298,abundant,109.50130876342666,92.00083913816637,57.21805708732245,0.07707178306985968,6.427911987126959,8180.363287252811,2.2367816557208777,17,3,37,0,0,0,0.26344976179671853,0.9352384657436377,0.0010500000000000002,0.2685622686501754,99.63100633665064,72.74701647469823,0.005996093957801531,0.0,32.101638189242415,180.8477572505431
2299,abundant,109.52231926963108,91.99532351039468,57.197057024958255,0.042414974399568914,6.461214567024231,8216.293784369482,2.2320843558246426,17,4,36,0,0,0,0.2553284009620005,0.9346668045025794,0.0014,0.26855148513129856,99.63086105769457,72.74409548051192,0.005997931147233125,0.0,32.101638189242415,167.84619582099234
2300,abundant,109.57731559629397,91.98635892381328,57.16357591434826,0.23559357478535498,6.474198741892602,8247.486175128535,2.226156279772285,17,5,35,0,0,0,0.2567626862627271,0.9340936223060778,0.001402027085261998,0.2685406852222398,99.63054964586641,72.74117004662214,0.005999771234422238,0.0,32.101638189242415,161.08079901778422
2301,abundant,109.63003400423233,91.9925124156495,57.13445596390268,0.2033664512648428,6.510615125709289,8275.719034039685,2.2183530934660083,17,3,37,0,0,0,0.2635585931841182,0.9335031078535753,0.0010500000000000002,0.2685327427282302,99.63043731430248,72.73901861728895,0.006001096950291842,0.0,32.101638189242415,173.9747990581055
2302,abundant,109.66683282525582,91.98602355150679,57.1353143192415,0.11771682595972645,6.543492012178783,8297.70357748324,2.2053147197351035,17,4,36,0,0,0,0.2599293087132988,0.9329263856139907,0.0014,0.26852195939417467,99.6303252402176,72.73609767316626,0.006002933966011435,0.0,32.101638189242415,163.93917766728555
2303,abundant,109.68725916881256,91.96916635413126,57.133051549380596,0.10233936089907165,6.557350378602301,8286.915141908074,2.1942747532769107,19,6,33,0,1,0,0.24136866067713333,0.9323799130629415,0.0017511777034195856,0.2685083256754938,99.63014939558037,72.7324046288586,0.006005283984438693,0.0,32.101638189242415,192.28739674922912
2304,abundant,109.70809584753344,91.94806506522849,57.13392874434139,0.10394264244984636,6.572758857967929,8261.87940029418,2.1906768144252093,18,6,33,0,1,0,0.2504690317748691,0.9318331971279891,0.0021000000000000003,0.26849186069968645,99.62981728271552,72.72794466554234,0.0060081435465396595,0.0,32.101638189242415,203.7237554381499
2305,abundant,109.72165981440882,91.91898386389025,57.13455126128525,0.10993536768265989,6.548016533798455,8219.449314899568,2.1872937119341826,18,3,36,0,1,0,0.2521122898305231,0.9312454974590221,0.000700851780231106,0.2684867524665353,99.6297059940504,72.726560968856,0.0060089588702689324,0.0,32.101638189242415,189.93450008421613
2306,abundant,109.73189717445689,91.8889564753068,57.1363151391598,0.10673672307411299,6.511291198045342,8168.952296498173,2.193508746762019,18,4,35,0,1,0,0.2549644329603038,0.9306644447890008,0.0010502930798262002,0.2684788079052293,99.62950581865925,72.72440897954226,0.006010284695315117,0.0,32.101638189242415,185.68204196076977
2307,abundant,109.74171785582625,91.86167806253776,57.14708298626225,0.07695627326123466,6.50376936027547,8150.648968003283,2.205067177282371,18,4,35,0,1,0,0.2572182272489177,0.930090704739027,0.0014,0.2684680248784032,99.62935482906367,72.7214881186406,0.006012121392021326,0.0,32.101638189242415,195.4310156560416
2308,abundant,109.74593559820066,91.82936178915675,57.160480081078596,0.08838616361893609,6.515272744884586,8135.958646570172,2.2158236809118463,17,3,36,0,1,0,0.2643295699884164,0.9294993422120397,0.0010500000000000002,0.268460082797769,99.62918094435558,72.71933680128076,0.006013446679073458,0.0,32.101638189242415,202.07481046559528
2309,abundant,109.73998716500648,91.7984406850172,57.16090739794841,0.0712497217001486,6.52867190290556,8123.091842201538,2.211838525489582,17,3,36,0,1,0,0.2643361975436762,0.9289079723947417,0.0010500000000000002,0.26845214075521634,99.6289856372812,72.71718549423632,0.006014771920109477,0.0,32.101638189242415,185.02136313216437
2310,abundant,109.73507898201301,91.76462679284404,57.16164104898421,0.0956996745523311,6.539644280696135,8096.198724968759,2.2105727161552706,17,4,35,0,1,0,0.26098225486802107,0.9283300919143869,0.0014,0.26844135786391227,99.62879379997682,72.71426467004427,0.006016608461011971,0.0,32.101638189242415,195.01011161069871
2311,abundant,109.73479614528647,91.72515720698637,57.165010477410554,0.12170034001311153,6.533210749660059,8068.099314531588,2.207856760089887,17,2,37,0,1,0,0.2654513666733795,0.9277276954110463,0.0007,0.2684362568247814,99.6286897684458,72.71288292204386,0.006017422246384812,0.0,32.101638189242415,194.36467923941342
2312,abundant,109.71229054117688,91.67705961023941,57.16592482554076,0.16578955856614805,6.513585032174971,8047.506800354269,2.2065094082809193,16,3,36,0,1,0,0.2625560520418335,0.9271285496703048,0.000702354160876213,0.2684311367190653,99.62856175447344,72.71149600936715,0.006018239442903042,0.0,32.101638189242415,192.53004874341153
2313,abundant,109.68231154285206,91.6322513351236,57.17545452351467,0.1716495999701563,6.491072286181963,8031.857812713701,2.207126427856392,16,3,37,0,0,0,0.2661560131438095,0.9265255512775262,0.0007061864885616147,0.26842598553609615,99.62845462987437,72.71010067861496,0.0060190622100325325,0.0,32.101638189242415,208.9877847956609
2314,abundant,109.65003536283457,91.59587034312392,57.18126955660441,0.14762458749962265,6.456790597465357,8020.008855182961,2.2111748663754907,16,2,38,0,0,0,0.26989121167237373,0.9259182709446867,0.0007,0.26842088459653207,99.62833004103476,72.7087189575848,0.006019875910207233,0.0,32.101638189242415,195.4885377791162
2315,abundant,109.60886213649951,91.57597935812264,57.197835554048936,0.15656409958781858,6.437225446818684,8029.990896517171,2.2169274215672923,16,2,38,0,0,0,0.2661292050380212,0.9253151288191447,0.0007,0.2684157837001238,99.6282834916493,72.7073372482445,0.0060206895821289476,0.0,32.101638189242415,187.9248101892923
2316,abundant,109.59798014244784,91.56611004050845,57.18281206382392,0.04455553428963509,6.3680096788499645,8027.307263286581,2.2184541862286284,16,5,35,0,0,0,0.24607709753299362,0.9247537253562956,0.0014029051584675885,0.2684049774645479,99.62795937390108,72.7044101006544,0.006022530161962965,0.0,32.101638189242415,177.46133576508382
2317,abundant,109.59990641070547,91.55915482260447,57.17296064817383,0.058102613478042894,6.270639242562249,8009.81219468065,2.219082596619883,18,5,35,0,0,0,0.24991345140577897,0.9241784780054587,0.0010591944896227116,0.26839696112440303,99.62761827062796,72.70223866819101,0.0060238685206468814,0.0,32.101638189242415,169.18379271477556
2318,abundant,109.58515114417067,91.55054543531489,57.158218128148405,0.08023090819753728,6.164646468669932,7989.600288762267,2.2225161569019987,18,4,36,0,0,0,0.2567690631093503,0.9235955413881092,0.00105390543109865,0.2683889877558237,99.62738372458186,72.70007887568437,0.0060251991056085585,0.0,32.101638189242415,185.49853453465138
2319,abundant,109.57660653962378,91.53942870180383,57.12098400836733,0.07827666008735033,6.070866779784185,7977.717258817589,2.2182833213772675,18,4,36,0,0,0,0.2600310803013236,0.9230187071997777,0.0014,0.2683782052364708,99.6271329301979,72.6971581522449,0.006027035284462286,0.0,32.101638189242415,189.36843365057865
2320,abundant,109.55940486097367,91.5452230730432,57.10109723087496,0.06766319273839885,5.997119943338623,7971.136134237051,2.210576306171257,17,2,38,0,0,0,0.26935609694253754,0.9224120154931409,0.0007,0.2683731045675105,99.62705363903152,72.69577650451474,0.006027848707798931,0.0,32.101638189242415,187.2329847604699
2321,abundant,109.54884225549145,91.55942891767371,57.075847317543364,0.05466238438801769,5.90687001700626,7959.886509293108,2.2029127474016743,18,2,38,0,0,0,0.2700691870003151,0.9218045393874406,0.0007,0.26836800392779203,99.6269510800925,72.69439486470549,0.0060286621028922014,0.0,32.101638189242415,180.86908133670653
2322,abundant,109.5508147810447,91.57776513371385,57.051843084723394,0.0759940447250197,5.839801318169634,7957.453932251752,2.1957107271406358,18,4,36,0,0,0,0.2687473757911162,0.9212181172740703,0.0014,0.2683572215463235,99.62680297757326,72.69147417861555,0.006030498161505056,0.0,32.101638189242415,178.1325303795074
2323,abundant,109.54832704307167,91.61233901760981,57.039131492073906,0.15571561662591,5.822522447757963,7965.988910912296,2.190764250142213,16,4,36,0,0,0,0.2617613044618299,0.9206325693835042,0.001156769440788549,0.26834841348889904,99.62654195003162,72.68908828910922,0.006031978799382459,0.0,32.101638189242415,166.09672167717318
2324,abundant,109.56126360260248,91.66749587670833,57.03980998293078,0.24800184750341706,5.830540661879956,7965.9583921152225,2.1889575264010386,16,3,37,0,0,0,0.26162278458162436,0.9200344032911651,0.0007006775250242142,0.26834330750854807,99.62640133309273,72.68770520265193,0.0060327930409283465,0.0,32.101638189242415,143.03569863968727
2325,abundant,109.5709909192287,91.73926726559861,57.032749519976946,0.25536117029952504,5.865249974147696,7968.069016621259,2.189320030864108,17,1,39,0,0,0,0.2656550425046868,0.9194157842387373,0.0001286247974019585,0.268342844813607,99.62633679883832,72.68757986979459,0.006032771491899652,0.0,32.101638189242415,145.3002205152614
2326,abundant,109.58816820097643,91.80823331768971,57.03500087553673,0.2401005970320966,5.953195569915433,7971.016847205159,2.1906425856529808,16,2,38,0,0,0,0.2664799703731179,0.918812256271327,0.0007,0.2683377443649585,99.62631294715639,72.68619828174157,0.006033584716065886,0.0,32.101638189242415,149.84519767221832
2327,abundant,109.598854157548,91.86450932781668,57.063719064598764,0.17151559602997535,6.065962985316551,7998.970998608878,2.1925598434570226,17,3,37,0,0,0,0.2663448452985698,0.9182186769414985,0.0010500000000000002,0.26832980305171333,99.62616884156628,72.68404717224885,0.006034909257876651,0.0,32.101638189242415,158.65478262318345
2328,abundant,109.60847751784286,91.92042353139325,57.11227107074997,0.15820645997642074,6.171576032946216,8036.095497877766,2.1963570368821443,17,3,37,0,0,0,0.2594109347432642,0.917632724913281,0.0010500000000000002,0.2683218617868497,99.62605256636921,72.68189607586153,0.006036233753697177,0.0,32.101638189242415,159.25204197356248
2329,abundant,109.61731883353006,91.95385103356436,57.16651817204674,0.08254261736861666,6.284619935113807,8071.665758286123,2.205520496829883,17,2,38,0,0,0,0.2659478389785702,0.9170297822904043,0.0007,0.26831676146412387,99.62600985147655,72.68051452191791,0.006037046857648075,0.0,32.101638189242415,164.43015709038514
2330,abundant,109.63201425565656,91.96135154699402,57.223845878118574,0.05830845568475269,6.386696666133805,8100.145405523806,2.21600003800109,18,3,37,0,0,0,0.2605968678840324,0.916442525735732,0.0010500000000000002,0.2683088202902045,99.62596663213898,72.67836345016518,0.006038371279247676,0.0,32.101638189242415,188.05763004557886
2331,abundant,109.66015247712562,91.9491468438706,57.281053293356614,0.16179879482157777,6.44622175597272,8114.6004201705655,2.2215073103377336,19,5,35,0,0,0,0.258161306301322,0.9158677988046886,0.0014018037817186406,0.26829802362842303,99.62571641632339,72.67543889588421,0.006040209636046068,0.0,32.101638189242415,201.43792109528914
2332,abundant,109.6710627373026,91.92707693471154,57.352995504318834,0.13649254593548207,6.479769482049917,8126.18746096539,2.2302698221286468,19,4,36,0,0,0,0.26111074560849856,0.9152703311957048,0.0007055075423342714,0.26829287874976804,99.62550274277693,72.67404527281812,0.006041030648402426,0.0,32.101638189242415,214.90340009478237
2333,abundant,109.69379913045921,91.90855179604809,57.4135790627171,0.1307137577684594,6.494624876748889,8123.639418147497,2.230593528437948,19,3,37,0,0,0,0.2662580686843222,0.9146671296200068,0.0007029392805339154,0.26828775474146066,99.62536946302816,72.6726573030239,0.0060418478800516396,0.0,32.101638189242415,188.4801416245777
2334,abundant,109.69383098438236,91.91385647161874,57.46906672097187,0.018466783421829138,6.533074361764332,8116.526300931713,2.222859796538531,20,4,36,0,0,0,0.26242289203189817,0.9140779332902221,0.0010524589803714178,0.26827979376273253,99.62514552677001,72.67050086662798,0.006043175727493352,0.0,32.101638189242415,167.03355625030747
2335,abundant,109.6909231654231,91.93915618449236,57.51744354866291,0.10311527864916609,6.5607430541207465,8100.634430470855,2.2216243624181287,19,5,35,0,0,0,0.2555282399648995,0.9135158522262607,0.0017500000000000003,0.26826617100545896,99.62495590821189,72.66681079150017,0.006045522628050647,0.0,32.101638189242415,159.903118406458
2336,abundant,109.68702414030349,91.95317943142099,57.54702586282387,0.04072568618311703,6.5741379810249585,8069.715014443471,2.224664734272625,19,5,35,0,0,0,0.2561991990426768,0.9129335075612008,0.0010526590673971608,0.2682582085291544,99.62471251059353,72.66465394944704,0.006046850640223947,0.0,32.101638189242415,171.16936846563686
2337,abundant,109.68291047754587,91.98135166907105,57.55559835193346,0.10361855366056041,6.588719559492651,8021.6731991160705,2.2325818856868787,20,2,37,0,1,0,0.25974644321254575,0.9123275896964038,0.00035011509774286346,0.26825594852732143,99.62458868435469,72.66404176966691,0.00604715219781481,0.0,32.101638189242415,168.111050513723
2338,abundant,109.70047250082948,92.01641633070112,57.538828509256405,0.15985300481525386,6.609467966250709,7961.087622090694,2.237238441431342,20,1,38,0,1,0,0.2650278354478109,0.911706064447154,1.9177651874993214e-07,0.26825652880595713,99.62452535769488,72.66419895310032,0.006046942511080902,0.0,32.101638189242415,169.45474377977015
2339,abundant,109.71141663086537,92.0749682726678,57.52670140680831,0.23616091480424323,6.631392681048135,7938.335059179066,2.241499220681096,19,5,34,0,1,0,0.2572188123155412,0.9111229791057077,0.0010662625750342554,0.2682484559631508,99.62433227152611,72.66201221543392,0.006048290348518128,0.0,32.101638189242415,150.96916932937953
2340,abundant,109.72623560987313,92.13234847429145,57.52106589803395,0.23568151695199538,6.621453368657328,7910.100816615479,2.2460064930675503,18,4,35,0,1,0,0.2595263961383524,0.9105467000699555,0.0014,0.2682376742757334,99.62417550458211,72.65909171734565,0.006050125725606509,0.0,32.101638189242415,137.99873610994496
2341,abundant,109.73346683944253,92.19320552848231,57.52360242515961,0.2433744341120613,6.58809240055742,7888.611129735815,2.2539128249366085,19,3,36,0,1,0,0.25467166830075555,0.9099562317154785,0.0007025171662051556,0.2682325540079367,99.62406955287216,72.65770476076521,0.006050942024755846,0.0,32.101638189242415,148.38757070539754
2342,abundant,109.74387493502381,92.23622266793085,57.515972766898244,0.16651435619939267,6.568056437250817,7873.0350986574485,2.2646818639124398,20,5,34,0,1,0,0.2554910737163583,0.9093877462408873,0.001519810946316002,0.2682207999298147,99.62372780764628,72.65452086557738,0.006052952352156294,0.0,32.101638189242415,145.30967868665795
2343,abundant,109.76416763881625,92.2691934329532,57.49116291773895,0.15559804991984094,6.5613635617078385,7859.1686050400385,2.268991252871839,20,1,38,0,1,0,0.26535345426977636,0.908765903813346,1.6561484048703155e-06,0.26822136852822814,99.6236645500513,72.65467488512137,0.006052744603461727,0.0,32.101638189242415,160.97461190081148
2344,abundant,109.79778639976453,92.28330372201415,57.438302727888455,0.16470823520186562,6.561057882549508,7844.048181585349,2.265225298572485,20,0,39,0,1,0,0.26996546258113324,0.9081389418045067,0.0,0.268221950566856,99.6236865359014,72.65483254529404,0.006052534442367203,0.0,32.101638189242415,169.60517582357912
2345,abundant,109.81381389218518,92.28114175930332,57.37697559887083,0.07380926934815146,6.558968030925621,7828.369754725529,2.2590601883169077,19,1,38,0,1,0,0.2740901961505796,0.9075172425887409,0.00035,0.2682196917092632,99.62363188271958,72.65422067546086,0.006052835634450802,0.0,32.101638189242415,182.51957507393044
2346,abundant,109.80613538482399,92.2789363173866,57.30278718005834,0.006028850204021781,6.560731800388157,7819.645005853468,2.2535799181014373,19,1,38,0,1,0,0.2706979217967203,0.9068992748747646,0.00035,0.2682174328614461,99.62356939812379,72.65360880827569,0.006053136816076524,0.0,32.101638189242415,180.0751787758239
2347,abundant,109.78145188427929,92.28001380619418,57.23024248122397,0.07518274862081792,6.558510458444554,7814.336740683175,2.252230978139708,19,0,40,0,0,0,0.2727396905791154,0.9062692612151275,0.0,0.268218014920167,99.6235913456956,72.65376647389108,0.006052926641363741,0.0,32.101638189242415,182.9971679031113
2348,abundant,109.78823131425024,92.27367826096628,57.155896049631416,0.05805507787179999,6.532287325326503,7818.298765745654,2.2498884744529866,19,4,36,0,0,0,0.25981144400988715,0.9056847510238673,0.0011172284696622553,0.2682095286170345,99.62339677390945,72.65146773983253,0.006054348731594528,0.0,32.101638189242415,171.74359154035787
2349,abundant,109.792984393416,92.2679959434652,57.08005494444264,0.04264839484484943,6.511684098878696,7835.985503964563,2.2439144862585607,19,4,36,0,0,0,0.2626908045856333,0.9050856819290714,0.0007103853660053915,0.26820434463636383,99.62309931385539,72.65006352497707,0.0060551763794615705,0.0,32.101638189242415,190.0234247865284
2350,abundant,109.80693486454211,92.27303973296964,57.010179346885096,0.0771702367376661,6.4477289444994215,7869.301672677015,2.2356304012427337,19,2,38,0,0,0,0.2670379101699193,0.9044815402278843,0.0007,0.2681992449845333,99.62295904073522,72.64868215276273,0.006055988825693825,0.0,32.101638189242415,190.30841801452559
2351,abundant,109.8238362363553,92.29046838125193,56.957444625957166,0.1282950836882396,6.383809425129448,7922.833353959082,2.226499447265129,19,1,39,0,0,0,0.27011951319473476,0.90386420876337,0.00035,0.26819698626014166,99.62291923466928,72.64807031901053,0.0060562898978356395,0.0,32.101638189242415,164.44983656143893
2352,abundant,109.85014025307086,92.28763237131704,56.935669971519914,0.11689891716205986,6.302248660268992,7966.784094094532,2.230423927797662,19,3,37,0,0,0,0.2679644019108011,0.9032637743452382,0.0008688008560698718,0.2681905165292449,99.62276582670255,72.64631782554784,0.006057348921468903,0.0,32.101638189242415,156.88582869842494
2353,abundant,109.87599126375676,92.27318306103743,56.940411571421166,0.1130966777043185,6.25374840095443,8016.666618522824,2.2353294537997423,18,3,37,0,0,0,0.2634114832193945,0.9026734217136967,0.0010500000000000002,0.26818257607198404,99.62265624334213,72.64416694792055,0.00605867263814797,0.0,32.101638189242415,184.66872804087262
2354,abundant,109.88932563369319,92.2526733198745,56.97063870646495,0.10065635215707905,6.233751040594575,8072.280803232068,2.233865232804155,18,4,36,0,0,0,0.2639475197019305,0.9020791757608873,0.00093201138794588,0.2681755933406363,99.62235401027468,72.64227549505584,0.006059823928891801,0.0,32.101638189242415,192.1902225152125
2355,abundant,109.88326901581505,92.2286988704744,57.01669958542932,0.08790331865234466,6.2443901740679335,8125.110897321691,2.230931139140595,18,1,39,0,0,0,0.27368676123474395,0.9014579203235288,0.00035,0.2681733347395285,99.62230516726422,72.64166369469824,0.0060601248678726245,0.0,32.101638189242415,205.39420248287698
2356,abundant,109.87471097289301,92.1950850649247,57.0710470002874,0.1114185273078546,6.281640832066721,8181.596958256603,2.2323230467353867,19,2,38,0,0,0,0.2677673145335985,0.9008529762775419,0.0007,0.2681682352631859,99.62219797433423,72.64028237001934,0.0060609371422853464,0.0,32.101638189242415,209.46809351112606
2357,abundant,109.85834907918118,92.1618467264769,57.12457982665727,0.13457730507622667,6.3085459977878,8241.222428016903,2.232834132806753,19,2,38,0,0,0,0.2674184276992123,0.9002386377497913,0.00035077652566271563,0.2681659704002089,99.62206636874149,72.63966887347297,0.006061239177108451,0.0,32.101638189242415,207.48231331807193
2358,abundant,109.82895839629728,92.1331201364711,57.181972447970224,0.15897168703385064,6.346822217722801,8301.039600365373,2.2306682782153278,18,1,39,0,0,0,0.2753299038134216,0.8996155748555967,0.00035,0.26816371185306115,99.62201712760901,72.63905708773184,0.006061540066949565,0.0,32.101638189242415,196.09988635232185
2359,abundant,109.78188181903882,92.09101189148386,57.218562518494295,0.25302539350239156,6.361838106701948,8339.835223738883,2.225666644052652,18,2,38,0,0,0,0.27317115798889846,0.8990046865818089,0.0007,0.2681586124218904,99.62188640405768,72.6376757752889,0.006062352292224283,0.0,32.101638189242415,185.74461837524737
2360,abundant,109.73024333992115,92.05790997995493,57.22339511480412,0.24011762523379385,6.352302296034023,8327.13144472184,2.209737500703477,19,3,37,0,0,0,0.2634171008388312,0.8984045570257143,0.0007010448152932008,0.26815350453444176,99.62169826768034,72.63629217224502,0.006063166015760073,0.0,32.101638189242415,198.04297166791736
2361,abundant,109.68360533249752,92.02590989254745,57.213881773341384,0.20516807662159856,6.377551048739207,8295.126728895026,2.202135792194595,20,1,39,0,0,0,0.2719814067429506,0.897779673564381,0.00015343164585504484,0.2681528415608986,99.6216335296344,72.63611258876328,0.006063179654646155,0.0,32.101638189242415,194.77442508719943
2362,abundant,109.64041114082666,91.9925072469376,57.186590728671966,0.18940628320833658,6.424665429933273,8242.222740962672,2.1983213246014515,20,2,38,0,0,0,0.2731192757986356,0.8971676923570406,0.0006589284299322504,0.2681480755566545,99.62147890737322,72.63482159360225,0.006063931817911222,0.0,32.101638189242415,190.29701888683385
2363,abundant,109.60529288457315,91.97378025819458,57.14946468939773,0.12525672552983735,6.488453513438674,8195.50803851428,2.1914206580248,18,1,39,0,0,0,0.2774551609408124,0.8965422916800059,0.00035,0.26814581710495966,99.62144244495848,72.634209833717,0.006064232614259485,0.0,32.101638189242415,189.80002878172658
2364,abundant,109.57613035361109,91.96651123104076,57.115014690035466,0.08746449243968663,6.5859320118510265,8161.270631496351,2.1807166608065858,18,2,38,0,0,0,0.26979468956583047,0.8959253817930983,0.00035229541482110116,0.26814354003311613,99.62129891149962,72.63359303008428,0.006064536753737651,0.0,32.101638189242415,176.6399757345328
2365,abundant,109.55261610428389,91.99176406323606,57.089490185139425,0.12577936809394036,6.700202813507326,8140.267874704841,2.1690105466528253,18,3,37,0,0,0,0.26231936252959576,0.8953167764345753,0.00035521215212590225,0.26814123929543937,99.62110696570468,72.6329698159503,0.006064845143974478,0.0,32.101638189242415,181.9713550787296
2366,abundant,109.55050548538638,92.02901615323981,57.067311762170256,0.15531015152233457,6.747812830769879,8096.555274397651,2.169767684769256,17,5,35,0,0,0,0.25946266612787683,0.8947213393951481,0.0007132819040485728,0.26813603217119153,99.62082340795344,72.6315593320601,0.006065676659197078,0.0,32.101638189242415,170.00376905837612
2367,abundant,109.56744247142092,92.07688309691927,57.05109052085752,0.19983350011732529,6.758203352867179,8065.452671077677,2.172067189130084,18,3,37,0,0,0,0.2631230431491335,0.8941216002828078,0.0007034369687074831,0.26813090497953024,99.62060571847744,72.6301704999724,0.006066493762213448,0.0,32.101638189242415,157.27299640690785
2368,abundant,109.58617838923661,92.12693239607914,57.04304102307871,0.19475927678716623,6.748133318588448,8032.149214706704,2.1755637130435077,20,1,39,0,0,0,0.2691709895657071,0.8935053121942854,0.00035,0.2681286466093677,99.62054139011643,72.62955876217228,0.006066794469606856,0.0,32.101638189242415,155.70735823575154
2369,abundant,109.60768913017512,92.1840662260498,57.05277956997183,0.21356167792848726,6.704618807377709,8017.652355849132,2.178059966323092,20,1,39,0,0,0,0.27174526957539413,0.8928861923977525,0.00035,0.26812638825252155,99.62048281207741,72.62894702797924,0.006067095166559216,0.0,32.101638189242415,147.87545655072762
2370,abundant,109.64637783320504,92.219375037155,57.0481286350363,0.18439399352868913,6.616422549863833,7999.585318919948,2.1751481923981877,20,1,39,0,0,0,0.2686889953500696,0.8922606609721082,9.453300298157943e-07,0.2681269631254422,99.62041955849065,72.62910274713532,0.006066885888305949,0.0,32.101638189242415,166.02201656929176
2371,abundant,109.68844273120783,92.23494119913953,57.05182727237013,0.14534632253565075,6.554711202391883,8003.423848506129,2.1593998894308357,21,1,38,0,1,0,0.2653086849828338,0.8916486214186271,0.00035,0.2681247047824827,99.62043813222807,72.62849101670383,0.006067186582084105,0.0,32.101638189242415,165.50252482384298
2372,abundant,109.72606763945484,92.24151345077097,57.0596787592631,0.13137422991961337,6.528890143231237,8012.39167487705,2.1471265700585507,21,2,37,0,1,0,0.2676679274506947,0.8910340161468959,0.0003510517308698622,0.26812243791132223,99.62028958514037,72.62787697618919,0.006067488801988107,0.0,32.101638189242415,186.5288361684618
2373,abundant,109.77049856983751,92.2240945383401,57.058861366989596,0.18619424278475313,6.489363266702661,8019.242802796522,2.1467838278010296,21,2,37,0,1,0,0.26432803141712824,0.8904328553123368,0.0007,0.2681173387085842,99.62027991517897,72.62649572562314,0.006068300820713114,0.0,32.101638189242415,193.77984493341927
2374,abundant,109.79733537462468,92.20257501967352,57.06424093210277,0.13787212831829523,6.470702279679218,8028.894698341923,2.1553189874744576,20,2,37,0,1,0,0.2710204587991563,0.8898156153007969,0.0003886604692515097,0.2681147666315026,99.62020829303884,72.62579901221373,0.006068657947853121,0.0,32.101638189242415,190.09606418566094
2375,abundant,109.80886948439925,92.19506393432755,57.07878879026215,0.036122639960918336,6.476933731854233,8048.223763743699,2.15783632733632,21,3,36,0,1,0,0.26680573137021024,0.8892117545446478,0.0007009124413650321,0.26810966006283543,99.61997431131559,72.62441576639583,0.0060694712590495855,0.0,32.101638189242415,185.7672254144371
2376,abundant,109.83142130154135,92.17449174465817,57.121555601414876,0.13488744028538163,6.488028410986066,8065.202921668664,2.15937956579373,21,2,37,0,1,0,0.2674241675963007,0.8886071879602919,0.0007,0.26810456093383733,99.61991072020322,72.62303453580414,0.006070283208940471,0.0,32.101638189242415,180.14290786951966
2377,abundant,109.84863563054992,92.1490573002183,57.17790416453927,0.13783216724892047,6.508629597112959,8074.0720118170575,2.1626912771924394,19,2,37,0,1,0,0.2664423619021776,0.8880037013621995,0.0007,0.2680994618430431,99.61984977209205,72.62165331556096,0.006071095130639143,0.0,32.101638189242415,192.39202648557804
2378,abundant,109.86394935013125,92.12200054899753,57.23865064960614,0.11046604056818404,6.529773434153077,8087.960736491019,2.1683733403275056,21,4,35,0,1,0,0.2610492588277262,0.8874047816380545,0.0006512307344808104,0.26809475861965915,99.61960972974249,72.62037932621497,0.0060718357728236005,0.0,32.101638189242415,200.42515084409072
2379,abundant,109.8771829389819,92.09204898159327,57.29812820214704,0.1063713307764553,6.568028984967438,8105.151335516661,2.1754229986189433,20,1,38,0,1,0,0.2701678251097592,0.8867819214513327,0.000154443603532312,0.268094087761213,99.61954498076817,72.62019760690393,0.006071850589139934,0.0,32.101638189242415,205.38342108474754
2380,abundant,109.91257833809823,92.0644510298473,57.32982899992087,0.15504822365667167,6.591314736755616,8130.66220342509,2.167505027804685,20,3,36,0,1,0,0.26306566238295964,0.886182175565754,0.0007009408229456243,0.26808898108184687,99.61935545396751,72.61881433110034,0.006072663830947877,0.0,32.101638189242415,193.74218636850537
2381,abundant,109.93789151784745,92.02817770513288,57.348964440860684,0.13379452589872248,6.568561207246191,8147.214948326888,2.163306529037372,19,2,38,0,0,0,0.26974690817498115,0.8855653578462827,0.00035370998290007016,0.26808669284517583,99.6192292142023,72.61819450318615,0.006072969744347862,0.0,32.101638189242415,195.93892091603922
2382,abundant,109.95274168146958,91.98170626239082,57.360993416523705,0.16524019224408873,6.534569110111758,8157.555635475532,2.162864399235281,20,2,38,0,0,0,0.273838374671903,0.8849537356341436,0.0007,0.26808159384728447,99.61910333308639,72.6168133081081,0.006073781572765674,0.0,32.101638189242415,193.03595525904151
2383,abundant,109.95188743017658,91.94316821979288,57.37742912668311,0.1180621356951183,6.55086023575025,8163.803439157331,2.1642987647790504,19,2,38,0,0,0,0.27705292446276714,0.8843385774172345,0.0007,0.26807649488015584,99.61896037893665,72.61543212136294,0.0060745933729954875,0.0,32.101638189242415,176.9426998992072
2384,abundant,109.91895183833874,91.91474823047272,57.3875287618345,0.13544746188835988,6.559787433752514,8168.336851081476,2.172134626479103,19,0,40,0,0,0,0.2750293816745485,0.8837060450973924,0.0,0.2680770777286499,99.61898227037832,72.61559000090877,0.006074382453276302,0.0,32.101638189242415,186.75337881627843
2385,abundant,109.85573894776564,91.9004561233596,57.39429975999965,0.21315834172883588,6.584808913813532,8176.682030686956,2.1861492330194343,19,0,40,0,0,0,0.27740802242423657,0.8830708962727257,0.0,0.26807766057458343,99.61900411387957,72.615747879761,0.006074171540880592,0.0,32.101638189242415,176.83410604026383
2386,abundant,109.77123729578257,91.89980112924863,57.38101755457433,0.300808224311281,6.628798596297114,8173.069856488764,2.2080256679817705,20,1,39,0,0,0,0.27485807850012495,0.8824398739690583,4.719938152356081e-05,0.26807786030591696,99.61894024105678,72.61580198214361,0.006074029593549035,0.0,32.101638189242415,176.22599113815818
2387,abundant,109.69020272601433,91.93370628705637,57.34811645459511,0.3385860939662955,6.657645240450998,8156.855947303426,2.2303527877779654,20,1,39,0,0,0,0.26736172159371957,0.8818158160516724,1.427727393708204e-06,0.26807843155441086,99.61887681410249,72.61595671953023,0.006073820779298106,0.0,32.101638189242415,168.4086325710485
2388,abundant,109.6135661840096,91.96405830338593,57.3128292214606,0.2927731300738712,6.692327444853608,8131.176911914248,2.241930473045679,19,1,39,0,0,0,0.27045045131122114,0.8811883414411532,7.459258291181388e-07,0.268079008333276,99.61881339382997,72.61611295496053,0.006073610976193483,0.0,32.101638189242415,158.2829150144681
2389,abundant,109.55435977824189,92.0008572241452,57.28266879616143,0.25117252717562205,6.716167202748747,8101.775419797719,2.2425518387841024,20,1,39,0,0,0,0.26719305409789224,0.8805742290816454,0.00035,0.2680767502717107,99.61878600225292,72.61550130075193,0.006073911436465696,0.0,32.101638189242415,154.0065023659638
2390,abundant,109.51914252872507,92.04871851481508,57.22688832402146,0.221783021225065,6.706514776568693,8043.6158904147305,2.238551106114004,19,5,35,0,0,0,0.261327809840299,0.879977687404628,0.0007471040645336965,0.268071268983682,99.61846125720704,72.61401655253123,0.006074792050670367,0.0,32.101638189242415,152.78147592313832
2391,abundant,109.50410872859797,92.12247396112961,57.17287157709639,0.2853485823612852,6.713870668069942,7997.984891983891,2.2302757019363564,18,2,38,0,0,0,0.26398735161467785,0.8793672247625068,0.0003544087376750809,0.2680689751698967,99.6183303288026,72.61339521391182,0.00607509891104762,0.0,32.101638189242415,142.653273083129
2392,abundant,109.50883887061111,92.19512748073967,57.11458574721339,0.2664831878475849,6.730983939258228,7983.544208726977,2.219636441686743,19,1,39,0,0,0,0.265970459231548,0.8787447046528338,1.6926957778296304e-06,0.26806954430270136,99.61826689903037,72.61354937820944,0.006074890446783946,0.0,32.101638189242415,150.2246653443493
2393,abundant,109.51070768057434,92.27760919901885,57.08176746700101,0.31821694035962916,6.7597942081132505,7974.048975929625,2.208689243223327,19,1,39,0,0,0,0.26219494022795764,0.8781263733005933,2.9672146473110792e-06,0.26807010308350304,99.61820344195212,72.6137007384001,0.0060746838518155565,0.0,32.101638189242415,147.0369705193736
2394,abundant,109.51130366813443,92.3351116736683,57.06083465843326,0.19010392880764873,6.7679413266961905,7952.699159012554,2.208412016677005,19,4,36,0,0,0,0.25781916594512655,0.8775326476352406,0.000709836328107312,0.268064924319791,99.61797677085205,72.61229793669243,0.006075509991476386,0.0,32.101638189242415,167.5466651827424
2395,abundant,109.51034321797763,92.38627412632681,57.0498967387028,0.16051595345841957,6.759564427694508,7925.703475484173,2.2086641396948474,20,2,38,0,0,0,0.2617126810328919,0.8769148915445178,4.5663719091067775e-06,0.26806547013723764,99.6178280439646,72.61244578542406,0.0060753057113463425,0.0,32.101638189242415,162.8858058170596
2396,abundant,109.51620614391007,92.4305171345153,57.031472587693635,0.13276316524447626,6.759808017101872,7919.658298821676,2.2141211619790395,20,1,39,0,0,0,0.2646610898300314,0.8762940866262298,1.1510018745907929e-05,0.26806595958409113,99.6177644767545,72.61257836472677,0.006075111582895546,0.0,32.101638189242415,165.05158960969428
2397,abundant,109.52934703611047,92.47166099821439,57.027992044420024,0.136385464813216,6.703694988768184,7934.125460065719,2.2219118747148627,20,4,36,0,0,0,0.26417718153853353,0.8756931755346713,0.000702993147641309,0.26806083637243033,99.61751947461724,72.61119061072483,0.0060759277098987345,0.0,32.101638189242415,161.12306139775947
2398,abundant,109.53450022344047,92.50191445535452,57.02452016738209,0.11128057449345848,6.563143748747493,7935.954628272128,2.229901466215129,21,5,35,0,0,0,0.262852358065856,0.8751133758419748,0.0014049250419971428,0.26805001572013865,99.6172718126149,72.60825955799547,0.006077769322801568,0.0,32.101638189242415,176.32864271219435
2399,abundant,109.55581553420916,92.51309261404444,57.03792399448882,0.08303502602498354,6.385462398568492,7939.36184830642,2.2343750179691737,19,4,36,0,0,0,0.2654052086540303,0.8745110718941753,0.0007014922042837975,0.2680449047691053,99.61697941124922,72.60687512510066,0.006078583164663141,0.0,32.101638189242415,187.34037436193938
2400,abundant,109.57766192515439,92.5162565084341,57.070191732504234,0.0691118386090449,6.191199428146648,7954.03933482166,2.222458601766224,20,1,39,0,0,0,0.2743740129919324,0.8738793129128718,1.8726067016279425e-06,0.26804547254241745,99.61691597949422,72.60702892114467,0.00607837484226828,0.0,32.101638189242415,182.65730303457963
2401,abundant,109.59433669563388,92.51178516354074,57.1238786542631,0.05992193500151572,6.044267982554203,7981.679468961527,2.2111853839192093,19,0,40,0,0,0,0.2772418399761281,0.8732443468888981,0.0,0.26804605551289423,99.6169377932927,72.60718683373267,0.006078163791250359,0.0,32.101638189242415,193.84263709704814
2402,abundant,109.61988541165552,92.49302528550488,57.176624974753324,0.12439709911698908,5.999403706111559,8018.590228133384,2.2054284969747453,19,2,38,0,0,0,0.2751904061368841,0.872621503887205,0.00035237303776671994,0.2680437783258241,99.61679645534277,72.60656999888785,0.006078467560421709,0.0,32.101638189242415,194.54298962720344
2403,abundant,109.64345158311087,92.4573553474435,57.23441629413787,0.1808553366145553,6.061151427241425,8091.098074945359,2.202204641240636,19,2,38,0,0,0,0.2698677740203958,0.8720142493357826,0.0007,0.2680386795163815,99.61665236493745,72.60518885485602,0.006079279197946443,0.0,32.101638189242415,201.11835873819402
2404,abundant,109.67638003044291,92.41588570492829,57.27564062398291,0.20312446964857794,6.185718677602269,8164.7174365061655,2.207635425138346,20,2,38,0,0,0,0.2711636374525681,0.8714055693345847,0.0007,0.26803358074304423,99.61661163711136,72.60380772060424,0.006080090807289807,0.0,32.101638189242415,205.2080773671708
2405,abundant,109.71955667908321,92.37746087839396,57.316718902623265,0.23369778652244277,6.346917186059794,8234.239575450556,2.1972963890910147,20,3,36,0,1,0,0.2684700300648396,0.8707901126221211,0.0003521543074194128,0.268031305403989,99.61645956581388,72.60319138634192,0.006080394189989579,0.0,32.101638189242415,205.87466425871898
2406,abundant,109.74470736515146,92.33657967067127,57.34531790978521,0.17733442291114082,6.491926041902244,8274.258630652002,2.1906709690096586,20,2,37,0,1,0,0.2632853749179178,0.8701804581429883,0.0003556940455978064,0.2680290013397861,99.6163148580216,72.60256727113254,0.00608070273367123,0.0,32.101638189242415,215.7453219170696
2407,abundant,109.7713867321548,92.30919580862388,57.36000165730744,0.1610943897912161,6.572423800830566,8297.497413187491,2.1863521866696662,20,3,36,0,1,0,0.26054048133503427,0.8695737839299014,0.0003542970136282637,0.268026708618415,99.61614318047849,72.6019462284217,0.006081009225592479,0.0,32.101638189242415,180.334892135501
2408,abundant,109.77987214318966,92.29345760973727,57.36362309573782,0.052256260402328676,6.575431471292324,8297.571843564525,2.1842315652516007,20,4,35,0,1,0,0.25876134368232256,0.8689789933892154,0.0007088191915940263,0.268021538303755,99.6158905976612,72.60054571535768,0.006081833659601613,0.0,32.101638189242415,165.20336422895724
2409,abundant,109.7673144487164,92.28379368658524,57.37689363965035,0.06167201822284008,6.5378030088155175,8288.440092243123,2.184077193321021,19,2,37,0,1,0,0.2672695183815496,0.8683648162885916,0.0003506917712791832,0.2680192748828812,99.61577628965692,72.59993260944213,0.006082134845038639,0.0,32.101638189242415,167.45842544101933
2410,abundant,109.76900616842053,92.2703499270257,57.391984510696645,0.026775764405796373,6.477602261768692,8259.35765347835,2.1886632992451576,20,3,36,0,1,0,0.2636836926087117,0.8677644697079758,0.0007037671876412102,0.2680141456213208,99.61561410652571,72.59854321666886,0.006082951859046121,0.0,32.101638189242415,178.42633705545444
2411,abundant,109.78079678685663,92.25381514092909,57.39125780469716,0.06427786634264479,6.465080242368069,8212.29139214797,2.1945338198396986,19,3,36,0,1,0,0.26107600569821116,0.8671571779650818,0.00035328083479520565,0.26801186122412707,99.61541005810467,72.59792442877612,0.006083256788248779,0.0,32.101638189242415,196.34430473486822
2412,abundant,109.7931485297084,92.23484231617789,57.39111340380089,0.06607777301988634,6.487610438350279,8160.2561299086665,2.2010736527786197,19,1,38,0,1,0,0.2706130173023466,0.8665393036460494,0.00035,0.2680096034722872,99.61535187079038,72.59731285846465,0.006083556913602777,0.0,32.101638189242415,197.68190760045613
2413,abundant,109.8060575129563,92.20249800901175,57.377310882418854,0.14369934303669665,6.523045361682657,8110.894011360317,2.2048432891398972,19,1,38,0,1,0,0.2704414100047947,0.8659216180950441,0.00035,0.2680073457357099,99.61528635272701,72.59670129228742,0.0060838570285359364,0.0,32.101638189242415,202.2383821211089
2414,abundant,109.81163294775061,92.17725568269718,57.368292389423026,0.0882044724610587,6.591880563899423,8071.689283641332,2.199447657136951,18,1,38,0,1,0,0.27604710840885693,0.8652880088585466,1.5208125735298658e-06,0.26800791655915335,99.61522288109079,72.59685591453817,0.006083648009056902,0.0,32.101638189242415,188.29963234567703
2415,abundant,109.81536356516752,92.15465641404529,57.359060152774724,0.08047486420979162,6.649217909003101,8038.651824678513,2.1947811436615274,18,0,40,0,0,0,0.2835712517620129,0.8646460804816083,0.0,0.268008499724287,99.61524465158153,72.59701387985399,0.006083436774946089,0.0,32.101638189242415,190.21251684551643
2416,abundant,109.83496287702296,92.12583001160775,57.36577732900495,0.11540672270504783,6.685424213007001,8015.490130065566,2.1904901094004012,17,1,39,0,0,0,0.27972676273943076,0.8640181810425949,0.00035,0.2680062419940408,99.61521143653094,72.5964023153917,0.006083736894050658,0.0,32.101638189242415,199.43496123093752
2417,abundant,109.84046585603146,92.08006392735604,57.3780349705551,0.15268976942055926,6.754291960333177,8029.205444104919,2.1860278971115115,15,1,39,0,0,0,0.28116284612669207,0.8633887019118556,0.00035,0.26800398427733074,99.61517532466722,72.59579075459605,0.006084037002734605,0.0,32.101638189242415,211.07354373003756
2418,abundant,109.84763358003238,92.03978794297879,57.40633373343894,0.14429883149374642,6.849587753540012,8027.407515458428,2.1873221855469245,14,6,34,0,0,0,0.2614155121244327,0.8628006671694909,0.0010543686061531732,0.2679960093273499,99.61483219853868,72.59363053372601,0.006085366175242449,0.0,32.101638189242415,193.28782557856704
2419,abundant,109.86739215534143,92.01275947277821,57.39846997592292,0.14486899804471828,6.877437048305656,8020.097521690059,2.1863008598586497,14,5,35,0,0,0,0.2523914968023306,0.8622130407050422,0.0007144350726388261,0.26799079360119393,99.61449902948226,72.59221771978717,0.006086198662707349,0.0,32.101638189242415,186.9128100143823
2420,abundant,109.87830400130272,92.00110502755925,57.39108107287674,0.037644688711736526,6.840556404403896,8022.641628102476,2.180293422224674,14,4,36,0,0,0,0.25648556212495094,0.8616206417869477,0.0007048285801061861,0.2679856558683178,99.61427593937997,72.59082603233956,0.006087017086294402,0.0,32.101638189242415,187.64102464007505
2421,abundant,109.88067987243434,92.00417823524029,57.37842300142542,0.022745615517353355,6.769777985590022,8014.030896691293,2.1736338546908014,18,2,38,0,0,0,0.2674500577660055,0.8610160467234053,0.0007,0.2679805573556493,99.61413748161159,72.58944496869665,0.006087828426965751,0.0,32.101638189242415,159.26200340357758
2422,abundant,109.84899368310433,92.01565965919391,57.36735202572761,0.14532768738936372,6.667174747351642,8016.530081101802,2.173121210982125,18,2,38,0,0,0,0.2720159827614187,0.8604064291423675,0.0007,0.26797545887199725,99.6141071109047,72.5880639129136,0.00608863973946604,0.0,32.101638189242415,162.1220843327398
2423,abundant,109.82087948063432,92.04718146423227,57.32566586925267,0.15730020031563177,6.54167867260814,8034.099393029537,2.1702060047728633,18,4,36,0,0,0,0.2674608136063449,0.8598116822571489,0.001052143205299811,0.2679675021284093,99.61384347552664,72.5859086237146,0.0060899655008749545,0.0,32.101638189242415,157.07419439351787
2424,abundant,109.78040262981067,92.07030238047045,57.29062291152771,0.1621905075991448,6.423205264854917,8065.3408058036075,2.167808786732454,17,2,38,0,0,0,0.2729866596913021,0.8591912455511839,0.00035173641769383477,0.2679652305110003,99.61376870983557,72.58529329755613,0.006090267930177402,0.0,32.101638189242415,172.55268156095866
2425,abundant,109.73312297696543,92.08517606160689,57.26742068648368,0.16883326321468983,6.338925209107046,8102.981434142799,2.166606009390888,17,1,39,0,0,0,0.2792028445996678,0.858554187456767,2.322665817854336e-06,0.26796579503847145,99.61370527129742,72.58544621438043,0.006090059859599632,0.0,32.101638189242415,183.7509499589254
2426,abundant,109.67889656826883,92.08904259209646,57.24458784537653,0.17497008637445638,6.2836701693659744,8137.766019056071,2.1645184830242408,17,2,38,0,0,0,0.2751990108950036,0.8579218876006106,1.4966279572864712e-05,0.2679662569237826,99.6135564823711,72.5855713279286,0.006089870268417309,0.0,32.101638189242415,190.80900152861253
2427,abundant,109.63306324862235,92.07558397524775,57.22831960067805,0.16351112468067738,6.272278739406433,8172.089336655619,2.156779800992885,18,1,39,0,0,0,0.27752113771321224,0.857286637313333,8.20150240078021e-07,0.26796683362673024,99.61349305854542,72.58572754279469,0.006089660016489425,0.0,32.101638189242415,185.9021256836019
2428,abundant,109.59513278670929,92.0648755021985,57.22349000363444,0.10444616851979699,6.273425763337034,8206.631046505834,2.1489796056013244,20,1,39,0,0,0,0.276668216565778,0.8566621022751105,0.00035,0.26796457609011054,99.61342931359307,72.58511603078114,0.006089959919512968,0.0,32.101638189242415,190.44080790138568
2429,abundant,109.55339395203987,92.05254574952275,57.23847616697567,0.13320566676126502,6.276986510058888,8236.65755317115,2.1404982778315422,21,1,39,0,0,0,0.2728074154573668,0.856032034961148,7.443943078139234e-07,0.2679651534153934,99.61336584852236,72.58527241422277,0.006089749553793727,0.0,32.101638189242415,177.42924438611334
2430,abundant,109.5053413860026,92.05106016795614,57.24590100038686,0.16308359255580962,6.303410040117841,8269.700319228978,2.130298196916173,21,1,39,0,0,0,0.275619651219024,0.8554086533448071,0.00035,0.2679628958849649,99.61338420881874,72.58466090388626,0.0060900494537083905,0.0,32.101638189242415,172.56283941402188
2431,abundant,109.4451393521654,92.01064045531233,57.23075656023089,0.2766455949604572,6.264274106294578,8286.363310512868,2.1228105592701527,21,4,36,0,0,0,0.26052692580017645,0.85482150907937,0.0010512626051128746,0.26795494634077915,99.6132197439681,72.58250756483103,0.006091373879623234,0.0,32.101638189242415,185.40902515608826
2432,abundant,109.4070268060918,91.97205371040847,57.20652679125205,0.1792662868714757,6.169378862245743,8277.83604256023,2.1196360260079565,21,4,36,0,0,0,0.26239679324737264,0.8542243110968947,0.0007656603605972893,0.26794931502637026,99.61297015233676,72.58098217809619,0.006092280998033766,0.0,32.101638189242415,205.11405780383774
2433,abundant,109.4058626352939,91.92867117045675,57.18399164654479,0.1406077463184713,6.039724486915598,8244.762479493234,2.121117391549835,20,3,37,0,0,0,0.2643056984419469,0.8536056578488598,7.439358040279905e-05,0.26794929463306766,99.61273551484099,72.58097665404425,0.006092178152317057,0.0,32.101638189242415,193.41048329001333
2434,abundant,109.43509367370095,91.87396759101568,57.169479492253956,0.21604626516179745,5.927841170794122,8195.117000830069,2.1197557649594083,19,2,38,0,0,0,0.2688382801148697,0.8529995357407335,0.0007,0.26794419630157973,99.61269635668587,72.57959563947877,0.006092989313787837,0.0,32.101638189242415,179.82556140877085
2435,abundant,109.47948750763187,91.80626353392664,57.1774376745193,0.31170589906307794,5.851948815155813,8144.303599851271,2.125917475235545,18,5,35,0,0,0,0.26047904705688196,0.852432008788971,0.0017500000000000003,0.26793057532727044,99.61246730827092,72.57590604731283,0.006095334484736748,0.0,32.101638189242415,230.25318033441653
2436,abundant,109.53206196294029,91.73944794249385,57.18623384943315,0.3273014139092249,5.791188039073203,8090.833177728957,2.132908657035144,20,3,37,0,0,0,0.2637803994356541,0.8518217378602984,0.00035312538237552624,0.26792829262855583,99.61226975797322,72.57528771949696,0.006095638756880434,0.0,32.101638189242415,203.88807201064117
2437,abundant,109.59272673717848,91.68935622023521,57.189889803724384,0.2784134340630734,5.762728452124068,8039.47824925906,2.141037307746276,19,1,39,0,0,0,0.2626114087231659,0.8512126653107028,0.00035,0.267926035311556,99.61223966837669,72.57467626697311,0.006095938452312429,0.0,32.101638189242415,192.1377591365705
2438,abundant,109.64187401919257,91.6699028162433,57.19238402335769,0.2006817527243928,5.761887077200919,8000.781591793071,2.149660644919632,19,2,38,0,0,0,0.2671703799203002,0.8505985972373082,0.000350690875639774,0.26792377239770204,99.61212132050858,72.574063298397,0.006096239146699692,0.0,32.101638189242415,162.8523161985567
2439,abundant,109.68924044453131,91.65238613879583,57.20894159350679,0.1842219808346072,5.794075479123111,7972.816889494687,2.1525643323007517,19,1,38,0,1,0,0.2759382473702522,0.849974865165201,0.00035,0.2679215151046194,99.61208518238995,72.57345185235174,0.006096538821285181,0.0,32.101638189242415,185.68982153393193
2440,abundant,109.71691887324974,91.63947368500394,57.233708887161455,0.09166781688533542,5.849354471462701,7953.825789842456,2.1502327064398536,18,2,37,0,1,0,0.2686064031180317,0.8493592188710896,0.0003507410470812531,0.26791925180693277,99.61196078554435,72.57283877980464,0.006096839568126547,0.0,32.101638189242415,185.18328571501775
2441,abundant,109.73093784969834,91.6361498313097,57.24585764341496,0.05673400255465491,5.8932574618046925,7935.566683435405,2.150134592848524,18,1,38,0,1,0,0.27166205131240445,0.8487401906146459,0.00035,0.2679169945369187,99.61191859896992,72.5722273400081,0.006097139221864431,0.0,32.101638189242415,194.07460783335546
2442,abundant,109.73572174076033,91.65218482032306,57.23116380123313,0.08214054781844819,5.920501664410937,7945.764782054266,2.150477121584562,19,3,36,0,1,0,0.26710964340724874,0.848145770006898,0.0010500000000000002,0.26790905549073096,99.61177190046222,72.57007684460636,0.0060984615569598345,0.0,32.101638189242415,175.38549990144324
2443,abundant,109.74448004459927,91.6837011535036,57.194272251384824,0.151008107118019,5.930063793526726,7962.207550136114,2.151968266623653,17,4,35,0,1,0,0.26795141103300796,0.8475481056486347,0.0009672212097515372,0.2679017883927096,99.61151884323888,72.5681083636945,0.0060996629073032564,0.0,32.101638189242415,161.4749457167464
2444,abundant,109.75789463465658,91.71124921818202,57.166119768243185,0.14076111910894737,5.926242162062256,7981.652795461658,2.1543728732247422,17,4,35,0,1,0,0.26884032572588423,0.8469422248401877,0.000708698208984613,0.26789661971743073,99.61126411773974,72.56670829469913,0.006100486516872183,0.0,32.101638189242415,139.76038498111612
2445,abundant,109.76000900959926,91.74112988252654,57.14531370990312,0.09911139310685622,5.901740011642554,7978.378900184634,2.167229763620765,17,2,37,0,1,0,0.27304817656188085,0.8463217352740436,0.0003522652883537863,0.26789434418569186,99.61119450284647,72.56609190824346,0.006100789353541727,0.0,32.101638189242415,174.6285847680395
2446,abundant,109.75678917262749,91.77242440233287,57.13003657895706,0.10143768251949578,5.889732789481303,7978.695934907577,2.180730252675233,17,1,38,0,1,0,0.2799808240984132,0.8456837967417696,1.4419369370957081e-06,0.2678949162393183,99.61113102979662,72.56624686372102,0.00610057963090857,0.0,32.101638189242415,178.02527410448624
2447,abundant,109.75350148338812,91.8106220229192,57.131480898674546,0.14228631355348362,5.878410639057308,7996.423057950917,2.1964134251243324,17,2,37,0,1,0,0.27734312268879024,0.8450586340229467,0.00035409700481433295,0.2678926258406145,99.61101096527605,72.5656264501645,0.006100885140461235,0.0,32.101638189242415,171.41129351947555
2448,abundant,109.76500828763139,91.85231878966307,57.12706064690919,0.16692851550900525,5.859862791731286,8014.1659290947355,2.2100753061680503,17,1,38,0,1,0,0.270777543944528,0.8444405787246076,0.00035,0.2678903687097474,99.61094706918463,72.56501504805951,0.006101184653730296,0.0,32.101638189242415,152.03489227096904
2449,abundant,109.77759139037839,91.89775171647803,57.12514745868007,0.17087395957917087,5.83404674905611,8029.38769798565,2.2213729889501153,16,0,40,0,0,0,0.2753133955645817,0.8438077339894867,0.0,0.26789095248539885,99.61096883736175,72.5651731787498,0.0061009728107187826,0.0,32.101638189242415,152.99757735671201
2450,abundant,109.77780679829917,91.92580908106352,57.11757374621815,0.06838985275304235,5.802491415093082,8025.69650452456,2.2284737862598893,17,3,37,0,0,0,0.2729045103353508,0.8431777422079147,7.256421320438514e-06,0.2678914773484964,99.61073483966757,72.56531535145558,0.006100771576608951,0.0,32.101638189242415,172.48630886230464
2451,abundant,109.77536583076082,91.95172477714837,57.10933807492968,0.07307095214919332,5.809229994226079,8013.605399637818,2.222897468140446,17,1,39,0,0,0,0.2797608819600702,0.8425498052377588,0.00035,0.2678892202185797,99.61069674117053,72.56470394960803,0.006101071093821134,0.0,32.101638189242415,158.39540865444195
2452,abundant,109.75966611127913,91.97187169889925,57.11322581731368,0.10019717057542198,5.855895765086629,8025.587253193386,2.2132235431423757,19,3,37,0,0,0,0.2747682262532899,0.8419329196226919,0.0005485512075648869,0.267885351486508,99.61046605558475,72.56365600375484,0.0061016606816111756,0.0,32.101638189242415,174.67327609321802
2453,abundant,109.74327903398962,91.99566367929431,57.11028368488637,0.10268293634334821,5.92992559290617,8030.591095410346,2.2010947190854875,19,2,38,0,0,0,0.2762855138315111,0.841308865441271,0.0003521387069238823,0.26788307701861874,99.61037782862364,72.56303990547029,0.00610196329257784,0.0,32.101638189242415,170.66314786729117
2454,abundant,109.72173974628694,92.0123696899876,57.09568919977378,0.11614628408911294,5.972915127452749,8030.171668062481,2.197321546645794,19,2,38,0,0,0,0.2695322803975838,0.8406922167290822,0.0003513141517355728,0.2678808092680655,99.61031090549571,72.56242562674944,0.006102264688371933,0.0,32.101638189242415,171.41145486492206
2455,abundant,109.7027969707696,92.02319052207783,57.07308807179902,0.097507389046501,6.017348588541063,8016.995032752806,2.1969430330323925,19,2,38,0,0,0,0.2730054458279098,0.8400718758129877,0.0003558955112850498,0.26787850434456184,99.61023440370991,72.5618012787763,0.006102572767013462,0.0,32.101638189242415,184.4645997379901
2456,abundant,109.69199358918831,92.02737803018162,57.04273064139285,0.060314406886160805,6.054194015535783,7973.999281280761,2.2046425785722343,18,1,39,0,0,0,0.2745482492534025,0.839440416443663,1.9418030509240133e-05,0.26787893056367107,99.61017071330461,72.56191673121388,0.006102389245318457,0.0,32.101638189242415,178.6190171909857
2457,abundant,109.67167514222288,92.00991464345726,57.026533173432526,0.104021634693453,6.081410724917021,7928.879593333993,2.216792869114883,17,3,37,0,0,0,0.26885421908282403,0.8388343289985609,0.0007018641388873232,0.2678738174763827,99.61006822193951,72.56053171965931,0.006103202775728529,0.0,32.101638189242415,194.93107751451674
2458,abundant,109.63481395585818,91.96905196417853,57.0174236130772,0.20168492007523708,6.084324627986553,7869.537024477409,2.2339236151661295,18,3,37,0,0,0,0.2703778543335912,0.8382168718340737,0.0003556598314189393,0.26787151449497787,99.6098373055866,72.55990789775373,0.006103510477472635,0.0,32.101638189242415,193.11269870517714
2459,abundant,109.5903824042887,91.9273386703314,57.01439686649432,0.22282028472218682,6.055508147074703,7809.885424551976,2.2503253600771767,18,1,39,0,0,0,0.2732493671853281,0.8375864276983102,4.648862152416681e-06,0.2678720606202448,99.60977375883726,72.56005582986643,0.006103305345637648,0.0,32.101638189242415,181.3716465372779
2460,abundant,109.5460925330561,91.8886954691615,57.0173936743023,0.2047293660858788,6.0020034819464225,7766.213430139331,2.2635940033954856,18,1,39,0,0,0,0.27648970670687734,0.8369523440000581,1.9635402048910546e-06,0.2678726285336674,99.60971023828424,72.56020966386296,0.0061030962977014075,0.0,32.101638189242415,178.3613544235561
2461,abundant,109.5233245762046,91.85581589963847,57.012152291088704,0.11205592023481682,5.916768470242344,7736.6324090343915,2.274772582080451,17,3,37,0,0,0,0.2720340413157273,0.8363331267338591,0.0003578635445750707,0.2678703076525823,99.6095302813784,72.55958099336736,0.00610340722274159,0.0,32.101638189242415,186.74681364873945
2462,abundant,109.50612260191747,91.84415372519314,57.01639107440324,0.056933014575666685,5.784662421806553,7698.964688754342,2.2830012308907612,18,2,38,0,0,0,0.2688289358605034,0.8357270149044125,0.0007,0.26786520972068356,99.60946075830313,72.55820008704092,0.00610421799432086,0.0,32.101638189242415,191.7883731098481
2463,abundant,109.48549538870907,91.84555947680671,57.01012707000162,0.09750819839364305,5.661746967913862,7656.921127999114,2.2878220998920047,18,3,37,0,0,0,0.26638823160187347,0.83511399705538,0.0003574716332037004,0.2678628920566661,99.60925120439572,72.55757228797104,0.006104528307836018,0.0,32.101638189242415,172.75240609236977
2464,abundant,109.47925698851478,91.84418143040291,57.01382956266444,0.026156174194403317,5.6133143490316195,7609.669676459562,2.290223927316978,18,4,36,0,0,0,0.2684267402853024,0.8345279276410661,0.0014,0.2678521123730891,99.60902870931308,72.5546523326746,0.006106361732251378,0.0,32.101638189242415,164.10265424186406
2465,abundant,109.47613430765523,91.8368863558312,57.02654961239407,0.013361514298079186,5.634482840869737,7597.860121248203,2.2915782227258865,18,3,37,0,0,0,0.27464381478100763,0.8339252194448072,0.0010500000000000002,0.2678441736393954,99.6088820160594,72.55250192191993,0.0061076837471262845,0.0,32.101638189242415,183.24600327683478
2466,abundant,109.45689131564363,91.82536554260955,57.04736022330168,0.08811568249339735,5.721980947753734,7593.6088913396525,2.2758976717959865,19,2,38,0,0,0,0.269312119433908,0.8333185761134299,0.0007,0.26783907584431355,99.60881397612074,72.55112105265387,0.006108494370217703,0.0,32.101638189242415,197.67980938122204
2467,abundant,109.45283003742384,91.83435940552371,57.05875651107656,0.06209591404784902,5.792451557987893,7594.732529569992,2.2601359503721747,19,4,36,0,0,0,0.2692974807088563,0.8327120305036111,0.0007029149628923165,0.2678339544184174,99.60860734742619,72.54973378237233,0.006109309223889455,0.0,32.101638189242415,172.69296608099089
2468,abundant,109.45981730892024,91.84693060758602,57.06548922654288,0.07303787346851538,5.828240115571282,7621.455761771285,2.2480910588371215,19,2,38,0,0,0,0.26708296531906517,0.8320981093630173,0.0003525043306150862,0.2678316772451095,99.60851662077641,72.54911695125537,0.006109612103458254,0.0,32.101638189242415,190.04398292038974
2469,abundant,109.4842914182221,91.86789562000173,57.06048308632187,0.11369516445343551,5.879601597667591,7668.680862710207,2.2354716380154556,18,1,39,0,0,0,0.27601097244277395,0.8314742972933302,0.00035,0.26782942041310487,99.60851479095936,72.54850563010498,0.006109911313713027,0.0,32.101638189242415,173.2759476570126
2470,abundant,109.5274067042651,91.89175254743421,57.05419830874257,0.193564389864692,5.923035808080745,7707.037421549729,2.2255388249846177,18,2,38,0,0,0,0.2735431759624141,0.8308629997997716,0.0007,0.2678243227046555,99.60847062509136,72.54712478430557,0.006110721859459726,0.0,32.101638189242415,177.41298532921695
2471,abundant,109.56852229277959,91.90587082965445,57.05323803334488,0.14687546170005314,5.98779710315695,7755.065006779914,2.2182833565065194,18,2,38,0,0,0,0.2770877749738481,0.8302478032473004,0.0007,0.2678192250234062,99.6083709367292,72.54574394587398,0.0061115323770629644,0.0,32.101638189242415,175.03088900543602
2472,abundant,109.61613016946667,91.90394897190029,57.05822555534563,0.17916307728724945,6.031003707188816,7801.509504110436,2.2099250527594725,18,3,37,0,0,0,0.2694024587450905,0.8296508605426809,0.0010500000000000002,0.26781128648245917,99.60828281526055,72.54359358732971,0.006112854212404708,0.0,32.101638189242415,173.51517251717866
2473,abundant,109.6805079348089,91.92427090475029,57.05827433136792,0.23735028506353317,6.071276733318056,7831.871782756061,2.2044121771315286,16,4,35,0,1,0,0.2663190547938639,0.829037824785091,0.0003541143815578303,0.26780899636692285,99.60801252576519,72.54297325047641,0.006113159321151245,0.0,32.101638189242415,151.94460755819972
2474,abundant,109.73741322720828,91.93636541427954,57.08705317045434,0.20503564064237687,6.126626986115243,7893.693096321957,2.2011578375849936,16,3,36,0,1,0,0.26606558457568286,0.8284349285800923,0.0007062835012306004,0.26780384775915045,99.60785935142796,72.54157861728268,0.006113978934243216,0.0,32.101638189242415,163.30084524103924
2475,abundant,109.78032867080223,91.95061813565384,57.11316333276163,0.1791963734407917,6.136143754996064,7933.656800005032,2.2021567751196303,16,4,35,0,1,0,0.2650587999282071,0.827833154692599,0.0007068140152747314,0.26779869486367924,99.60758299156895,72.54018282265517,0.006114799293951668,0.0,32.101638189242415,172.28197510144088
2476,abundant,109.790818423728,91.96394770164665,57.14446565177495,0.06757842928237097,6.113093655753277,7972.546036795327,2.2040484587335345,16,3,36,0,1,0,0.26174762822667547,0.8272348673415977,0.000701251430280602,0.2677935871476704,99.60745959610475,72.53879926605016,0.006115611498304689,0.0,32.101638189242415,172.72940418873628
2477,abundant,109.80013214244677,91.96912183988829,57.160381039084065,0.04224535839350459,6.0421642178605826,7987.527918478692,2.1939907466160053,16,4,35,0,1,0,0.2590764565202751,0.826649389216257,0.0010537848868540454,0.26778561800119066,99.6073043226792,72.53664061720808,0.006116938721687889,0.0,32.101638189242415,189.11198800309666
2478,abundant,109.81168059656821,91.97576777587055,57.15740395825757,0.05497221927532561,5.961620829243072,7970.019813816973,2.1816773604846342,16,4,35,0,1,0,0.26678213532331513,0.8260455878305614,0.0007021058271384417,0.26778050340846915,99.6070865024021,72.53525519786812,0.0061177521000202705,0.0,32.101638189242415,196.2402185714816
2479,abundant,109.82760126170083,91.96663753311074,57.15186440476964,0.07243390553164335,5.889701760062101,7966.140480082708,2.171920032042262,16,3,36,0,1,0,0.27047574351515113,0.8254280694051026,0.00035731758599601436,0.2677781874269345,99.60688921582346,72.5346278545421,0.006118061718548203,0.0,32.101638189242415,176.31646694909756
2480,abundant,109.83484698005402,91.94851065149503,57.15333144659585,0.07546811605900812,5.830215997360859,7956.650784504425,2.170174752174849,16,1,38,0,1,0,0.2742649577917825,0.8248061779515314,0.00035,0.2677759308546785,99.60687429117482,72.53401660375134,0.0061183606354186576,0.0,32.101638189242415,178.90005140909804
2481,abundant,109.82326372673268,91.91554495972721,57.16052056617284,0.1103969858964634,5.763484975102548,7931.847628281532,2.1732022589019975,16,1,38,0,1,0,0.2696605520053975,0.8241893513443255,0.00035,0.2677736742958311,99.6068445137772,72.53340535659262,0.006118659541910233,0.0,32.101638189242415,189.30214574172047
2482,abundant,109.78880666726582,91.86996355271815,57.173670762802224,0.20515916562774072,5.726481305982702,7923.196196097451,2.17870870739928,17,2,37,0,1,0,0.2725027026451262,0.823569484903885,0.00035309044532205866,0.2677713926623858,99.60674109967555,72.53278731733243,0.006118962953127538,0.0,32.101638189242415,188.9105433682182
2483,abundant,109.72846873481633,91.82860367461198,57.20491739342583,0.24584046539224524,5.719727828489221,7905.00781339065,2.1844298540783447,18,2,38,0,0,0,0.2798718279331792,0.8229512258931585,0.0007,0.2677662952469064,99.60670489647391,72.53140655089149,0.006119773184586659,0.0,32.101638189242415,187.95428655267028
2484,abundant,109.65229313721446,91.7793070664543,57.22275785603316,0.32008684364090423,5.714498354506963,7893.509887830864,2.1879643906154325,18,2,38,0,0,0,0.2759688824355907,0.8223372601224794,0.0007,0.2677611978734291,99.60666564024133,72.53002579582788,0.00612058338791323,0.0,32.101638189242415,195.55986378358904
2485,abundant,109.59037361248564,91.71769298208842,57.22402006628674,0.29817942384772483,5.730758153244649,7882.879118273064,2.197942046138719,18,4,36,0,0,0,0.27126200761314856,0.8217285824626666,0.0007039481629193637,0.2677560684881455,99.60646839993007,72.52863636954098,0.006121399331327791,0.0,32.101638189242415,201.47841024240208
2486,abundant,109.53221489824348,91.65636081118815,57.21786366240682,0.27312024551445396,5.768787088335707,7854.5344277084805,2.1967147131686553,18,5,35,0,0,0,0.26909286095068297,0.8211419559132647,0.0014062713444181758,0.2677452384888819,99.60626592484519,72.52570278494322,0.006123241332314286,0.0,32.101638189242415,203.0790163161915
2487,abundant,109.48869287168255,91.59066771833548,57.214991503923194,0.27510868570479063,5.829330219711876,7855.933187764909,2.194275029520172,18,6,34,0,0,0,0.2699098526874716,0.8205461529851362,0.001110639636714846,0.26773680813095446,99.60589014908416,72.52341920508624,0.006124651354897738,0.0,32.101638189242415,200.42107158894922
2488,abundant,109.4745050559454,91.53850906744368,57.210874991894535,0.18080353299419535,5.877208445235902,7843.202871079062,2.18942630316947,17,4,36,0,0,0,0.27075073268178695,0.8199575271791865,0.0014,0.26772602913457977,99.60567992068071,72.52049943593627,0.0061264840806083175,0.0,32.101638189242415,208.19605254286117
2489,abundant,109.46517373043521,91.53230187043006,57.19862289648395,0.006777917877460016,5.9170521033715815,7829.631722674378,2.190316800750647,16,4,36,0,0,0,0.25973412639945764,0.8193615167196041,0.0007034671234683394,0.26772090383873876,99.60547901153927,72.51911111738036,0.006127299116348295,0.0,32.101638189242415,167.13658820722853
2490,abundant,109.45724859363808,91.5515236579489,57.18482080063443,0.08922597518240953,5.94050581047475,7824.905705279307,2.1980792919227423,15,2,38,0,0,0,0.269195190796719,0.8187550020097276,0.0007,0.26771580672290457,99.60547889551616,72.51773043210605,0.0061281090583623285,0.0,32.101638189242415,169.94741834773532
2491,abundant,109.46808753578144,91.57406307982271,57.19294786970964,0.09779453838018053,5.997415810674205,7793.204711536346,2.2091263713451976,16,5,35,0,0,0,0.2652790714774671,0.8181724260451823,0.0014011076456986325,0.26770501886600667,99.60534555263156,72.51480826285486,0.006129943282273174,0.0,32.101638189242415,180.94190342647912
2492,abundant,109.48233450682044,91.6057828289219,57.202450807892,0.149257793696097,6.052703681370753,7769.250477560025,2.226618717192402,16,6,34,0,0,0,0.2593288667677582,0.8175872088208124,0.0010730188955248023,0.26769689409336617,99.60491693931594,72.51260745865366,0.006131298108693936,0.0,32.101638189242415,168.7359202637991
2493,abundant,109.4879403109292,91.6700838436436,57.2199567284179,0.2621402179430966,6.089361069551809,7745.257968646416,2.2455508902700174,18,2,38,0,0,0,0.2682633896936416,0.816971991754967,0.0003525951006294449,0.26769461692733904,99.6048086484566,72.51199062950887,0.006131600357386969,0.0,32.101638189242415,138.7483918318031
2494,abundant,109.48517597577253,91.73764345204069,57.24977381901083,0.2626887316962086,6.086464199785227,7754.636322938561,2.260880771471494,18,3,37,0,0,0,0.26606342919616843,0.8163592719701599,0.0003553566895985995,0.2676923173480677,99.6046123827011,72.51136772915888,0.006131906630234421,0.0,32.101638189242415,141.65196544361953
2495,abundant,109.48380298775278,91.80689588753275,57.29127169676072,0.2622748750172916,6.061153076327277,7780.914785497414,2.2740830601914896,19,1,39,0,0,0,0.27489454039025085,0.8157366879757305,0.00035,0.2676900612682125,99.60463077788215,72.51075661174757,0.0061322050663871214,0.0,32.101638189242415,149.96510261602285
2496,abundant,109.49013301998234,91.88154928683429,57.32691317320193,0.294352611969474,6.037623262557826,7796.6998698271855,2.2755364847577964,18,1,39,0,0,0,0.27737375934016717,0.8151113768404563,0.00035,0.2676878052031984,99.60460229864914,72.51014549835635,0.006132503492177633,0.0,32.101638189242415,146.31197318693265
2497,abundant,109.48907683501106,91.93717026496327,57.36000880430157,0.2080779330948768,5.999195172935268,7819.933888070969,2.2700193996176976,19,2,38,0,0,0,0.26340109858089766,0.8145016182638735,0.00035652256629167,0.2676854962056615,99.60448578275889,72.50952004682624,0.006132811436998912,0.0,32.101638189242415,156.05049958850844
2498,abundant,109.48604547802105,91.98391601815872,57.378890619500986,0.16899342176489765,5.95369629163425,7832.615078261253,2.2618575785967217,18,2,38,0,0,0,0.27067760008552155,0.8138837077873067,0.0003512458402588927,0.2676832300511133,99.60436658155463,72.50890620042449,0.006133111661893212,0.0,32.101638189242415,149.49603267405308
2499,abundant,109.48742439742561,92.01490468088423,57.37828592220571,0.09771987027083387,5.927208477116962,7841.120670583732,2.2532858194132075,18,1,39,0,0,0,0.27693524796996083,0.8132588790145399,0.00035,0.2676809740231861,99.60432989910103,72.50829509707923,0.00613341005620526,0.0,32.101638189242415,154.91734578362357
