step,scenario,centroid_x,centroid_y,spread,polarization,mean_nearest_neighbour_distance,convex_hull_area,elongation_ratio,number_of_clusters,alert_count,grazing_count,travelling_count,resting_count,mean_speed,mean_energy,mean_food_intake,field_mean_food,field_health_pct,field_biomass_pct,mean_grazing_pressure,degraded_area_pct,mean_ndvi_pct,mean_azimuth_deg
0,scarce,110.8405123957773,71.62508012263135,11.577035597875573,0.551658925838973,3.1689211060976836,897.070377332595,0.8939394408421852,1,0,0,36,0,1.4892819389965715,0.8480317898671037,0.0,0.0511188070409485,100.0,46.00007820767078,0.0,0.0,24.325666783590812,161.0859452696419
1,scarce,111.65724259019458,71.92866790271695,11.959320456858654,0.5847393454945621,2.968001261602149,891.7479340636673,0.9621795578868155,1,0,0,36,0,1.4901147559598706,0.8460626636355477,0.0,0.05111889395114932,100.0,46.00015641520859,0.0,0.0,24.325666783590812,122.63146888231238
2,scarce,112.44139033675657,72.23654206649098,12.443428467338283,0.5650255204693191,2.8641619478349525,893.5238993855346,1.0239131580517153,2,0,0,36,0,1.490944375870727,0.8440926248220899,0.0,0.05111898086120239,100.0,46.000234622613455,0.0,0.0,24.325666783590812,166.50545194619016
3,scarce,113.25406157588944,72.58034466126153,12.951709488950325,0.5915136905733117,2.735628164638755,883.4429391309677,1.129443649929738,1,0,0,36,0,1.4917707759846925,0.8421216769685068,0.0,0.05111906777110768,100.0,46.00031282988534,0.0,0.0,24.325666783590812,126.9922858682959
4,scarce,114.11826964475985,72.89344283367979,13.424587915374008,0.6158251170144265,2.811913100831932,903.2230666961914,1.2271778424978692,2,0,0,36,0,1.4925939336455907,0.8401498236414967,0.0,0.051119154680865225,100.0,46.000391037024265,0.0,0.0,24.325666783590812,138.63197711105119
5,scarce,115.02717452135214,73.073798942435,13.747470531118218,0.6204752748934238,2.7759232525186643,894.5618537580303,1.2821102042213903,2,0,0,36,0,1.4934138262861378,0.838177068432582,0.0,0.05111924159047502,100.0,46.000469244030235,0.0,0.0,24.325666783590812,167.22135743712437
6,scarce,115.97087125621914,73.336057677587,14.032169133887795,0.6554950513659247,2.583593069987449,864.5991038066131,1.3249762765126922,2,0,0,36,0,1.4942304314285633,0.8362034149580105,0.0,0.051119328499937056,100.0,46.00054745090325,0.0,0.0,24.325666783590812,145.35066845736984
7,scarce,116.90052296063112,73.71696796494378,14.409944807849971,0.6719947959092584,2.3640802054792847,861.3269719044329,1.3541303230598378,2,0,0,36,0,1.4950437266852248,0.8342288668586567,0.0,0.051119415409251336,100.0,46.0006256576433,0.0,0.0,24.325666783590812,128.89291718343623
8,scarce,117.70505513165475,74.02506787592387,14.920642120016923,0.57593125380364,2.2039022759761426,913.7053387677588,1.4645335499008698,2,0,0,36,0,1.495853689759222,0.8322534277999218,0.0,0.05111950231841785,100.0,46.000703864250376,0.0,0.0,24.325666783590812,126.07610729247553
9,scarce,118.51312211568393,74.30847134829666,15.33030088636744,0.5721561591092069,2.0058373027587058,929.1903745441596,1.5058456646003493,2,0,0,36,0,1.4966602984450073,0.8302771014716324,0.0,0.05111958922743662,100.0,46.000782070724505,0.0,0.0,24.325666783590812,125.13679738069612
10,scarce,119.29461519095918,74.71738585599344,15.417248088402381,0.5890029841575102,1.8630610742742926,922.3328606050345,1.5708788806697505,3,0,0,36,0,1.4974635306289974,0.8282998915879403,0.0,0.05111967613630763,100.0,46.00086027706567,0.0,0.0,24.325666783590812,138.80343062058233
11,scarce,119.97119050438482,75.13238327612319,15.46482053342212,0.5297539350825177,1.7721285376736728,944.9717641578391,1.5540248912283419,3,0,0,36,0,1.498263364290175,0.8263218018872212,0.0,0.05111976304503088,100.0,46.00093848327387,0.0,0.0,24.325666783590812,130.39422197520636
12,scarce,120.67983003512957,75.49769577247098,15.610428617381935,0.5318399051800696,1.6567716409462339,966.0985305847207,1.599960828718587,3,0,0,36,0,1.499059777500697,0.8243428361319701,0.0,0.051119849953606376,100.0,46.001016689349115,0.0,0.0,24.325666783590812,147.75378363188486
13,scarce,121.09214539249969,75.85611782126686,15.663833544431377,0.36425200550972314,1.5138999574842107,960.0725245491049,1.525595503203231,4,0,0,36,0,1.4998527484264927,0.8223629981087012,0.0,0.051119936862034115,100.0,46.001094895291395,0.0,0.0,24.325666783590812,124.95894325976525
14,scarce,121.39504811820206,76.14775979829365,15.466803535096906,0.2802013528616864,1.4441659980794843,921.7755745531467,1.5207499457999532,3,0,0,36,0,1.5006422553278636,0.8203822916278405,0.0,0.05112002377031411,100.0,46.001173101100726,0.0,0.0,24.325666783590812,160.43616832576447
15,scarce,121.83010342175645,76.33219447599346,15.431607792016543,0.3147236169900649,1.1496072671990865,860.5647703053,1.5099761964740155,3,0,0,36,0,1.5014282765600795,0.8184007205236243,0.0,0.051120110678446344,100.0,46.00125130677709,0.0,0.0,24.325666783590812,150.73185267685923
16,scarce,122.32101247897266,76.30661744961655,15.371753364424787,0.3272343053222274,1.0477167805320813,879.1754420266807,1.549410841286361,3,0,0,36,0,1.5022107905739708,0.816418288653993,0.0,0.051120197586430834,100.0,46.0013295123205,0.0,0.0,24.325666783590812,186.92887424759883
17,scarce,122.69581690591384,76.3576576492634,15.68154436951126,0.2516741967263044,0.889558858246848,848.1931410186298,1.5302542562942998,3,0,0,36,0,1.5029897759165207,0.814434999900485,0.0,0.05112028449426755,100.0,46.00140771773095,0.0,0.0,24.325666783590812,174.8508801719847
18,scarce,122.77735060679532,76.46305250596276,15.801597000008933,0.0886115505090717,0.789473556070242,856.6263818956431,1.4791687795672384,3,0,0,36,0,1.5037652112314528,0.8124508581681303,0.0,0.051120371401956535,100.0,46.001485923008445,0.0,0.0,24.325666783590812,193.595831952895
19,scarce,122.69719233987254,76.65154040488946,15.859013004791532,0.13613782320003093,0.8215905117429663,877.9978812366026,1.5017867361238513,3,0,0,36,0,1.5045370752598164,0.8104658673853443,0.0,0.05112045830949777,100.0,46.001564128152985,0.0,0.0,24.325666783590812,177.73188082736834
20,scarce,123.03975170462425,76.61108523172182,16.015607939627703,0.22914945973335532,0.6476922096976228,880.3045389930376,1.3603398788002867,3,0,0,36,0,1.5053053468405675,0.8084800315038199,0.0,0.05112054521689123,100.0,46.00164233316456,0.0,0.0,24.325666783590812,180.38394619494767
21,scarce,123.14202706374812,76.56110994851117,16.098580535437893,0.07558230089316453,0.7170210525478745,954.5051036034238,1.308090839895855,3,0,0,36,0,1.5060700049111555,0.8064933544984176,0.0,0.05112063212413695,100.0,46.00172053804318,0.0,0.0,24.325666783590812,190.4146928632949
22,scarce,123.24965093389012,76.84233430241083,16.240602099877467,0.19983305889394032,0.6690814809142029,974.8994412434986,1.3754878965442103,3,0,0,36,0,1.5068310285080904,0.8045058403670589,0.0,0.05112071903123492,100.0,46.00179874278885,0.0,0.0,24.325666783590812,134.13495124856513
23,scarce,123.16469425602503,76.86458276137468,16.388698551578745,0.058253026224901666,0.6845265838851786,993.6134929554792,1.3420416835405506,3,0,0,36,0,1.5075883967675283,0.8025174931306146,0.0,0.051120805938185125,100.0,46.00187694740155,0.0,0.0,24.325666783590812,166.5013287804128
24,scarce,123.2326781352693,76.81939177825876,16.588819276489335,0.05412136144496393,0.5715785134759156,956.0922134126413,1.3679838989237483,3,0,0,36,0,1.5083420889258337,0.8005283168327961,0.0,0.051120892844987595,100.0,46.001955151881305,0.0,0.0,24.325666783590812,158.54124888457133
25,scarce,123.27037549470772,76.68324064958523,16.264504544749546,0.09361494140766521,0.6557572136765198,943.7525768427877,1.415192949012582,3,0,0,36,0,1.5090920843201563,0.7985383155400438,0.0,0.051120979751642315,100.0,46.002033356228104,0.0,0.0,24.325666783590812,179.9130558808034
26,scarce,123.26340015569583,76.71016965862566,16.19215151058754,0.018424319258631108,0.5266529477181429,925.89130936324,1.3614072575111817,3,0,0,36,0,1.5098383623889926,0.7965474933414158,0.0,0.05112106665814927,100.0,46.00211156044194,0.0,0.0,24.325666783590812,186.43489542525916
27,scarce,123.53438320292192,76.93334784774555,16.415957794906305,0.23239801362832344,0.7151168925769801,969.14716620545,1.3305882860684812,3,0,0,36,0,1.5105809026727546,0.7945558543484761,0.0,0.05112115356450848,100.0,46.00218976452282,0.0,0.0,24.325666783590812,164.11639383132558
28,scarce,123.16552920685133,77.02146102095178,16.42536754936035,0.250927972849315,0.7123618690726903,981.0445525194737,1.3716709172235275,3,0,0,36,0,1.511319684814323,0.7925634026951802,0.0,0.051121240470719954,100.0,46.002267968470754,0.0,0.0,24.325666783590812,173.61586385301553
29,scarce,123.30180535676793,76.7561585099651,16.535180829054156,0.1972520912697229,0.5364824125970051,939.5967953782456,1.377482954424886,3,0,0,36,0,1.5120546885596136,0.7905701425377646,0.0,0.051121327376783654,100.0,46.00234617228572,0.0,0.0,24.325666783590812,196.5108287211818
30,scarce,123.51076692654101,76.49494807690448,16.424516571702554,0.2211207409235293,0.5905488455106109,956.6685340508993,1.322132381647552,3,0,0,36,0,1.5127858937581264,0.7885760780546309,0.0,0.05112141428269962,100.0,46.002424375967735,0.0,0.0,24.325666783590812,202.40311376466857
31,scarce,123.31927350373134,76.55300368826674,16.269217162558892,0.1322092378389252,0.5259624344444593,949.9253357817906,1.3095436719311462,3,0,0,36,0,1.513513280363502,0.7865812134462309,0.0,0.05112150118846783,100.0,46.0025025795168,0.0,0.0,24.325666783590812,179.08716436897512
32,scarce,123.16760174816828,76.72133206727166,16.349940607363017,0.14963352338245658,0.646512114334596,939.7207319694426,1.3695890652589893,3,0,0,36,0,1.51423682843407,0.7845855529349534,0.0,0.0511215880940883,100.0,46.00258078293292,0.0,0.0,24.325666783590812,161.2744766790048
33,scarce,123.4112656043896,76.87041295289295,16.273013648352865,0.1885547254628127,0.4748124272723332,898.6663753901084,1.42545345649263,3,0,0,36,0,1.514956518133393,0.782589100765007,0.0,0.051121674999561016,100.0,46.00265898621607,0.0,0.0,24.325666783590812,149.8539265056287
34,scarce,123.34575798028527,76.9433806943449,16.28983503206,0.06469660922370143,0.5808703068567715,912.9616270711485,1.3638611651251893,3,0,0,36,0,1.5156723297308152,0.780591861202303,0.0,0.05112176190488599,100.0,46.00273718936628,0.0,0.0,24.325666783590812,171.3975888490851
35,scarce,123.56331652653067,76.75766766559583,16.401545106723926,0.1886354278084795,0.6025709713675295,1008.9043471958794,1.2597155741210058,3,0,0,36,0,1.5163842436020003,0.7785938385343407,0.0,0.0511218488100632,100.0,46.002815392383525,0.0,0.0,24.325666783590812,209.33992814983506
36,scarce,123.5960449662774,76.53089225393393,16.55454634012086,0.15102901054039256,0.5875586227260982,973.2473340149882,1.3558765871605947,3,0,0,36,0,1.517092240229469,0.7765950370700881,0.0,0.05112193571509267,100.0,46.00289359526782,0.0,0.0,24.325666783590812,185.51035954140968
37,scarce,123.37549447319907,76.52170927636656,16.40051261517864,0.14543557943139612,0.48984741430358064,911.4464304099602,1.4703360261899783,3,0,0,36,0,1.517796300203138,0.7745954611398645,0.0,0.0511220226199744,100.0,46.00297179801916,0.0,0.0,24.325666783590812,171.1622349730571
38,scarce,123.02679182958504,76.55863489086613,16.167635869242066,0.23092073043302072,0.5760651816249749,923.4813297544097,1.4242750750047428,3,0,0,36,0,1.5184964042208458,0.7725951150952217,0.0,0.05112210952470838,100.0,46.00305000063755,0.0,0.0,24.325666783590812,173.66281368437072
39,scarce,123.35799169143343,76.76997321038195,16.215798131053642,0.2586131929856813,0.5940388318552866,907.010936215258,1.4124973022894158,3,0,0,36,0,1.5191925330888862,0.7705940033088239,0.0,0.051122196429294615,100.0,46.003128203123,0.0,0.0,24.325666783590812,166.90544744899023
40,scarce,123.44774487057897,76.75318037329617,16.496358501313022,0.060077346372163554,0.49475308166623994,930.7677074040694,1.3777995615636773,3,0,0,36,0,1.519884667722537,0.7685921301743294,0.0,0.0511222833337331,100.0,46.00320640547548,0.0,0.0,24.325666783590812,166.08422449524286
41,scarce,123.24005965086384,76.51498672488748,16.538557559924257,0.20783033085639482,0.6293555993392723,972.6185327611893,1.3285022659925803,3,0,0,36,0,1.5205727891465766,0.7665895001062679,0.0,0.05112237023802384,100.0,46.003284607695015,0.0,0.0,24.325666783590812,202.07624800540714
42,scarce,123.3411031016121,76.51848432032405,16.501910850044762,0.0664608116354179,0.5429332854500054,945.1057618109262,1.3765003041437163,3,0,0,36,0,1.5212568784958078,0.7645861175399228,0.0,0.05112245714216683,100.0,46.00336280978159,0.0,0.0,24.325666783590812,177.73205299459033
43,scarce,123.32358806924026,76.7553089896855,16.407630125757183,0.15603240194119591,0.5261186915294589,953.5856965928906,1.3661748969252778,3,0,0,36,0,1.521936917015577,0.7625819869312056,0.0,0.05112254404616207,100.0,46.00344101173523,0.0,0.0,24.325666783590812,171.90990329116048
44,scarce,123.58841177392134,76.88691428469187,16.34220886867948,0.1942201344085503,0.6506375421733075,949.9372788981564,1.3559490710498652,3,0,0,36,0,1.5226128860622832,0.7605771127565368,0.0,0.05112263095000958,100.0,46.00351921355591,0.0,0.0,24.325666783590812,158.99266184734373
45,scarce,123.32052196705541,76.88630547550889,16.27101497370381,0.17586370220677086,0.46339571838989674,901.3787365325734,1.3324342110115837,3,0,0,36,0,1.5232847671038945,0.7585714995127226,0.0,0.05112271785370934,100.0,46.00359741524364,0.0,0.0,24.325666783590812,199.7967487378702
46,scarce,123.44586613442581,76.51213310434404,16.435476883343284,0.2589377377339306,0.47836636106684616,894.2776572763469,1.382362051416982,3,0,0,36,0,1.5239525417204522,0.7565651517168303,0.0,0.051122804757261345,100.0,46.00367561679842,0.0,0.0,24.325666783590812,236.67188474986673
47,scarce,123.80906076167116,76.37354591663333,16.406295743499996,0.25497392460393264,0.5241383551242907,915.9683078784874,1.4072193543352003,3,0,0,36,0,1.524616191604578,0.7545580739060651,0.0,0.051122891660665616,100.0,46.00375381822025,0.0,0.0,24.325666783590812,168.66404519251967
48,scarce,123.5452964744722,76.71282184364524,16.34981182451173,0.2817482924054818,0.47320073441869837,942.1748392304144,1.373817528587733,3,0,0,36,0,1.5252756985619753,0.7525502706376471,0.0,0.05112297856392214,100.0,46.003832019509126,0.0,0.0,24.325666783590812,159.08001044199443
49,scarce,123.28428772257081,76.85236237643261,16.419784503705756,0.1939590405619425,0.599776077063829,964.521266325417,1.2994471166633548,3,0,0,36,0,1.5259310445119274,0.7505417464886837,0.0,0.05112306546703092,100.0,46.00391022066506,0.0,0.0,24.325666783590812,155.97764123474295
50,scarce,123.33362896135067,76.95400861916914,16.570802010905236,0.07401436339774806,0.6421872560753754,1010.0799219338442,1.3294932070589887,3,0,0,36,0,1.526582211487794,0.7485325060560473,0.0,0.05112315236999196,100.0,46.00398842168804,0.0,0.0,24.325666783590812,162.8359834897483
51,scarce,123.40309080721164,76.69966393608509,16.62492602318503,0.17263891247399069,0.5506737714801893,980.1204579999649,1.3944625673099473,3,0,0,36,0,1.527229181637504,0.746522553956246,0.0,0.05112323927280525,100.0,46.00406662257807,0.0,0.0,24.325666783590812,200.01230584944972
52,scarce,123.2184159185147,76.54602412008535,16.38168058608836,0.15723115745152913,0.6195623418754281,965.1332639714674,1.434076571302575,3,0,0,36,0,1.527871937224044,0.7445118948252997,0.0,0.05112332617547081,100.0,46.00414482333516,0.0,0.0,24.325666783590812,191.55228803778198
53,scarce,123.1483181694789,76.58586257614488,16.17018583373159,0.052749079708264104,0.6197411627364174,884.0952644657009,1.470306649337604,3,0,0,36,0,1.5285104606259443,0.742500533318611,0.0,0.051123413077988615,100.0,46.0042230239593,0.0,0.0,24.325666783590812,173.73620912327166
54,scarce,123.35906810348362,76.73823864317382,16.2976180014236,0.1700724408166852,0.5633859846089437,913.2505590993387,1.4455040530794154,3,0,0,36,0,1.5291447343377635,0.7404884741108394,0.0,0.05112349998035867,100.0,46.00430122445047,0.0,0.0,24.325666783590812,150.4080495189188
55,scarce,123.4163726991153,76.76893415867119,16.390352946174083,0.04249510156822757,0.6308165653965921,933.6310910454849,1.33947720114819,3,0,0,36,0,1.5297747409705675,0.7384757218957716,0.0,0.05112358688258101,100.0,46.004379424808725,0.0,0.0,24.325666783590812,183.83195647629717
56,scarce,123.3837510865651,76.87350087703841,16.49471696636748,0.07157411784911535,0.6173805796726949,976.3916825376873,1.328485922780835,3,0,0,36,0,1.5304004632524064,0.7364622813861943,0.0,0.05112367378465559,100.0,46.004457625034014,0.0,0.0,24.325666783590812,178.5421278916507
57,scarce,123.47196916042337,76.79741661447919,16.564331047537628,0.07609014715547562,0.7021117572176491,966.1923121492255,1.3011785494418557,3,0,0,36,0,1.5310218840287877,0.7344481573137627,0.0,0.05112376068658243,100.0,46.004535825126354,0.0,0.0,24.325666783590812,196.09971944034658
58,scarce,123.21911183707337,76.62419579490897,16.417544086836287,0.20011246052257978,0.5814706755918088,973.6562035336065,1.394074455674545,3,0,0,36,0,1.5316389862631459,0.7324333544288731,0.0,0.051123847588361526,100.0,46.00461402508575,0.0,0.0,24.325666783590812,191.97267993961714
59,scarce,123.43708546004092,76.4130181180913,16.379305164565082,0.1980704804874287,0.6210206299473215,953.0160693688376,1.3856348995132481,3,0,0,36,0,1.5322517530373132,0.730417877500532,0.0,0.05112393448999289,100.0,46.004692224912205,0.0,0.0,24.325666783590812,209.2084752300817
60,scarce,123.45690171209422,76.58635334198225,16.50565589186347,0.11381617184735619,0.55361638925466,924.6501323082557,1.3825658827825806,3,0,0,36,0,1.532860167551978,0.7284017313162249,0.0,0.0511240213914765,100.0,46.0047704246057,0.0,0.0,24.325666783590812,166.0378048661749
61,scarce,123.28590323564597,76.80595317588147,16.30508551799467,0.18150053136763536,0.6110619076904071,942.760893446175,1.3834508880551333,3,0,0,36,0,1.533464213127148,0.726384920681785,0.0,0.05112410829281239,100.0,46.004848624166264,0.0,0.0,24.325666783590812,171.02001832602477
62,scarce,123.40247869013518,76.83322990118297,16.24681413382586,0.07804374137907051,0.5645693434020328,901.200652159634,1.3765177925209273,3,0,0,36,0,1.534063873202611,0.7243674504212622,0.0,0.05112419519400052,100.0,46.00492682359387,0.0,0.0,24.325666783590812,201.21824771205453
63,scarce,123.38341321748167,76.79182751745225,16.43025928454809,0.029701215801738238,0.5675728110977855,957.1256363438588,1.3671981846279455,3,0,0,36,0,1.5346591313383808,0.72234932537679,0.0,0.05112428209504093,100.0,46.00500502288854,0.0,0.0,24.325666783590812,170.00516744156107
64,scarce,123.35961048540564,76.68110571727524,16.518332659792573,0.07376742235929373,0.6125141128513396,1026.2977708381222,1.34701955618175,3,0,0,36,0,1.5352499712151573,0.7203305504084532,0.0,0.05112436899593358,100.0,46.00508322205025,0.0,0.0,24.325666783590812,190.95427529280795
65,scarce,123.05281502482906,76.44566602265121,16.45254500861696,0.2518001363083408,0.5547705030993791,1000.0756081475083,1.304017258294293,3,0,0,36,0,1.5358363766347647,0.7183111303941552,0.0,0.0511244558966785,100.0,46.00516142107902,0.0,0.0,24.325666783590812,201.46368977185722
66,scarce,122.91677549445149,76.61010499337864,16.514062861797207,0.13890570063650584,0.5333278692798866,954.5110713161557,1.3874402563091415,3,0,0,36,0,1.536418331520603,0.7162910702294822,0.0,0.05112454279727569,100.0,46.00523961997486,0.0,0.0,24.325666783590812,164.3604719262811
67,scarce,123.24378815051507,76.83511056734238,16.46366857963023,0.2582598503085121,0.5615138884321369,945.9908232985617,1.410498131393914,3,0,0,36,0,1.5369958199180855,0.7142703748275723,0.0,0.051124629697725125,100.0,46.00531781873774,0.0,0.0,24.325666783590812,164.77529398290986
68,scarce,123.47604960874725,76.9175188138631,16.564414099789275,0.1602840583967321,0.5470475773829451,922.7417312822581,1.414055026917534,3,0,0,36,0,1.5375688259950755,0.7122490491189778,0.0,0.05112471659802684,100.0,46.00539601736768,0.0,0.0,24.325666783590812,186.78093272078237
69,scarce,123.25171191059002,76.66186412713287,16.374953275542012,0.22112947941534222,0.5024923534638586,940.2452744460606,1.3925114057957044,3,0,0,36,0,1.5381373340423226,0.7102270980515315,0.0,0.05112480349818081,100.0,46.00547421586468,0.0,0.0,24.325666783590812,188.3215233505327
70,scarce,123.45203328463003,76.61852358908641,16.13370779563949,0.13320078664496943,0.6536237245864215,968.4524596315568,1.3150582347805977,3,0,0,36,0,1.5387013284738897,0.7082045265902104,0.0,0.05112489039818704,100.0,46.00555241422873,0.0,0.0,24.325666783590812,176.46915536680334
71,scarce,123.5133411639913,76.67825304883137,16.195005336026455,0.05560695157390181,0.533169197238877,907.7407075258234,1.3995981849895187,3,0,0,36,0,1.5392607938275864,0.7061813397169997,0.0,0.051124977298045535,100.0,46.00563061245984,0.0,0.0,24.325666783590812,158.42370624138954
72,scarce,123.53306647006065,76.70613849291308,16.46758414403801,0.022182382420623325,0.61383409168384,936.0281718343904,1.4009148885800822,3,0,0,36,0,1.5398157147653875,0.7041575424307578,0.0,0.05112506419775629,100.0,46.005708810558,0.0,0.0,24.325666783590812,172.6884245268428
73,scarce,123.33732984282864,76.72059716119936,16.553860318263297,0.12741770938288974,0.6044341785421276,955.1258988848058,1.4058857743789488,3,0,0,36,0,1.5403660760738533,0.7021331397470766,0.0,0.051125151097319306,100.0,46.00578700852322,0.0,0.0,24.325666783590812,187.24951277357263
74,scarce,123.17405122556956,76.59850499970382,16.3851088530009,0.13231022929913064,0.6109489095818585,918.7503272561953,1.4660169085343184,3,0,0,36,0,1.5409118626645524,0.7001081366981455,0.0,0.051125237996734595,100.0,46.0058652063555,0.0,0.0,24.325666783590812,204.92288442155578
75,scarce,123.300946714405,76.59052045716727,16.52081390952697,0.08248479729088683,0.6195558488154768,959.3886558897902,1.375241321373922,3,0,0,36,0,1.5414530595744695,0.6980825383326137,0.0,0.05112532489600215,100.0,46.00594340405485,0.0,0.0,24.325666783590812,181.64419984494936
76,scarce,123.1813293735198,76.76085209620447,16.709084474896418,0.13497976167065312,0.6345057281299266,1021.9848976929497,1.3386556975032837,3,0,0,36,0,1.541989651966417,0.6960563497154507,0.0,0.05112541179512195,100.0,46.00602160162123,0.0,0.0,24.325666783590812,163.57180322186062
77,scarce,123.2273347550812,76.7855125250689,16.586767931054567,0.03383940015295886,0.5089303250183437,958.8146322183457,1.4157062312930577,3,0,0,36,0,1.5425216251294438,0.6940295759278081,0.0,0.05112549869409403,100.0,46.00609979905468,0.0,0.0,24.325666783590812,184.72950585265355
78,scarce,123.48328414135449,76.7826489531007,16.348424076595208,0.16588287899036497,0.5659080964643396,946.3076688490764,1.3904602068294627,3,0,0,36,0,1.5430489644792376,0.6920022220668813,0.0,0.05112558559291838,100.0,46.006177996355206,0.0,0.0,24.325666783590812,199.55468578617436
79,scarce,123.3776065154907,76.68901382191083,16.02499915208957,0.09147124185818578,0.4876597437789839,895.3101168376015,1.420748218475957,3,0,0,36,0,1.543571655558522,0.689974293245767,0.0,0.05112567249159498,100.0,46.00625619352276,0.0,0.0,24.325666783590812,188.49892807341132
80,scarce,123.19972593912189,76.53889919260858,16.126055830580942,0.1507407082437705,0.6082949587761367,944.9642437429138,1.363768540148594,3,0,0,36,0,1.5440896840374587,0.6879457945933255,0.0,0.05112575939012386,100.0,46.00633439055739,0.0,0.0,24.325666783590812,195.09616051588708
81,scarce,123.35268022092701,76.62965128192715,16.6239208570664,0.11514345625245018,0.6908210417289388,984.5486471974109,1.3625968834208806,3,0,0,36,0,1.544603035714035,0.68591673125404,0.0,0.051125846288504986,100.0,46.00641258745907,0.0,0.0,24.325666783590812,176.99678766744898
82,scarce,123.43012233858771,76.92822615715713,16.755203672151694,0.19963255507969857,0.567730138125368,940.4135427853907,1.3766043665402383,3,0,0,36,0,1.5451116965144547,0.6838871083878743,0.0,0.0511259331867384,100.0,46.00649078422782,0.0,0.0,24.325666783590812,152.29342571289527
83,scarce,123.14277922375709,76.88232404353883,16.47485472755246,0.1882656747321727,0.6100392700923309,957.4902469688459,1.4237288115121929,3,0,0,36,0,1.5456156524935258,0.6818569311701312,0.0,0.051126020084824066,100.0,46.00656898086362,0.0,0.0,24.325666783590812,191.99267652215858
84,scarce,123.10786009688721,76.84229745281746,16.33676890396876,0.034355495481014055,0.6558880001140441,964.5365366084588,1.4471197273007033,3,0,0,36,0,1.5461148898350403,0.6798262047913126,0.0,0.05112610698276201,100.0,46.00664717736649,0.0,0.0,24.325666783590812,182.46833014298375
85,scarce,123.46186261599627,76.63353563169412,16.475108264611137,0.26572551478011414,0.6861915439519558,966.5568809333708,1.428377580094421,3,0,0,36,0,1.5466093948521542,0.6777949344569755,0.0,0.051126193880552215,100.0,46.006725373736415,0.0,0.0,24.325666783590812,203.13943886935988
86,scarce,123.39413280868166,76.74165044579242,16.532073257232366,0.08246270133781376,0.5404771503343834,966.6743423073494,1.415362290837588,3,0,0,36,0,1.5470991539877619,0.675763125387589,0.0,0.051126280778194685,100.0,46.00680356997341,0.0,0.0,24.325666783590812,176.71848367944375
87,scarce,123.40385233288796,76.68326283309332,16.49092364646189,0.03824739825476724,0.6989873519903053,1004.0928577453124,1.3226743794699787,3,0,0,36,0,1.5475841538148716,0.6737307828183925,0.0,0.05112636767568943,100.0,46.00688176607745,0.0,0.0,24.325666783590812,180.95976984196102
88,scarce,123.41410138101676,76.74551359792179,16.402877694739995,0.04075336443563795,0.630293278047272,943.9627011924131,1.387817920195746,3,0,0,36,0,1.5480643810369648,0.671697911999252,0.0,0.05112645457303643,100.0,46.006959962048555,0.0,0.0,24.325666783590812,182.40388553392873
89,scarce,123.47605406878668,76.51893673152934,16.097682432208774,0.1516874416709471,0.5964396698301859,933.031290705243,1.4214175784129741,3,0,0,36,0,1.548539822488372,0.6696645181945148,0.0,0.051126541470235716,100.0,46.00703815788673,0.0,0.0,24.325666783590812,190.67668335821548
90,scarce,123.35070762019359,76.47638931426852,16.1591267446218,0.08545503780957242,0.5145020974882152,874.7503733806079,1.3948279362375933,3,0,0,36,0,1.5490104651346241,0.6676306066828666,0.0,0.05112662836728725,100.0,46.00711635359195,0.0,0.0,24.325666783590812,192.81015684838604
91,scarce,123.28104840840244,76.5801829378406,16.407525552280124,0.08067376611422998,0.5622937676912058,947.2273804297656,1.4069186729485124,3,0,0,36,0,1.5494762960728177,0.6655961827571866,0.0,0.051126715264191075,100.0,46.00719454916425,0.0,0.0,24.325666783590812,170.9877842911036
92,scarce,123.40434191818096,76.84669194634623,16.642410570133308,0.18945709989218004,0.41446996187852797,923.9798330955236,1.4010246929208188,3,0,0,36,0,1.5499373025319596,0.6635612517244014,0.0,0.05112680216094715,100.0,46.0072727446036,0.0,0.0,24.325666783590812,167.4867261219856
93,scarce,123.30292994476842,76.84208338470616,16.556255385904308,0.06549460325788749,0.6004147279125946,927.6403474038452,1.4154271511399672,3,0,0,36,0,1.5499999999999998,0.6615262517244012,0.0,0.051126889057555504,100.0,46.00735093991001,0.0,0.0,24.325666783590812,188.3897688900896
94,scarce,123.28368480440956,76.6672492267174,16.300231844060427,0.11347754063119674,0.611922322664161,969.7396614229838,1.3010921706189216,3,0,0,36,0,1.5499999999999998,0.6594912517244012,0.0,0.051126975954016135,100.0,46.0074291350835,0.0,0.0,24.325666783590812,213.92830130409573
95,scarce,123.41622389274592,76.3855396540092,16.455870118341064,0.20085860785806314,0.6563826070223758,983.0710123692479,1.340365972905896,3,0,0,36,0,1.5499999999999998,0.6574562517244013,0.0,0.051127062850329016,100.0,46.00750733012403,0.0,0.0,24.325666783590812,207.53869145121772
96,scarce,123.1653269860737,76.2880536401176,16.391359733335022,0.1736584141954576,0.6108176776488942,981.893369014877,1.4136202319379405,3,0,0,36,0,1.5499999999999998,0.6554212517244014,0.0,0.05112714974649418,100.0,46.007585525031644,0.0,0.0,24.325666783590812,180.92792919117457
97,scarce,123.31116035526192,76.55485641343954,16.37309129150949,0.19616626495178416,0.4993628897650658,868.7702171157289,1.4142017765558803,3,0,0,36,0,1.5499999999999998,0.6533862517244013,0.0,0.05112723664251162,100.0,46.00766371980632,0.0,0.0,24.325666783590812,171.1299635413247
98,scarce,123.58165381269772,76.83468477089102,16.27695236218751,0.2510917847112047,0.6038448672467799,902.3926927421162,1.4509751941211007,3,0,0,36,0,1.5499999999999998,0.651351251724401,0.0,0.05112732353838132,100.0,46.00774191444804,0.0,0.0,24.325666783590812,139.50774114254082
99,scarce,123.49812162624461,77.06153800996124,16.292299382917996,0.15596367976866873,0.6238466908979962,971.325528211717,1.4052693845449817,3,0,0,36,0,1.5499999999999998,0.6493162517244011,0.0,0.0511274104341033,100.0,46.00782010895684,0.0,0.0,24.325666783590812,169.17010153259366
100,scarce,123.1545788822898,76.77127599177457,16.249699177016264,0.29016028160689455,0.551239057558046,939.2930299194377,1.3964484334366,3,0,0,36,0,1.5499999999999998,0.6472812517244012,0.0,0.05112749732967754,100.0,46.007898303332695,0.0,0.0,24.325666783590812,204.60903515572454
101,scarce,123.13830148175354,76.43438151164979,16.372313215178693,0.21760482613354337,0.6349883964075707,1014.019020257303,1.3841977167563404,3,0,0,36,0,1.5499999999999998,0.6452462517244012,0.0,0.051127584225104064,100.0,46.007976497575626,0.0,0.0,24.325666783590812,221.73787589095147
102,scarce,123.23151802606584,76.6481465099978,16.611500558433157,0.15045515219133584,0.6355892136492901,992.2135599431604,1.3592694255921765,3,0,0,36,0,1.5499999999999998,0.6432112517244013,0.0,0.051127671120382856,100.0,46.008054691685615,0.0,0.0,24.325666783590812,175.00262747539674
103,scarce,123.3753039888558,76.93884725848915,16.59463429945075,0.20923658698103303,0.6311194453017177,1015.1743811382548,1.4821576968353747,3,0,0,36,0,1.5499999999999998,0.6411762517244014,0.0,0.051127758015513926,100.0,46.008132885662675,0.0,0.0,24.325666783590812,139.39709611079897
104,scarce,123.49058792938737,77.04381116227562,16.312107113672845,0.1005868483729281,0.5767286273717986,929.9376360017632,1.4935788161114414,3,0,0,36,0,1.5499999999999998,0.6391412517244011,0.0,0.05112784491049726,100.0,46.008211079506786,0.0,0.0,24.325666783590812,184.61863666567112
105,scarce,123.26283719365266,76.7796682399891,16.156358790554904,0.22501416861092857,0.7053454045476184,921.1165010281002,1.4975069896826405,3,0,0,36,0,1.5499999999999998,0.637106251724401,0.0,0.051127931805332864,100.0,46.008289273217976,0.0,0.0,24.325666783590812,188.89782432966967
106,scarce,123.15889278320543,76.47790491315601,16.315172612417303,0.20591214384328088,0.7151066432091726,990.599059781307,1.3355695847673508,3,0,0,36,0,1.5499999999999998,0.6350712517244012,0.0,0.05112801870002075,100.0,46.00836746679622,0.0,0.0,24.325666783590812,193.50185716499786
107,scarce,123.3331054979756,76.54754282579637,16.53540941274632,0.12104214290825957,0.5743578386365361,979.2495088490832,1.315301604291686,3,0,0,36,0,1.5499999999999998,0.6330362517244013,0.0,0.0511281055945609,100.0,46.008445660241534,0.0,0.0,24.325666783590812,193.90287195628025
108,scarce,123.36906049586668,76.69178657004456,16.501803720346157,0.09590799360583825,0.6287863173730823,1011.9897179592299,1.4077822501554316,3,0,0,36,0,1.5499999999999998,0.6310012517244012,0.0,0.05112819248895333,100.0,46.00852385355392,0.0,0.0,24.325666783590812,146.6768147040778
109,scarce,123.22824964278915,76.91383038120532,16.373794719334526,0.16963098888744635,0.5913053722125299,964.5208936236377,1.4461023692165444,3,0,0,36,0,1.5499999999999998,0.628966251724401,0.0,0.05112827938319804,100.0,46.00860204673337,0.0,0.0,24.325666783590812,158.09798246411148
110,scarce,123.36431405063448,76.68716721316086,16.437701822688368,0.17055911585167233,0.4943604336591594,915.2544975560231,1.4242991199050206,3,0,0,36,0,1.5499999999999998,0.626931251724401,0.0,0.05112836627729502,100.0,46.00868023977989,0.0,0.0,24.325666783590812,187.83758624063688
111,scarce,123.52061443207029,76.67740643338814,16.42456998733786,0.10103539330764554,0.6715275401201267,1002.5063841812698,1.3431577210610062,3,0,0,36,0,1.5499999999999998,0.6248962517244011,0.0,0.05112845317124428,100.0,46.00875843269348,0.0,0.0,24.325666783590812,201.3514464913695
112,scarce,123.34522566456319,76.74697321804045,16.419985773237027,0.12173008352060437,0.8086859212593455,992.34727822899,1.3117894712056173,3,0,0,36,0,1.5499999999999998,0.6228612517244012,0.0,0.0511285400650458,100.0,46.008836625474125,0.0,0.0,24.325666783590812,194.02666268006652
113,scarce,123.3970197588653,76.89297261812705,16.34758158000744,0.09994473609313165,0.5945603669400579,1000.7401603460239,1.3638983932647808,3,0,0,36,0,1.5499999999999998,0.6208262517244012,0.0,0.0511286269586996,100.0,46.00891481812184,0.0,0.0,24.325666783590812,158.6699254886802
114,scarce,123.42399950251927,76.9401019009751,16.34592978566836,0.03503573837285722,0.6131455464675704,922.0078842253897,1.4018188889961682,3,0,0,36,0,1.5499999999999998,0.6187912517244009,0.0,0.05112871385220569,100.0,46.00899301063663,0.0,0.0,24.325666783590812,180.41722109512838
115,scarce,123.19122487559646,76.59265181907682,16.394854867092235,0.2698175175143571,0.674540325277271,940.8346932128152,1.516876926856413,3,0,0,36,0,1.5499999999999998,0.616756251724401,0.0,0.05112880074556404,100.0,46.009071203018486,0.0,0.0,24.325666783590812,199.8540559078283
116,scarce,123.36573030194128,76.50373002462904,16.42292980649465,0.1263581441118689,0.5664378736724278,942.8053667651984,1.4864846676781283,3,0,0,36,0,1.5499999999999998,0.6147212517244011,0.0,0.051128887638774684,100.0,46.009149395267414,0.0,0.0,24.325666783590812,193.19014542947946
117,scarce,123.11047738510216,76.69157672653238,16.581491744569018,0.20446670306474177,0.5112118856035692,923.2226006781857,1.4424538535831755,3,0,0,36,0,1.5499999999999998,0.612686251724401,0.0,0.051128974531837595,100.0,46.009227587383414,0.0,0.0,24.325666783590812,177.40156708493635
118,scarce,123.17475449562497,77.02647582997385,16.45744337140316,0.22000752652254282,0.8000535488692729,1015.3815155597367,1.3865950097358148,3,0,0,36,0,1.5499999999999998,0.6106512517244012,0.0,0.05112906142475277,100.0,46.00930577936646,0.0,0.0,24.325666783590812,156.31316111029824
119,scarce,123.37027493449298,77.13425958783702,16.397984340842115,0.14403950850404101,0.6799832502599287,959.9833420828545,1.306075641656605,3,0,0,36,0,1.5499999999999998,0.6086162517244013,0.0,0.05112914831752024,100.0,46.00938397121659,0.0,0.0,24.325666783590812,174.0283747298341
120,scarce,123.3620958221488,76.81664049742793,16.25016792139304,0.20498347383556434,0.6277293806601415,969.6469113591884,1.3549399579086252,3,0,0,36,0,1.5499999999999998,0.6065812517244009,0.0,0.05112923521013998,100.0,46.009462162933794,0.0,0.0,24.325666783590812,203.7352517841754
121,scarce,123.196614154504,76.43204271889044,16.38268743370496,0.2701212843426905,0.5638885570401344,952.1943641802682,1.3675924604253646,3,0,0,36,0,1.5499999999999998,0.6045462517244009,0.0,0.051129322102612,100.0,46.009540354518066,0.0,0.0,24.325666783590812,213.90311338443357
122,scarce,123.4096500240484,76.35022675998118,16.54834908275951,0.147229895683745,0.669768615040062,936.5846638251169,1.4347881802602556,3,0,0,36,0,1.5499999999999998,0.602511251724401,0.0,0.0511294089949363,100.0,46.00961854596941,0.0,0.0,24.325666783590812,165.0266997903699
123,scarce,123.26093962080179,76.64901970511374,16.674950547755415,0.21532542764313822,0.539666417829242,958.7517033971963,1.471755245489428,3,0,0,36,0,1.5499999999999998,0.6004762517244011,0.0,0.05112949588711287,100.0,46.00969673728782,0.0,0.0,24.325666783590812,168.1229302722613
124,scarce,122.80207613065926,77.06815428086094,16.56482656170518,0.4009507406524677,0.5934310461883276,943.0073755944904,1.4028765867458959,3,0,0,36,0,1.5499999999999998,0.5984412517244011,0.0,0.05112958277914172,100.0,46.0097749284733,0.0,0.0,24.325666783590812,154.8693077971416
125,scarce,123.09003427345732,76.85576531430036,16.61827639597425,0.23084603490096356,0.5747956625799628,977.9576309423355,1.385659609253556,3,0,0,36,0,1.5499999999999998,0.5964062517244009,0.0,0.05112966967102286,100.0,46.00985311952585,0.0,0.0,24.325666783590812,198.92592934985362
126,scarce,123.3733464367293,76.60554951358166,16.520330501289486,0.24386220225509858,0.6083783122330053,995.5074241852562,1.2923038239799123,3,0,0,36,0,1.5499999999999998,0.5943712517244009,0.0,0.05112975656275627,100.0,46.009931310445474,0.0,0.0,24.325666783590812,213.59361487983523
127,scarce,123.72414330955228,76.57830693298412,16.376857677391456,0.2270020001837332,0.6567858787714821,995.859991882262,1.3294812497921809,3,0,0,36,0,1.5499999999999998,0.592336251724401,0.0,0.05112984345434197,100.0,46.010009501232176,0.0,0.0,24.325666783590812,187.74013952980332
128,scarce,123.43678100614449,76.78049228120939,16.38452116314253,0.2266858529872835,0.49841117696017456,925.8181915713649,1.4744686738771409,3,0,0,36,0,1.5499999999999998,0.5903012517244011,0.0,0.051129930345779936,100.0,46.010087691885936,0.0,0.0,24.325666783590812,173.26186474399057
129,scarce,123.30659824620415,76.82632561158071,16.455310057313582,0.08904218074345238,0.5747673083703496,920.1988170783443,1.4608795177886402,3,0,0,36,0,1.5499999999999998,0.5882662517244011,0.0,0.05113001723707019,100.0,46.010165882406774,0.0,0.0,24.325666783590812,182.72953625240507
130,scarce,123.1823275154414,76.78936607662348,16.672413370121145,0.08364540822913501,0.5089391471095427,954.3534338930112,1.4024518952629335,3,0,0,36,0,1.5499999999999998,0.5862312517244007,0.0,0.05113010412821273,100.0,46.010244072794684,0.0,0.0,24.325666783590812,175.24759660427355
131,scarce,123.34721893922625,76.55842564345289,16.727673889377385,0.1830742959568323,0.5677453874136396,960.156760631493,1.3615781059145526,3,0,0,36,0,1.5499999999999998,0.5841962517244008,0.0,0.05113019101920754,100.0,46.010322263049666,0.0,0.0,24.325666783590812,211.39838758108402
132,scarce,123.14377598456774,76.43312804733011,16.370112461018394,0.15414970816142634,0.6355171289882544,1019.6297949359723,1.3524063111983489,3,0,0,36,0,1.5499999999999998,0.5821612517244009,0.0,0.05113027791005463,100.0,46.01040045317173,0.0,0.0,24.325666783590812,172.7590840273407
133,scarce,123.50969117639069,76.69647807606484,16.2081797685304,0.29085768982446947,0.5332826186103471,935.2769283549569,1.3542941052517699,3,0,0,36,0,1.5499999999999998,0.5801262517244009,0.0,0.051130364800754016,100.0,46.010478643160866,0.0,0.0,24.325666783590812,164.68159758591372
134,scarce,123.38982412871165,76.79499296271756,16.326166001851917,0.10010045321168667,0.6484966610676296,932.2380405797812,1.3257991318722113,3,0,0,36,0,1.5499999999999998,0.578091251724401,0.0,0.05113045169130567,100.0,46.01055683301706,0.0,0.0,24.325666783590812,160.39850743958013
135,scarce,123.20134460158859,76.77135889941478,16.437550040695406,0.12255195095860554,0.6056442688939245,964.8164134676917,1.3692295020942098,3,0,0,36,0,1.5499999999999998,0.5760562517244011,0.0,0.05113053858170961,100.0,46.01063502274033,0.0,0.0,24.325666783590812,170.21268980447988
136,scarce,123.48352436596231,76.64712740684043,16.676872530585488,0.1989136815906134,0.5550235516283621,925.1942710950498,1.4495607270331812,3,0,0,36,0,1.5499999999999998,0.5740212517244008,0.0,0.05113062547196583,100.0,46.01071321233069,0.0,0.0,24.325666783590812,202.4546704952291
137,scarce,123.3828870973378,76.47652195163157,16.543818827228154,0.12779093420512577,0.5167544495798931,945.925375063427,1.4229611558514677,3,0,0,36,0,1.5499999999999998,0.5719862517244008,0.0,0.05113071236207433,100.0,46.010791401788104,0.0,0.0,24.325666783590812,187.94748829501512
138,scarce,123.09296395516814,76.53317446177327,16.48435403576591,0.19058476776164593,0.6300605334944538,990.6608596721344,1.4328260068490941,3,0,0,36,0,1.5499999999999998,0.5699512517244009,0.0,0.051130799252035126,100.0,46.01086959111261,0.0,0.0,24.325666783590812,158.8281620940365
139,scarce,123.08149881936995,76.82917638212335,16.496344878779222,0.19111217967330948,0.5959623071953358,990.8162330771011,1.3359738080660437,3,0,0,36,0,1.5499999999999998,0.567916251724401,0.0,0.0511308861418482,100.0,46.010947780304186,0.0,0.0,24.325666783590812,166.66667310605118
140,scarce,123.57571079365295,77.08713770981167,16.487693729526594,0.35966774013152364,0.6656711769371341,989.028297874589,1.3266844611247168,3,0,0,36,0,1.5499999999999998,0.565881251724401,0.0,0.05113097303151355,100.0,46.01102596936283,0.0,0.0,24.325666783590812,152.77827991997046
141,scarce,123.5517293424187,76.86717168599648,16.24382460158276,0.14275447240204336,0.5211506282921371,927.0499888021586,1.4274059016339482,3,0,0,36,0,1.5499999999999998,0.5638462517244007,0.0,0.05113105992103119,100.0,46.01110415828855,0.0,0.0,24.325666783590812,200.9562666797965
142,scarce,123.54566535476982,76.53397995743006,16.342822261087985,0.21499800345734543,0.5552415848815909,930.7752083644955,1.462219255256194,3,0,0,36,0,1.5499999999999998,0.5618112517244007,0.0,0.05113114681040112,100.0,46.01118234708136,0.0,0.0,24.325666783590812,211.2790075210777
143,scarce,123.22433647088145,76.45948133596407,16.479050020802468,0.21280769725983756,0.6103371268959994,948.1727057374083,1.3713032357840762,3,0,0,36,0,1.5499999999999998,0.5597762517244008,0.0,0.05113123369962332,100.0,46.011260535741236,0.0,0.0,24.325666783590812,186.06985400524493
144,scarce,123.04627334328136,76.52887867537919,16.62366576271275,0.12329582224466115,0.5255433115365992,935.6217294316375,1.4150225671501975,3,0,0,36,0,1.5499999999999998,0.5577412517244009,0.0,0.051131320588697814,100.0,46.01133872426818,0.0,0.0,24.325666783590812,181.2623321292384
145,scarce,123.16556663730545,76.80539942983877,16.644363817614945,0.19429385218606463,0.5706725570516059,981.0626599756506,1.3968440521267766,3,0,0,36,0,1.5499999999999998,0.5557062517244009,0.0,0.051131407477624596,100.0,46.01141691266221,0.0,0.0,24.325666783590812,159.90475436304405
146,scarce,123.44382670226209,76.84061545351494,16.605188828971574,0.1809546106135158,0.690220412021234,1048.1843807821424,1.392076918273324,3,0,0,36,0,1.5499999999999998,0.5536712517244006,0.0,0.05113149436640366,100.0,46.01149510092332,0.0,0.0,24.325666783590812,189.23991218159884
147,scarce,123.255702653999,76.65990852350347,16.498179506948233,0.16829394542349746,0.7826404184669725,1022.4021797936584,1.3631487781192588,3,0,0,36,0,1.5499999999999998,0.5516362517244007,0.0,0.051131581255035,100.0,46.01157328905149,0.0,0.0,24.325666783590812,200.50484646933586
148,scarce,123.05353271009636,76.55716454898906,16.18635438166217,0.14630945283974514,0.6480836686633982,920.3000966963446,1.3715686876399438,3,0,0,36,0,1.5499999999999998,0.5496012517244008,0.0,0.05113166814351863,100.0,46.01165147704675,0.0,0.0,24.325666783590812,204.42627185083748
149,scarce,123.36391933655503,76.66482124655911,16.277517221432742,0.2119527389411946,0.46524817495695764,895.8622394860868,1.3727175146713844,3,0,0,36,0,1.5499999999999998,0.5475662517244008,0.0,0.05113175503185457,100.0,46.0117296649091,0.0,0.0,24.325666783590812,180.01381611516567
150,scarce,123.50925259066993,76.7963863720731,16.42537431795124,0.126476523226341,0.6311393443823682,970.8846165925643,1.400371843910536,3,0,0,36,0,1.5499999999999998,0.5455312517244009,0.0,0.05113184192004277,100.0,46.011807852638505,0.0,0.0,24.325666783590812,148.14111408515282
151,scarce,123.2324830180905,76.77747283522743,16.516771911380456,0.178977461165757,0.5895363086211218,958.5489315780651,1.4024678666140742,3,0,0,36,0,1.5499999999999998,0.543496251724401,0.0,0.05113192880808326,100.0,46.011886040235,0.0,0.0,24.325666783590812,190.98800127749516
152,scarce,123.14814342701536,76.63384428474052,16.49140239258687,0.10745824567260268,0.7692706731901586,1015.9995904819443,1.3544977393697617,3,0,0,36,0,1.5499999999999998,0.5414612517244006,0.0,0.051132015695976044,100.0,46.01196422769856,0.0,0.0,24.325666783590812,185.78559761402326
153,scarce,123.17268979810541,76.71516968417595,16.65701829867805,0.05480585325776905,0.6642821188607035,1014.3749801013619,1.3125911040781568,3,0,0,36,0,1.5499999999999998,0.5394262517244006,0.0,0.05113210258372111,100.0,46.012042415029214,0.0,0.0,24.325666783590812,167.86204569883068
154,scarce,123.23500977869713,76.8655273044633,16.620886757292137,0.10500719753224612,0.7204642047513306,987.4774914240988,1.3843749732962651,3,0,0,36,0,1.5499999999999998,0.5373912517244007,0.0,0.051132189471318465,100.0,46.012120602226936,0.0,0.0,24.325666783590812,184.77194435088663
155,scarce,123.31049856970182,77.00877130480006,16.278664299770686,0.1044631510490257,0.6960004694704629,967.5534599802377,1.4085403530015512,3,0,0,36,0,1.5499999999999998,0.5353562517244008,0.0,0.05113227635876812,100.0,46.012198789291745,0.0,0.0,24.325666783590812,177.76300861980064
156,scarce,123.38015635547754,76.68103031603144,16.24506200710813,0.216168857994858,0.551802308044278,924.7756838088644,1.4396919635693644,3,0,0,36,0,1.5499999999999998,0.5333212517244008,0.0,0.05113236324607005,100.0,46.01227697622364,0.0,0.0,24.325666783590812,205.87153313823433
157,scarce,123.45757998163064,76.42613186004165,16.312442932311953,0.17186937027332239,0.6592748027039569,966.6324026187358,1.3659917877502334,3,0,0,36,0,1.5499999999999998,0.5312862517244006,0.0,0.051132450133224275,100.0,46.012355163022605,0.0,0.0,24.325666783590812,222.81443092289413
158,scarce,123.21355909513808,76.6020084410942,16.411301032146497,0.1940625051450063,0.7144931634544249,973.51821551998,1.4244230043731707,3,0,0,36,0,1.5499999999999998,0.5292512517244006,0.0,0.05113253702023078,100.0,46.01243334968864,0.0,0.0,24.325666783590812,163.12230562216683
159,scarce,122.95688688531138,76.83343376939793,16.483176095564357,0.22296675802299523,0.5499981641544092,957.2390545422459,1.3674970054429205,3,0,0,36,0,1.5499999999999998,0.5272162517244007,0.0,0.05113262390708957,100.0,46.01251153622176,0.0,0.0,24.325666783590812,173.29058745556142
160,scarce,123.24947133342441,76.98710751024853,16.52570439445527,0.2132170491634037,0.6450259750538357,976.4369232436875,1.3309278175806936,3,0,0,36,0,1.5499999999999998,0.5251812517244008,0.0,0.05113271079380067,100.0,46.012589722621975,0.0,0.0,24.325666783590812,166.32925136075374
161,scarce,123.28543491808212,76.84447733115502,16.387781549167872,0.09489957978497159,0.5848380844035993,1001.6439492869031,1.3786558885123756,3,0,0,36,0,1.5499999999999998,0.5231462517244008,0.0,0.051132797680364044,100.0,46.012667908889256,0.0,0.0,24.325666783590812,199.78713363669365
162,scarce,122.98309878445242,76.4952556630603,16.46897101534114,0.2980078923767696,0.5514402130878348,972.2161004358641,1.3477137812767945,3,0,0,36,0,1.5499999999999998,0.5211112517244004,0.0,0.051132884566779724,100.0,46.01274609502363,0.0,0.0,24.325666783590812,214.20370937481832
163,scarce,123.30348413038625,76.4061587729034,16.509275511372973,0.21454404448468156,0.5200185932242875,945.5847522345284,1.3933043462365575,3,0,0,36,0,1.5499999999999998,0.5190762517244005,0.0,0.05113297145304768,100.0,46.012824281025075,0.0,0.0,24.325666783590812,194.6288099101543
164,scarce,123.49336981038783,76.6995791859998,16.476564740443838,0.22548558796828463,0.5702094721377203,945.2625401633995,1.412589552137745,3,0,0,36,0,1.5499999999999998,0.5170412517244006,0.0,0.051133058339167925,100.0,46.0129024668936,0.0,0.0,24.325666783590812,172.17274489653948
165,scarce,123.40285712602736,76.93807633136221,16.378149577174298,0.16457738818511544,0.638080096651259,935.2506106895598,1.4037417166134711,3,0,0,36,0,1.5499999999999998,0.5150062517244006,0.0,0.05113314522514047,100.0,46.01298065262921,0.0,0.0,24.325666783590812,186.16991262602988
166,scarce,123.27541026893692,76.92013681377524,16.28885836969897,0.08303435762813688,0.6248318607711284,989.3045532949509,1.3874539831091222,3,0,0,36,0,1.5499999999999998,0.5129712517244007,0.0,0.0511332321109653,100.0,46.013058838231906,0.0,0.0,24.325666783590812,199.0668329017179
167,scarce,123.42908309698308,76.69413328688492,16.526844369189998,0.17632263050950042,0.6474135480529255,969.9894912479067,1.31632647526618,3,0,0,36,0,1.5499999999999998,0.5109362517244008,0.0,0.051133318996642425,100.0,46.01313702370168,0.0,0.0,24.325666783590812,198.9025689805148
168,scarce,123.05001372072749,76.46106239172015,16.57995206054135,0.28708998483288134,0.5955971640632665,983.0533041035815,1.3358694371528685,3,0,0,36,0,1.5499999999999998,0.5089012517244005,0.0,0.05113340588217184,100.0,46.013215209038535,0.0,0.0,24.325666783590812,190.09800264337278
169,scarce,123.35461675668823,76.62432692755107,16.611514194009896,0.22296676950260372,0.6728065032093619,1000.2558173674952,1.376539341685934,3,0,0,36,0,1.5499999999999998,0.5068662517244005,0.0,0.05113349276755355,100.0,46.01329339424248,0.0,0.0,24.325666783590812,164.2543311584692
170,scarce,123.13916144921382,76.83661804984318,16.63302409716429,0.19514237191475461,0.5600714670710536,915.8901621229961,1.4663775700111417,3,0,0,36,0,1.5499999999999998,0.5048312517244006,0.0,0.05113357965278755,100.0,46.01337157931351,0.0,0.0,24.325666783590812,166.2198998660668
171,scarce,123.20872400763086,76.61104215734662,16.690812784409516,0.15229555690540955,0.4891484877936012,959.38110578958,1.4265890710694775,3,0,0,36,0,1.5499999999999998,0.5027962517244007,0.0,0.051133666537873844,100.0,46.013449764251604,0.0,0.0,24.325666783590812,194.19881319838095
172,scarce,123.19641726944282,76.43751158484714,16.491139672058832,0.112236400202498,0.6529231262807436,987.5423968111172,1.3967856131093153,3,0,0,36,0,1.5499999999999998,0.5007612517244007,0.0,0.05113375342281243,100.0,46.0135279490568,0.0,0.0,24.325666783590812,184.1413832196877
173,scarce,123.06686763366535,76.72457945183817,16.35996871941667,0.2031910552867426,0.6765485049733483,1008.0680173132132,1.3873720159564347,3,0,0,36,0,1.5499999999999998,0.4987262517244004,0.0,0.05113384030760331,100.0,46.01360613372908,0.0,0.0,24.325666783590812,154.31330524825023
174,scarce,123.22382355544795,76.7966646074122,16.556420168652597,0.11143082488872638,0.6370038104849163,973.3476659968073,1.330930739638941,3,0,0,36,0,1.5499999999999998,0.49669125172440043,0.0,0.05113392719224649,100.0,46.01368431826844,0.0,0.0,24.325666783590812,181.12315223478444
175,scarce,123.22016240726018,76.8133181155111,16.509083657258245,0.011000772616014745,0.7708623485427445,1021.9288630793671,1.3734304227754834,3,0,0,36,0,1.5499999999999998,0.49465625172440053,0.0,0.05113401407674195,100.0,46.01376250267488,0.0,0.0,24.325666783590812,164.01854801533233
176,scarce,123.21544400913143,76.66357268439889,16.546767417273593,0.09665790307468859,0.5974540491745389,933.1821300142401,1.4426995831482252,3,0,0,36,0,1.5499999999999998,0.4926212517244006,0.0,0.051134100961089717,100.0,46.013840686948406,0.0,0.0,24.325666783590812,188.59793973059794
177,scarce,123.49642147963199,76.6061632503035,16.505525839143434,0.18502094495943588,0.5916642354580818,964.2627273970429,1.453947260824778,3,0,0,36,0,1.5499999999999998,0.4905862517244006,0.0,0.05113418784528978,100.0,46.01391887108902,0.0,0.0,24.325666783590812,184.41479456313672
178,scarce,123.32693897045445,76.62688984018331,16.566668031946904,0.11015817299729956,0.6809939962575073,975.5405043097635,1.4258061271691405,3,0,0,36,0,1.5499999999999998,0.48855125172440034,0.0,0.05113427472934213,100.0,46.013997055096716,0.0,0.0,24.325666783590812,163.7857292540308
179,scarce,123.15552836504285,76.61789349226245,16.546825138445705,0.11073969426048332,0.6460535145920339,999.3042983419582,1.3875808982795794,3,0,0,36,0,1.5499999999999998,0.4865162517244004,0.0,0.051134361613246776,100.0,46.0140752389715,0.0,0.0,24.325666783590812,160.9129973851151
180,scarce,123.25203873724922,76.73540564658632,16.330363959752994,0.09810559062808633,0.6576276354255814,1023.8834594027758,1.3350386673408854,3,0,0,36,0,1.5499999999999998,0.48448125172440043,0.0,0.05113444849700372,100.0,46.01415342271337,0.0,0.0,24.325666783590812,175.00234702726905
181,scarce,123.52799802649965,76.68159216118028,16.482911464842736,0.18139179864037483,0.565504908025786,960.746019337821,1.3575946356957427,3,0,0,36,0,1.5499999999999998,0.48244625172440053,0.0,0.05113453538061296,100.0,46.014231606322326,0.0,0.0,24.325666783590812,170.71819559859455
182,scarce,123.24088883894173,76.64441127077916,16.456222460575837,0.18677848810168124,0.6099185672884748,956.1103025062184,1.4416355545133113,3,0,0,36,0,1.5499999999999998,0.48041125172440047,0.0,0.051134622264074496,100.0,46.01430978979837,0.0,0.0,24.325666783590812,163.1682722791213
183,scarce,123.27838133427875,76.66750316186358,16.579334372202553,0.028408515676346828,0.6646272860906002,925.2672701971023,1.4386405630239407,3,0,0,36,0,1.5499999999999998,0.47837625172440057,0.0,0.05113470914738833,100.0,46.0143879731415,0.0,0.0,24.325666783590812,192.0610170429851
184,scarce,123.22107373560169,76.82621979393087,16.612584306667564,0.1088682296638636,0.6662649336188307,982.0692850248597,1.4540123381002503,3,0,0,36,0,1.5499999999999998,0.4763412517244004,0.0,0.05113479603055446,100.0,46.014466156351716,0.0,0.0,24.325666783590812,158.07355665921125
185,scarce,123.20370140593079,76.85920369238437,16.616022972733823,0.02405106772351463,0.6788751785578707,989.086024997101,1.434463665866877,3,0,0,36,0,1.5499999999999998,0.4743062517244004,0.0,0.051134882913572884,100.0,46.01454433942902,0.0,0.0,24.325666783590812,178.6874573426868
186,scarce,123.36445008921467,76.77931649798087,16.615009411068513,0.11580978161654813,0.5958640911487608,1018.1965469226488,1.3725745031317584,3,0,0,36,0,1.5499999999999998,0.47227125172440043,0.0,0.05113496979644361,100.0,46.01462252237341,0.0,0.0,24.325666783590812,176.38608766500928
187,scarce,123.51888029647489,76.65842116203038,16.54782952256335,0.1265311980777626,0.5972294615396956,947.464317508533,1.3834712201461,3,0,0,36,0,1.5499999999999998,0.47023625172440053,0.0,0.051135056679166624,100.0,46.01470070518488,0.0,0.0,24.325666783590812,191.88440607677296
188,scarce,123.37185624203468,76.7861266941257,16.424993367878383,0.12564054488479942,0.5104870771567014,963.8035712407727,1.3983199964503052,3,0,0,36,0,1.5499999999999998,0.46820125172440047,0.0,0.05113514356174194,100.0,46.01477888786344,0.0,0.0,24.325666783590812,165.4604544027255
189,scarce,123.02850596084376,76.41186971839717,16.212543314876886,0.3276744275630962,0.6406915680409725,931.5141222782513,1.4165943529800233,3,0,0,36,0,1.5499999999999998,0.46616625172440035,0.0,0.05113523044416955,100.0,46.01485707040909,0.0,0.0,24.325666783590812,197.709145907192
190,scarce,123.26791706806395,76.42077948299435,16.363102916155782,0.1545657030927469,0.7114495882005571,952.0729796997875,1.3995752236026637,3,0,0,36,0,1.5499999999999998,0.4641312517244003,0.0,0.05113531732644948,100.0,46.01493525282185,0.0,0.0,24.325666783590812,189.47134097336777
191,scarce,123.49097466685276,76.51719702728246,16.60890883704489,0.15677689526939076,0.6771344939698415,941.028197660009,1.4131215138856126,3,0,0,36,0,1.5499999999999998,0.4620962517244004,0.0,0.051135404208581696,100.0,46.01501343510168,0.0,0.0,24.325666783590812,184.01024880705816
192,scarce,123.3359145005279,76.80781660141298,16.462055700194608,0.21251518111748627,0.615550887919372,936.9108062483865,1.429715334353146,3,0,0,36,0,1.5499999999999998,0.46006125172440043,0.0,0.0511354910905662,100.0,46.01509161724859,0.0,0.0,24.325666783590812,153.37307229282553
193,scarce,123.26554498708411,76.881068403737,16.403364902444597,0.06553293876264907,0.6827315064459186,937.8563294043706,1.3717529969725069,3,0,0,36,0,1.5499999999999998,0.4580262517244004,0.0,0.051135577972403014,100.0,46.0151697992626,0.0,0.0,24.325666783590812,181.16284948012688
194,scarce,123.20661171937834,76.88733905786759,16.392642824947774,0.038236087609934646,0.6160071178589299,984.6936764592247,1.375689547212385,3,0,0,36,0,1.5499999999999998,0.45599125172440036,0.0,0.051135664854092135,100.0,46.01524798114371,0.0,0.0,24.325666783590812,171.64296777427225
195,scarce,122.97439345720947,76.72136708924164,16.33146960027723,0.1841503431100555,0.6410982379767671,1045.4752485560748,1.3722960797327093,3,0,0,36,0,1.5499999999999998,0.45395625172440046,0.0,0.05113575173563354,100.0,46.01532616289189,0.0,0.0,24.325666783590812,190.19946124961763
196,scarce,123.2035262907922,76.6580113713158,16.821922875802525,0.15337453212609722,0.598968146235443,1019.7030648338114,1.425531078998971,3,0,0,36,0,1.5499999999999998,0.4519212517244003,0.0,0.05113583861702726,100.0,46.015404344507175,0.0,0.0,24.325666783590812,170.99172520040227
197,scarce,123.51118143364407,76.62326265293314,16.874079093192424,0.1997492292080015,0.5384098329221187,966.014851025142,1.4405928493286886,3,0,0,36,0,1.5499999999999998,0.4498862517244004,0.0,0.05113592549827327,100.0,46.01548252598954,0.0,0.0,24.325666783590812,158.97324456774962
198,scarce,123.10719653521333,76.67473988367286,16.438144099159516,0.2627428392188189,0.6956099202232251,985.3674638399607,1.4530998941062447,3,0,0,36,0,1.5499999999999998,0.4478512517244002,0.0,0.051136012379371584,100.0,46.015560707339006,0.0,0.0,24.325666783590812,178.01240620804472
199,scarce,123.27142659895715,76.62859695863717,16.41836491380304,0.11005756391489274,0.5135964886232416,948.8030623369195,1.4544183314983963,3,0,0,36,0,1.5499999999999998,0.4458162517244003,0.0,0.0511360992603222,100.0,46.01563888855556,0.0,0.0,24.325666783590812,183.3912263670516
200,scarce,123.43044871523719,76.80268119127261,16.592082545940052,0.15211769570943126,0.6955562741476715,987.0492353958325,1.3873947984937993,3,0,0,36,0,1.5499999999999998,0.44378125172440036,0.0,0.05113618614112512,100.0,46.015717069639194,0.0,0.0,24.325666783590812,183.99728945094395
201,scarce,123.36477319227788,76.8046300711218,16.62128681620944,0.042389956444227765,0.643419159331441,978.2144823174094,1.3563835134048137,3,0,0,36,0,1.5499999999999998,0.44174625172440024,0.0,0.05113627302178033,100.0,46.015795250589925,0.0,0.0,24.325666783590812,175.79678931132617
202,scarce,123.19508387722612,76.69670201910567,16.36905062758689,0.12974469135318922,0.7407448520654705,1010.7442274547429,1.3781908427920964,3,0,0,36,0,1.5499999999999998,0.4397112517244003,0.0,0.051136359902287855,100.0,46.01587343140775,0.0,0.0,24.325666783590812,188.53761817654095
203,scarce,123.11058400864954,76.6637786528233,16.26498107808463,0.05850789797648792,0.6291270124272337,936.9694473114068,1.4068829947405181,3,0,0,36,0,1.5499999999999998,0.4376762517244004,0.0,0.05113644678264768,100.0,46.015951612092664,0.0,0.0,24.325666783590812,193.93612952550473
204,scarce,123.37410091027648,76.60372278669514,16.510920698058065,0.17437011899197674,0.595054544043351,938.3858514042986,1.458760569975757,3,0,0,36,0,1.5499999999999998,0.4356412517244002,0.0,0.0511365336628598,100.0,46.016029792644666,0.0,0.0,24.325666783590812,179.94166281589503
205,scarce,123.17702930690835,76.53180311346625,16.555277783401493,0.13534502294035106,0.670269269632567,927.2973759843444,1.4270499260787846,3,0,0,36,0,1.5499999999999998,0.4336062517244003,0.0,0.05113662054292424,100.0,46.01610797306378,0.0,0.0,24.325666783590812,205.443923064125
206,scarce,123.16015583417412,76.68596521667733,16.604703860158917,0.10005340540338944,0.6693082725980535,1005.0622683453876,1.4389519203405408,3,0,0,36,0,1.5499999999999998,0.43157125172440014,0.0,0.05113670742284097,100.0,46.01618615334998,0.0,0.0,24.325666783590812,191.18986399160715
207,scarce,123.38536484319879,76.6600928695198,16.57409360060089,0.14625178365405161,0.5695393084151812,973.3250553500548,1.3980172397776882,3,0,0,36,0,1.5499999999999998,0.42953625172440024,0.0,0.051136794302610006,100.0,46.016264333503266,0.0,0.0,24.325666783590812,180.73559705340983
208,scarce,123.35355785462109,76.62656111816807,16.437445408515675,0.02981778077600253,0.7868426514093029,977.8144750052743,1.4041228650216708,3,0,0,36,0,1.5499999999999998,0.4275012517244003,0.0,0.051136881182231336,100.0,46.01634251352363,0.0,0.0,24.325666783590812,180.0145955240738
209,scarce,122.92142594514004,76.61736539020632,16.346746664530027,0.27885789712047837,0.6525486519485985,981.3027088754388,1.389370116402153,3,0,0,36,0,1.5499999999999998,0.42546625172440017,0.0,0.051136968061704986,100.0,46.01642069341111,0.0,0.0,24.325666783590812,174.11356007201033
210,scarce,123.19334308980494,76.64802907109889,16.609036522393144,0.17654234252701634,0.6313918215273372,918.505872750713,1.4217287991947898,3,0,0,36,0,1.5499999999999998,0.4234312517244002,0.0,0.051137054941030935,100.0,46.01649887316569,0.0,0.0,24.325666783590812,181.83381418177362
211,scarce,123.37790961149572,76.71240602849525,16.630283438567247,0.1261107875140891,0.4981404150977903,954.7337949629364,1.4213522044329432,3,0,0,36,0,1.5499999999999998,0.4213962517244003,0.0,0.051137141820209196,100.0,46.01657705278735,0.0,0.0,24.325666783590812,172.51128196386253
212,scarce,123.22435105327736,76.67473803770713,16.490942833539524,0.10200713760117307,0.5824947332967988,937.5717623304481,1.3700792556365469,3,0,0,36,0,1.5499999999999998,0.41936125172440014,0.0,0.05113722869923975,100.0,46.01665523227611,0.0,0.0,24.325666783590812,186.38403624692862
213,scarce,123.05179431375389,76.75194438946824,16.2631846013437,0.12196219046537847,0.5904920260209976,942.3928624995569,1.3788192769929228,3,0,0,36,0,1.5499999999999998,0.41732625172440024,0.0,0.051137315578122615,100.0,46.016733411631954,0.0,0.0,24.325666783590812,183.95060798163715
214,scarce,123.07894390658481,76.7875655304655,16.252528171317888,0.028895492030049843,0.5585135509810779,987.5587140643584,1.319131088723792,3,0,0,36,0,1.5499999999999998,0.41529125172440007,0.0,0.05113740245685778,100.0,46.01681159085489,0.0,0.0,24.325666783590812,182.03848611512282
215,scarce,123.27968999595785,76.89317892650705,16.66010337305168,0.14634383105346868,0.582027882935992,973.6107671577702,1.32456799377539,3,0,0,36,0,1.5499999999999998,0.41325625172440017,0.0,0.05113748933544526,100.0,46.016889769944946,0.0,0.0,24.325666783590812,188.60197457813123
216,scarce,123.08780370105839,76.83490665132506,16.708554993532605,0.12938018933495446,0.682995351132607,1009.2697782269715,1.4145703698063872,3,0,0,36,0,1.5499999999999998,0.4112212517244002,0.0,0.051137576213885046,100.0,46.016967948902085,0.0,0.0,24.325666783590812,190.34177954818972
217,scarce,123.06734621657233,76.85276503504092,16.706921914630605,0.0175197886088675,0.6436559713487376,952.6487449255364,1.4426474379786078,3,0,0,36,0,1.5499999999999998,0.4091862517244001,0.0,0.051137663092177134,100.0,46.01704612772631,0.0,0.0,24.325666783590812,189.35632225001453
218,scarce,123.01001334806698,76.82063345474131,16.593007365354744,0.04240185466858672,0.5780221890286161,921.852620125057,1.4626058719582027,3,0,0,36,0,1.5499999999999998,0.40715125172440014,0.0,0.05113774997032153,100.0,46.01712430641764,0.0,0.0,24.325666783590812,191.4282135553376
219,scarce,123.43705648837391,76.68653085123464,16.506617780895894,0.288776782217984,0.6683762523742802,984.0263240993227,1.3945366567265878,3,0,0,36,0,1.5499999999999998,0.40511625172440024,0.0,0.051137836848318234,100.0,46.01720248497607,0.0,0.0,24.325666783590812,195.80947799719195
220,scarce,123.39189849835705,76.80243970363485,16.34856862874663,0.08025481304246149,0.6969269879456157,1000.6200430135214,1.2746530777411873,3,0,0,36,0,1.5499999999999998,0.40308125172440007,0.0,0.05113792372616725,100.0,46.0172806634016,0.0,0.0,24.325666783590812,164.77751806928006
221,scarce,123.33276010786557,76.84860735784864,16.386640209125652,0.04840344466001974,0.5631993688079712,949.3047929089807,1.3369876775095226,3,0,0,36,0,1.5499999999999998,0.40104625172440017,0.0,0.05113801060386857,100.0,46.01735884169422,0.0,0.0,24.325666783590812,185.92514928784067
222,scarce,123.46166446996037,76.7323163906257,16.407566810738086,0.11200550682298084,0.6413626933517468,912.5286252808,1.4268050254405529,3,0,0,36,0,1.5499999999999998,0.3990112517244,0.0,0.051138097481422194,100.0,46.01743701985393,0.0,0.0,24.325666783590812,184.18015222014276
223,scarce,123.17614409882702,76.49792074045205,16.4569445600397,0.23832855639191078,0.5284714699569325,938.1651606969026,1.5234570259350677,3,0,0,36,0,1.5499999999999998,0.3969762517244001,0.0,0.05113818435882812,100.0,46.01751519788074,0.0,0.0,24.325666783590812,190.65516971280604
224,scarce,122.92867620140494,76.49661560417309,16.591660334837414,0.15965892839853973,0.5493093114420977,938.6821731717137,1.4816845584625067,3,0,0,36,0,1.5499999999999998,0.39494125172440014,0.0,0.05113827123608637,100.0,46.01759337577465,0.0,0.0,24.325666783590812,191.38601994833465
225,scarce,123.1380142472288,76.64760897242556,16.80753626099079,0.16652338373365336,0.6264380239504695,933.6339587079492,1.3792059842124422,3,0,0,36,0,1.5499999999999998,0.3929062517244,0.0,0.051138358113196926,100.0,46.01767155353566,0.0,0.0,24.325666783590812,174.85756231807156
226,scarce,123.28820659969084,76.8172335518954,16.757218495630553,0.14616889109377126,0.6507999568249573,985.8512009062397,1.3885798932462712,3,0,0,36,0,1.5499999999999998,0.39087125172440007,0.0,0.051138444990159786,100.0,46.01774973116377,0.0,0.0,24.325666783590812,164.12920869290608
227,scarce,123.30454910697264,76.78047973478888,16.49685379442936,0.025950570288433495,0.5586090240256869,1003.5028917466516,1.4036093046840243,3,0,0,36,0,1.5499999999999998,0.3888362517244002,0.0,0.05113853186697496,100.0,46.01782790865897,0.0,0.0,24.325666783590812,200.73496398430822
228,scarce,123.59046647583169,76.76531973998155,16.378708471218143,0.18472193266369072,0.6536182020094592,1006.4296692436183,1.359584229129521,3,0,0,36,0,1.5499999999999998,0.3868012517244,0.0,0.05113861874364244,100.0,46.01790608602128,0.0,0.0,24.325666783590812,185.42263721303206
229,scarce,123.3517989568661,76.61062088553668,16.379191655975212,0.1834958484540933,0.582831538531515,926.530716704252,1.403414483275085,3,0,0,36,0,1.5499999999999998,0.3847662517244001,0.0,0.05113870562016223,100.0,46.017984263250675,0.0,0.0,24.325666783590812,185.82991157434776
230,scarce,123.10222901412655,76.57114370082206,16.564414803827777,0.16301478700830252,0.5938656507139719,927.9873417564304,1.4567317118441239,3,0,0,36,0,1.5499999999999998,0.3827312517243999,0.0,0.05113879249653434,100.0,46.01806244034718,0.0,0.0,24.325666783590812,165.60594336870213
231,scarce,123.17174914531383,76.62776176008065,16.875158795177125,0.05784421748240808,0.6110078824878193,964.0366708484507,1.404254316241666,3,0,0,36,0,1.5499999999999998,0.3806962517244,0.0,0.05113887937275875,100.0,46.018140617310785,0.0,0.0,24.325666783590812,177.99055921632095
232,scarce,123.06437938812132,76.7325038371487,16.799891373416255,0.09677240314066979,0.6256108746882155,980.5880928416336,1.3691385594080778,3,0,0,36,0,1.5499999999999998,0.37866125172440007,0.0,0.051138966248835474,100.0,46.01821879414148,0.0,0.0,24.325666783590812,171.18942224488245
233,scarce,123.19936523933198,76.8563960971422,16.46212033559123,0.11820804269727783,0.5625845211421845,967.7156346511983,1.3288781629867514,3,0,0,36,0,1.5499999999999998,0.37662625172439995,0.0,0.051139053124764515,100.0,46.01829697083929,0.0,0.0,24.325666783590812,174.51577974682493
234,scarce,123.41119656687978,76.67395053621465,16.2267329551099,0.180367175549633,0.5791896890417605,989.6123352787617,1.3931751863452275,3,0,0,36,0,1.5499999999999998,0.3745912517244,0.0,0.051139140000545855,100.0,46.018375147404186,0.0,0.0,24.325666783590812,215.53345477616278
235,scarce,123.47202055891019,76.29392305202245,16.268219326834522,0.24829947909870187,0.5663844025622228,963.797872530773,1.3640282035195317,3,0,0,36,0,1.5499999999999998,0.3725562517244001,0.0,0.05113922687617952,100.0,46.0184533238362,0.0,0.0,24.325666783590812,211.82253568204337
236,scarce,123.08356226095185,76.46749653714252,16.631555904023678,0.2744989600706928,0.5825848445903421,949.0819388468481,1.412561798668054,3,0,0,36,0,1.5499999999999998,0.3705212517243999,0.0,0.05113931375166549,100.0,46.018531500135296,0.0,0.0,24.325666783590812,173.83698627346698
237,scarce,123.27742501361871,76.67232046027763,16.92593509722095,0.18194875993661577,0.6169335353185306,963.0362518749535,1.4307427719559007,3,0,0,36,0,1.5499999999999998,0.3684862517244,0.0,0.05113940062700378,100.0,46.0186096763015,0.0,0.0,24.325666783590812,162.32406667318085
238,scarce,123.13691188109672,76.95549113309261,16.79035558466263,0.2039460563573143,0.4538584524406171,931.6924013770986,1.4474869183301449,3,0,0,36,0,1.5499999999999998,0.36645125172439985,0.0,0.051139487502194374,100.0,46.01868785233481,0.0,0.0,24.325666783590812,158.64321317090938
239,scarce,123.16321071553995,76.8670000160474,16.741388326702133,0.059558928536021655,0.546401229383138,978.0949243369032,1.3764173562171451,3,0,0,36,0,1.5499999999999998,0.36441625172439995,0.0,0.05113957437723729,100.0,46.01876602823522,0.0,0.0,24.325666783590812,196.96474008676716
240,scarce,123.11698638106593,76.57805958104724,16.530911310015952,0.188783568743507,0.6481075584973861,945.9236450898024,1.4557591272462063,3,0,0,36,0,1.5499999999999998,0.3623812517244,0.0,0.05113966125213251,100.0,46.01884420400273,0.0,0.0,24.325666783590812,194.16118474245758
241,scarce,123.35650636309245,76.55772137577154,16.429911761326935,0.15508510554548882,0.4797651120080728,886.7344190813164,1.4584556554929011,3,0,0,36,0,1.5499999999999998,0.3603462517243999,0.0,0.05113974812688006,100.0,46.01892237963735,0.0,0.0,24.325666783590812,226.05169266679627
242,scarce,123.26934758587845,76.80709357600105,16.323476667211835,0.17042903160813058,0.5964892064899447,941.4611356504174,1.4086188980392886,3,0,0,36,0,1.5499999999999998,0.3583112517243999,0.0,0.05113983500147991,100.0,46.01900055513906,0.0,0.0,24.325666783590812,174.05664076000653
243,scarce,123.51838676785216,77.04709783794088,16.349615218086353,0.22313867393945883,0.5809128885599998,927.6530788310411,1.4177741587475485,3,0,0,36,0,1.5499999999999998,0.35627625172440003,0.0,0.051139921875932075,100.0,46.01907873050787,0.0,0.0,24.325666783590812,152.87816764112574
244,scarce,123.51536306576571,76.7979776883717,16.833088648796892,0.1607345154990303,0.5847231324922375,972.6312008778696,1.3430694104936989,3,0,0,36,0,1.5499999999999998,0.35424125172439985,0.0,0.05114000875023656,100.0,46.0191569057438,0.0,0.0,24.325666783590812,192.4138724696586
245,scarce,123.10541725684197,76.43194787256941,16.883452503649323,0.35456493386238164,0.6552327059389222,987.6666463890033,1.3289791703222644,3,0,0,36,0,1.5499999999999998,0.35220625172439995,0.0,0.051140095624393346,100.0,46.01923508084681,0.0,0.0,24.325666783590812,214.38276624303307
246,scarce,122.84175791060706,76.43441246152682,16.60159858678446,0.17011023549110726,0.5591445313264225,953.8522101258204,1.430972086091234,3,0,0,36,0,1.5499999999999998,0.3501712517243998,0.0,0.051140182498402464,100.0,46.01931325581695,0.0,0.0,24.325666783590812,170.51265570381182
247,scarce,122.91740119884136,76.6752829955245,16.469518175838214,0.1628831302881088,0.5268537851366537,918.6516279238895,1.4939469152264786,3,0,0,36,0,1.5499999999999998,0.3481362517243999,0.0,0.05114026937226389,100.0,46.019391430654174,0.0,0.0,24.325666783590812,148.02899137912007
248,scarce,123.36825342850618,76.94191462367918,16.656853090124027,0.33793161517583925,0.5918804209952938,936.1511260249972,1.4372941136725383,3,0,0,36,0,1.5499999999999998,0.3461012517243999,0.0,0.05114035624597764,100.0,46.019469605358516,0.0,0.0,24.325666783590812,131.76133615921754
249,scarce,123.34082852284178,76.88373392837201,16.57722679779467,0.04149705683745773,0.5175106109821644,948.906565358473,1.3897494664441687,3,0,0,36,0,1.5499999999999998,0.3440662517243998,0.0,0.051140443119543695,100.0,46.01954777992995,0.0,0.0,24.325666783590812,187.8512002218667
250,scarce,123.34036370810256,76.68830092938825,16.434004638299285,0.1260861624109638,0.6364447488973843,983.9078498707568,1.3682878232247737,3,0,0,36,0,1.5499999999999998,0.34203125172439985,0.0,0.051140529992962064,100.0,46.019625954368486,0.0,0.0,24.325666783590812,215.6469063406134
251,scarce,123.51323350449259,76.60908530116582,16.356417448842752,0.1226809135899196,0.5926002436769785,993.445199441263,1.3413105905623708,3,0,0,36,0,1.5499999999999998,0.33999625172439996,0.0,0.05114061686623277,100.0,46.01970412867415,0.0,0.0,24.325666783590812,204.5620252433588
252,scarce,123.13196123371947,76.76289216928559,16.37339205200506,0.2652429802282981,0.5551704609592989,951.4762689086892,1.351387179326104,3,0,0,36,0,1.5499999999999998,0.3379612517243998,0.0,0.05114070373935578,100.0,46.019782302846906,0.0,0.0,24.325666783590812,177.66463943223803
253,scarce,123.18579384588874,76.91409570682765,16.410261197932876,0.10354880895944671,0.6322021786997771,954.690304285934,1.3661919052776745,3,0,0,36,0,1.5499999999999998,0.3359262517243999,0.0,0.0511407906123311,100.0,46.01986047688676,0.0,0.0,24.325666783590812,169.66620783178382
254,scarce,123.04464433226109,76.77421079590259,16.615590526742164,0.12820861885510018,0.6439749992470699,975.7002186078025,1.4101269093896858,3,0,0,36,0,1.5499999999999998,0.3338912517243997,0.0,0.051140877485158755,100.0,46.019938650793726,0.0,0.0,24.325666783590812,191.56235949214275
255,scarce,123.02112705369738,76.56285112607105,16.771241508222843,0.13720257385925466,0.5541774056997782,966.0899208057963,1.3847004001694503,3,0,0,36,0,1.5499999999999998,0.3318562517243998,0.0,0.05114096435783871,100.0,46.0200168245678,0.0,0.0,24.325666783590812,195.89460754760975
256,scarce,123.35232262882113,76.61412542131002,16.891439813069887,0.21622006973743862,0.6492637138722386,976.7297113282766,1.413835616420343,3,0,0,36,0,1.5499999999999998,0.32982125172439986,0.0,0.051141051230371,100.0,46.02009499820898,0.0,0.0,24.325666783590812,159.00464936122066
257,scarce,122.89462563731497,76.57830558977957,16.628404367075618,0.29619129035941694,0.7317491039293155,1010.3290339275736,1.446114706950429,3,0,0,36,0,1.5499999999999998,0.32778625172439974,0.0,0.0511411381027556,100.0,46.02017317171726,0.0,0.0,24.325666783590812,168.22288570115512
258,scarce,123.11579399799234,76.65909653512723,16.498212825700246,0.15191133376301205,0.7250310439645354,1047.4072814538704,1.3416768331399012,3,0,0,36,0,1.5499999999999998,0.3257512517243998,0.0,0.051141224974992516,100.0,46.02025134509265,0.0,0.0,24.325666783590812,184.47008618635812
259,scarce,123.60905124298613,77.01201235679243,16.627621226888362,0.39129566090576323,0.647524442968011,966.1210211175385,1.3451423006357988,3,0,0,36,0,1.5499999999999998,0.3237162517243999,0.0,0.05114131184708177,100.0,46.02032951833516,0.0,0.0,24.325666783590812,139.59049791474575
260,scarce,123.27877110677676,76.96152897311836,16.270141712718228,0.21555874727846697,0.5593412830353277,936.3188368193478,1.3867090543971088,3,0,0,36,0,1.5499999999999998,0.3216812517243997,0.0,0.05114139871902332,100.0,46.02040769144476,0.0,0.0,24.325666783590812,189.3966081939604
261,scarce,123.08337864705817,76.57519164249453,16.18488812530491,0.2793144173605146,0.5539048541009642,917.7264261502751,1.4062425593126884,3,0,0,36,0,1.5499999999999998,0.3196462517243998,0.0,0.0511414855908172,100.0,46.02048586442148,0.0,0.0,24.325666783590812,218.15724584861493
262,scarce,123.30442872107407,76.28942781928873,16.535586038189546,0.23308463837734844,0.5179491559509114,966.3223263091058,1.3717745655616194,3,0,0,36,0,1.5499999999999998,0.31761125172439963,0.0,0.05114157246246339,100.0,46.020564037265295,0.0,0.0,24.325666783590812,225.30346725290653
263,scarce,123.31012253520112,76.62883332733297,16.694819915725997,0.21900210577775156,0.49534651576892647,967.4983443044875,1.3572675656201112,3,0,0,36,0,1.5499999999999998,0.31557625172439974,0.0,0.05114165933396192,100.0,46.02064220997623,0.0,0.0,24.325666783590812,154.7526247025489
264,scarce,123.13530095819448,76.95892882620971,16.56471705302004,0.24098792692224474,0.5664149552211991,1011.5369786134361,1.3699230379462644,3,0,0,36,0,1.5499999999999998,0.3135412517243998,0.0,0.051141746205312755,100.0,46.020720382554266,0.0,0.0,24.325666783590812,155.1568069875083
265,scarce,123.28092929672896,76.95365887208051,16.489145114854647,0.09401526521792347,0.5420434222950746,973.510602530645,1.393734012199759,3,0,0,36,0,1.5499999999999998,0.31150625172439966,0.0,0.051141833076515916,100.0,46.020798554999416,0.0,0.0,24.325666783590812,194.9739518320381
266,scarce,123.60809033123275,76.69702625118799,16.466688914792073,0.2682619470957978,0.5543070010341132,948.7823968176235,1.423639289610107,3,0,0,36,0,1.5499999999999998,0.3094712517243997,0.0,0.05114191994757139,100.0,46.02087672731166,0.0,0.0,24.325666783590812,228.9635724651215
267,scarce,123.33700617250867,76.4128595723102,16.441752244180748,0.253374579264604,0.5513392070357587,952.1822445076687,1.41259227687235,3,0,0,36,0,1.5499999999999998,0.3074362517243998,0.0,0.051142006818479205,100.0,46.02095489949104,0.0,0.0,24.325666783590812,204.11482957603883
268,scarce,123.1423114475382,76.48135174400716,16.540842121745808,0.1331608211998194,0.6120030519039875,1007.444289364219,1.3966046369713134,3,0,0,36,0,1.5499373025319596,0.30540132069161463,0.0,0.05114209368923933,100.0,46.021033071537516,0.0,0.0,24.325666783590812,162.75299253927207
269,scarce,123.05916994579997,76.53853252356973,16.63088376055098,0.065123064192534,0.5180252494342363,1005.160010803349,1.3251283435744536,3,0,0,36,0,1.5494762960728177,0.3033668967659345,0.0,0.05114218055985177,100.0,46.02111124345109,0.0,0.0,24.325666783590812,185.33561991609582
270,scarce,123.13591096077704,76.79121173212633,16.624013030483695,0.1704802439558094,0.6774568545456447,1008.1450232848947,1.3310552400020819,3,0,0,36,0,1.5490104651346241,0.30133298525428626,0.0,0.051142267430316544,100.0,46.02118941523179,0.0,0.0,24.325666783590812,156.74999203686338
271,scarce,123.29938972150919,76.83297190271954,16.629675757684538,0.10895957073553017,0.5834314836344654,980.0515634911826,1.3976523106014103,3,0,0,36,0,1.548539822488372,0.29929959144954904,0.0,0.05114235430063364,100.0,46.021267586879596,0.0,0.0,24.325666783590812,167.5075188131849
272,scarce,123.20013039124754,76.74617976679355,16.828180260454076,0.08517300017429545,0.583139665177753,973.8086671590063,1.440552984221498,3,0,0,36,0,1.5480643810369648,0.2972667206304085,0.0,0.05114244117080306,100.0,46.02134575839452,0.0,0.0,24.325666783590812,186.16257606641295
273,scarce,123.08941446981186,76.60910997510582,16.883677013555157,0.11385433026103381,0.6328507532106689,970.2889371624369,1.3899272763081434,3,0,0,36,0,1.5475841538148716,0.295234378061212,0.0,0.0511425280408248,100.0,46.02142392977654,0.0,0.0,24.325666783590812,203.97315843907342
274,scarce,123.19317434972871,76.49587079265308,16.61287459292955,0.09927472413127009,0.6126749213977676,957.2796570019163,1.4602112984853688,3,0,0,36,0,1.5470991539877619,0.29320256899182545,0.0,0.05114261491069886,100.0,46.021502101025675,0.0,0.0,24.325666783590812,189.32509463653952
275,scarce,123.2783274219866,76.69334683003424,16.276555475128507,0.13904809426182602,0.6601900150592094,999.4019400945654,1.3918290221303733,3,0,0,36,0,1.5466093948521542,0.29117129865748814,0.0,0.051142701780425244,100.0,46.02158027214192,0.0,0.0,24.325666783590812,179.5673175610684
276,scarce,123.31519415244514,76.83025812570719,16.23036419015692,0.09170604179784209,0.624968899411571,985.8687555001634,1.3180781613386894,3,0,0,36,0,1.5461148898350403,0.2891405722786697,0.0,0.05114278865000396,100.0,46.02165844312528,0.0,0.0,24.325666783590812,167.27230177851231
277,scarce,123.22393371084796,76.73004555517466,16.386494549374923,0.08769305829340088,0.6621427132992584,984.3288530666105,1.3425486494992582,3,0,0,36,0,1.5456156524935258,0.2871103950609266,0.0,0.051142875519435,100.0,46.02173661397576,0.0,0.0,24.325666783590812,177.6460536089573
278,scarce,123.18936379648468,76.68767141493724,16.59675601662845,0.03539343209104179,0.5660585072627571,964.1834951098062,1.3685502931433853,3,0,0,36,0,1.5451116965144547,0.2850807721947607,0.0,0.05114296238871836,100.0,46.02181478469335,0.0,0.0,24.325666783590812,196.04907126590513
279,scarce,123.16789143803356,76.48063821363931,16.69304744286508,0.13475547842930824,0.6581969290664155,950.98562845778,1.4029769416199558,3,0,0,36,0,1.544603035714035,0.28305170885547537,0.0,0.05114304925785405,100.0,46.02189295527804,0.0,0.0,24.325666783590812,201.4786812511823
280,scarce,123.15402566919794,76.5674414269411,16.72961521505802,0.05692913004967271,0.5648485430917597,965.6074409142311,1.425124385780934,3,0,0,36,0,1.5440896840374587,0.28102321020303417,0.0,0.05114313612684206,100.0,46.021971125729856,0.0,0.0,24.325666783590812,194.14472494754705
281,scarce,123.34079778597275,76.94463651654786,16.733219848725646,0.2726816986643093,0.6783126992479747,986.7999044310818,1.4253316114949581,3,0,0,36,0,1.543571655558522,0.27899528138191987,0.0,0.05114322299568239,100.0,46.02204929604877,0.0,0.0,24.325666783590812,155.02068760667444
282,scarce,123.1095423193636,76.97222041908954,16.548151865190846,0.15093153291656258,0.6076024878088424,986.2289471367112,1.3701488027868982,3,0,0,36,0,1.5430489644792376,0.2769679275209926,0.0,0.05114330986437506,100.0,46.022127466234814,0.0,0.0,24.325666783590812,182.50582758361872
283,scarce,123.15778808993507,76.92310314374815,16.483307198265823,0.044633946690939015,0.7262550849853892,1043.9584207019361,1.2866974933791615,3,0,0,36,0,1.5425216251294438,0.27494115373335015,0.0,0.05114339673292006,100.0,46.022205636287964,0.0,0.0,24.325666783590812,195.96444417185637
284,scarce,123.41067394084621,76.65684457326122,16.55622739310467,0.23814187638930415,0.5973883121155337,989.8177098007145,1.3412021593314885,3,0,0,36,0,1.541989651966417,0.27291496511618724,0.0,0.05114348360131737,100.0,46.02228380620822,0.0,0.0,24.325666783590812,204.31879290917524
285,scarce,123.4701632384125,76.4998487933567,16.55011314166045,0.10891593857473653,0.6966450736063676,975.1933652054795,1.398579738510898,3,0,0,36,0,1.5414530595744695,0.2708893667506552,0.0,0.05114357046956701,100.0,46.022361975995594,0.0,0.0,24.325666783590812,179.46481080820524
286,scarce,123.2920777084816,76.59834333581767,16.40792182186637,0.1320700499203574,0.6588053990016633,935.3940850677682,1.4964432226540947,3,0,0,36,0,1.5409118626645524,0.2688643637017242,0.0,0.051143657337668985,100.0,46.022440145650094,0.0,0.0,24.325666783590812,180.66554709279393
287,scarce,123.36394625814594,76.73656597461871,16.38010013261178,0.10113842551652069,0.6179419305081343,973.8224495508475,1.4245483825754837,3,0,0,36,0,1.5403660760738533,0.26683996101804297,0.0,0.05114374420562329,100.0,46.0225183151717,0.0,0.0,24.325666783590812,163.02553799636578
288,scarce,123.22041961029812,76.75721582072504,16.581806185992917,0.09417005703069813,0.5393795689505906,924.4729379820928,1.4000733054027852,3,0,0,36,0,1.5398157147653875,0.26481616373180106,0.0,0.05114383107342991,100.0,46.02259648456042,0.0,0.0,24.325666783590812,175.43118680173401
289,scarce,123.12777902304288,76.56107164724841,16.717361358660625,0.14092557917368795,0.6141257460212121,1001.85463614728,1.3877907656289876,3,0,0,36,0,1.5392607938275864,0.2627929768585908,0.0,0.05114391794108887,100.0,46.02267465381627,0.0,0.0,24.325666783590812,208.83041827774497
290,scarce,123.02369790869382,76.58260529490548,16.83297283756322,0.0690747134773025,0.668045349977539,1011.3501283858859,1.3952999851140473,3,0,0,36,0,1.5387013284738897,0.2607704053972693,0.0,0.05114400480860015,100.0,46.02275282293921,0.0,0.0,24.325666783590812,190.26064353789434
291,scarce,123.32240482755898,76.65310030736705,16.75334692169328,0.19953526630037777,0.6184666898700455,984.8860623818182,1.414352489281598,3,0,0,36,0,1.5381373340423226,0.2587484543298228,0.0,0.05114409167596376,100.0,46.022830991929276,0.0,0.0,24.325666783590812,185.37398273063502
292,scarce,123.44469169503083,76.97122444821285,16.519304919535298,0.2216604528065984,0.5332936987510105,916.3263269576128,1.4684148457411872,3,0,0,36,0,1.537568825995075,0.2567271286212283,0.0,0.0511441785431797,100.0,46.02290916078646,0.0,0.0,24.325666783590812,169.77501667884937
293,scarce,123.16804514674459,76.93846381903492,16.20899899960684,0.1812493936834298,0.5298458420878053,879.1050905525117,1.4421975598368482,3,0,0,36,0,1.5369958199180855,0.2547064332193184,0.0,0.051144265410247976,100.0,46.02298732951076,0.0,0.0,24.325666783590812,195.32395722390743
294,scarce,123.29600279622413,76.69904706229744,16.153297151155385,0.17668726147548722,0.6144449841721511,946.5434905397342,1.4305402628282509,3,0,0,36,0,1.536418331520603,0.2526863730546457,0.0,0.051144352277168584,100.0,46.02306549810219,0.0,0.0,24.325666783590812,193.30513125751224
295,scarce,123.5274382979024,76.35754088653412,16.415997179256536,0.2686090335372354,0.6458786413673115,943.2260120810097,1.3868729377759623,3,0,0,36,0,1.5358363766347647,0.25066695304034753,0.0,0.05114443914394151,100.0,46.02314366656072,0.0,0.0,24.325666783590812,201.47968728659094
296,scarce,123.21404897225547,76.4094711521691,16.581427683102802,0.20691272083800763,0.6817985840800521,1027.9737359521569,1.347356035078814,3,0,0,36,0,1.5352499712151573,0.24864817807201087,0.0,0.05114452601056678,100.0,46.02322183488637,0.0,0.0,24.325666783590812,169.63306676091335
297,scarce,123.11034217994158,76.85593602765141,16.760089813694616,0.2986665680764693,0.6666699950160878,1063.4031312140905,1.3871153267788574,3,0,0,36,0,1.5346591313383808,0.24663005302753868,0.0,0.051144612877044374,100.0,46.02330000307914,0.0,0.0,24.325666783590812,132.71560128268246
298,scarce,123.05746244606851,76.94214551451495,16.787522993492974,0.06592637179544292,0.5830059127812587,936.8567835884351,1.4543745695120633,3,0,0,36,0,1.534063873202611,0.2446125827670157,0.0,0.051144699743374294,100.0,46.02337817113903,0.0,0.0,24.325666783590812,172.13757524421607
299,scarce,123.27882441186301,76.64464984614938,16.763449651183176,0.2418161333405539,0.5234168206708399,942.1292605981143,1.496362180098181,3,0,0,36,0,1.533464213127148,0.24259577213257588,0.0,0.05114478660955655,100.0,46.02345633906603,0.0,0.0,24.325666783590812,224.84294242418096
300,scarce,123.18408158186237,76.39580148215694,16.47118169689676,0.17371040078606215,0.548458254802702,931.3921775417366,1.4540981543015048,3,0,0,36,0,1.532860167551978,0.24057962594826876,0.0,0.05114487347559113,100.0,46.023534506860145,0.0,0.0,24.325666783590812,201.7805868265893
301,scarce,123.11308833622459,76.30847953290883,16.218823133672515,0.07344720569305936,0.5253047448683467,906.5891926220684,1.404924067168503,3,0,0,36,0,1.5322517530373132,0.23856414901992762,0.0,0.05114496034147805,100.0,46.02361267452139,0.0,0.0,24.325666783590812,185.8703798083741
302,scarce,123.42920414825186,76.52362054552648,16.373194404634926,0.24965447029697435,0.5355358960272525,889.312310256646,1.3948538297126776,3,0,0,36,0,1.5316389862631459,0.23654934613503822,0.0,0.0511450472072173,100.0,46.02369084204975,0.0,0.0,24.325666783590812,161.31940807804855
303,scarce,123.23038881640049,76.80786852685915,16.43642860044429,0.22656642194111162,0.5370862602597551,916.3811514293557,1.4817135064064102,3,0,0,36,0,1.5310218840287877,0.2345352220626065,0.0,0.05114513407280888,100.0,46.023769009445225,0.0,0.0,24.325666783590812,154.75531488121442
304,scarce,123.03789364309357,76.67269733905276,16.55300457398798,0.15369443461487484,0.5959214896574506,952.9339654310388,1.45145013369261,3,0,0,36,0,1.5304004632524064,0.23252178155302886,0.0,0.0511452209382528,100.0,46.02384717670783,0.0,0.0,24.325666783590812,178.6141136366708
305,scarce,123.07240685216824,76.53799903544216,16.627579017538288,0.09089548171495739,0.683037507319792,966.6491860427923,1.4706992203295495,3,0,0,36,0,1.5297747409705675,0.23050902933796122,0.0,0.05114530780354905,100.0,46.02392534383755,0.0,0.0,24.325666783590812,197.3296581357808
306,scarce,123.22506512445193,76.56563025992757,16.60562284048329,0.10145459056582763,0.5979519584990585,977.075534211057,1.4601418455862922,3,0,0,36,0,1.5291447343377635,0.22849697013018966,0.0,0.05114539466869763,100.0,46.02400351083438,0.0,0.0,24.325666783590812,171.09668850692685
307,scarce,123.19410779600646,76.68244526094652,16.57833235038173,0.07906221792907847,0.5595010890111812,949.6391726123911,1.4031085508472174,3,0,0,36,0,1.5285104606259443,0.22648560862350114,0.0,0.05114548153369854,100.0,46.02408167769834,0.0,0.0,24.325666783590812,162.05790443287654
308,scarce,123.1090397901336,76.75768674718269,16.496582367944885,0.07433128729298986,0.638618266873398,976.4084123129433,1.449784690475286,3,0,0,36,0,1.5278719372240437,0.22447494949255475,0.0,0.05114556839855179,100.0,46.02415984442942,0.0,0.0,24.325666783590812,157.5377960867502
309,scarce,123.16726429719454,76.47359294823002,16.29641106121926,0.18988566628963208,0.7259699796218919,928.4350754321858,1.4281886802519979,3,0,0,36,0,1.527229181637504,0.22246499739275347,0.0,0.05114565526325738,100.0,46.02423801102762,0.0,0.0,24.325666783590812,215.11440851152585
310,scarce,123.48370343128298,76.43354576648771,16.382895265537297,0.20893939762828792,0.6235718001522642,949.045604976589,1.3930247856154667,3,0,0,36,0,1.526582211487794,0.22045575696011693,0.0,0.051145742127815294,100.0,46.024316177492935,0.0,0.0,24.325666783590812,184.4555607849267
311,scarce,123.2946813111109,76.50312290578641,16.302088204769273,0.13199862771238222,0.5104963639180394,902.340882663615,1.4568232067521565,3,0,0,36,0,1.5259310445119274,0.21844723281115377,0.0,0.05114582899222554,100.0,46.02439434382537,0.0,0.0,24.325666783590812,170.89447181768026
312,scarce,123.24979213654223,76.70016037450075,16.20187887654741,0.1324915394441782,0.5900626083164712,942.3213651494116,1.4431152092965294,3,0,0,36,0,1.5252756985619753,0.21643942954273562,0.0,0.05114591585648813,100.0,46.024472510024935,0.0,0.0,24.325666783590812,165.7493148456391
313,scarce,123.3095094235001,76.92628777512448,16.355737136337154,0.15340240398042626,0.6440584892137204,928.2895235827673,1.403564590798737,3,0,0,36,0,1.5246161916045782,0.2144323517319705,0.0,0.05114600272060306,100.0,46.02455067609162,0.0,0.0,24.325666783590812,166.2242209569991
314,scarce,123.21995501260734,76.66043364793802,16.51189123378371,0.1840820893321103,0.6129486140920389,926.6827937566195,1.4715696355396821,3,0,0,36,0,1.5239525417204522,0.21242600393607802,0.0,0.051146089584570315,100.0,46.02462884202542,0.0,0.0,24.325666783590812,186.7754245838037
315,scarce,123.09762909166943,76.52492551608645,16.430011732617487,0.11984255182195616,0.6575159909698731,945.4760204904233,1.424768683545577,3,0,0,36,0,1.5232847671038943,0.21042039069226373,0.0,0.05114617644838991,100.0,46.02470700782635,0.0,0.0,24.325666783590812,187.1222583621379
316,scarce,123.29655132472593,76.28070106749779,16.659778029080357,0.20687145050957334,0.5763929368413723,956.6278292166317,1.4064794882838136,3,0,0,36,0,1.5226128860622832,0.20841551651759527,0.0,0.051146263312061846,100.0,46.0247851734944,0.0,0.0,24.325666783590812,185.19072930530513
317,scarce,123.31481445960208,76.58850838321737,16.643830803588294,0.20260277522656706,0.5608397789157782,977.3494131810221,1.4578597049481705,3,0,0,36,0,1.5219369170155774,0.20641138590887814,0.0,0.051146350175586115,100.0,46.02486333902958,0.0,0.0,24.325666783590812,152.30641177094117
318,scarce,123.3660703958336,76.89530555869892,16.514172709797645,0.20446863500899903,0.5407967915133843,919.9799805972434,1.4592632958347067,3,0,0,36,0,1.5212568784958076,0.2044080033425327,0.0,0.05114643703896272,100.0,46.024941504431865,0.0,0.0,24.325666783590812,177.5690877167748
319,scarce,123.33494223943246,76.75186835068338,16.4853809770817,0.09652678454560518,0.5587879490349904,900.3652643034002,1.4867370569077183,3,0,0,36,0,1.5205727891465766,0.2024053732744715,0.0,0.05114652390219166,100.0,46.02501966970129,0.0,0.0,24.325666783590812,172.75367068967935
320,scarce,123.39420094577157,76.4460920851908,16.490318441337838,0.20492702124604484,0.5958515322138624,972.5174841406697,1.3882029346806024,3,0,0,36,0,1.519884667722537,0.20040350013997676,0.0,0.05114661076527294,100.0,46.02509783483782,0.0,0.0,24.325666783590812,209.7048693194996
321,scarce,123.39303909726601,76.37486301056373,16.599279631174863,0.04689237746639902,0.5234421399975437,948.5552542870064,1.3976052956909686,3,0,0,36,0,1.5191925330888862,0.19840238835357896,0.0,0.05114669762820656,100.0,46.0251759998415,0.0,0.0,24.325666783590812,195.7544252617522
322,scarce,123.2413572641561,76.6600626954797,16.4429386786763,0.2127279876363549,0.5186430601692721,942.808108630903,1.3925762658616003,3,0,0,36,0,1.5184964042208455,0.196402042308936,0.0,0.051146784490992504,100.0,46.02525416471227,0.0,0.0,24.325666783590812,150.68130354626726
323,scarce,123.11490695868932,76.84027054269808,16.455095311586902,0.14504360761875515,0.5565526201437612,912.9471488635318,1.4593673440140178,3,0,0,36,0,1.517796300203138,0.19440246637871256,0.0,0.0511468713536308,100.0,46.025332329450194,0.0,0.0,24.325666783590812,166.79166606649056
324,scarce,123.04732242365675,76.82025883495349,16.646150098259618,0.04646060177241843,0.567535452475345,925.3971631811401,1.4790590414301144,3,0,0,36,0,1.517092240229469,0.19240366491446012,0.0,0.05114695821612144,100.0,46.02541049405524,0.0,0.0,24.325666783590812,169.02177809477226
325,scarce,123.09727047603077,76.62912194891236,16.841898592072557,0.13028053603743758,0.46662399271761434,927.9628084109136,1.3797181633731237,3,0,0,36,0,1.5163842436020003,0.19040564224649792,0.0,0.05114704507846441,100.0,46.0254886585274,0.0,0.0,24.325666783590812,193.84050386219104
326,scarce,123.29975760494406,76.49313601249847,16.773357033729127,0.16092680436129236,0.5368257302104418,963.7421309030578,1.3973355818026056,3,0,0,36,0,1.515672329730815,0.188408402683794,0.0,0.051147131940659715,100.0,46.025566822866686,0.0,0.0,24.325666783590812,229.65473909155475
327,scarce,123.36289423792192,76.60101994354191,16.54515427354156,0.08251108629619046,0.6744727216570006,941.9878023296478,1.4992798463732973,3,0,0,36,0,1.514956518133393,0.18641195051384724,0.0,0.05114721880270737,100.0,46.0256449870731,0.0,0.0,24.325666783590812,187.0321888503614
328,scarce,123.20356784208963,76.83749750300866,16.320413075087547,0.18830806735557798,0.5257857624686038,893.0307657626108,1.4639829176869992,3,0,0,36,0,1.51423682843407,0.18441629000256984,0.0,0.05114730566460736,100.0,46.02572315114664,0.0,0.0,24.325666783590812,164.2251033288692
329,scarce,123.00665574969597,76.82861508123094,16.207458337167722,0.13023495055578055,0.5587358385012683,918.3779452667295,1.3934953768233318,3,0,0,36,0,1.5135132803635025,0.18242142539417,0.0,0.051147392526359685,100.0,46.0258013150873,0.0,0.0,24.325666783590812,179.23174300021765
330,scarce,123.4043769743655,76.56629816590743,16.464223253958856,0.31494022361695845,0.5762152222093256,928.5968565316725,1.4085210198024596,3,0,0,36,0,1.5127858937581264,0.18042736091103603,0.0,0.05114747938796436,100.0,46.0258794788951,0.0,0.0,24.325666783590812,200.6640758333192
331,scarce,123.30264402465673,76.54590786041348,16.45915389424525,0.06861937078953798,0.667040810611548,984.3630373815613,1.3844507459142033,3,0,0,36,0,1.5120546885596136,0.17843410075362048,0.0,0.05114756624942138,100.0,46.02595764257002,0.0,0.0,24.325666783590812,197.07425414439578
332,scarce,123.21159725187337,76.66296273834274,16.468298896134137,0.09812274697043091,0.49592788227080764,956.2084908738252,1.3922353832675194,3,0,0,36,0,1.511319684814323,0.17644164910032475,0.0,0.051147653110730724,100.0,46.02603580611206,0.0,0.0,24.325666783590812,172.3361687218984
333,scarce,123.4185068608802,76.68054731540782,16.36226205290417,0.1374673096528718,0.5560037536223743,914.4065548888466,1.478325720019559,3,0,0,36,0,1.5105809026727546,0.17445001010738465,0.0,0.05114773997189243,100.0,46.02611396952125,0.0,0.0,24.325666783590812,170.94645074529646
334,scarce,123.39430102561045,76.77227548210573,16.481615478020434,0.06283336125910761,0.46948358934615086,928.4649262759085,1.405643571445458,3,0,0,36,0,1.5098383623889926,0.1724591879087568,0.0,0.051147826832906466,100.0,46.02619213279755,0.0,0.0,24.325666783590812,201.52662714165024
335,scarce,123.1288101226095,76.8590364003047,16.39993210532123,0.18508337262148172,0.6201597534557478,966.1441095184127,1.4332119971554824,3,0,0,36,0,1.5090920843201563,0.17046918661600455,0.0,0.051147913693772834,100.0,46.02627029594096,0.0,0.0,24.325666783590812,177.03317091693052
336,scarce,123.25309689918173,76.79254759598257,16.607349277853743,0.09344946763678519,0.6079921143977611,937.1286152941684,1.446665497617414,3,0,0,36,0,1.5083420889258339,0.16848001031818616,0.0,0.051148000554491556,100.0,46.026348458951524,0.0,0.0,24.325666783590812,191.63616834325478
337,scarce,123.27350663329857,76.404068887439,16.580177292583976,0.2580375910428765,0.560161179882692,958.3444318358888,1.3938950069545897,3,0,0,36,0,1.5075883967675283,0.16649166308174193,0.0,0.05114808741506262,100.0,46.0264266218292,0.0,0.0,24.325666783590812,213.57416461720933
338,scarce,123.1837975269263,76.45990449831653,16.451777976529257,0.07012476296475142,0.571600820074644,981.2420409813058,1.420336577497676,3,0,0,36,0,1.5068310285080904,0.16450414895038298,0.0,0.05114817427548603,100.0,46.026504784574016,0.0,0.0,24.325666783590812,159.6874307879578
339,scarce,123.18041837320213,76.61554714043024,16.57193661894326,0.10336791759190717,0.5929470050407925,918.6924730764804,1.4473683367039476,3,0,0,36,0,1.506070004911155,0.16251747194498078,0.0,0.051148261135761784,100.0,46.026582947185965,0.0,0.0,24.325666783590812,184.8138795737522
340,scarce,123.12921491372016,76.66717333169555,16.62008291721096,0.048303925792898265,0.5581821581433715,931.5969590574059,1.4669596232060287,3,0,0,36,0,1.5053053468405675,0.16053163606345608,0.0,0.051148347995889874,100.0,46.02666110966503,0.0,0.0,24.325666783590812,166.79530259964423
341,scarce,123.05354765062036,76.84999423432102,16.623144284046916,0.13150962441259814,0.6417470522736611,988.836584177443,1.397066582781938,3,0,0,36,0,1.5045370752598164,0.15854664528067028,0.0,0.05114843485587031,100.0,46.02673927201123,0.0,0.0,24.325666783590812,179.7513026880987
342,scarce,123.05576712236672,76.82363059965274,16.62441619586615,0.017593767100409007,0.47684174702714344,926.1796824113262,1.3697788621809355,3,0,0,36,0,1.5037652112314528,0.15656250354831575,0.0,0.051148521715703096,100.0,46.02681743422457,0.0,0.0,24.325666783590812,212.0973164209781
343,scarce,123.41646332448337,76.82132582061682,16.563763621327794,0.23999069811895582,0.5272856927586314,938.2119806653427,1.4535676174877414,3,0,0,36,0,1.5029897759165207,0.15457921479480757,0.0,0.051148608575388214,100.0,46.02689559630501,0.0,0.0,24.325666783590812,192.0483943158486
344,scarce,123.4714825430712,76.73483409592932,16.510690756364294,0.06823823218130196,0.5549934342895751,917.1055248954071,1.3893076445171153,3,0,0,36,0,1.5022107905739708,0.15259678292517617,0.0,0.05114869543492569,100.0,46.0269737582526,0.0,0.0,24.325666783590812,203.20673823335036
345,scarce,123.3624743716191,76.6596496821406,16.370030128042785,0.08819708017374066,0.4993325111688576,941.6128505473025,1.4420265596854651,3,0,0,36,0,1.5014282765600795,0.15061521182096008,0.0,0.051148782294315506,100.0,46.02705192006732,0.0,0.0,24.325666783590812,200.46578266537512
346,scarce,123.21430524754724,76.53602947969061,16.469733487059116,0.12858922975417042,0.5042347794542441,895.198951228831,1.4893779686101445,3,0,0,36,0,1.5006422553278636,0.14863450534009937,0.0,0.051148869153557666,100.0,46.02713008174917,0.0,0.0,24.325666783590812,179.45477151665608
347,scarce,122.97200755238913,76.43494769685037,16.63023579479863,0.1750418800059719,0.5059796001575942,962.361596403367,1.4205060881688996,3,0,0,36,0,1.4998527484264927,0.14665466731683025,0.0,0.05114895601265217,100.0,46.027208243298155,0.0,0.0,24.325666783590812,195.67240043718812
348,scarce,122.8615355871155,76.48620789888122,16.817444737353153,0.08124113445906381,0.5362337638044935,991.8129694512827,1.406005691699715,3,0,0,36,0,1.499059777500697,0.14467570156157952,0.0,0.05114904287159902,100.0,46.02728640471426,0.0,0.0,24.325666783590812,170.33798098597828
349,scarce,123.09502070882834,76.8839543678232,16.734483905512725,0.30783181761610323,0.5504855564331884,937.6584603264964,1.4159469701692662,3,0,0,36,0,1.498263364290175,0.14269761186086036,0.0,0.051149129730398216,100.0,46.0273645659975,0.0,0.0,24.325666783590812,157.00471153438386
350,scarce,123.15586576785046,77.05653564248651,16.200718042106104,0.12220193701307386,0.5275957947235953,876.0590642925308,1.4177161760165116,3,0,0,36,0,1.4974635306289974,0.14072040197716834,0.0,0.051149216589049765,100.0,46.027442727147886,0.0,0.0,24.325666783590812,159.36060856964457
351,scarce,123.67521337298487,76.73315480667638,16.14208557748204,0.40877562639755655,0.5845114474700589,895.6405850188348,1.445738310446856,3,0,0,36,0,1.4966602984450073,0.13874407564887892,0.0,0.051149303447553654,100.0,46.027520888165384,0.0,0.0,24.325666783590812,218.4346894704537
352,scarce,123.53006955739154,76.34920878618043,16.20766105271184,0.27440163939649875,0.5292167378252701,896.1858501686365,1.4006574661128606,3,0,0,36,0,1.495853689759222,0.1367686365901438,0.0,0.0511493903059099,100.0,46.027599049050025,0.0,0.0,24.325666783590812,212.5981124096063
353,scarce,123.12268967959068,76.31867937377189,16.412503666549604,0.27325102242379246,0.43746440286227223,884.2063687149785,1.429182144715915,3,0,0,36,0,1.4950437266852248,0.13479408849079,0.0,0.051149477164118475,100.0,46.02767720980179,0.0,0.0,24.325666783590812,185.32626457488902
354,scarce,123.14687242039291,76.59811782114437,16.746445244494524,0.18771059854328706,0.5702609565233863,978.7923839184732,1.4256813023789436,3,0,0,36,0,1.4942304314285633,0.13282043501621854,0.0,0.05114956402217941,100.0,46.0277553704207,0.0,0.0,24.325666783590812,159.0484985982783
355,scarce,123.18061794985243,76.86237562013369,16.651146888623927,0.17838573678998595,0.5376833103802066,924.261512656507,1.4342094027325598,3,0,0,36,0,1.4934138262861376,0.13084767980730383,0.0,0.0511496508800927,100.0,46.02783353090673,0.0,0.0,24.325666783590812,172.75532596698648
356,scarce,123.22570129332341,76.7834618360452,16.481106330918035,0.060889939593078334,0.5988877173410008,926.5714630339935,1.506365117089001,3,0,0,36,0,1.492593933645591,0.12887582648029372,0.0,0.05114973773785833,100.0,46.02791169125991,0.0,0.0,24.325666783590812,202.0655131713725
357,scarce,123.40202341799548,76.61206630078009,16.62858851337506,0.16483644580470883,0.6794984085864494,952.4255501994558,1.4180548108955982,3,0,0,36,0,1.4917707759846925,0.12690487862671054,0.0,0.051149824595476304,100.0,46.02798985148021,0.0,0.0,24.325666783590812,195.06499011923992
358,scarce,123.25106260399616,76.35465655915155,16.49125669833015,0.20014877757292218,0.6145054419181871,936.7872559166135,1.4216213846288026,3,0,0,36,0,1.490944375870727,0.12493483981325272,0.0,0.05114991145294664,100.0,46.02806801156765,0.0,0.0,24.325666783590812,192.9659817741559
359,scarce,123.38514751971691,76.55397630176755,16.382477321660375,0.16121112232849152,0.44358356814653566,903.0636006940331,1.4434722528758355,3,0,0,36,0,1.4901147559598706,0.12296571358169686,0.0,0.05114999831026931,100.0,46.028146171522216,0.0,0.0,24.325666783590812,159.96678090474094
360,scarce,123.36843926360189,76.81875354213736,16.477069308059175,0.1781421507739943,0.5163348067633371,902.2830348647185,1.432114301105058,3,0,0,36,0,1.4892819389965715,0.12099750344880067,0.0,0.05115008516744434,100.0,46.02822433134393,0.0,0.0,24.325666783590812,160.45502484595607
361,scarce,123.11224187367469,76.82004186813951,16.463963369360847,0.1721262566174929,0.5431044020767487,918.8055588563511,1.469202609431344,3,0,0,36,0,1.4884459478129282,0.11903021290620647,0.0,0.05115017202447172,100.0,46.02830249103276,0.0,0.0,24.325666783590812,194.16461153762125
362,scarce,123.26646385166812,76.75924755813253,16.63884922053029,0.11143538164980164,0.6604019064855792,980.3519379439931,1.4385571976278266,3,0,0,36,0,1.4876068053280613,0.11706384542034558,0.0,0.05115025888135144,100.0,46.02838065058874,0.0,0.0,24.325666783590812,196.97311563439263
363,scarce,123.35400425905469,76.56660685062013,16.725809693028065,0.14232120608553928,0.5995747603168955,934.3488711236205,1.4417237411401709,3,0,0,36,0,1.4867645345474851,0.11509840443234334,0.0,0.05115034573808352,100.0,46.02845881001185,0.0,0.0,24.325666783590812,210.827924870608
364,scarce,123.4671561153059,76.4760090035807,16.596255368286826,0.0975509287104882,0.5319832784119388,941.3306504318825,1.4167613540971622,3,0,0,36,0,1.4859191585624798,0.1131338933579246,0.0,0.05115043259466794,100.0,46.028536969302095,0.0,0.0,24.325666783590812,186.99127493191074
365,scarce,123.18412415773157,76.47010454696945,16.235110538382113,0.19062630387170365,0.5809769937128745,920.5898862710383,1.4790657964711789,3,0,0,36,0,1.4850707005494543,0.11117031558732021,0.0,0.05115051945110472,100.0,46.02861512845947,0.0,0.0,24.325666783590812,188.2421285776154
366,scarce,123.35764844182528,76.62518196123723,16.23665225282135,0.15679781649769292,0.5516295112220392,912.6481328636291,1.4093037073653707,3,0,0,36,0,1.484219183769313,0.10920767448517398,0.0,0.05115060630739386,100.0,46.028693287484,0.0,0.0,24.325666783590812,180.90573707157196
367,scarce,123.63905880165395,76.66123433123062,16.327475906546542,0.1912613704415304,0.6275553352403781,937.586847624123,1.4373814409584322,3,0,0,36,0,1.4833646315668199,0.10724597339045044,0.0,0.051150693163535335,100.0,46.02877144637564,0.0,0.0,24.325666783590812,173.5810300390945
368,scarce,123.29009029366262,76.69117055973742,16.349772133881707,0.23625532735047733,0.5475316177590306,934.0612034192454,1.3820655204064467,3,0,0,36,0,1.4825070673699539,0.10528521561634355,0.0,0.05115078001952917,100.0,46.02884960513444,0.0,0.0,24.325666783590812,184.68742235576468
369,scarce,123.32486706644146,76.48089213734512,16.541208030525265,0.14384995895864927,0.48429759985864035,903.8615599077311,1.4149889625984722,3,0,0,36,0,1.4816465146892723,0.1033254044501853,0.0,0.05115086687537535,100.0,46.02892776376036,0.0,0.0,24.325666783590812,197.49229286775028
370,scarce,123.34369578857533,76.33650038353812,16.674526834455516,0.09833595764682326,0.4731104883945152,934.6677740816231,1.4435977002917886,3,0,0,36,0,1.48078299711726,0.1013665431533563,0.0,0.051150953731073895,100.0,46.02900592225343,0.0,0.0,24.325666783590812,184.739008086996
371,scarce,123.17204573536618,76.43369049808828,16.582105491021743,0.13328813448518853,0.5912400402226013,936.7881820292532,1.458705606279165,3,0,0,36,0,1.4799165383276884,0.09940863496119588,0.0,0.05115104058662479,100.0,46.029084080613636,0.0,0.0,24.325666783590812,181.78757881685615
372,scarce,123.2153707441695,76.8109141491141,16.576296399336986,0.25672169107954906,0.6110630964942279,955.9315070824669,1.4823525966712523,3,0,0,36,0,1.4790471620749628,0.0974516830829134,0.0,0.05115112744202802,100.0,46.02916223884096,0.0,0.0,24.325666783590812,157.81407536366723
373,scarce,123.47144902092006,76.80687147254487,16.46262525786548,0.17326108482595953,0.6442061213227461,945.8962719034607,1.4381708279670353,3,0,0,36,0,1.478174892193472,0.09549569070150059,0.0,0.05115121429728363,100.0,46.02924039693544,0.0,0.0,24.325666783590812,153.36634592339666
374,scarce,123.52557068356519,76.56320473465686,16.3723334013507,0.1689602631293376,0.5744363629169074,952.9124465632485,1.4300183991640212,3,0,0,36,0,1.4772997525969356,0.09354066097364394,0.0,0.05115130115239157,100.0,46.029318554897046,0.0,0.0,24.325666783590812,206.3698475214249
375,scarce,123.35144397609214,76.43351005594843,16.43021281341169,0.14705782098713943,0.5816276206115325,944.0500804913427,1.3999131591185296,3,0,0,36,0,1.476421767277748,0.09158659702963845,0.0,0.05115138800735188,100.0,46.02939671272581,0.0,0.0,24.325666783590812,197.78874018402183
376,scarce,123.28005863408741,76.47786486300522,16.489998037912233,0.056957375932507666,0.4995399799189715,924.4662679942849,1.4234508380686965,3,0,0,36,0,1.4755409603063194,0.0896335019733015,0.0,0.051151474862164543,100.0,46.02947487042171,0.0,0.0,24.325666783590812,171.0529207447154
377,scarce,123.32752327707112,76.72140625044678,16.418431172718826,0.1682584475683707,0.6932193337107613,937.8407351687711,1.4348001126849281,3,0,0,36,0,1.4746573558304183,0.08768137888188803,0.0,0.05115156171682956,100.0,46.02955302798474,0.0,0.0,24.325666783590812,175.81757744667163
378,scarce,123.1928972846293,76.74246428695993,16.48002200974156,0.09245871878795099,0.6153938999281059,984.3705029010016,1.4454616258507322,3,0,0,36,0,1.4737709780745083,0.08573023080600609,0.0,0.05115164857134692,100.0,46.0296311854149,0.0,0.0,24.325666783590812,165.2626355442624
379,scarce,123.27990684155141,76.53022753513541,16.54875592559262,0.15573538351783464,0.4936374753446262,911.5656878029986,1.4588825548667925,3,0,0,36,0,1.4728818513390824,0.08378006076953307,0.0,0.05115173542571665,100.0,46.029709342712216,0.0,0.0,24.325666783590812,213.0542104478249
380,scarce,123.35563569409848,76.33029521237238,16.562703981421727,0.14524134611147493,0.6204479388215883,979.0899519316954,1.4221561876512372,3,0,0,36,0,1.4719900000000001,0.08183087176953308,0.0,0.051151822279938725,100.0,46.029787499876655,0.0,0.0,24.325666783590812,181.46452129082857
381,scarce,123.04215230030591,76.33813320793999,16.483668365423867,0.21316180750301955,0.5068517975920185,936.5107360474321,1.4780654447373922,3,0,0,36,0,1.471095448507816,0.07988266677617445,0.0,0.051151909134013164,100.0,46.02986565690825,0.0,0.0,24.325666783590812,182.5054754064812
382,scarce,122.98714161496781,76.59852939580668,16.585615073134097,0.18102557380781148,0.625142062167084,929.6022932988708,1.4250673337726902,3,0,0,36,0,1.47019822138711,0.07793544873264863,0.0,0.05115199598793995,100.0,46.02994381380697,0.0,0.0,24.325666783590812,176.69841706271103
383,scarce,123.16930977447545,76.7694517350635,16.58326493002535,0.17001263859746346,0.6921259749717021,988.5915413013754,1.444514249723275,3,0,0,36,0,1.4692983432358193,0.07598922055508923,0.0,0.0511520828417191,100.0,46.03002197057285,0.0,0.0,24.325666783590812,168.4957340904825
384,scarce,123.27008041197675,76.72798561797865,16.58008764127023,0.07420929534295484,0.6705602124090831,939.3323538613768,1.4344181780838088,3,0,0,36,0,1.468395838724556,0.07404398513249222,0.0,0.051152169695350615,100.0,46.03010012720586,0.0,0.0,24.325666783590812,164.78390901467546
385,scarce,123.41310698534848,76.59851757832422,16.462282386495282,0.13146329018109576,0.6094875620390252,917.9180431019122,1.4149324411994346,3,0,0,36,0,1.4674907325959383,0.07209974532663668,0.0,0.05115225654883447,100.0,46.030178283706014,0.0,0.0,24.325666783590812,187.6652074208823
386,scarce,123.44916064247685,76.5295030710439,16.191651251855532,0.053092406368751115,0.6633796904144578,936.831298647212,1.3986061805838756,3,0,0,36,0,1.4665830496639058,0.07015650397200639,0.0,0.05115234340217069,100.0,46.0302564400733,0.0,0.0,24.325666783590812,169.44179267004526
387,scarce,123.32071296664714,76.62737722291996,16.250175325458496,0.11017965261362458,0.5935305903054456,927.1470953769312,1.4266923588831617,3,0,0,36,0,1.4656728148130478,0.06821426387571206,0.0,0.051152430255359274,100.0,46.03033459630774,0.0,0.0,24.325666783590812,186.97410932462265
388,scarce,123.19424959756174,76.60588663094823,16.45186347179585,0.08757501146336094,0.569685541499235,922.1604937824886,1.456330290383457,3,0,0,36,0,1.4647600529979106,0.06627302781741434,0.0,0.0511525171084002,100.0,46.03041275240932,0.0,0.0,24.325666783590812,185.11605560271792
389,scarce,123.39677685305992,76.56585775716694,16.657709944302816,0.1410293984106911,0.6528219522722386,961.2465547264073,1.462928596775463,3,0,0,36,0,1.4638447892423205,0.06433279854924781,0.0,0.051152603961293494,100.0,46.030490908378034,0.0,0.0,24.325666783590812,187.93217093120322
390,scarce,123.02271848262279,76.61777157018913,16.590860210792613,0.2581424867632689,0.5552585678074441,958.2495903841955,1.502644931239082,3,0,0,36,0,1.462927048638696,0.062393578795745225,0.0,0.05115269081403914,100.0,46.03056906421389,0.0,0.0,24.325666783590812,183.07240017078354
391,scarce,123.10532305971606,76.56433390923081,16.646186135328975,0.06729271857318397,0.46536026953712395,888.6171968240051,1.4419207787291732,3,0,0,36,0,1.4620068563473592,0.06045537125376313,0.0,0.05115277766663716,100.0,46.0306472199169,0.0,0.0,24.325666783590812,180.93339011651057
392,scarce,123.26823218796481,76.53328043471453,16.585658509260202,0.11350639331315308,0.6016592972648706,941.8851650295837,1.4603513518648965,3,0,0,36,0,1.4610842375958473,0.058518178592407696,0.0,0.05115286451908753,100.0,46.030725375487044,0.0,0.0,24.325666783590812,181.94075760711033
393,scarce,123.24337403926408,76.51380776182587,16.269876605022507,0.02162578475207021,0.5018499840633932,919.4557027082046,1.3987011607725628,3,0,0,36,0,1.4601592176782185,0.05658200345296165,0.0,0.051152951371390254,100.0,46.03080353092434,0.0,0.0,24.325666783590812,210.8836800073999
394,scarce,123.28284534620833,76.68068292756529,16.390584988747985,0.11751371402921276,0.5987248829931776,927.2025487612045,1.4277585049343373,3,0,0,36,0,1.459231821954361,0.05464684844881186,0.0,0.05115303822354534,100.0,46.03088168622877,0.0,0.0,24.325666783590812,155.42786942340484
395,scarce,123.27839172515996,76.82848637695218,16.442033581629122,0.10139910995137809,0.5220952684200059,930.1625603347893,1.3820985317805379,3,0,0,36,0,1.458302075849298,0.05271271616537762,0.0,0.051153125075552794,100.0,46.030959841400346,0.0,0.0,24.325666783590812,166.6580283582581
396,scarce,123.07536047924873,76.6452696833567,16.58069915178113,0.18765151132324207,0.591778500131476,944.8290214437475,1.3952954005063745,3,0,0,36,0,1.457370004852488,0.0507796091600399,0.0,0.0511532119274126,100.0,46.031037996439075,0.0,0.0,24.325666783590812,190.1271973885511
397,scarce,123.0425166080941,76.61898637444945,16.71338875347536,0.02888270992931181,0.7334327518939338,971.4817935864994,1.429217462790292,3,0,0,36,0,1.4564356345171285,0.048847529962071055,0.0,0.05115329877912477,100.0,46.03111615134494,0.0,0.0,24.325666783590812,201.07952961443783
398,scarce,123.29694889740396,76.7189994667446,16.660560245631263,0.18782786162358345,0.5689798127506941,957.3756018018539,1.4621582633176384,3,0,0,36,0,1.455498990459454,0.046916481072565665,0.0,0.0511533856306893,100.0,46.03119430611795,0.0,0.0,24.325666783590812,155.60397211108068
399,scarce,123.28005324225039,76.64918458848449,16.475362143268477,0.0493827785292,0.4723460187741532,915.8177857586634,1.4546935468990516,3,0,0,36,0,1.4545600983580347,0.04498646496437183,0.0,0.051153472482106194,100.0,46.0312724607581,0.0,0.0,24.325666783590812,176.0809001184686
400,scarce,123.16669088437695,76.64493200038925,16.359890843529495,0.07804114781057794,0.34912019794775256,918.1722912337646,1.441034379777403,3,0,0,36,0,1.453618983953071,0.04305748408202345,0.0,0.051153559333375447,100.0,46.0313506152654,0.0,0.0,24.325666783590812,188.49564453258893
401,scarce,123.19597213274834,76.60773181770291,16.274648111903144,0.032589373571230706,0.47411075143362896,921.6524438468805,1.432708306511302,3,0,0,36,0,1.4526756730456911,0.04112954084167318,0.0,0.05115364618449706,100.0,46.031428769639845,0.0,0.0,24.325666783590812,194.02110617181188
402,scarce,123.53613340681967,76.61817580069066,16.321283164957425,0.23442480515803094,0.45127152260300396,920.1339811743128,1.4307845766896325,3,0,0,36,0,1.4517301914972391,0.03920263763102621,0.0,0.051153733035471036,100.0,46.03150692388144,0.0,0.0,24.325666783590812,182.54073157843467
403,scarce,123.5203982818169,76.74249084314165,16.27738242967518,0.08637194984285118,0.41658430567075555,901.6021504608434,1.4542051425121267,3,0,0,36,0,1.4507825652285697,0.0372767768092748,0.0,0.05115381988629738,100.0,46.03158507799018,0.0,0.0,24.325666783590812,157.07876323067592
404,scarce,123.46701260220604,76.76056816874316,16.524127183927433,0.03887571688909887,0.6133889984958408,956.4841712689013,1.4080716274651455,3,0,0,36,0,1.4498328202193353,0.03535196070703354,0.0,0.05115390673697608,100.0,46.031663231966064,0.0,0.0,24.325666783590812,181.40046060144033
405,scarce,123.05900697374003,76.68977182200915,16.699248290722846,0.2858083623510087,0.6065598214454306,951.9926359429301,1.3992725988705568,3,0,0,36,0,1.4488809825072755,0.03342819162627553,0.0,0.05115399358750715,100.0,46.03174138580909,0.0,0.0,24.325666783590812,173.61492966720013
406,scarce,123.13807472531504,76.61815142888402,16.913482830126746,0.0736795810391733,0.44645088820323675,931.2060460950815,1.4102227383806591,3,0,0,36,0,1.447927078187502,0.03150547184026927,0.0,0.051154080437890576,100.0,46.03181953951927,0.0,0.0,24.325666783590812,174.83225391602798
407,scarce,123.18824659474336,76.54815630053236,16.704010626200507,0.0595169466350494,0.5611609522966403,954.2045817357757,1.4372584069582346,3,0,0,36,0,1.4469711334117834,0.02958380359351631,0.0,0.05115416728812637,100.0,46.031897693096596,0.0,0.0,24.325666783590812,179.70717842637802
408,scarce,123.35546314558802,76.57713838354421,16.324827744462784,0.11736377420927431,0.4812187054784352,892.9671965877424,1.4473307667530912,3,0,0,36,0,1.4460131743878282,0.027663189101689706,0.0,0.05115425413821451,100.0,46.03197584654106,0.0,0.0,24.325666783590812,156.45082661778022
409,scarce,123.4118727663619,76.56667733414226,16.267491089175746,0.03970193659706261,0.5030625791629141,884.5188166929147,1.3708847475374693,3,0,0,36,0,1.445053227378567,0.025743630551573273,0.0,0.05115434098815504,100.0,46.032053999852685,0.0,0.0,24.325666783590812,186.36652821453183
410,scarce,123.42022755183383,76.72831960768086,16.20514076977237,0.11208297137606643,0.641638452816149,928.6608298662468,1.3882965881610163,3,0,0,36,0,1.4440913187014333,0.023825130101001703,0.0,0.051154427837947915,100.0,46.03213215303144,0.0,0.0,24.325666783590812,170.78845669699984
411,scarce,123.36456040183735,76.8413409547453,16.35400467161766,0.08730117995472303,0.608106479701592,935.8214671239184,1.4070909528959006,3,0,0,36,0,1.4431274747276381,0.0219076898788013,0.0,0.051154514687593175,100.0,46.03221030607737,0.0,0.0,24.325666783590812,171.24785831076835
412,scarce,123.25886695798106,76.81119208495294,16.422042221311962,0.0762115076468636,0.5535974516232849,951.7255791171629,1.4160557854498754,3,0,0,36,0,1.4421617218814513,0.019991311984731704,0.0,0.05115460153709079,100.0,46.03228845899043,0.0,0.0,24.325666783590812,187.5816355761723
413,scarce,123.31191676150166,76.62667572760982,16.749233795980285,0.13321665936658533,0.5371543477799332,906.8058352069493,1.4345422057882968,3,0,0,36,0,1.4411940866394752,0.018075998489428282,0.0,0.051154688386440765,100.0,46.032366611770634,0.0,0.0,24.325666783590812,174.21061261075022
414,scarce,123.12269842583136,76.40475221257832,16.7217347417506,0.20249587973753072,0.5602556357351274,974.4854663287733,1.4758795748547389,3,0,0,36,0,1.4402245955299178,0.016161751434345378,0.0,0.051154775235643116,100.0,46.032444764418,0.0,0.0,24.325666783590812,181.49183001495078
415,scarce,123.028169860617,76.47408729803954,16.52251169220405,0.081452347530609,0.5384414130598079,920.53316330706,1.4575138958790494,3,0,0,36,0,1.4392532751318683,0.014248572831700319,0.0,0.05115486208469782,100.0,46.03252291693251,0.0,0.0,24.325666783590812,187.55300877314133
416,scarce,123.2050450446428,76.77199839098449,16.36090828283212,0.2408862433387303,0.5755753564424887,915.3940909001794,1.4738274394483784,3,0,0,36,0,1.4382801520745663,0.012336464664418297,0.0,0.0511549489336049,100.0,46.03260106931417,0.0,0.0,24.325666783590812,160.3337274336771
417,scarce,123.56586272315518,76.80623518194409,16.34908574232729,0.2521651859902377,0.5058490310348175,880.6796490198249,1.37738462224409,3,0,0,36,0,1.4373052530366712,0.010425428886077956,0.0,0.05115503578236435,100.0,46.03267922156298,0.0,0.0,24.325666783590812,187.7825019238908
418,scarce,123.55356032313304,76.65213292346306,16.17695936988534,0.10763034653798023,0.48576404698930425,909.1447557344436,1.3628359635657592,3,0,0,36,0,1.4363286047455341,0.008515467420857866,0.0,0.05115512263097616,100.0,46.03275737367893,0.0,0.0,24.325666783590812,191.6320073610311
419,scarce,123.16015900318874,76.48677604197073,16.285448722872818,0.2973076115059809,0.5296399873589545,881.9960166682795,1.417029025841556,3,0,0,36,0,1.4353502339764594,0.006606582163483762,0.0,0.051155209479440335,100.0,46.032835525662044,0.0,0.0,24.325666783590812,191.66111164094113
420,scarce,123.25689530276077,76.31854305215568,16.57967423464725,0.1352945673701672,0.5519621706708532,921.7658014163462,1.5220148501012094,3,0,0,36,0,1.4343701675519773,0.004698774979176588,0.0,0.05115529632775688,100.0,46.032913677512305,0.0,0.0,24.325666783590812,196.08337658669467
421,scarce,123.22607257566594,76.50851246215515,16.860933687807325,0.13426484491540838,0.4368337317671155,888.343221804822,1.5280496998882378,3,0,0,36,0,1.4333884323411032,0.002792047703601374,0.0,0.051155383175925793,100.0,46.032991829229715,0.0,0.0,24.325666783590812,163.95229357765598
422,scarce,122.9344939799724,76.6800869989359,16.94454226862797,0.2361855075874193,0.5229347320971188,926.4463392751532,1.4494937139423856,3,0,0,36,0,1.4324050552586043,0.000886402142816909,0.0,0.05115547002394709,100.0,46.03306998081429,0.0,0.0,24.325666783590812,172.28911448208393
423,scarce,123.04390746972808,76.89177404083861,16.84782790258032,0.1664719161986857,0.4447078855442086,941.2866229405627,1.4141572511051423,3,0,0,36,0,1.43142006326426,0.0,0.0,0.05115555687182073,100.0,46.03314813226599,0.0,0.0,24.325666783590812,138.9603495845432
424,scarce,123.48513159057929,76.77528563441723,16.57600617873528,0.31902376599110294,0.4081441333515705,861.0245115786856,1.4812045411009305,3,0,0,36,0,1.430433483362122,0.0,0.0,0.051155643719546756,100.0,46.03322628358486,0.0,0.0,24.325666783590812,194.1551181372908
425,scarce,123.39101202961913,76.7686327949566,16.246091123356692,0.06600769760251457,0.5288460044432947,929.1683276073963,1.4149699231421529,3,0,0,36,0,1.4294453425997784,0.0,0.0,0.05115573056712514,100.0,46.033304434770876,0.0,0.0,24.325666783590812,177.65383680501938
426,scarce,123.35799072684995,76.5927126523376,16.177027237634558,0.1253048802052179,0.5181005386874968,895.4529861433584,1.4265361929274134,3,0,0,36,0,1.4284556680676073,0.0,0.0,0.051155817414555896,100.0,46.03338258582404,0.0,0.0,24.325666783590812,195.02075538643766
427,scarce,123.17023182515985,76.39360668076418,16.310833108399066,0.19171924892142853,0.5517291004096276,868.640817172156,1.4460237940819416,3,0,0,36,0,1.4274644868980355,0.0,0.0,0.051155904261839025,100.0,46.03346073674437,0.0,0.0,24.325666783590812,185.6272362942574
428,scarce,123.13033317594108,76.42953746547322,16.63532641920483,0.037640324651992206,0.546045366664059,926.7614822500036,1.4748770170005203,3,0,0,36,0,1.4264718262647955,0.0,0.0,0.05115599110897452,100.0,46.03353888753184,0.0,0.0,24.325666783590812,193.21422937081925
429,scarce,123.22255327416218,76.69359636805734,16.760800959997123,0.19621437206559697,0.5434290366727228,951.9231388130065,1.451727666026939,3,0,0,36,0,1.4254777133821794,0.0,0.0,0.05115607795596239,100.0,46.03361703818646,0.0,0.0,24.325666783590812,168.46304335658704
430,scarce,123.34741144694249,76.88435984175713,16.571692539278576,0.16005241457795943,0.5137497783720539,935.8078824774348,1.4503698573720467,3,0,0,36,0,1.424482175504295,0.0,0.0,0.05115616480280263,100.0,46.03369518870824,0.0,0.0,24.325666783590812,154.42029230628702
431,scarce,123.29987651395585,76.73727979976802,16.22613261402566,0.10858610915060017,0.5550196107944088,899.188773190519,1.424169426975982,3,0,0,36,0,1.4234852399243154,0.0,0.0,0.051156251649495235,100.0,46.03377333909718,0.0,0.0,24.325666783590812,164.97790332796802
432,scarce,123.26635567038167,76.54325269603572,16.138232690223234,0.1384205379585445,0.5069387838302738,894.575462814988,1.4562188619450511,3,0,0,36,0,1.422486933973734,0.0,0.0,0.051156338496040205,100.0,46.03385148935325,0.0,0.0,24.325666783590812,200.4915048714751
433,scarce,123.40780784367712,76.49950761460993,16.46490146601731,0.10415990355003868,0.626378862898148,914.9981998280491,1.4307872811321727,3,0,0,36,0,1.4214872850216114,0.0,0.0,0.05115642534243756,100.0,46.033929639476504,0.0,0.0,24.325666783590812,178.1764201923132
434,scarce,123.34365498599043,76.64494118863337,16.586649211155358,0.11190142169788361,0.5122985949375238,949.0700122202979,1.4711065800559098,3,0,0,36,0,1.420486320473829,0.0,0.0,0.05115651218868729,100.0,46.034007789466905,0.0,0.0,24.325666783590812,169.78131743255088
435,scarce,123.26486299596705,76.71492061109714,16.533705237809674,0.07423942022800512,0.4996316695228151,943.957459267498,1.4199146864859622,3,0,0,36,0,1.4194840677723366,0.0,0.0,0.05115659903478938,100.0,46.03408593932445,0.0,0.0,24.325666783590812,173.74771983579296
436,scarce,123.27822071906644,76.77862822686824,16.6157734004083,0.04588919195750803,0.5724833499172294,978.087373455066,1.4613545881570733,3,0,0,36,0,1.4184805543943975,0.0,0.0,0.05115668588074385,100.0,46.03416408904916,0.0,0.0,24.325666783590812,184.5819021530157
437,scarce,123.29115279156606,76.69637780086227,16.48667534367561,0.05873882372903241,0.6403769388764026,953.6340036385154,1.443342248178929,3,0,0,36,0,1.4174758078518375,0.0,0.0,0.051156772726550684,100.0,46.03424223864101,0.0,0.0,24.325666783590812,198.012615151437
438,scarce,123.16142534630924,76.6300309349336,16.33791764964834,0.10286771236802579,0.6539304789067184,916.1640753395113,1.4482970148221581,3,0,0,36,0,1.4164698556902908,0.0,0.0,0.0511568595722099,100.0,46.034320388100035,0.0,0.0,24.325666783590812,179.56259826547992
439,scarce,123.08344336460485,76.51072912966049,16.39659329927205,0.10069327468405974,0.516591054903581,919.4864417277531,1.494642005418076,3,0,0,36,0,1.415462725488445,0.0,0.0,0.051156946417721484,100.0,46.0343985374262,0.0,0.0,24.325666783590812,183.87726666915452
440,scarce,123.14680784177686,76.5111060251147,16.562057290388918,0.044798613550368786,0.6958172286144865,936.7473707063255,1.4348281324328889,3,0,0,36,0,1.4144544448572824,0.0,0.0,0.05115703326308545,100.0,46.034476686619534,0.0,0.0,24.325666783590812,175.60243654605173
441,scarce,123.38489269840653,76.61085120129052,16.562193833640364,0.18262800853485175,0.5885266186459952,966.7479100351775,1.466232883890101,3,0,0,36,0,1.4134450414393258,0.0,0.0,0.051157120108301785,100.0,46.03455483568002,0.0,0.0,24.325666783590812,189.40966879789553
442,scarce,123.21068693813176,76.57291899660943,16.452665727550503,0.1262272203235341,0.4105710831591416,908.0620033160958,1.4663160181139658,3,0,0,36,0,1.4124345429078804,0.0,0.0,0.05115720695337049,100.0,46.03463298460766,0.0,0.0,24.325666783590812,185.09993398687715
443,scarce,123.22180488108656,76.54943243225021,16.406443311451493,0.01841059535848809,0.6339605842240237,916.3104402103636,1.447278549859465,3,0,0,36,0,1.4114229769662734,0.0,0.0,0.051157293798291564,100.0,46.03471113340245,0.0,0.0,24.325666783590812,195.51348518202073
444,scarce,123.37564562735423,76.64253958930546,16.484556917518756,0.1274961597954191,0.5910506611953134,956.8544195606228,1.4596474037584448,3,0,0,36,0,1.4104103713470961,0.0,0.0,0.05115738064306502,100.0,46.0347892820644,0.0,0.0,24.325666783590812,164.2387866420045
445,scarce,123.36532181435057,76.66667350063143,16.68328114711501,0.018624507077576673,0.5904626559637881,910.549616516917,1.3918863842607108,3,0,0,36,0,1.4093967538114431,0.0,0.0,0.05115746748769086,100.0,46.034867430593515,0.0,0.0,24.325666783590812,182.94117182667773
446,scarce,123.15945927702415,76.72904059987539,16.693212322305836,0.15273013248970807,0.5088308562290281,931.942223273305,1.416532134573862,3,0,0,36,0,1.4083821521481517,0.0,0.0,0.051157554332169064,100.0,46.03494557898979,0.0,0.0,24.325666783590812,199.97341130742652
447,scarce,123.05954145408396,76.83996625540857,16.56527994298658,0.1060789022114008,0.6164927298860563,954.505410335405,1.4409283219776987,3,0,0,36,0,1.4073665941730387,0.0,0.0,0.051157641176499645,100.0,46.03502372725321,0.0,0.0,24.325666783590812,175.98191239361213
448,scarce,123.39902821119543,76.75994468497052,16.53350334088333,0.24801103976342373,0.5838471156677291,931.9490998773326,1.4236591396282896,3,0,0,36,0,1.4063501077281382,0.0,0.0,0.051157728020682594,100.0,46.03510187538379,0.0,0.0,24.325666783590812,215.20271026888437
449,scarce,123.33908221056423,76.5763847920598,16.56692961979411,0.13740545459960618,0.502026208167581,936.9349160082129,1.4706979837937488,3,0,0,36,0,1.40533272068094,0.0,0.0,0.05115781486471794,100.0,46.03518002338154,0.0,0.0,24.325666783590812,171.03340011164224
450,scarce,123.10732032034404,76.38926463849003,16.47990898774136,0.21211179401164634,0.4715506789614248,923.9653707637335,1.4508537044061292,3,0,0,36,0,1.4043144609236247,0.0,0.0,0.051157901708605645,100.0,46.03525817124644,0.0,0.0,24.325666783590812,212.67647308903577
451,scarce,123.34402794858501,76.41612829315629,16.61514176553148,0.16976263164047922,0.5297702975553207,938.5964056584016,1.4334992448170623,3,0,0,36,0,1.4032953563722974,0.0,0.0,0.05115798855234573,100.0,46.0353363189785,0.0,0.0,24.325666783590812,193.33931466771776
452,scarce,123.36056438182842,76.60209755023229,16.6045012629713,0.13314290242105456,0.5479954439650155,959.4352127883467,1.4513308918839112,3,0,0,36,0,1.4022754349662234,0.0,0.0,0.051158075395938196,100.0,46.03541446657772,0.0,0.0,24.325666783590812,160.93681630765872
453,scarce,123.09938119019623,76.76431090982426,16.458197019622006,0.21941552676036646,0.5684630278846657,938.5410817619268,1.4503093294645857,3,0,0,36,0,1.4012547246670648,0.0,0.0,0.05115816223938304,100.0,46.0354926140441,0.0,0.0,24.325666783590812,177.7371998463394
454,scarce,122.9958065693046,76.69621231417835,16.519769091529934,0.08852533981567047,0.48166011523386654,902.4591840121866,1.439685151690911,3,0,0,36,0,1.40023325345811,0.0,0.0,0.051158249082680254,100.0,46.03557076137763,0.0,0.0,24.325666783590812,192.71990427655004
455,scarce,123.19147294744315,76.60263547207097,16.67470328267155,0.15500990991001776,0.5728307031282281,936.5533098382875,1.4434902092933017,3,0,0,36,0,1.399211049343506,0.0,0.0,0.051158335925829856,100.0,46.03564890857833,0.0,0.0,24.325666783590812,174.2892571419056
456,scarce,123.49263761477283,76.63115370466898,16.732579280034628,0.21635993467253223,0.5056504672074799,915.1216346465626,1.4378411769715338,3,0,0,36,0,1.3981881403474974,0.0,0.0,0.05115842276883183,100.0,46.035727055646184,0.0,0.0,24.325666783590812,184.7760522329092
457,scarce,123.31344468151406,76.65999613308122,16.600052344564208,0.12990545132389397,0.4791833367183726,954.7694001961208,1.4710482170758032,3,0,0,36,0,1.397164554513649,0.0,0.0,0.05115850961168618,100.0,46.0358052025812,0.0,0.0,24.325666783590812,182.10456865192543
458,scarce,122.88340907570381,76.69333142020167,16.652291241375227,0.3089415144475305,0.6306622436679108,926.6588456931204,1.4427210078558408,3,0,0,36,0,1.396140319904085,0.0,0.0,0.05115859645439292,100.0,46.03588334938339,0.0,0.0,24.325666783590812,193.0225279681946
459,scarce,122.91944391924504,76.72097694574448,16.52847333311515,0.032554935021462325,0.49965317717242297,889.8915284600153,1.4957789019828382,3,0,0,36,0,1.3951154645987147,0.0,0.0,0.05115868329695203,100.0,46.03596149605273,0.0,0.0,24.325666783590812,183.04443714256337
460,scarce,123.1242582889974,76.73184441859927,16.533425461391786,0.14712283948808005,0.6012708047279623,928.3586043389223,1.4557078014497096,3,0,0,36,0,1.3940900166944625,0.0,0.0,0.05115877013936352,100.0,46.03603964258923,0.0,0.0,24.325666783590812,184.65047221171386
461,scarce,123.45644687137298,76.56700513467318,16.45323547788016,0.2662035392614178,0.579461763589321,938.8042795590845,1.3714940701450242,3,0,0,36,0,1.3930640043045024,0.0,0.0,0.0511588569816274,100.0,46.036117788992904,0.0,0.0,24.325666783590812,189.8066972170733
462,scarce,123.41095518970691,76.31837567018295,16.17429104608953,0.1815734226559773,0.5726088254674686,919.8640334035736,1.4234232016007176,3,0,0,36,0,1.3920374555574808,0.0,0.0,0.05115894382374365,100.0,46.03619593526373,0.0,0.0,24.325666783590812,203.1949825194959
463,scarce,123.39433353483656,76.43462009216634,16.2319023138381,0.08441832264841312,0.541152026911501,924.7711654563027,1.470664512768978,3,0,0,36,0,1.3910103985967517,0.0,0.0,0.051159030665712285,100.0,46.036274081401714,0.0,0.0,24.325666783590812,173.54181971468896
464,scarce,123.39394926843923,76.5990520156979,16.485405782976,0.11829812947945512,0.5500859496776235,910.286985662482,1.4518522073725753,3,0,0,36,0,1.3899828615795993,0.0,0.0,0.0511591175075333,100.0,46.036352227406866,0.0,0.0,24.325666783590812,161.16920973036335
465,scarce,123.27367889870071,76.8234803972224,16.754480016217773,0.18332011677289262,0.603268667048748,969.6181451929806,1.4109205670197806,3,0,0,36,0,1.388954872676471,0.0,0.0,0.05115920434920669,100.0,46.036430373279174,0.0,0.0,24.325666783590812,158.95394405011473
466,scarce,122.89344030119312,76.69324587364312,16.752933583963696,0.289585518340146,0.5398031368832369,936.2515743568838,1.4418742809112721,3,0,0,36,0,1.3879264600702017,0.0,0.0,0.05115929119073246,100.0,46.036508519018646,0.0,0.0,24.325666783590812,200.48470991717076
467,scarce,123.22632020352681,76.66770582422437,16.59682635412155,0.24072305419266773,0.48301230927403555,935.7400880598652,1.419574316674121,3,0,0,36,0,1.3868976519552403,0.0,0.0,0.05115937803211061,100.0,46.036586664625275,0.0,0.0,24.325666783590812,186.07139474630299
468,scarce,123.42566236289733,76.68199448315609,16.280754185560184,0.14420820264992396,0.5375934873148371,917.8939166022246,1.454489024041333,3,0,0,36,0,1.3858684765368845,0.0,0.0,0.051159464873341165,100.0,46.0366648100991,0.0,0.0,24.325666783590812,171.74608699035613
469,scarce,123.24381423034814,76.62243987169484,16.19646709674338,0.13817617978763921,0.4967186784062736,885.3465041457966,1.5103538219002626,3,0,0,36,0,1.3848389620304955,0.0,0.0,0.05115955171442409,100.0,46.03674295544006,0.0,0.0,24.325666783590812,170.57843525202136
470,scarce,123.16887819561968,76.59302136960432,16.348350532562502,0.05817548929336704,0.5365885530649145,921.8512661892892,1.4238769347596583,3,0,0,36,0,1.3838091366607357,0.0,0.0,0.051159638555359384,100.0,46.03682110064819,0.0,0.0,24.325666783590812,189.9047914410906
471,scarce,123.46090243244066,76.38522962988131,16.559444236248716,0.2591932410914913,0.5171013973133657,913.6861643644297,1.4286105375228288,3,0,0,36,0,1.3827790286607855,0.0,0.0,0.05115972539614707,100.0,46.03689924572348,0.0,0.0,24.325666783590812,189.70862531110856
472,scarce,123.52368675844797,76.58296461417132,16.68296725755296,0.15014542385892332,0.5745576360026954,975.1776340171054,1.4571175490973556,3,0,0,36,0,1.3817486662715777,0.0,0.0,0.05115981223678713,100.0,46.03697739066593,0.0,0.0,24.325666783590812,175.43143690173295
473,scarce,123.3193624099649,76.86733671907058,16.52528599244747,0.253611208298812,0.4225293563310644,886.8617713281055,1.4715620552482687,3,0,0,36,0,1.3807180777410173,0.0,0.0,0.05115989907727959,100.0,46.03705553547556,0.0,0.0,24.325666783590812,164.53773440483945
474,scarce,123.21394570267984,76.96507461559074,16.442495595600498,0.1041935941129867,0.5418564777907736,889.1033920711197,1.452949768451296,3,0,0,36,0,1.3796872913232099,0.0,0.0,0.051159985917624426,100.0,46.03713368015235,0.0,0.0,24.325666783590812,180.25280092565973
475,scarce,123.10580984806873,76.7522643458478,16.53266930606263,0.17314549638352858,0.48912214459785186,931.9624416140286,1.4410374306939868,3,0,0,36,0,1.3786563352776848,0.0,0.0,0.05116007275782165,100.0,46.03721182469631,0.0,0.0,24.325666783590812,184.09844122347934
476,scarce,123.50023956850502,76.51352233143038,16.562449312533317,0.3346744086364221,0.5167897590474763,938.365323024962,1.39977598890491,3,0,0,36,0,1.3776252378686236,0.0,0.0,0.05116015959787125,100.0,46.03728996910743,0.0,0.0,24.325666783590812,209.69252016392267
477,scarce,123.422133668159,76.4721048022789,16.466894413095464,0.0642221471978742,0.6210869310306021,959.1925703794404,1.3904524975208972,3,0,0,36,0,1.3765940273640827,0.0,0.0,0.05116024643777325,100.0,46.03736811338572,0.0,0.0,24.325666783590812,185.20125083054776
478,scarce,123.15073944434165,76.58595933896675,16.381956478152105,0.21395521335712206,0.5908165130638194,930.8012388200586,1.4435003950034628,3,0,0,36,0,1.3755627320352184,0.0,0.0,0.05116033327752762,100.0,46.03744625753117,0.0,0.0,24.325666783590812,194.51397125254502
479,scarce,123.03689196370358,76.74218933411954,16.545646366837286,0.14063759433598275,0.4892779129344666,893.9036807466618,1.4989138605238435,3,0,0,36,0,1.3745313801555126,0.0,0.0,0.05116042011713437,100.0,46.03752440154378,0.0,0.0,24.325666783590812,166.2095019290709
480,scarce,123.03127903527417,76.71168841156444,16.67821471174913,0.022579600868197738,0.526815406671004,932.6217313953857,1.4598951894277903,3,0,0,36,0,1.3735,0.0,0.0,0.05116050695659352,100.0,46.037602545423574,0.0,0.0,24.325666783590812,178.08981716916472
481,scarce,123.2270702440914,76.5524376045853,16.860179951226247,0.18388669416959824,0.5587960850569968,929.2330393446246,1.4714636740083755,3,0,0,36,0,1.3724686198444875,0.0,0.0,0.051160593795905054,100.0,46.03768068917052,0.0,0.0,24.325666783590812,190.50220979433462
482,scarce,123.20487597041681,76.53966252887125,16.726234672202658,0.0186726475315148,0.6141689332718266,951.6378116510896,1.4350070107470554,3,0,0,36,0,1.3714372679647815,0.0,0.0,0.05116068063506897,100.0,46.03775883278464,0.0,0.0,24.325666783590812,178.11744346540314
483,scarce,123.36762219664062,76.68607072343337,16.64270106331928,0.1597411608702014,0.539865446652618,970.698945135242,1.416830434739564,3,0,0,36,0,1.3704059726359175,0.0,0.0,0.05116076747408527,100.0,46.03783697626593,0.0,0.0,24.325666783590812,177.96470694819132
484,scarce,123.23299410686124,76.76342200148976,16.403565111396016,0.11338556186615725,0.5679938526277535,911.1766273909889,1.4267351850003005,3,0,0,36,0,1.369374762131377,0.0,0.0,0.05116085431295396,100.0,46.03791511961439,0.0,0.0,24.325666783590812,186.79300175542755
485,scarce,123.29505960804062,76.69392507265763,16.141944376400616,0.0680947207515898,0.4671197349083275,903.0418198978441,1.4305191019249999,3,0,0,36,0,1.3683436647223155,0.0,0.0,0.05116094115167504,100.0,46.037993262830014,0.0,0.0,24.325666783590812,195.88823786360595
486,scarce,123.51646078068376,76.57338596443648,16.2927314447894,0.18436718536036406,0.5249852488947968,907.103037021916,1.3908669239794467,3,0,0,36,0,1.3673127086767909,0.0,0.0,0.051161027990248506,100.0,46.0380714059128,0.0,0.0,24.325666783590812,200.05370886206717
487,scarce,123.49448658781677,76.35612194637189,16.370407335203282,0.15982970104366176,0.5261091790002662,911.1495485502164,1.3802037916623286,3,0,0,36,0,1.366281922258983,0.0,0.0,0.05116111482867435,100.0,46.038149548862755,0.0,0.0,24.325666783590812,182.7224619056134
488,scarce,123.20355512975847,76.37293344683377,16.541506577690026,0.2134528442437242,0.390860975784731,914.7512238371564,1.4182169765001738,3,0,0,36,0,1.3652513337284224,0.0,0.0,0.051161201666952594,100.0,46.03822769167989,0.0,0.0,24.325666783590812,175.4008724121844
489,scarce,123.09477079909101,76.43064822896876,16.74025475692748,0.0902686334594048,0.6208727073369604,959.31542838725,1.453915563279302,3,0,0,36,0,1.3642209713392148,0.0,0.0,0.05116128850508322,100.0,46.03830583436419,0.0,0.0,24.325666783590812,178.28046432885083
490,scarce,123.05979880982653,76.53180510748977,16.83958318799408,0.07851545918071809,0.4989284858019149,922.6247326643497,1.4507420649759415,3,0,0,36,0,1.363190863339265,0.0,0.0,0.05116137534306624,100.0,46.038383976915654,0.0,0.0,24.325666783590812,178.85530324456528
491,scarce,122.76536908406618,76.54138311479136,16.649168023846993,0.21626332425608433,0.5032941960589824,941.4542061598477,1.4502835035992219,3,0,0,36,0,1.362161037969505,0.0,0.0,0.05116146218090164,100.0,46.03846211933429,0.0,0.0,24.325666783590812,194.42903541435777
492,scarce,123.18774597563265,76.68963380783316,16.588923575918745,0.3288725629015489,0.535233627874162,890.5495861045456,1.4125907820369108,3,0,0,36,0,1.361131523463116,0.0,0.0,0.05116154901858943,100.0,46.03854026162009,0.0,0.0,24.325666783590812,186.10300200231273
493,scarce,123.51495022034558,76.80679958331478,16.249513414993707,0.2555316418051095,0.5520496226319833,900.2433475234066,1.448545913415955,3,0,0,36,0,1.3601023480447598,0.0,0.0,0.051161635856129616,100.0,46.03861840377307,0.0,0.0,24.325666783590812,162.77544701298748
494,scarce,123.57152271449598,76.83082724426431,16.105967401113602,0.04522464022165044,0.57060320876122,864.0761423298609,1.4124338059539283,3,0,0,36,0,1.3590735399298,0.0,0.0,0.051161722693522184,100.0,46.038696545793215,0.0,0.0,24.325666783590812,175.39999656761222
495,scarce,123.4061447172617,76.6686858516714,16.18906391740669,0.17054108503491922,0.5702024969843947,897.3962341200604,1.4159627716761107,3,0,0,36,0,1.3580451273235294,0.0,0.0,0.051161809530767155,100.0,46.03877468768054,0.0,0.0,24.325666783590812,172.8691238248098
496,scarce,123.36735271896585,76.37846062531,16.43304190555636,0.21577196308295543,0.5597681991789416,888.3318552601086,1.4430034644006378,3,0,0,36,0,1.357017138420401,0.0,0.0,0.0511618963678645,100.0,46.03885282943502,0.0,0.0,24.325666783590812,198.39151283439602
497,scarce,123.1801178499649,76.40999606732858,16.65174202637092,0.14002468016344777,0.6150505067686101,960.3197632639494,1.428816209401532,3,0,0,36,0,1.355989601403249,0.0,0.0,0.05116198320481425,100.0,46.038930971056686,0.0,0.0,24.325666783590812,176.6695809998963
498,scarce,122.97809197108745,76.52769106662844,16.56516951697081,0.17255741136596708,0.4750646007666004,934.7522554882162,1.4565514779234279,3,0,0,36,0,1.3549625444425193,0.0,0.0,0.05116207004161639,100.0,46.03900911254552,0.0,0.0,24.325666783590812,172.65161613098383
499,scarce,123.06647121704378,76.77701864118336,16.58533479598034,0.19537712929422194,0.47929813762292045,939.1662967509474,1.5159917703064862,3,0,0,36,0,1.3539359956954986,0.0,0.0,0.051162156878270915,100.0,46.03908725390153,0.0,0.0,24.325666783590812,140.65210627397173
500,scarce,123.34183688513963,76.92065139856285,16.540449059027264,0.22956047704449245,0.5731830545382939,917.1928666882814,1.4539230889510677,3,0,0,36,0,1.3529099833055378,0.0,0.0,0.05116224371477783,100.0,46.0391653951247,0.0,0.0,24.325666783590812,194.55816594987485
501,scarce,123.03642080333384,76.83052256870316,16.378917137510616,0.2355505188032521,0.6353867139847607,944.9878795520235,1.444598990262678,3,0,0,36,0,1.3518845354012856,0.0,0.0,0.05116233055113714,100.0,46.039243536215054,0.0,0.0,24.325666783590812,168.69271173589254
502,scarce,123.1518178736513,76.59485608917018,16.349205494943416,0.1942486677886328,0.5186632192910446,912.3298478704746,1.3958279680334724,3,0,0,36,0,1.3508596800959154,0.0,0.0,0.05116241738734884,100.0,46.03932167717257,0.0,0.0,24.325666783590812,208.0072539334109
503,scarce,123.58906706824622,76.44516282009096,16.598302527456568,0.3423849329643866,0.4975170492510498,904.2096303685648,1.4391359079550297,3,0,0,36,0,1.3498354454863513,0.0,0.0,0.05116250422341294,100.0,46.039399817997264,0.0,0.0,24.325666783590812,196.9169340529668
504,scarce,123.3755570186426,76.4531198160153,16.72057622316089,0.1584047956657403,0.4831625348071925,954.1500401949161,1.4566122157598953,3,0,0,36,0,1.3488118596525034,0.0,0.0,0.051162591059329424,100.0,46.03947795868913,0.0,0.0,24.325666783590812,155.0011034574573
505,scarce,123.0096330812106,76.52577531415456,16.560289815391474,0.27679943373359744,0.5011471525778237,909.299851961543,1.432748080616333,3,0,0,36,0,1.3477889506564944,0.0,0.0,0.0511626778950983,100.0,46.039556099248166,0.0,0.0,24.325666783590812,182.49808190984535
506,scarce,123.18465693518517,76.61645777163702,16.3941540362718,0.1463660441991959,0.3853343979082492,885.9046688997187,1.4810540853704115,3,0,0,36,0,1.3467667465418902,0.0,0.0,0.05116276473071957,100.0,46.039634239674385,0.0,0.0,24.325666783590812,160.59231476410292
507,scarce,123.53188739483136,76.5662456571277,16.31430441796978,0.2607047599275763,0.5009486041079465,881.8272512490439,1.4206309031946611,3,0,0,36,0,1.3457452753329353,0.0,0.0,0.05116285156619324,100.0,46.03971237996778,0.0,0.0,24.325666783590812,163.75169826903564
508,scarce,123.36984492687768,76.61028950968861,16.177466788211166,0.12487425392612025,0.5422669066707014,930.7826953900221,1.3789914281524618,3,0,0,36,0,1.3447245650337767,0.0,0.0,0.051162938401519295,100.0,46.039790520128335,0.0,0.0,24.325666783590812,189.87843272356622
509,scarce,123.49231513618867,76.59027983027653,16.26713296592172,0.09235219625319165,0.4431463528165117,906.1925127979557,1.441342467010188,3,0,0,36,0,1.343704643627703,0.0,0.0,0.05116302523669775,100.0,46.039868660156074,0.0,0.0,24.325666783590812,198.7463953802814
510,scarce,123.38043396621642,76.6470387326736,16.43460883740134,0.09343591247168392,0.5312898282641507,922.9947458194292,1.42627517071186,3,0,0,36,0,1.3426855390763757,0.0,0.0,0.0511631120717286,100.0,46.039946800050984,0.0,0.0,24.325666783590812,170.6123708529853
511,scarce,123.29256386920792,76.73964188796003,16.55060773843133,0.09514858186622405,0.6137911622479266,932.493160020611,1.4401506668202209,3,0,0,36,0,1.3416672793190603,0.0,0.0,0.05116319890661184,100.0,46.040024939813065,0.0,0.0,24.325666783590812,172.59380316550303
512,scarce,123.0889973129263,76.64076467729052,16.499126558826788,0.16880590873603643,0.5810128252965767,948.4102658092888,1.4724448341879985,3,0,0,36,0,1.3406498922718622,0.0,0.0,0.051163285741347486,100.0,46.04010307944234,0.0,0.0,24.325666783590812,180.97314739451926
513,scarce,123.09171886382572,76.45909411172677,16.5827398088424,0.13562736565731962,0.5117524868951024,886.935561972401,1.4397058807961,3,0,0,36,0,1.3396334058269619,0.0,0.0,0.05116337257593551,100.0,46.04018121893877,0.0,0.0,24.325666783590812,207.19773354134944
514,scarce,123.26039760359436,76.55738014509858,16.502546851045413,0.1458404609385487,0.555863583702529,898.7859587999119,1.475781730301699,3,0,0,36,0,1.3386178478518487,0.0,0.0,0.05116345941037595,100.0,46.04025935830239,0.0,0.0,24.325666783590812,176.53337850247155
515,scarce,123.33157207215316,76.74565159042542,16.31156573674807,0.15047495342724682,0.5611687706767996,903.4974392671866,1.4266832928240252,3,0,0,36,0,1.3376032461885567,0.0,0.0,0.051163546244668776,100.0,46.04033749753318,0.0,0.0,24.325666783590812,175.17635725869482
516,scarce,123.36002645230234,76.95138191351009,16.263445930718696,0.15538707412963682,0.5160957364206467,844.3499050919636,1.4469847816970296,3,0,0,36,0,1.3365896286529038,0.0,0.0,0.05116363307881399,100.0,46.04041563663114,0.0,0.0,24.325666783590812,174.49758505464214
517,scarce,123.37019663560065,76.69091938262859,16.332723363950077,0.19516733699314465,0.42055565215095325,882.5274356374066,1.4510478226178443,3,0,0,36,0,1.335577023033727,0.0,0.0,0.051163719912811614,100.0,46.04049377559629,0.0,0.0,24.325666783590812,226.74026695546561
518,scarce,123.4338838187548,76.42507784361868,16.65057001690883,0.20483358397594628,0.6239143149684171,959.5819451228672,1.4315769390875899,3,0,0,36,0,1.33456545709212,0.0,0.0,0.05116380674666162,100.0,46.040571914428604,0.0,0.0,24.325666783590812,191.44389769087746
519,scarce,123.180024096404,76.65331763758869,16.67939243114768,0.25599009640402015,0.6388550298982377,954.5004270717327,1.4756540550904076,3,0,0,36,0,1.3335549585606745,0.0,0.0,0.05116389358036404,100.0,46.040650053128104,0.0,0.0,24.325666783590812,153.48204340078874
520,scarce,123.01208610347528,76.85009893357557,16.62998371063846,0.1941402233984982,0.5462420015471121,915.6387742685547,1.479365770076078,3,0,0,36,0,1.3325455551427174,0.0,0.0,0.05116398041391885,100.0,46.04072819169478,0.0,0.0,24.325666783590812,161.15587514843344
521,scarce,123.11342898151098,76.85726587282096,16.42860516825911,0.0762997670850346,0.4843570697521624,886.0796886386015,1.446960255404794,3,0,0,36,0,1.331537274511555,0.0,0.0,0.051164067247326056,100.0,46.04080633012863,0.0,0.0,24.325666783590812,161.4716269734014
522,scarce,123.26016247499479,76.638880147125,16.198109591658355,0.1977427756718154,0.4734699946269936,939.2480837898038,1.3912381737029218,3,0,0,36,0,1.3305301443097097,0.0,0.0,0.05116415408058566,100.0,46.04088446842966,0.0,0.0,24.325666783590812,210.07021839078573
523,scarce,123.3970549274093,76.47699180741847,16.28744237715593,0.15946153385349704,0.4357035909177327,901.5072435746988,1.4217256705018255,3,0,0,36,0,1.3295241921481629,0.0,0.0,0.05116424091369767,100.0,46.04096260659787,0.0,0.0,24.325666783590812,219.68894069483056
524,scarce,123.51724884999236,76.40948478604635,16.690531235943574,0.10376527627921979,0.5080860565348869,922.6934120865917,1.4552613017024094,3,0,0,36,0,1.3285194456056029,0.0,0.0,0.05116432774666207,100.0,46.04104074463326,0.0,0.0,24.325666783590812,180.41141441163222
525,scarce,123.26485964133482,76.51567059457734,16.59659003755052,0.20626266957152795,0.5080870445918662,963.6284979927877,1.453368618985292,3,0,0,36,0,1.3275159322276637,0.0,0.0,0.05116441457947887,100.0,46.04111888253583,0.0,0.0,24.325666783590812,176.72196965002385
526,scarce,123.1636164768029,76.70587761459987,16.54944580744082,0.16243604697845337,0.49656571515023906,906.4281890517232,1.470033029921843,3,0,0,36,0,1.3265136795261714,0.0,0.0,0.051164501412148074,100.0,46.04119702030557,0.0,0.0,24.325666783590812,183.7463015249539
527,scarce,123.25220129238586,76.91288647506752,16.70216541425677,0.16987122376244204,0.45792605703890654,908.535148779556,1.506208123237872,3,0,0,36,0,1.3255127149783894,0.0,0.0,0.05116458824466967,100.0,46.04127515794249,0.0,0.0,24.325666783590812,162.000214957243
528,scarce,123.3436407612817,76.83074484076819,16.54966735930789,0.09280114684025974,0.5521276699932558,935.7842239237252,1.4702005983854387,3,0,0,36,0,1.3245130660262676,0.0,0.0,0.05116467507704367,100.0,46.0413532954466,0.0,0.0,24.325666783590812,175.89267725304327
529,scarce,123.14576891541032,76.53439289762053,16.498841779757356,0.2692371658486696,0.444789075786131,910.8224505864346,1.410195760091338,3,0,0,36,0,1.3235147600756845,0.0,0.0,0.05116476190927007,100.0,46.04143143281788,0.0,0.0,24.325666783590812,224.2231455783985
530,scarce,123.52230982527914,76.49936488443437,16.530322265607143,0.2859444669947715,0.38718549796691054,902.4297290581089,1.4154940978615358,3,0,0,36,0,1.3225178244957059,0.0,0.0,0.05116484874134886,100.0,46.04150957005634,0.0,0.0,24.325666783590812,200.96642357240503
531,scarce,123.45388642728904,76.49115389816421,16.468064262427912,0.05214766905082081,0.5005721673318355,926.5183257892168,1.465834698240797,3,0,0,36,0,1.321522286617821,0.0,0.0,0.05116493557328008,100.0,46.041587707161995,0.0,0.0,24.325666783590812,195.992896966945
532,scarce,123.01813518146031,76.59755043341545,16.371487880865818,0.3396766063515604,0.5189452485393047,877.3016945723211,1.5005828930841014,3,0,0,36,0,1.3205281737352053,0.0,0.0,0.05116502240506368,100.0,46.04166584413482,0.0,0.0,24.325666783590812,177.25862583927383
533,scarce,122.86813907763036,76.85557721892809,16.515183888377447,0.22618347005841166,0.47303199217085434,913.1990772046302,1.4655431061431627,3,0,0,36,0,1.319535513101965,0.0,0.0,0.051165109236699674,100.0,46.04174398097482,0.0,0.0,24.325666783590812,162.84921785677923
534,scarce,123.342391270924,76.86860490842058,16.636874947448877,0.3598142915069403,0.5823593239653597,928.5942652560116,1.4477157270651304,3,0,0,36,0,1.3185443319323928,0.0,0.0,0.05116519606818808,100.0,46.04182211768201,0.0,0.0,24.325666783590812,180.84599816919507
535,scarce,123.54271541429625,76.92923950797474,16.605073162284427,0.15885457634334202,0.4676413763964884,928.6231274970487,1.4166321944184608,3,0,0,36,0,1.3175546574002215,0.0,0.0,0.051165282899528895,100.0,46.041900254256376,0.0,0.0,24.325666783590812,169.55504244754368
536,scarce,123.39917360400626,76.6537069327992,16.27961198383274,0.2359779182691476,0.49120678150439506,914.1013963510195,1.4081058867781453,3,0,0,36,0,1.3165665166378782,0.0,0.0,0.05116536973072211,100.0,46.041978390697935,0.0,0.0,24.325666783590812,209.3611175664548
537,scarce,123.26721988263411,76.55289427544834,16.113376699313317,0.12622353348239598,0.4367492427642834,876.6482440204963,1.484014731375385,3,0,0,36,0,1.3155799367357406,0.0,0.0,0.05116545656176772,100.0,46.04205652700667,0.0,0.0,24.325666783590812,190.9351135690635
538,scarce,123.34344952712541,76.37085396894602,16.512854039051902,0.15012731621425207,0.42521128543820796,883.8449193319029,1.422602405113329,3,0,0,36,0,1.314594944741396,0.0,0.0,0.051165543392665734,100.0,46.04213466318258,0.0,0.0,24.325666783590812,178.96400693057555
539,scarce,123.32069099900065,76.47318356361554,16.817579859990392,0.07980277295975112,0.5365862032943115,943.4234744557834,1.4258329640709426,3,0,0,36,0,1.3136115676588969,0.0,0.0,0.05116563022341616,100.0,46.04221279922569,0.0,0.0,24.325666783590812,175.6618300634961
540,scarce,123.26516506418832,76.64603958345631,16.730453984379903,0.13831417833067858,0.47039469989340105,960.0695921215956,1.421995673042293,3,0,0,36,0,1.312629832448023,0.0,0.0,0.05116571705401897,100.0,46.04229093513595,0.0,0.0,24.325666783590812,168.26675684078236
541,scarce,123.2065079010338,76.7904602202577,16.489456922804372,0.11884125431213363,0.45160194269589815,919.9073537146105,1.4678234832443615,3,0,0,36,0,1.3116497660235409,0.0,0.0,0.051165803884474205,100.0,46.04236907091343,0.0,0.0,24.325666783590812,163.12858755214927
542,scarce,123.4058941371863,76.73099160511416,16.43740913688569,0.15874751316287827,0.6027836180243221,916.7293052854293,1.5036358128264649,3,0,0,36,0,1.3106713952544662,0.0,0.0,0.051165890714781836,100.0,46.04244720655808,0.0,0.0,24.325666783590812,173.291088755497
543,scarce,123.57994282055867,76.52058618000773,16.264158630760715,0.20849360005676112,0.5022281126301483,898.0036482612995,1.495125118426426,3,0,0,36,0,1.309694746963329,0.0,0.0,0.051165977544941864,100.0,46.04252534206991,0.0,0.0,24.325666783590812,215.1017079956803
544,scarce,123.07643788533518,76.27964131708373,16.229646384697592,0.4265130029795838,0.49507460174015017,886.366366689519,1.449626520076736,3,0,0,36,0,1.3087198479254336,0.0,0.0,0.0511660643749543,100.0,46.04260347744892,0.0,0.0,24.325666783590812,201.40561325439614
545,scarce,123.04821195017449,76.40699059026812,16.52761916707863,0.09974392985529404,0.4180657723734504,875.7907918997007,1.411149683059281,3,0,0,36,0,1.307746724868132,0.0,0.0,0.051166151204819155,100.0,46.04268161269513,0.0,0.0,24.325666783590812,164.38336304853618
546,scarce,123.31171482026242,76.54081536637435,16.69473263543551,0.22615838072729771,0.5540712340843353,923.650350529977,1.460172451649473,3,0,0,36,0,1.3067754044700826,0.0,0.0,0.0511662380345364,100.0,46.0427597478085,0.0,0.0,24.325666783590812,162.7797784114725
547,scarce,123.31661729911512,76.89987460916751,16.61981742508119,0.27499700069534383,0.5047967135933088,894.2446481851803,1.4898404038431596,3,0,0,36,0,1.305805913360525,0.0,0.0,0.05116632486410606,100.0,46.04283788278908,0.0,0.0,24.325666783590812,150.39915166820037
548,scarce,123.0976995250565,76.82940568823756,16.37503354886926,0.17625182735054637,0.49642979540341226,909.7195512110047,1.4784508671245318,3,0,0,36,0,1.3048382781185492,0.0,0.0,0.05116641169352811,100.0,46.04291601763683,0.0,0.0,24.325666783590812,201.217954743959
549,scarce,123.2767787509061,76.72633733284643,16.374647302422673,0.15846758177117243,0.4892706124032336,897.5468848785567,1.4882116676567265,3,0,0,36,0,1.303872525272362,0.0,0.0,0.051166498522802584,100.0,46.042994152351774,0.0,0.0,24.325666783590812,190.7991522817294
550,scarce,123.60942273410367,76.51261509756488,16.5113264360017,0.30346324222154597,0.5760684290558223,910.6141056680644,1.421816622049763,3,0,0,36,0,1.302908681298567,0.0,0.0,0.05116658535192946,100.0,46.0430722869339,0.0,0.0,24.325666783590812,224.74693179558386
551,scarce,123.41615835895105,76.36220185897483,16.523339775464205,0.18810175350030672,0.5905137689472939,973.4622016785179,1.4085947382227806,3,0,0,36,0,1.3019467726214329,0.0,0.0,0.05116667218090873,100.0,46.0431504213832,0.0,0.0,24.325666783590812,190.20677634676247
552,scarce,123.23013772208726,76.3843189786237,16.426900622002712,0.14399134425925292,0.5029068804694922,921.7519647249428,1.4473845464031792,3,0,0,36,0,1.3009868256121722,0.0,0.0,0.051166759009740416,100.0,46.0432285556997,0.0,0.0,24.325666783590812,185.04232282658649
553,scarce,123.14386426196012,76.55188688337796,16.494534634552913,0.14497609502342615,0.4675607846374013,922.6045094848923,1.464676339225371,3,0,0,36,0,1.3000288665882178,0.0,0.0,0.05116684583842451,100.0,46.04330668988339,0.0,0.0,24.325666783590812,168.74606241830514
554,scarce,123.40736338825081,76.7852604018143,16.58944083174417,0.2709526106371399,0.5319439626389182,903.0568195165324,1.462819325636425,3,0,0,36,0,1.2990729218124981,0.0,0.0,0.05116693266696101,100.0,46.043384823934254,0.0,0.0,24.325666783590812,182.8587629079471
555,scarce,123.42411894174718,76.87559954056069,16.391509190791048,0.07077922606224248,0.48474183009652144,902.7246140664647,1.5064896321848584,3,0,0,36,0,1.2981190174927246,0.0,0.0,0.05116701949534993,100.0,46.04346295785231,0.0,0.0,24.325666783590812,158.15067065345596
556,scarce,123.20563843969643,76.63027131404107,16.3056988793369,0.2532528546886252,0.5511596127661833,918.1445913265343,1.4097057649711746,3,0,0,36,0,1.297167179780665,0.0,0.0,0.05116710632359125,100.0,46.04354109163756,0.0,0.0,24.325666783590812,204.16307526216164
557,scarce,123.38034328556559,76.43196251696493,16.421740850599747,0.2038917404689682,0.5406997072808507,905.7094346821395,1.389703136181348,3,0,0,36,0,1.2962174347714306,0.0,0.0,0.05116719315168498,100.0,46.043619225289994,0.0,0.0,24.325666783590812,207.28582746488698
558,scarce,123.40707112377277,76.44070683161175,16.565902631769642,0.021711217282471246,0.664765742863147,934.522353303335,1.4382710947423138,3,0,0,36,0,1.2952698085027607,0.0,0.0,0.051167279979631115,100.0,46.04369735880962,0.0,0.0,24.325666783590812,180.13145115370918
559,scarce,123.29741063797964,76.47386344962761,16.780016340365403,0.08851216417529215,0.4407611108667047,896.4673155538476,1.4690674784344835,3,0,0,36,0,1.2943243269543094,0.0,0.0,0.05116736680742966,100.0,46.04377549219642,0.0,0.0,24.325666783590812,190.45399222804775
560,scarce,123.01104291444,76.64995726460819,16.701586264599634,0.2599216961255815,0.4986993633363027,948.6568483710507,1.4913451655392547,3,0,0,36,0,1.2933810160469292,0.0,0.0,0.051167453635080615,100.0,46.04385362545042,0.0,0.0,24.325666783590812,155.2690620858102
561,scarce,123.18611388591944,76.71125260937043,16.63763837900623,0.14352013067534605,0.38766342037131624,892.660074701751,1.441308886960753,3,0,0,36,0,1.2924399016419654,0.0,0.0,0.05116754046258397,100.0,46.043931758571595,0.0,0.0,24.325666783590812,184.30406036387944
562,scarce,123.27511135141602,76.40217900102327,16.441393452746155,0.24903723917966417,0.388412863323464,899.7600524617483,1.4679612541748228,3,0,0,36,0,1.2915010095405464,0.0,0.0,0.051167627289939746,100.0,46.044009891559966,0.0,0.0,24.325666783590812,189.99384220274928
563,scarce,123.46013737045642,76.60948926668533,16.281605453213402,0.21530951411421617,0.4689994532646533,922.4878946244462,1.4229101381877656,3,0,0,36,0,1.2905643654828718,0.0,0.0,0.05116771411714793,100.0,46.04408802441553,0.0,0.0,24.325666783590812,167.5225438128378
564,scarce,123.34165441930276,76.69481454361033,16.191054575955896,0.11321770393308282,0.6197684479442588,912.3232667384727,1.3948000397846698,3,0,0,36,0,1.2896299951475123,0.0,0.0,0.05116780094420852,100.0,46.04416615713828,0.0,0.0,24.325666783590812,172.48846836707366
565,scarce,123.55864491045983,76.86757140926518,16.35865223561289,0.21522672385883418,0.4439622290710948,916.5636592933297,1.381613901468118,3,0,0,36,0,1.2886979241507024,0.0,0.0,0.05116788777112154,100.0,46.044244289728226,0.0,0.0,24.325666783590812,157.68019564534094
566,scarce,123.22846864667332,76.53672993700759,16.45866181348219,0.3629615704811718,0.5304218207814699,906.3450564328887,1.4536184414642697,3,0,0,36,0,1.2877681780456394,0.0,0.0,0.05116797459788695,100.0,46.04432242218536,0.0,0.0,24.325666783590812,200.74813547178195
567,scarce,123.11947893126623,76.19752870203246,16.665021668618394,0.2768649580111637,0.5683912756750503,940.5809804903183,1.4193481999624002,3,0,0,36,0,1.2868407823217822,0.0,0.0,0.05116806142450478,100.0,46.04440055450968,0.0,0.0,24.325666783590812,201.73620962543194
568,scarce,123.00697159832278,76.34505342748568,16.77918877598755,0.14427863555069073,0.5433148683813911,936.5124944964118,1.4162309192176517,3,0,0,36,0,1.2859157624041528,0.0,0.0,0.05116814825097502,100.0,46.04447868670119,0.0,0.0,24.325666783590812,182.3132655533486
569,scarce,123.19827294270623,76.7888861620056,16.789354326399327,0.3761148292361451,0.5317610286890315,961.1006697331468,1.4451399244414775,3,0,0,36,0,1.284993143652641,0.0,0.0,0.051168235077297675,100.0,46.044556818759894,0.0,0.0,24.325666783590812,153.28667963086727
570,scarce,123.21389300759012,76.98608431020392,16.34387908749481,0.15405340741226758,0.5195728772906854,897.510764934872,1.4215197414028868,3,0,0,36,0,1.2840729513613043,0.0,0.0,0.051168321903472744,100.0,46.04463495068579,0.0,0.0,24.325666783590812,150.7501392825718
571,scarce,123.44294517045816,76.84512681681831,16.225471247951074,0.20960023902772018,0.522686144121671,888.9619003584558,1.4150594881122824,3,0,0,36,0,1.2831552107576796,0.0,0.0,0.05116840872950022,100.0,46.04471308247887,0.0,0.0,24.325666783590812,175.77502946983986
572,scarce,123.43667449090725,76.62700072841734,16.376445410898967,0.17018359544257988,0.5321680538432374,912.1181230157672,1.384645707398,3,0,0,36,0,1.2822399470020898,0.0,0.0,0.05116849555538011,100.0,46.044791214139146,0.0,0.0,24.325666783590812,211.54423901881546
573,scarce,123.27187164783638,76.32426079414773,16.54154815688041,0.2690104173766825,0.46037795434043827,887.3749040867988,1.4078558907569714,3,0,0,36,0,1.2813271851869525,0.0,0.0,0.05116858238111242,100.0,46.04486934566662,0.0,0.0,24.325666783590812,189.97181352093267
574,scarce,123.12614268983005,76.28844149800037,16.716256540514685,0.11720126725252117,0.5354026858596881,920.4769450101303,1.4553585756700276,3,0,0,36,0,1.2804169503360943,0.0,0.0,0.05116866920669714,100.0,46.044947477061285,0.0,0.0,24.325666783590812,160.62793681012778
575,scarce,123.11165205358361,76.42189391805206,16.7171856230624,0.10491274663971034,0.4220657848473623,912.8456658575087,1.4437864019056084,3,0,0,36,0,1.279509267404063,0.0,0.0,0.05116875603213427,100.0,46.04502560832313,0.0,0.0,24.325666783590812,171.86521811635328
576,scarce,123.26652832544849,76.75230906596173,16.811030799725998,0.285398793266048,0.4245707382310087,915.6353375931867,1.4642247055819035,3,0,0,36,0,1.2786041612754444,0.0,0.0,0.05116884285742381,100.0,46.04510373945217,0.0,0.0,24.325666783590812,151.4858483972587
577,scarce,123.23445691565604,76.93928776517292,16.58173073227526,0.14847697401879364,0.5914520060127061,949.2056005505219,1.422665435861473,3,0,0,36,0,1.277701656764181,0.0,0.0,0.05116892968256577,100.0,46.04518187044841,0.0,0.0,24.325666783590812,167.1030012785904
578,scarce,123.4435965060972,76.91976441973208,16.315647732784683,0.16451173324935187,0.4791538797698471,886.1126048636434,1.484981404135192,3,0,0,36,0,1.2768017786128898,0.0,0.0,0.05116901650756015,100.0,46.045260001311846,0.0,0.0,24.325666783590812,196.90718572242207
579,scarce,123.66749444161785,76.66057489331467,16.15300379193462,0.26844072187818624,0.4289071953285751,876.9351950368364,1.434505297472098,3,0,0,36,0,1.2759045514921843,0.0,0.0,0.05116910333240694,100.0,46.04533813204247,0.0,0.0,24.325666783590812,231.6342323675227
580,scarce,123.42531339991827,76.23529273932864,16.380832601999042,0.38384349814420976,0.5012290261225928,916.6863981984789,1.3855193346241028,3,0,0,36,0,1.2750100000000002,0.0,0.0,0.05116919015710615,100.0,46.04541626264029,0.0,0.0,24.325666783590812,217.7786371300958
581,scarce,123.22599862658598,76.1924923036526,16.54268434205417,0.1599996217560938,0.44617233925465527,912.2309090718481,1.4373036877933276,3,0,0,36,0,1.2741181486609174,0.0,0.0,0.05116927698165777,100.0,46.045494393105294,0.0,0.0,24.325666783590812,195.49129426811663
582,scarce,123.0100501295097,76.37376407631247,16.666379782334495,0.22144122997806967,0.41585335023698156,879.5922625842941,1.4706685027472468,3,0,0,36,0,1.2732290219254925,0.0,0.0,0.05116936380606181,100.0,46.04557252343751,0.0,0.0,24.325666783590812,162.76472695118042
583,scarce,123.17564326741864,76.79904069794617,16.692899894133674,0.3586914695869931,0.49744330449963337,915.8452178359075,1.503611584803592,3,0,0,36,0,1.272342644169582,0.0,0.0,0.051169450630318254,100.0,46.04565065363689,0.0,0.0,24.325666783590812,138.94966480261445
584,scarce,123.41967882372471,77.01157048279788,16.505099742215204,0.2545171981958398,0.4592923729975947,922.1286902747233,1.4476507814792965,3,0,0,36,0,1.271459039693681,0.0,0.0,0.051169537454427136,100.0,46.045728783703495,0.0,0.0,24.325666783590812,155.74572454403756
585,scarce,123.30413177278008,76.86621931955045,16.27651465355035,0.14614034760740308,0.47688757835798284,875.4704011718604,1.4345038457709611,3,0,0,36,0,1.2705782327222523,0.0,0.0,0.05116962427838842,100.0,46.045806913637286,0.0,0.0,24.325666783590812,200.1992464431033
586,scarce,123.3014280772475,76.86271293223764,16.271905788704505,0.14759073111714274,0.4806746621657946,876.1708092936351,1.434081843118177,3,0,0,0,36,0.030000000000000002,0.008636999999999999,0.0,0.051169711102202135,100.0,46.04588504343828,0.0,0.0,24.325666783590812,200.41480198841091
587,scarce,123.29881272050504,76.85915615182022,16.26711645214836,0.14716120347770068,0.4849758989824985,876.7979631429953,1.4336195092052364,3,0,0,0,36,0.030000000000000002,0.017273999999999998,0.0,0.05116979792586825,100.0,46.04596317310646,0.0,0.0,24.325666783590812,200.5582593362675
588,scarce,123.29623172997483,76.85563635311382,16.262276747249476,0.1454895759934264,0.48955237757723263,878.2778428006022,1.4332101401591517,3,0,0,0,36,0.030000000000000002,0.025911,0.0,0.051169884749386794,100.0,46.04604130264184,0.0,0.0,24.325666783590812,200.23289587685568
589,scarce,123.29348991061245,76.85212144954215,16.257504416407787,0.1485938556162069,0.49286478070023926,879.7955696320132,1.432875256967895,3,0,0,0,36,0.030000000000000002,0.034547999999999995,0.0,0.05116997157275775,100.0,46.04611943204441,0.0,0.0,24.325666783590812,199.9457377825562
590,scarce,123.2907768006475,76.84847057186374,16.25276024072478,0.1516204087125036,0.498333746367811,881.2782315428194,1.4325751433850302,3,0,0,0,36,0.030000000000000002,0.043185,0.0,0.05117005839598113,100.0,46.04619756131418,0.0,0.0,24.325666783590812,209.96965691053254
591,scarce,123.28809035154956,76.84494819076458,16.247927599022855,0.14766394791943394,0.5059491618886409,882.7410365482392,1.432197561493149,3,0,0,0,36,0.030000000000000002,0.051822,0.0,0.05117014521905692,100.0,46.04627569045114,0.0,0.0,24.325666783590812,210.08149685412283
592,scarce,123.28540883833927,76.84128101472028,16.243244787237185,0.1514327618928778,0.5153140506519751,884.2435615067807,1.4317668664446366,3,0,0,0,36,0.030000000000000002,0.06045899999999998,0.0,0.051170232041985134,100.0,46.0463538194553,0.0,0.0,24.325666783590812,200.13678531334548
593,scarce,123.2827693683385,76.83734793930326,16.238528169019165,0.1578884420543932,0.5237159112743928,885.6289468219293,1.431400029868588,3,0,0,0,36,0.030000000000000002,0.06909599999999999,0.0,0.05117031886476578,100.0,46.04643194832667,0.0,0.0,24.325666783590812,199.7589622916417
594,scarce,123.28013910052255,76.83346943511198,16.23372783613139,0.15620891831575734,0.5313885691080976,887.0313701753257,1.4309231008560737,3,0,0,0,36,0.030000000000000002,0.07773299999999997,0.0,0.051170405687398834,100.0,46.04651007706523,0.0,0.0,24.325666783590812,209.70210149800127
595,scarce,123.27758478248013,76.8294706174652,16.229012744984715,0.1581668712117108,0.5386753336150191,888.4235080222024,1.430411746496691,3,0,0,0,36,0.030000000000000002,0.08636999999999999,0.0,0.0511704925098843,100.0,46.04658820567098,0.0,0.0,24.325666783590812,209.2845863840231
596,scarce,123.27493697012359,76.82553761227491,16.22446474382392,0.15804162638098052,0.5461843261882409,889.8060197406412,1.4299115326942444,3,0,0,0,36,0.030000000000000002,0.09500699999999995,0.0,0.05117057933222219,100.0,46.04666633414393,0.0,0.0,24.325666783590812,208.85688322426847
597,scarce,123.27245344904246,76.82138749157392,16.219765949276123,0.16121544864348122,0.5527452070959925,891.1552277189148,1.4294162751919681,3,0,0,0,36,0.030000000000000002,0.10364399999999997,0.0,0.05117066615441251,100.0,46.04674446248408,0.0,0.0,24.325666783590812,209.1843903982321
598,scarce,123.27011285189649,76.81741509670586,16.214886405672164,0.15368913786344096,0.5593008352117343,892.4549559906372,1.4289531923800325,3,0,0,0,36,0.030000000000000002,0.11228099999999995,0.0,0.05117075297645525,100.0,46.04682259069144,0.0,0.0,24.325666783590812,209.54842651800527
599,scarce,123.26770476368678,76.81326467646255,16.2099623106057,0.1599474810405995,0.5652320492484006,893.7050460144892,1.4285425709284378,3,0,0,0,36,0.030000000000000002,0.12091799999999993,0.0,0.0511708397983504,100.0,46.04690071876598,0.0,0.0,24.325666783590812,209.46244614344664
600,scarce,123.26534504164549,76.80880988710504,16.205057222125987,0.16803913674970963,0.5676027446041397,895.4365341222438,1.4281461819241728,3,0,0,0,36,0.030000000000000002,0.12955499999999995,0.0,0.051170926620097985,100.0,46.04697884670774,0.0,0.0,24.325666783590812,209.1666746631838
601,scarce,123.26309443698337,76.80440846955048,16.200131008245624,0.16478166643843464,0.5705738398252499,897.1962711251836,1.4277659199342683,3,0,0,0,36,0.030000000000000002,0.13819199999999998,0.0,0.051171013441697985,100.0,46.04705697451668,0.0,0.0,24.325666783590812,209.46076779870563
602,scarce,123.26085892290487,76.80019960177027,16.195278359033935,0.15885734755899644,0.5730271741800037,898.9840529548455,1.427399520640954,3,0,0,0,36,0.030000000000000002,0.146829,0.0,0.051171100263150415,100.0,46.04713510219284,0.0,0.0,24.325666783590812,209.1203215530639
603,scarce,123.25865961127504,76.79579444793845,16.190463498692843,0.1641217431861392,0.5738260805422439,900.7029946147195,1.426924757813204,3,0,0,0,36,0.030000000000000002,0.15546599999999994,0.0,0.05117118708445525,100.0,46.04721322973617,0.0,0.0,24.325666783590812,208.78274936585785
604,scarce,123.25641525502637,76.79112172178536,16.18560282915538,0.17279244026787405,0.5737316138504608,902.399546682871,1.4264892868958934,3,0,0,0,36,0.030000000000000002,0.16410299999999997,0.0,0.051171273905612505,100.0,46.04729135714671,0.0,0.0,24.325666783590812,208.56342849466043
605,scarce,123.25406967871511,76.7863277459731,16.1807835806436,0.17790113459253598,0.5723279120989564,904.1154886510776,1.4260765962713866,3,0,0,0,36,0.030000000000000002,0.17274,0.0,0.051171360726622206,100.0,46.047369484424465,0.0,0.0,24.325666783590812,208.41876058864722
606,scarce,123.25173263532014,76.78122951318231,16.175989568624736,0.18694547457858268,0.5713889264645137,905.8555013134355,1.4257714629469067,3,0,0,0,36,0.030000000000000002,0.181377,0.0,0.05117144754748432,100.0,46.04744761156942,0.0,0.0,24.325666783590812,208.73171003399347
607,scarce,123.24939018197298,76.77593995347226,16.171366323541083,0.1928342109178431,0.57145030574783,907.5586796275202,1.425489934777848,3,0,0,0,36,0.030000000000000002,0.19001399999999996,0.0,0.05117153436819886,100.0,46.04752573858157,0.0,0.0,24.325666783590812,208.47323582770244
608,scarce,123.2471271715001,76.77039301307906,16.166602403057734,0.19969355446738649,0.5724588145591171,909.5971353712339,1.4251334179788613,3,0,0,0,36,0.030000000000000002,0.198651,0.0,0.05117162118876582,100.0,46.04760386546092,0.0,0.0,24.325666783590812,208.86458773145156
609,scarce,123.24478697198538,76.76476304936257,16.161964991334386,0.20323228422791279,0.5742373129921119,912.0110288563701,1.4247993211493903,3,0,0,0,36,0.030000000000000002,0.20728800000000003,0.0,0.0511717080091852,100.0,46.047681992207465,0.0,0.0,24.325666783590812,208.9330863832958
610,scarce,123.24222612579943,76.75894819328728,16.15735168551765,0.21179257243458008,0.5763566663027103,914.470353113451,1.4245329252522927,3,0,0,0,36,0.030000000000000002,0.21592500000000003,0.0,0.05117179482945701,100.0,46.04776011882122,0.0,0.0,24.325666783590812,208.72698960428403
611,scarce,123.23956512349638,76.75335577121868,16.152611460304694,0.20644105386795528,0.5780378427678516,916.8194691024437,1.4243020321267317,3,0,0,0,36,0.030000000000000002,0.224562,0.0,0.05117188164958124,100.0,46.04783824530217,0.0,0.0,24.325666783590812,208.86446447439175
612,scarce,123.2368413043651,76.74770840554746,16.147819858740903,0.20899742073046618,0.5797962989310848,919.2200413817809,1.424068417594932,3,0,0,0,36,0.030000000000000002,0.23319900000000005,0.0,0.051171968469557905,100.0,46.04791637165034,0.0,0.0,24.325666783590812,208.9814552360471
613,scarce,123.23416484635118,76.74199865704837,16.14299472737529,0.210197408333131,0.5821897247407368,921.6400447250235,1.4238100699612977,3,0,0,0,36,0.030000000000000002,0.24183599999999997,0.0,0.05117205528938699,100.0,46.047994497865695,0.0,0.0,24.325666783590812,209.2657747768966
614,scarce,123.231440480194,76.73620331114343,16.138310450909362,0.21345883057764073,0.5855074347288602,924.0627759497838,1.4236181303432671,3,0,0,0,36,0.030000000000000002,0.25047299999999995,0.0,0.0511721421090685,100.0,46.04807262394826,0.0,0.0,24.325666783590812,209.76877268824475
615,scarce,123.22875358743477,76.73065370245152,16.13341777958011,0.20552790925107242,0.5885560228651567,926.4591235513835,1.423390946343495,3,0,0,0,36,0.030000000000000002,0.25910999999999995,0.0,0.05117222892860243,100.0,46.04815074989803,0.0,0.0,24.325666783590812,209.71482063622497
616,scarce,123.2261192917678,76.72506682541542,16.128630677270063,0.20589292977334941,0.5918550314714927,928.883675722911,1.4230651290361291,3,0,0,0,36,0.030000000000000002,0.267747,0.0,0.05117231574798879,100.0,46.04822887571499,0.0,0.0,24.325666783590812,209.7748863960231
617,scarce,123.22350982219935,76.71945086680077,16.123731928422487,0.20642007490112838,0.5951581831000118,931.3354144166333,1.42276849607448,3,0,0,0,36,0.030000000000000002,0.276384,0.0,0.05117240256722758,100.0,46.048307001399166,0.0,0.0,24.325666783590812,209.72132308913004
618,scarce,123.22107006635012,76.71341936049173,16.118978168777435,0.2168754813250875,0.5972463624730469,933.7708041308324,1.4220464625545945,3,0,0,0,36,0.030000000000000002,0.2850210000000001,0.0,0.051172489386318805,100.0,46.04838512695055,0.0,0.0,24.325666783590812,210.43415893104827
619,scarce,123.21867057826573,76.7071578930841,16.114335953541723,0.223516137036032,0.5978599060852965,936.2175342667142,1.4210995132524264,3,0,0,0,36,0.030000000000000002,0.2936580000000001,0.0,0.05117257620526245,100.0,46.04846325236914,0.0,0.0,24.325666783590812,210.26121387969184
620,scarce,123.21636478986642,76.70088750562016,16.109840643034286,0.22269665239769884,0.5982809117704159,939.3123584806126,1.4201100873755286,3,0,0,0,36,0.030000000000000002,0.30229500000000015,0.0,0.05117266302405851,100.0,46.048541377654914,0.0,0.0,24.325666783590812,219.96154755840735
621,scarce,123.21404455933352,76.69442034469915,16.10529506069889,0.2290260540835978,0.598951609136749,942.6302244284452,1.4191120707752067,3,0,0,0,36,0.030000000000000002,0.310932,0.0,0.05117274984270701,100.0,46.04861950280791,0.0,0.0,24.325666783590812,219.8183716954865
622,scarce,123.21153993868984,76.68790593458966,16.10077046976279,0.23264341727859825,0.5997646655136998,945.9841041791733,1.4181216292399905,3,0,0,0,36,0.030000000000000002,0.319569,0.0,0.051172836661207935,100.0,46.0486976278281,0.0,0.0,24.325666783590812,219.1937673308525
623,scarce,123.20908086466693,76.68136368186615,16.096115574581717,0.2329714234950198,0.6023101803203692,949.3410831339679,1.417088294358322,3,0,0,0,36,0.030000000000000002,0.328206,0.0,0.051172923479561296,100.0,46.04877575271551,0.0,0.0,24.325666783590812,219.4503120154869
624,scarce,123.20649629555042,76.67493436743179,16.09142379065429,0.23097879078687977,0.6074579167511416,952.7249667759424,1.4160769217101499,3,0,0,0,36,0.030000000000000002,0.33684300000000006,0.0,0.05117301029776707,100.0,46.04885387747011,0.0,0.0,24.325666783590812,209.20899486644672
625,scarce,123.2038091285266,76.66851283378129,16.086530079172196,0.23203678117921198,0.6146860595896249,956.1392977389805,1.4150618909639723,3,0,0,0,36,0.030000000000000002,0.34548000000000006,0.0,0.05117309711582529,100.0,46.048932002091924,0.0,0.0,24.325666783590812,209.66452700217502
626,scarce,123.20118949650902,76.66190078926161,16.081644858434547,0.23706915221264316,0.6226312245837514,959.5813726485576,1.414030190899298,3,0,0,0,36,0.030000000000000002,0.3541170000000001,0.0,0.051173183933735926,100.0,46.04901012658094,0.0,0.0,24.325666783590812,209.9323965084392
627,scarce,123.19865429053817,76.65521925752911,16.0766239545449,0.23821124053985376,0.6307791518101022,962.9776687051417,1.4129980364374743,3,0,0,0,36,0.030000000000000002,0.36275400000000013,0.0,0.051173270751498995,100.0,46.04908825093717,0.0,0.0,24.325666783590812,210.53170624308575
628,scarce,123.19618570098406,76.64832559284959,16.071839381206306,0.2440777360228129,0.6393853775754561,966.4131890188437,1.4118857376732157,3,0,0,0,36,0.030000000000000002,0.3713910000000002,0.0,0.0511733575691145,100.0,46.0491663751606,0.0,0.0,24.325666783590812,210.30141137204816
629,scarce,123.19356182560938,76.6412985800062,16.067055826297764,0.25003029034973295,0.6476972331619344,969.8522710079851,1.410804301470462,3,0,0,0,36,0.030000000000000002,0.38002800000000003,0.0,0.05117344438658243,100.0,46.04924449925124,0.0,0.0,24.325666783590812,220.00886701379062
630,scarce,123.1910466845757,76.63423415260299,16.06219520988826,0.24996015005677447,0.6562660494086658,973.246737878213,1.4097702753029533,3,0,0,0,36,0.030000000000000002,0.38866500000000004,0.0,0.05117353120390279,100.0,46.04932262320908,0.0,0.0,24.325666783590812,220.53312091728708
631,scarce,123.18857094072804,76.62692530041448,16.05724005962539,0.2572258581960391,0.6651726745746414,976.6991340218156,1.4087611987525772,3,0,0,0,36,0.030000000000000002,0.39730200000000004,0.0,0.051173618021075576,100.0,46.04940074703413,0.0,0.0,24.325666783590812,210.77416226378986
632,scarce,123.18635120593838,76.6193777743564,16.052362097166053,0.26223901763753,0.6746677953131696,980.1120395149555,1.4078214869684709,3,0,0,0,36,0.030000000000000002,0.4059390000000001,0.0,0.051173704838100804,100.0,46.0494788707264,0.0,0.0,24.325666783590812,220.72347405499102
633,scarce,123.18430210130474,76.61194688729137,16.04755517660298,0.25694122192679525,0.684740063235909,983.5105327275196,1.4073709308432834,3,0,0,0,36,0.030000000000000002,0.4145760000000001,0.0,0.05117379165497846,100.0,46.049556994285865,0.0,0.0,24.325666783590812,220.9626449701999
634,scarce,123.18207743707727,76.60447162741588,16.042638365775872,0.2599757277806016,0.6953839652774219,986.9296080633285,1.4069047790543483,3,0,0,0,36,0.030000000000000002,0.4232130000000002,0.0,0.05117387847170854,100.0,46.04963511771254,0.0,0.0,24.325666783590812,210.79580358473504
635,scarce,123.17983180720086,76.5970987034496,16.037877034226625,0.25691083916837415,0.7064539899247373,990.431727577874,1.4064056429334528,3,0,0,0,36,0.030000000000000002,0.4318500000000002,0.0,0.05117396528829106,100.0,46.04971324100642,0.0,0.0,24.325666783590812,210.28354433399753
636,scarce,123.1775037787953,76.58971806818712,16.033278010193847,0.25796962167191895,0.7165433198918313,993.9100439099893,1.4059671807958087,3,0,0,0,36,0.030000000000000002,0.44048700000000024,0.0,0.051174052104726,100.0,46.04979136416751,0.0,0.0,24.325666783590812,210.2580463340414
637,scarce,123.17528959962198,76.58213504764313,16.028657829839958,0.2633223415042756,0.7264346460918274,997.387736866789,1.405543641412666,3,0,0,0,36,0.030000000000000002,0.4491240000000001,0.0,0.05117413892101339,100.0,46.04986948719582,0.0,0.0,24.325666783590812,210.85790572092714
638,scarce,123.17309832552883,76.57460146776937,16.024166626942442,0.26152651844594016,0.7354856777882378,1000.8118531793152,1.4051182401033575,3,0,0,0,36,0.030000000000000002,0.45776100000000014,0.0,0.05117422573715321,100.0,46.04994761009134,0.0,0.0,24.325666783590812,220.2812519242913
639,scarce,123.1709660636391,76.56714452504349,16.01950769038934,0.2585268857364047,0.7444637405561727,1004.1706920095603,1.404723957504539,3,0,0,0,36,0.030000000000000002,0.46639800000000015,0.0,0.05117431255314545,100.0,46.05002573285405,0.0,0.0,24.325666783590812,210.40257370226578
640,scarce,123.16894766770127,76.55956117186217,16.014952943433087,0.2615788974560706,0.7531868067083022,1007.5044215129055,1.4043616619139678,3,0,0,0,36,0.030000000000000002,0.4750350000000003,0.0,0.05117439936899014,100.0,46.05010385548399,0.0,0.0,24.325666783590812,221.0629511163616
641,scarce,123.1672505013355,76.55167156534533,16.010302856301507,0.2690028183724604,0.7620450655594612,1010.7245380152308,1.404003524280485,3,0,0,0,36,0.030000000000000002,0.48367200000000005,0.0,0.05117448618468725,100.0,46.05018197798113,0.0,0.0,24.325666783590812,221.1092019089982
642,scarce,123.16542929403856,76.54359687952318,16.005626885607946,0.2759173530545547,0.7709660328835387,1013.9425856553498,1.4036903096608118,3,0,0,0,36,0.030000000000000002,0.49230900000000005,0.0,0.0511745730002368,100.0,46.05026010034548,0.0,0.0,24.325666783590812,220.947061166928
643,scarce,123.16358087414076,76.53562362993435,16.000865257345428,0.27282343725554936,0.7804678242374159,1017.2296031748701,1.4033330498751406,3,0,0,0,36,0.030000000000000002,0.500946,0.0,0.05117465981563878,100.0,46.05033822257704,0.0,0.0,24.325666783590812,210.76745376848183
644,scarce,123.16179901003817,76.52748881737301,15.996210369528752,0.2775892550922959,0.7902986204862701,1020.5459327606295,1.4029537261221172,3,0,0,0,36,0.030000000000000002,0.509583,0.0,0.051174746630893206,100.0,46.050416344675824,0.0,0.0,24.325666783590812,210.98581375605875
645,scarce,123.15994482926031,76.51933997280327,15.991404354103123,0.27857106450012675,0.799795516208343,1023.8460455276618,1.40259051038839,3,0,0,0,36,0.030000000000000002,0.51822,0.0,0.05117483344600006,100.0,46.05049446664181,0.0,0.0,24.325666783590812,211.6627465803787
646,scarce,123.15824215260164,76.51121705077448,15.986425631925373,0.2766485337218609,0.8093749220876844,1027.4999358940477,1.4021880246565839,3,0,0,0,36,0.030000000000000002,0.5268570000000001,0.0,0.05117492026095935,100.0,46.050572588475006,0.0,0.0,24.325666783590812,211.22039268571055
647,scarce,123.1564971530726,76.50324423082048,15.981221491858175,0.27205163189565773,0.8185276919151029,1031.3132451519923,1.4018156066232463,3,0,0,0,36,0.030000000000000002,0.5354940000000001,0.0,0.05117500707577108,100.0,46.05065071017542,0.0,0.0,24.325666783590812,210.96125607110014
648,scarce,123.15468903078886,76.49534359465389,15.976062662332433,0.2701632387812797,0.827432821917842,1035.0978273229339,1.4014829417874304,3,0,0,0,36,0.030000000000000002,0.5441310000000001,0.0,0.05117509389043522,100.0,46.05072883174303,0.0,0.0,24.325666783590812,210.86839001096612
649,scarce,123.15307114098295,76.48715370581246,15.970831438292363,0.27827214229298186,0.8366636653166353,1038.8898417026576,1.4011500794489529,3,0,0,0,36,0.030000000000000002,0.5527680000000001,0.0,0.05117518070495183,100.0,46.05080695317786,0.0,0.0,24.325666783590812,211.30752886477183
650,scarce,123.1512504050024,76.47918611736782,15.965665665360152,0.27243255053972715,0.8458616511689436,1042.724762973863,1.4008686324061803,3,0,0,0,36,0.030000000000000002,0.5614050000000002,0.0,0.051175267519320854,100.0,46.05088507447991,0.0,0.0,24.325666783590812,210.71424616858198
651,scarce,123.1494940052309,76.47109125152632,15.960593767915405,0.27610745321587676,0.8552144135518577,1046.5750023991422,1.4005519882627182,3,0,0,0,36,0.030000000000000002,0.5700420000000003,0.0,0.05117535433354233,100.0,46.05096319564917,0.0,0.0,24.325666783590812,210.91393209616692
652,scarce,123.14779051446993,76.46306335743397,15.955571956848766,0.27355471589622343,0.8649326697048336,1050.4492491829005,1.4002206407040936,3,0,0,0,36,0.030000000000000002,0.5786790000000003,0.0,0.05117544114761624,100.0,46.05104131668565,0.0,0.0,24.325666783590812,201.44207160203672
653,scarce,123.14618178155749,76.4550149275936,15.950640837638657,0.2735877768540335,0.8748719115354895,1054.3231419403892,1.3998985040521779,3,0,0,0,36,0.030000000000000002,0.5873160000000003,0.0,0.05117552796154257,100.0,46.05111943758932,0.0,0.0,24.325666783590812,201.47385158579888
654,scarce,123.144592633495,76.44685405947953,15.945668592532305,0.2771384730883124,0.8850648765845214,1058.2391996859296,1.3995580188596857,3,0,0,0,36,0.030000000000000002,0.5959530000000003,0.0,0.051175614775321364,100.0,46.05119755836023,0.0,0.0,24.325666783590812,201.13919382698543
655,scarce,123.14270866181388,76.438634228935,15.940757033599656,0.28109896137332613,0.895332680879071,1062.144935252436,1.3992378327865544,3,0,0,0,36,0.030000000000000002,0.6045900000000004,0.0,0.05117570158895257,100.0,46.05127567899833,0.0,0.0,24.325666783590812,210.93069625095018
656,scarce,123.14064131423896,76.43046018914725,15.935888245185733,0.2810473515798998,0.9051999384471634,1065.9986898879215,1.3990062085594894,3,0,0,0,36,0.030000000000000002,0.6132270000000004,0.0,0.05117578840243623,100.0,46.05135379950366,0.0,0.0,24.325666783590812,210.52037231550014
657,scarce,123.13855287634566,76.42205060549496,15.931098513927076,0.28883418934049787,0.9146001570639396,1069.8399351867192,1.398819155193372,3,0,0,0,36,0.030000000000000002,0.621864,0.0,0.05117587521577233,100.0,46.0514319198762,0.0,0.0,24.325666783590812,200.95216984129456
658,scarce,123.13643173995044,76.41348055606612,15.926455788055794,0.2942881558771474,0.923318487065825,1073.7154453744297,1.3985960520566252,3,0,0,0,36,0.030000000000000002,0.6305010000000001,0.0,0.05117596202896087,100.0,46.05151004011596,0.0,0.0,24.325666783590812,201.02765431922833
659,scarce,123.13436114572134,76.4049274952434,15.921745902626485,0.29333751871643227,0.9317420004235536,1077.5414398553912,1.3983918333758165,3,0,0,0,36,0.030000000000000002,0.6391380000000001,0.0,0.05117604884200184,100.0,46.05158816022293,0.0,0.0,24.325666783590812,201.2464192556234
660,scarce,123.13220630073349,76.39624003211398,15.917101552139355,0.29835730359314605,0.9399692658947578,1081.3737679395053,1.3982151363999762,3,0,0,0,36,0.030000000000000002,0.6477750000000001,0.0,0.051176135654895254,100.0,46.05166628019711,0.0,0.0,24.325666783590812,211.25654659637476
661,scarce,123.13005678745188,76.3874505725456,15.91248866955593,0.3016160304696632,0.9482411541447371,1085.2020998475855,1.3980630359300386,3,0,0,0,36,0.030000000000000002,0.6564120000000001,0.0,0.0511762224676411,100.0,46.05174440003851,0.0,0.0,24.325666783590812,212.04019482018663
662,scarce,123.12780902046731,76.37842790514716,15.908089658410931,0.30994799456062977,0.9567969791607026,1089.0633975135643,1.3979167830785542,3,0,0,0,36,0.030000000000000002,0.6650490000000002,0.0,0.051176309280239404,100.0,46.05182251974714,0.0,0.0,24.325666783590812,211.84360405014257
663,scarce,123.12551004967314,76.36928102350468,15.903786742897113,0.3143789477225628,0.9655319205727615,1092.9238147701908,1.3977904919196433,3,0,0,0,36,0.030000000000000002,0.6736860000000002,0.0,0.051176396092690125,100.0,46.05190063932296,0.0,0.0,24.325666783590812,211.7544342814627
664,scarce,123.12301769778752,76.36025715606698,15.899474847556421,0.3120576895653832,0.974464381192056,1096.7889223884704,1.3976701402575704,3,0,0,0,36,0.030000000000000002,0.6823230000000002,0.0,0.051176482904993305,100.0,46.05197875876601,0.0,0.0,24.325666783590812,211.1687395228081
665,scarce,123.12065359817679,76.35119986643203,15.894986855974313,0.31202468296386826,0.9835724267580159,1100.703144869396,1.3975217514659215,3,0,0,0,36,0.030000000000000002,0.6909600000000002,0.0,0.051176569717148915,100.0,46.05205687807627,0.0,0.0,24.325666783590812,211.71199409169597
666,scarce,123.11827314990516,76.34198898776256,15.890478493363243,0.3171169077054426,0.992777856198455,1104.6112620418353,1.3973790544053106,3,0,0,0,36,0.030000000000000002,0.6995970000000002,0.0,0.05117665652915697,100.0,46.05213499725376,0.0,0.0,24.325666783590812,212.0412674349579
667,scarce,123.11596429086237,76.33253588699331,15.88606447234542,0.3243659528539237,1.0019684822704726,1108.5031000732488,1.3972618818644362,3,0,0,0,36,0.030000000000000002,0.7082340000000004,0.0,0.051176743341017475,100.0,46.05221311629846,0.0,0.0,24.325666783590812,212.20685153515416
668,scarce,123.11351095362706,76.32330056420977,15.881661342721596,0.3185209752478137,1.0114842375829753,1112.3409318506456,1.3971819616417602,3,0,0,0,36,0.030000000000000002,0.7168710000000004,0.0,0.05117683015273041,100.0,46.05229123521038,0.0,0.0,24.325666783590812,211.8353091406137
669,scarce,123.11113884600485,76.31422640681326,15.877423721759653,0.31263615172425907,1.020719896258448,1116.151753032107,1.397139272123808,3,0,0,0,36,0.030000000000000002,0.7255080000000004,0.0,0.05117691696429579,100.0,46.05236935398951,0.0,0.0,24.325666783590812,211.33496158111478
670,scarce,123.1085739726127,76.30503615009351,15.873259831488204,0.31804855340781846,1.02981980645395,1119.9835690738983,1.3971249458295725,3,0,0,0,36,0.030000000000000002,0.7341450000000004,0.0,0.05117700377571361,100.0,46.05244747263586,0.0,0.0,24.325666783590812,211.8127047171029
671,scarce,123.1060178969015,76.29569186273044,15.868924286914194,0.3229193730907997,1.039394595973957,1123.8666666683857,1.397064676234411,3,0,0,0,36,0.030000000000000002,0.7427820000000005,0.0,0.05117709058698389,100.0,46.05252559114944,0.0,0.0,24.325666783590812,211.55080071759235
672,scarce,123.10352710903759,76.2862610453663,15.864526698583328,0.32513986791719424,1.049122796762918,1127.7339778788082,1.396982083607799,3,0,0,0,36,0.030000000000000002,0.7514190000000001,0.0,0.05117717739810659,100.0,46.052603709530224,0.0,0.0,24.325666783590812,211.72889296112615
673,scarce,123.10103033813046,76.2768154328468,15.860180683172725,0.32566762338853955,1.0588128947814703,1131.5836432990982,1.3969723710694502,3,0,0,0,36,0.030000000000000002,0.7600560000000001,0.0,0.05117726420908174,100.0,46.05268182777823,0.0,0.0,24.325666783590812,211.60056794244008
674,scarce,123.09836031363187,76.26747098757242,15.855805310082356,0.32394733507020235,1.0687807471711928,1135.4068996274873,1.39700338169852,3,0,0,0,36,0.030000000000000002,0.7686930000000002,0.0,0.05117735101990934,100.0,46.05275994589346,0.0,0.0,24.325666783590812,211.57057589640362
675,scarce,123.09563679349013,76.25813281860002,15.851593929985121,0.32424092845967645,1.078890461210588,1139.2204914824251,1.3970305791943993,3,0,0,0,36,0.030000000000000002,0.7773300000000002,0.0,0.05117743783058938,100.0,46.0528380638759,0.0,0.0,24.325666783590812,211.1107323070042
676,scarce,123.09301616139538,76.24877079797123,15.847260579493962,0.324062995983847,1.089477577375546,1143.0133768847736,1.3970214817409579,3,0,0,0,36,0.030000000000000002,0.7859670000000002,0.0,0.05117752464112186,100.0,46.052916181725564,0.0,0.0,24.325666783590812,211.53098639748362
677,scarce,123.09024607052402,76.23942889283114,15.842819275548813,0.32479839059995214,1.0995665266830836,1146.825944811928,1.3970037045221222,3,0,0,0,36,0.030000000000000002,0.7946040000000002,0.0,0.051177611451506795,100.0,46.05299429944246,0.0,0.0,24.325666783590812,211.18191648751286
678,scarce,123.08756087877097,76.22989941734632,15.838370935277274,0.33001878358332626,1.1097186647270152,1150.6288411312853,1.3969482878373183,3,0,0,0,36,0.030000000000000002,0.8032410000000003,0.0,0.05117769826174416,100.0,46.053072417026556,0.0,0.0,24.325666783590812,211.67351510642487
679,scarce,123.08493683984459,76.22026757452187,15.834079840771787,0.332762805885497,1.1203249050289807,1154.5188308065044,1.3968440995710234,3,0,0,0,36,0.030000000000000002,0.8118780000000003,0.0,0.05117778507183398,100.0,46.053150534477886,0.0,0.0,24.325666783590812,211.05958519446264
680,scarce,123.08234004995305,76.21058469484129,15.829847835672176,0.3341680825390762,1.1311965687924086,1158.4110530366306,1.3967324762410966,3,0,0,0,36,0.030000000000000002,0.8205150000000003,0.0,0.051177871881776256,100.0,46.05322865179644,0.0,0.0,24.325666783590812,211.8045729357711
681,scarce,123.0798199398918,76.20070666661839,15.825817769907397,0.33981432232819886,1.141839662296721,1162.3475985836558,1.3966367041818806,3,0,0,0,36,0.030000000000000002,0.8291520000000003,0.0,0.05117795869157096,100.0,46.05330676898221,0.0,0.0,24.325666783590812,211.45055510361416
682,scarce,123.07718231374686,76.19067552471164,15.821767335255092,0.34573734351929336,1.1523759638716797,1166.2824065565947,1.396578515255955,3,0,0,0,36,0.030000000000000002,0.8377890000000003,0.0,0.05117804550121812,100.0,46.0533848860352,0.0,0.0,24.325666783590812,211.00525507534329
683,scarce,123.07439502536138,76.18036792798063,15.817708536151295,0.35592684471929836,1.1632383895099467,1170.2271043315923,1.3965219312280548,3,0,0,0,36,0.030000000000000002,0.8464260000000005,0.0,0.05117813231071772,100.0,46.053463002955404,0.0,0.0,24.325666783590812,211.14334227465312
684,scarce,123.07136119171895,76.17012764944946,15.81338212000643,0.3560078821953298,1.1736291471758913,1174.1607647102064,1.3965009491269027,3,0,0,0,36,0.030000000000000002,0.8550630000000005,0.0,0.051178219120069764,100.0,46.05354111974284,0.0,0.0,24.325666783590812,210.86222786978428
685,scarce,123.06827547461496,76.1600163907791,15.808955753906186,0.3523874161333116,1.1840565725607313,1178.0802526906846,1.3964679874187786,3,0,0,0,36,0.030000000000000002,0.8637000000000005,0.0,0.05117830592927427,100.0,46.053619236397495,0.0,0.0,24.325666783590812,210.6273043393974
686,scarce,123.06509109274346,76.14975299508443,15.804379370835814,0.3582016488101439,1.1947281874310436,1181.9994244251866,1.3964212740515858,3,0,0,0,36,0.030000000000000002,0.8723370000000005,0.0,0.051178392738331205,100.0,46.053697352919365,0.0,0.0,24.325666783590812,210.42433479897946
687,scarce,123.06211238568615,76.13911811653715,15.799706014645839,0.36813846647515025,1.2055339008931134,1185.920739103116,1.3963617310415481,3,0,0,0,36,0.030000000000000002,0.8809740000000006,0.0,0.0511784795472406,100.0,46.05377546930847,0.0,0.0,24.325666783590812,210.70458556998003
688,scarce,123.05894510179331,76.12843155101582,15.79501657452205,0.37153490923056853,1.216744785493189,1189.8762104989291,1.396259182205368,3,0,0,0,36,0.030000000000000002,0.8896110000000006,0.0,0.05117856635600244,100.0,46.05385358556479,0.0,0.0,24.325666783590812,210.0483625457768
689,scarce,123.05580857740352,76.11782371313842,15.790265321962238,0.36872755627524967,1.2282435773269482,1193.8540221238218,1.3961105108124456,3,0,0,0,36,0.030000000000000002,0.8982480000000002,0.0,0.05117865316461672,100.0,46.053931701688334,0.0,0.0,24.325666783590812,210.4933381227826
690,scarce,123.05258190846381,76.1071087559921,15.785531836848609,0.3730083393371935,1.2397917266418708,1197.7667234865294,1.3959876561573006,3,0,0,0,36,0.030000000000000002,0.9068850000000003,0.0,0.051178739973083455,100.0,46.0540098176791,0.0,0.0,24.325666783590812,210.7290938569718
691,scarce,123.04954719514012,76.0965251263687,15.780665295443125,0.3670039372519502,1.2516553012682885,1201.6937029570909,1.3958324494904744,3,0,0,0,36,0.030000000000000002,0.9155220000000005,0.0,0.051178826781402634,100.0,46.05408793353708,0.0,0.0,24.325666783590812,210.94232803239922
692,scarce,123.0465546865904,76.08596776168959,15.775799691473189,0.36577627708171356,1.2631373692518266,1205.5677789373149,1.3956822361573824,3,0,0,0,36,0.030000000000000002,0.9241590000000005,0.0,0.05117891358957427,100.0,46.05416604926231,0.0,0.0,24.325666783590812,210.9068285688846
693,scarce,123.04371299162919,76.07513276487921,15.771032735524336,0.3733815238734123,1.274703367505062,1209.4160615697256,1.3955508146016178,3,0,0,0,36,0.030000000000000002,0.9327960000000005,0.0,0.05117900039759835,100.0,46.054244164854744,0.0,0.0,24.325666783590812,211.18315179215344
694,scarce,123.04094214606751,76.06417475357017,15.766441445979543,0.3767634049461227,1.2859170204570307,1213.2800984755668,1.3953889203786478,3,0,0,0,36,0.030000000000000002,0.9414330000000005,0.0,0.05117908720547488,100.0,46.05432228031441,0.0,0.0,24.325666783590812,210.8885531555783
695,scarce,123.03824831872183,76.05310160261669,15.761833414505325,0.37987041329389754,1.2964833491026233,1217.1909071319606,1.395170932513091,3,0,0,0,36,0.030000000000000002,0.9500700000000006,0.0,0.05117917401320386,100.0,46.054400395641295,0.0,0.0,24.325666783590812,211.33391875191919
696,scarce,123.035557772793,76.04196156245702,15.75727751961767,0.3820115358274568,1.3065892492417144,1221.1262207567706,1.3949593724002018,3,0,0,0,36,0.030000000000000002,0.9587070000000004,0.0,0.0511792608207853,100.0,46.054478510835416,0.0,0.0,24.325666783590812,211.4143592070546
697,scarce,123.03275906645331,76.03064331410305,15.752902179828375,0.38863793915862455,1.3167178495948677,1225.0763716349393,1.394759304699366,3,0,0,0,36,0.030000000000000002,0.9673440000000002,0.0,0.05117934762821917,100.0,46.05455662589675,0.0,0.0,24.325666783590812,211.24053622805167
698,scarce,123.02991995341216,76.01930413851755,15.748564263776254,0.3896400986355034,1.326440147181875,1229.0091872578123,1.3945538114266358,3,0,0,0,36,0.030000000000000002,0.9759810000000001,0.0,0.05117943443550551,100.0,46.05463474082532,0.0,0.0,24.325666783590812,211.22981767644671
699,scarce,123.02714978918951,76.00785681064232,15.74416411792722,0.3925912849318421,1.3363784116044872,1232.9655641540012,1.394339228576535,3,0,0,0,36,0.030000000000000002,0.9846180000000001,0.0,0.0511795212426443,100.0,46.05471285562111,0.0,0.0,24.325666783590812,211.00659914112353
700,scarce,123.02430197608093,75.996384127259,15.739735286664386,0.39402834573113293,1.3463165064986338,1236.857569299813,1.3941357147005105,3,0,0,0,36,0.030000000000000002,0.9932550000000001,0.0,0.051179608049635526,100.0,46.054790970284124,0.0,0.0,24.325666783590812,210.9363413843422
701,scarce,123.02125137597366,75.9847786873416,15.735488864513847,0.39998943970834194,1.35609572438792,1240.6550794307987,1.393999693818086,3,0,0,0,36,0.030000000000000002,1.0,0.0,0.05117969485647921,100.0,46.05486908481436,0.0,0.0,24.325666783590812,210.4994879465998
702,scarce,123.01830868584335,75.97326090995976,15.731257216104435,0.3962583627167959,1.3662537576026237,1244.5450190017436,1.3937927534588332,3,0,0,0,36,0.030000000000000002,1.0,0.0,0.05117978166317536,100.0,46.054947199211846,0.0,0.0,24.325666783590812,210.57265291614235
703,scarce,123.01532689665322,75.96162606838469,15.727230045662745,0.4003617881253231,1.3765394284628774,1248.4247493899893,1.393597653323765,3,0,0,0,36,0.030000000000000002,1.0,0.0,0.05117986846972395,100.0,46.055025313476534,0.0,0.0,24.325666783590812,210.5766511132761
704,scarce,123.0124383239449,75.94979055275373,15.723043075267421,0.4060969814955698,1.386601718932896,1252.301633287454,1.3933867744911677,3,0,0,0,36,0.030000000000000002,1.0,0.0,0.05117995527612499,100.0,46.05510342760845,0.0,0.0,24.325666783590812,210.76765187239974
705,scarce,123.00954517114411,75.93803797448703,15.718746265805796,0.4034482330054223,1.3969278398947553,1256.1901514411074,1.3931592035855134,3,0,0,0,36,0.030000000000000002,1.0,0.0,0.05118004208237849,100.0,46.0551815416076,0.0,0.0,24.325666783590812,210.87390247386568
706,scarce,123.00639938736327,75.92627343690076,15.714401758221195,0.4059287022977581,1.407463868774717,1260.0727432018975,1.392977748768765,3,0,0,0,36,0.030000000000000002,1.0,0.0,0.05118012888848443,100.0,46.055259655473975,0.0,0.0,24.325666783590812,210.09171599103652
707,scarce,123.00337047210466,75.91457856956426,15.709941091358141,0.4026912929314869,1.4176926857350063,1263.916390565515,1.3927615285366823,3,0,0,0,36,0.030000000000000002,1.0,0.0,0.05118021569444284,100.0,46.05533776920758,0.0,0.0,24.325666783590812,210.60925381555694
708,scarce,123.00019335384624,75.9029195170162,15.705612501171588,0.40280624891191136,1.4277533956705364,1267.7211055379958,1.3923147086429815,3,0,0,0,36,0.030000000000000002,1.0,0.0,0.05118030250025369,100.0,46.05541588280842,0.0,0.0,24.325666783590812,210.34922173610846
709,scarce,122.99701549958513,75.89098039539395,15.701300218351852,0.4118270710657063,1.4380603579869247,1271.5189790658842,1.3918883734636764,3,0,0,0,36,0.030000000000000002,1.0,0.0,0.051180389305917014,100.0,46.05549399627649,0.0,0.0,24.325666783590812,210.30727949542631
710,scarce,122.99382339129518,75.87898556061914,15.697007596641178,0.4137439044326086,1.4482597900143697,1275.3016589314866,1.39149176689257,3,0,0,0,36,0.030000000000000002,1.0,0.0,0.051180476111432775,100.0,46.055572109611774,0.0,0.0,24.325666783590812,210.42063570782742
711,scarce,122.99065396042293,75.86658691087831,15.692741803513899,0.4265778650407702,1.4585535040528668,1279.0994589835755,1.391057782629899,3,0,0,0,36,0.030000000000000002,1.0,0.0,0.051180562916800995,100.0,46.0556502228143,0.0,0.0,24.325666783590812,210.49002944953602
712,scarce,122.98742377327224,75.8541541509686,15.688590445396876,0.42818431649377653,1.4687214148358327,1282.8793280439786,1.3906433093204231,3,0,0,0,36,0.030000000000000002,1.0,0.0,0.05118064972202167,100.0,46.05572833588405,0.0,0.0,24.325666783590812,210.2422769933539
713,scarce,122.98410241495205,75.84162313240046,15.684667351328649,0.4321237572807915,1.4787377712750756,1286.6543726165983,1.3902377927800698,3,0,0,0,36,0.030000000000000002,1.0,0.0,0.051180736527094796,100.0,46.055806448821016,0.0,0.0,24.325666783590812,210.13997390729958
714,scarce,122.98086632576964,75.82912905051622,15.680718839667183,0.4302122929780804,1.489044339257781,1290.4081453791732,1.389832491860388,3,0,0,0,36,0.030000000000000002,1.0,0.0,0.05118082333202039,100.0,46.055884561625234,0.0,0.0,24.325666783590812,210.16332487648177
715,scarce,122.97758136322065,75.81680597118012,15.676875001324213,0.4251134009132782,1.4992516964579283,1294.1341907242168,1.3894557415264441,3,0,0,0,36,0.030000000000000002,1.0,0.0,0.05118091013679843,100.0,46.05596267429667,0.0,0.0,24.325666783590812,210.15290529589643
716,scarce,122.9742302542535,75.80449929306059,15.67299284883193,0.4251591305313112,1.5093970659729878,1297.839498952897,1.389107829758504,3,0,0,0,36,0.030000000000000002,1.0,0.0,0.05118099694142892,100.0,46.05604078683533,0.0,0.0,24.325666783590812,210.75417637659268
717,scarce,122.97093041985931,75.79219042689006,15.6691956062241,0.42478372723742214,1.5197964991704715,1301.5097790882428,1.38880286889513,3,0,0,0,36,0.030000000000000002,1.0,0.0,0.051181083745911876,100.0,46.056118899241234,0.0,0.0,24.325666783590812,211.14796856053093
718,scarce,122.96772167045509,75.77983030330944,15.66522566312944,0.4256612211450849,1.5299709447317853,1305.2287129368851,1.3885000880873246,3,0,0,0,36,0.030000000000000002,1.0,0.0,0.0511811705502473,100.0,46.05619701151438,0.0,0.0,24.325666783590812,211.2826110845971
719,scarce,122.96455175829448,75.76735799106767,15.66122206443986,0.4289611686151164,1.5401721203643723,1308.9030702457167,1.3882096436507234,3,0,0,0,36,0.030000000000000002,1.0,0.0,0.05118125735443516,100.0,46.056275123654736,0.0,0.0,24.325666783590812,211.35987036430913
720,scarce,122.96121899397998,75.75486598854712,15.657230222340733,0.43096460920530705,1.5501731646324464,1312.5626495585457,1.3879238622470011,3,0,0,0,36,0.030000000000000002,1.0,0.0,0.051181344158475486,100.0,46.05635323566232,0.0,0.0,24.325666783590812,211.50202246039132
721,scarce,122.95797929551902,75.74242182952612,15.653214787107743,0.4286318542868366,1.5599405663173527,1316.221462479596,1.3876347566996605,3,0,0,0,36,0.030000000000000002,1.0,0.0,0.05118143096236827,100.0,46.05643134753715,0.0,0.0,24.325666783590812,211.7156386873462
722,scarce,122.95473582445132,75.72983755825783,15.649064666471576,0.43318457436461766,1.5696851830987846,1319.830002367904,1.387343925236414,3,0,0,0,36,0.030000000000000002,1.0,0.0,0.051181517766113516,100.0,46.05650945927921,0.0,0.0,24.325666783590812,212.2364100087092
723,scarce,122.95148078245698,75.71727450744137,15.644926012678383,0.43259622462252356,1.5789498376801845,1323.384361713077,1.3870616904077304,3,0,0,0,36,0.030000000000000002,1.0,0.0,0.05118160456971121,100.0,46.05658757088849,0.0,0.0,24.325666783590812,213.00079894117724
724,scarce,122.94836770986346,75.70472534648427,15.640851899602744,0.43098422464086306,1.5873224663245944,1326.8734764866967,1.3868353695986355,3,0,0,0,36,0.030000000000000002,1.0,0.0,0.05118169137316138,100.0,46.05666568236502,0.0,0.0,24.325666783590812,213.65779710723848
725,scarce,122.94547716445722,75.69186529668809,15.636800737486782,0.43936334432751734,1.59528199340438,1330.4098519014005,1.3865852566345933,3,0,0,0,36,0.030000000000000002,1.0,0.0,0.05118177817646399,100.0,46.056743793708776,0.0,0.0,24.325666783590812,214.1085225842464
726,scarce,122.94256595988213,75.67885729879073,15.632760397509944,0.4443261081891981,1.603467793288875,1333.9007971095125,1.38628495268629,3,0,0,0,36,0.030000000000000002,1.0,0.0,0.05118186497961907,100.0,46.05682190491976,0.0,0.0,24.325666783590812,214.35279970331416
727,scarce,122.939608141214,75.66581537873932,15.628674287841541,0.4457707057570294,1.61175454491735,1337.3726420564271,1.3859454961835613,3,0,0,0,36,0.030000000000000002,1.0,0.0,0.0511819517826266,100.0,46.056900015997975,0.0,0.0,24.325666783590812,214.5465530149113
728,scarce,122.9367189148563,75.65281588753797,15.624595907443437,0.44388987678384134,1.6202396234077734,1340.8863209705742,1.3856234835318468,3,0,0,0,36,0.030000000000000002,1.0,0.0,0.051182038585486596,100.0,46.056978126943434,0.0,0.0,24.325666783590812,214.1337941441583
729,scarce,122.93389718762258,75.63975675536221,15.620475624793146,0.44535014659599426,1.6292668747478525,1344.4143725926915,1.3853183009416632,3,0,0,0,36,0.030000000000000002,1.0,0.0,0.05118212538819906,100.0,46.05705623775613,0.0,0.0,24.325666783590812,213.92797758716426
730,scarce,122.93096121524498,75.62675540461174,15.616463959987962,0.4442910146625743,1.6381646619540198,1347.954835373508,1.3850140930674393,3,0,0,0,36,0.030000000000000002,1.0,0.0,0.05118221219076397,100.0,46.057134348436044,0.0,0.0,24.325666783590812,213.58299264274268
731,scarce,122.9284682427275,75.61354116051969,15.61248003437864,0.4482449217623515,1.6471908624681202,1351.494658237898,1.3847961531181279,3,0,0,0,36,0.030000000000000002,1.0,0.0,0.05118229899318135,100.0,46.0572124589832,0.0,0.0,24.325666783590812,214.33289431460292
732,scarce,122.92622081944715,75.60027221895933,15.60851189920632,0.44859747055966764,1.6564860295366377,1354.9683736332736,1.3846063886658249,3,0,0,0,36,0.030000000000000002,1.0,0.0,0.05118238579545119,100.0,46.057290569397594,0.0,0.0,24.325666783590812,214.817526561245
733,scarce,122.92376600318097,75.58711647215696,15.60434869651534,0.44609390743998656,1.6659276179766727,1358.4264759533544,1.3843673378365713,3,0,0,0,36,0.030000000000000002,1.0,0.0,0.05118247259757348,100.0,46.057368679679215,0.0,0.0,24.325666783590812,213.72310463761832
734,scarce,122.92125508134114,75.57394525516986,15.600204388945379,0.44694728176160364,1.6757089327588053,1361.9442170400434,1.3841156896132563,3,0,0,0,36,0.030000000000000002,1.0,0.0,0.05118255939954825,100.0,46.05744678982809,0.0,0.0,24.325666783590812,213.50868111066734
735,scarce,122.91858605361182,75.56071171377923,15.596075996662172,0.45000040340327313,1.6854833096986026,1365.5228087610085,1.3838518556460997,3,0,0,0,36,0.030000000000000002,1.0,0.0,0.05118264620137547,100.0,46.057524899844175,0.0,0.0,24.325666783590812,213.19748442100692
736,scarce,122.91592845535352,75.54759322706258,15.591938191269783,0.4461657916027887,1.6948539445731121,1369.0387921814909,1.383607433250603,3,0,0,0,36,0.030000000000000002,1.0,0.0,0.051182733003055154,100.0,46.05760300972751,0.0,0.0,24.325666783590812,213.04010186243812
737,scarce,122.91333104357338,75.53429435331743,15.587806654968144,0.4516716984285698,1.7044557851045277,1372.555735760856,1.3833838402340217,3,0,0,0,36,0.030000000000000002,1.0,0.0,0.051182819804587304,100.0,46.05768111947808,0.0,0.0,24.325666783590812,213.1057373435117
738,scarce,122.9107383267201,75.52064902325289,15.583565343937387,0.4629821369877864,1.7140340900256648,1376.0254128418746,1.3831466207669325,3,0,0,0,36,0.030000000000000002,1.0,0.0,0.05118290660597191,100.0,46.057759229095886,0.0,0.0,24.325666783590812,223.1692688308633
739,scarce,122.90835851400357,75.50700656041967,15.579319898785213,0.46161588255081387,1.7234338348000293,1379.5084122310218,1.3828981948791734,3,0,0,0,36,0.030000000000000002,1.0,0.0,0.051182993407208985,100.0,46.057837338580924,0.0,0.0,24.325666783590812,213.4914070023193
740,scarce,122.90595564492625,75.4933673936718,15.575135534452933,0.46164037154825327,1.732888151164114,1383.0064549239833,1.3826594754430193,3,0,0,0,36,0.030000000000000002,1.0,0.0,0.05118308020829852,100.0,46.057915447933205,0.0,0.0,24.325666783590812,223.27827283953673
741,scarce,122.90363617369164,75.47971981766479,15.571051731617352,0.4614425179998337,1.7421206884773444,1386.5612001557747,1.3824214863254725,3,0,0,0,36,0.030000000000000002,1.0,0.0,0.05118316700924052,100.0,46.05799355715271,0.0,0.0,24.325666783590812,223.11806150145804
742,scarce,122.90121662373437,75.46603124269126,15.566955153875243,0.46335888035290373,1.7516024978742617,1390.104280916894,1.3821896246513186,3,0,0,0,36,0.030000000000000002,1.0,0.0,0.05118325381003498,100.0,46.058071666239464,0.0,0.0,24.325666783590812,222.5743207685008
743,scarce,122.89896993488644,75.45224391211381,15.562777859241667,0.46563945903695186,1.7611868209635129,1393.6499293421657,1.3819256054151738,3,0,0,0,36,0.030000000000000002,1.0,0.0,0.051183340610681916,100.0,46.05814977519346,0.0,0.0,24.325666783590812,223.18880149640302
744,scarce,122.89665159961338,75.43832035253509,15.558530085680452,0.4705082237800462,1.770748538833821,1397.1533563205594,1.3817386291604579,3,0,0,0,36,0.030000000000000002,1.0,0.0,0.05118342741118131,100.0,46.05822788401469,0.0,0.0,24.325666783590812,223.0148298829504
745,scarce,122.89416813299565,75.42452114642184,15.554365554363358,0.46736340345132366,1.7803029212507626,1400.6606408026637,1.3815572642449658,3,0,0,0,36,0.030000000000000002,1.0,0.0,0.051183514211533165,100.0,46.058305992703154,0.0,0.0,24.325666783590812,212.87962414329988
746,scarce,122.89163803184834,75.4105014349405,15.549956545523587,0.4748727570342437,1.790062569785286,1404.1917823628391,1.3813775111382538,3,0,0,0,36,0.030000000000000002,1.0,0.0,0.05118360101173749,100.0,46.05838410125886,0.0,0.0,24.325666783590812,212.8650956084223
747,scarce,122.88901345279136,75.39623819925502,15.545552052667976,0.4834233335122239,1.7996714316016629,1407.7367772018406,1.3811389184641891,3,0,0,0,36,0.030000000000000002,1.0,0.0,0.05118368781179428,100.0,46.05846220968181,0.0,0.0,24.325666783590812,212.8942455140714
748,scarce,122.88658407808096,75.38196123336996,15.541107290988313,0.48273942403533543,1.8087885517402964,1411.334149134651,1.3809325996876243,3,0,0,0,36,0.030000000000000002,1.0,0.0,0.05118377461170353,100.0,46.05854031797198,0.0,0.0,24.325666783590812,213.0201082560469
749,scarce,122.88415443999965,75.36775522157971,15.536739126381548,0.48040944596028756,1.8179812448222714,1414.9532860968611,1.380778255814246,3,0,0,0,36,0.030000000000000002,1.0,0.0,0.051183861411465255,100.0,46.058618426129414,0.0,0.0,24.325666783590812,223.10583706883534
750,scarce,122.88168968842135,75.35382077597589,15.532366434470488,0.4716917244562769,1.827479210450017,1418.5535507258755,1.380641142087,3,0,0,0,36,0.030000000000000002,1.0,0.0,0.05118394821107943,100.0,46.05869653415406,0.0,0.0,24.325666783590812,213.1506650522828
751,scarce,122.87911790846232,75.3399630447811,15.52777923950714,0.4698117424686823,1.837233910411803,1422.0987147591222,1.380512670085719,3,0,0,0,36,0.030000000000000002,1.0,0.0,0.05118403501054609,100.0,46.05877464204596,0.0,0.0,24.325666783590812,223.21545761549098
752,scarce,122.87642951556988,75.3260475664837,15.522944379072605,0.47242635238995395,1.8471684759460598,1425.650468558677,1.3804008929143343,3,0,0,0,36,0.030000000000000002,1.0,0.0,0.051184121809865216,100.0,46.05885274980511,0.0,0.0,24.325666783590812,222.7141117696049
753,scarce,122.87363101304612,75.31234998616624,15.518129426320463,0.46601779046706227,1.856958384758979,1429.1891738273262,1.380300706377767,3,0,0,0,36,0.030000000000000002,1.0,0.0,0.0511842086090368,100.0,46.05893085743149,0.0,0.0,24.325666783590812,212.7238969340243
754,scarce,122.87075856226456,75.29863084439435,15.513214082357852,0.46722089047875226,1.866930627284238,1432.7157578710176,1.380162780055085,3,0,0,0,36,0.030000000000000002,1.0,0.0,0.05118429540806086,100.0,46.05900896492511,0.0,0.0,24.325666783590812,212.91308938847857
755,scarce,122.86814862274784,75.28483627891791,15.508416418779072,0.46797652002460993,1.877038296666178,1436.2395380167436,1.3800584270640597,3,0,0,0,36,0.030000000000000002,1.0,0.0,0.05118438220693738,100.0,46.05908707228597,0.0,0.0,24.325666783590812,213.68345054584486
756,scarce,122.86542200299861,75.27128359572097,15.503452370823899,0.46080807898629356,1.8863955306477784,1439.7468054065394,1.3798938588400593,3,0,0,0,36,0.030000000000000002,1.0,0.0,0.05118446900566637,100.0,46.059165179514075,0.0,0.0,24.325666783590812,213.5516780116651
757,scarce,122.8627180133541,75.25750737574984,15.498336051336231,0.4679693682890922,1.8956088677166827,1443.3010375570302,1.3797178337871576,3,0,0,0,36,0.030000000000000002,1.0,0.0,0.051184555804247835,100.0,46.05924328660942,0.0,0.0,24.325666783590812,213.89626686527018
758,scarce,122.8599049389412,75.24353488360025,15.493217820817936,0.4750952238155116,1.9048302522111666,1446.8318680043667,1.3795516660361227,3,0,0,0,36,0.030000000000000002,1.0,0.0,0.05118464260268176,100.0,46.05932139357201,0.0,0.0,24.325666783590812,213.65265113860903
759,scarce,122.85712060775742,75.22968243147916,15.488156741903936,0.47098352165964574,1.9133044819212053,1450.3602658738382,1.3794182853125445,3,0,0,0,36,0.030000000000000002,1.0,0.0,0.05118472940096817,100.0,46.059399500401845,0.0,0.0,24.325666783590812,213.4849903425683
760,scarce,122.85440901751912,75.21590081508174,15.483013142577708,0.4681947269931876,1.922181931786356,1453.9249407846146,1.3792859154476567,3,0,0,0,36,0.030000000000000002,1.0,0.0,0.05118481619910703,100.0,46.05947760709891,0.0,0.0,24.325666783590812,213.6594897523338
761,scarce,122.85160125975978,75.20219461875888,15.477960433931777,0.46636099664986613,1.9311444183580653,1457.527957235805,1.379128836977043,3,0,0,0,36,0.030000000000000002,1.0,0.0,0.05118490299709836,100.0,46.05955571366322,0.0,0.0,24.325666783590812,213.64302729008168
762,scarce,122.84883248040153,75.18844998493904,15.47288240351448,0.4673579379832152,1.939993518701986,1461.10072381809,1.3789948816234905,3,0,0,0,36,0.030000000000000002,1.0,0.0,0.051184989794942175,100.0,46.05963382009479,0.0,0.0,24.325666783590812,213.79911701972824
763,scarce,122.84610876765292,75.17485270289095,15.467781392130194,0.4622465554605006,1.9489910446735708,1464.6452239287391,1.3788318281964942,3,0,0,0,36,0.030000000000000002,1.0,0.0,0.051185076592638455,100.0,46.05971192639359,0.0,0.0,24.325666783590812,214.12160229180668
764,scarce,122.8433928180156,75.1611018987387,15.462642946815233,0.4672151506126812,1.9584440604235864,1468.2016982046553,1.37865435464002,3,0,0,0,36,0.030000000000000002,1.0,0.0,0.051185163390187194,100.0,46.05979003255962,0.0,0.0,24.325666783590812,214.22908058115544
765,scarce,122.84088971111277,75.14718028465187,15.457466975025454,0.47149511951117795,1.9682389360560977,1471.748956588177,1.3785463094831198,3,0,0,0,36,0.030000000000000002,1.0,0.0,0.05118525018758841,100.0,46.059868138592904,0.0,0.0,24.325666783590812,214.3846468316492
766,scarce,122.8385394796632,75.13307753260604,15.4522560298505,0.476574819976399,1.9779213272736251,1475.2639501722588,1.378433721061674,3,0,0,0,36,0.030000000000000002,1.0,0.0,0.0511853369848421,100.0,46.05994624449343,0.0,0.0,24.325666783590812,214.55432704480742
767,scarce,122.83609105355208,75.11889803452786,15.44711423242089,0.47964449354603705,1.9877131899255,1478.7747107856849,1.3783906683966294,3,0,0,0,36,0.030000000000000002,1.0,0.0,0.051185423781948264,100.0,46.06002435026121,0.0,0.0,24.325666783590812,214.28844226194659
768,scarce,122.83381941720819,75.1046090666502,15.441759165030893,0.48228038719843436,1.9976900265866593,1482.2696124952708,1.3783828448341329,3,0,0,0,36,0.030000000000000002,1.0,0.0,0.05118551057890689,100.0,46.06010245589622,0.0,0.0,24.325666783590812,214.56034865100122
769,scarce,122.8315610046968,75.09043519379814,15.436350742548212,0.4784222898662814,2.0079509351458684,1485.7477089939057,1.3783656142000187,3,0,0,0,36,0.030000000000000002,1.0,0.0,0.051185597375718,100.0,46.06018056139849,0.0,0.0,24.325666783590812,214.81232902866003
770,scarce,122.82933275175722,75.0762471408544,15.430905688301486,0.47873207247878896,2.0183178343790256,1489.1901166535026,1.3784283998632982,3,0,0,0,36,0.030000000000000002,1.0,0.0,0.051185684172381576,100.0,46.06025866676799,0.0,0.0,24.325666783590812,214.77381801357322
771,scarce,122.82709366676902,75.0619769508533,15.425239417568443,0.4814928455132081,2.028638539249571,1492.64139963856,1.378546602135072,3,0,0,0,36,0.030000000000000002,1.0,0.0,0.051185770968897634,100.0,46.06033677200475,0.0,0.0,24.325666783590812,214.3392933221915
772,scarce,122.82461990632594,75.04793764460372,15.41965580400615,0.4751860579444173,2.038246015972286,1496.1087245226372,1.3786599825951815,3,0,0,0,36,0.030000000000000002,1.0,0.0,0.05118585776526616,100.0,46.060414877108755,0.0,0.0,24.325666783590812,213.68047287678382
773,scarce,122.82208206987232,75.03384249891691,15.413879648458638,0.4773930896000271,2.0484250304059004,1499.5633985212116,1.3788254983197874,3,0,0,0,36,0.030000000000000002,1.0,0.0,0.051185944561487146,100.0,46.06049298207999,0.0,0.0,24.325666783590812,213.6994795159272
774,scarce,122.8195714075597,75.01970354982336,15.408165995506986,0.47867096878036247,2.0583540229451964,1503.0335648401378,1.3790077417295317,3,0,0,0,36,0.030000000000000002,1.0,0.0,0.05118603135756062,100.0,46.060571086918486,0.0,0.0,24.325666783590812,213.64784215737143
775,scarce,122.81699680179514,75.00564924475462,15.40256354039741,0.4762726644455762,2.068501214927511,1506.3815357321873,1.379233839430892,4,0,0,0,36,0.030000000000000002,1.0,0.0,0.05118611815348656,100.0,46.06064919162422,0.0,0.0,24.325666783590812,213.47352570872374
776,scarce,122.81449678910187,74.99159865045728,15.396858366267471,0.4757091356599844,2.078630549914399,1509.6805245584255,1.3794916757477296,4,0,0,0,36,0.030000000000000002,1.0,0.0,0.05118620494926497,100.0,46.06072729619719,0.0,0.0,24.325666783590812,213.5511419968266
777,scarce,122.81201608159138,74.97766538048332,15.391193617471336,0.47174607331579066,2.08861392712701,1512.9403150200815,1.3797408479204123,4,0,0,0,36,0.030000000000000002,1.0,0.0,0.05118629174489587,100.0,46.06080540063743,0.0,0.0,24.325666783590812,214.0324319775242
778,scarce,122.80959136010286,74.96387540422877,15.385513966615068,0.4667175203216732,2.0989040572761404,1516.2210218806867,1.3799867569249822,4,0,0,0,36,0.030000000000000002,1.0,0.0,0.05118637854037923,100.0,46.0608835049449,0.0,0.0,24.325666783590812,214.41818965013158
779,scarce,122.80700597549804,74.95017169135528,15.379901513320075,0.46484879270740237,2.1086766124718097,1519.4800401939647,1.3802090084218404,4,0,0,0,36,0.030000000000000002,1.0,0.0,0.05118646533571509,100.0,46.06096160911964,0.0,0.0,24.325666783590812,214.2235569593308
780,scarce,122.80438768651925,74.9366037876623,15.374297846405135,0.46060762742562633,2.118417179574054,1522.7412759449144,1.3804313601373326,4,0,0,0,36,0.030000000000000002,1.0,0.0,0.051186552130903396,100.0,46.0610397131616,0.0,0.0,24.325666783590812,214.16544728164575
781,scarce,122.80172487508617,74.92304897070849,15.368637927264324,0.46046308499577027,2.1279295905556666,1525.9923449521884,1.3806427381510504,4,0,0,0,36,0.030000000000000002,1.0,0.0,0.05118663892594419,100.0,46.061117817070816,0.0,0.0,24.325666783590812,214.25608327542898
782,scarce,122.7991183034382,74.90954952993778,15.363045417946147,0.4582928671579772,2.1371522602079596,1529.2356774230138,1.3808602851509817,4,0,0,0,36,0.030000000000000002,1.0,0.0,0.05118672572083745,100.0,46.061195920847275,0.0,0.0,24.325666783590812,214.0631511062615
783,scarce,122.79626570611215,74.89630309812028,15.357430997103457,0.451670070589888,2.146761582029489,1532.533248776781,1.381070928351092,4,0,0,0,36,0.030000000000000002,1.0,0.0,0.0511868125155832,100.0,46.061274024491,0.0,0.0,24.325666783590812,213.48203836738168
784,scarce,122.79346048905558,74.88302110641717,15.35204732710529,0.4524999034204609,2.156317774720018,1535.8131346379523,1.3812660656859577,4,0,0,0,36,0.030000000000000002,1.0,0.0,0.05118689931018142,100.0,46.061352128001964,0.0,0.0,24.325666783590812,213.67391210381808
785,scarce,122.7906240594694,74.8696479251107,15.34655469034763,0.45568911314232785,2.1658944603039236,1539.0794037209125,1.3814471597813913,4,0,0,0,36,0.030000000000000002,1.0,0.0,0.051186986104632126,100.0,46.061430231380186,0.0,0.0,24.325666783590812,213.597149406496
786,scarce,122.78790461393565,74.85629806554711,15.341206858870752,0.4541342610808155,2.1754348572501496,1542.2986214987977,1.3816286516705947,4,0,0,0,36,0.030000000000000002,1.0,0.0,0.051187072898935294,100.0,46.06150833462564,0.0,0.0,24.325666783590812,213.57079559658234
787,scarce,122.78527365260094,74.84278283264018,15.335764906870034,0.45896438747504037,2.1846784042185186,1545.4807387225082,1.3818146492601437,4,0,0,0,36,0.030000000000000002,1.0,0.0,0.05118715969309094,100.0,46.06158643773834,0.0,0.0,24.325666783590812,213.70934444773664
788,scarce,122.78271649316586,74.82899741995254,15.330237224886417,0.46735267119380913,2.1940358074361557,1548.5640489748184,1.3820306286786963,4,0,0,0,36,0.030000000000000002,1.0,0.0,0.05118724648709908,100.0,46.06166454071832,0.0,0.0,24.325666783590812,213.66826372629856
789,scarce,122.78017384224398,74.81527955627325,15.324577209715521,0.4650506037394106,2.2036192631340352,1551.6368240132506,1.3821827939456235,4,0,0,0,36,0.030000000000000002,1.0,0.0,0.051187333280959695,100.0,46.06174264356553,0.0,0.0,24.325666783590812,213.65999623968872
790,scarce,122.77779009972232,74.8014499682535,15.319027630711155,0.46778405892489433,2.213142523886122,1554.6648953884433,1.382331930561873,4,0,0,0,36,0.030000000000000002,1.0,0.0,0.05118742007467278,100.0,46.06182074627999,0.0,0.0,24.325666783590812,214.07560966032963
791,scarce,122.77534076379114,74.78756624590557,15.31325205957348,0.4699373394852392,2.2226530901479964,1557.5597134302734,1.382542319053661,4,0,0,0,36,0.030000000000000002,1.0,0.0,0.05118750686823834,100.0,46.0618988488617,0.0,0.0,24.325666783590812,213.73579549384027
792,scarce,122.77309801789407,74.77362802871464,15.307511985638257,0.4705833349511625,2.232545509688352,1560.4489119824357,1.3827725865302007,4,0,0,0,36,0.030000000000000002,1.0,0.0,0.051187593661656386,100.0,46.06197695131066,0.0,0.0,24.325666783590812,214.20011653178588
793,scarce,122.77077453458907,74.75971076342191,15.301931393930706,0.470329491947819,2.2426668338252873,1563.4628847041022,1.383007895306549,4,0,0,0,36,0.030000000000000002,1.0,0.0,0.05118768045492691,100.0,46.06205505362687,0.0,0.0,24.325666783590812,214.30612093019406
794,scarce,122.76843067939681,74.74608754139328,15.29628034198698,0.4607793345135804,2.2527816484433307,1566.5603400088876,1.3832500592458346,4,0,0,0,36,0.030000000000000002,1.0,0.0,0.05118776724804992,100.0,46.06213315581035,0.0,0.0,24.325666783590812,214.45043372355732
795,scarce,122.76596004601149,74.73236165974322,15.290465787264727,0.4648821312941056,2.2630956876647157,1569.7025989392787,1.3834305838882457,4,0,0,0,36,0.030000000000000002,1.0,0.0,0.0511878540410254,100.0,46.062211257861065,0.0,0.0,24.325666783590812,214.42549881741775
796,scarce,122.76359078666873,74.71872629817936,15.284839143056754,0.4613223442927536,2.273582920366889,1572.8272729538148,1.3836183906599513,4,0,0,0,36,0.030000000000000002,1.0,0.0,0.05118794083385336,100.0,46.06228935977903,0.0,0.0,24.325666783590812,214.83086893466748
797,scarce,122.76130341797936,74.70507551195816,15.27930592375893,0.46136996480063525,2.2842389573446407,1575.9506282854418,1.3837604920574216,4,0,0,0,36,0.030000000000000002,1.0,0.0,0.05118802762653381,100.0,46.06236746156425,0.0,0.0,24.325666783590812,215.79378611821414
798,scarce,122.75917983291427,74.6911288657144,15.27372628758492,0.4702464542694931,2.2950668273129704,1579.0210524341746,1.3839539661520543,4,0,0,0,36,0.030000000000000002,1.0,0.0,0.05118811441906673,100.0,46.06244556321673,0.0,0.0,24.325666783590812,216.13070384796984
799,scarce,122.7570230859613,74.67724635104776,15.268125638253508,0.46830162512826784,2.3056521218067525,1582.2796235702226,1.3841210045011312,4,0,0,0,36,0.030000000000000002,1.0,0.0,0.051188201211452136,100.0,46.062523664736446,0.0,0.0,24.325666783590812,216.3116812950876
800,scarce,122.75466028124134,74.66329822427144,15.262496052617415,0.471561338903441,2.3151829395363057,1585.7612701505095,1.38429085359256,4,0,0,0,36,0.030000000000000002,1.0,0.0,0.051188288003690026,100.0,46.06260176612343,0.0,0.0,24.325666783590812,215.91300948403807
801,scarce,122.75238040142739,74.64920645045952,15.256550020416263,0.47583370243075007,2.3243570398425444,1589.2024577784978,1.3844540549537805,4,0,0,0,36,0.030000000000000002,1.0,0.0,0.0511883747957804,100.0,46.06267986737767,0.0,0.0,24.325666783590812,216.39276568349925
802,scarce,122.75008841668783,74.63495538671233,15.250427008160626,0.48113986413325943,2.333622642171164,1592.57943918182,1.3846474560486974,4,0,0,0,36,0.030000000000000002,1.0,0.0,0.05118846158772324,100.0,46.06275796849915,0.0,0.0,24.325666783590812,216.26864753144102
803,scarce,122.74785788608685,74.62062809513014,15.244436611937314,0.4833293687691101,2.3429412748750402,1595.994583063577,1.384843595271058,4,0,0,0,36,0.030000000000000002,1.0,0.0,0.051188548379518584,100.0,46.062836069487894,0.0,0.0,24.325666783590812,216.39160597466815
804,scarce,122.74557747256482,74.60634756627906,15.238491768842746,0.48204862606022125,2.351613629018095,1599.4352446702978,1.3850126497784339,4,0,0,0,36,0.030000000000000002,1.0,0.0,0.0511886351711664,100.0,46.06291417034389,0.0,0.0,24.325666783590812,216.52266938137674
805,scarce,122.74294152101409,74.59224646037647,15.232649564096764,0.47817875348259087,2.36032948902513,1602.9054097511362,1.3851604417177656,4,0,0,0,36,0.030000000000000002,1.0,0.0,0.05118872196266669,100.0,46.062992271067124,0.0,0.0,24.325666783590812,215.91621964718263
806,scarce,122.740344974714,74.57798811625258,15.22683574754458,0.4830946880317784,2.3685146332316065,1606.4634093243658,1.3852557906496537,4,0,0,0,36,0.030000000000000002,1.0,0.0,0.05118880875401947,100.0,46.06307037165763,0.0,0.0,24.325666783590812,216.14685184454657
807,scarce,122.73788645590326,74.5636997519413,15.220898403566038,0.4832777777676799,2.376993940680247,1610.0029561609335,1.3853736233793057,4,0,0,0,36,0.030000000000000002,1.0,0.0,0.05118889554522473,100.0,46.06314847211539,0.0,0.0,24.325666783590812,216.27113207901658
808,scarce,122.73542804330572,74.54926766436114,15.214882211679317,0.48799925366588404,2.385290483494774,1613.5192974222336,1.3855224088969351,4,0,0,0,36,0.030000000000000002,1.0,0.0,0.05118898233628249,100.0,46.063226572440406,0.0,0.0,24.325666783590812,216.09718063769955
809,scarce,122.73311693083004,74.53471062456846,15.208917961611702,0.4913119041016059,2.3936798625077786,1617.0043209877003,1.3857282780944815,4,0,0,0,36,0.030000000000000002,1.0,0.0,0.05118906912719272,100.0,46.06330467263267,0.0,0.0,24.325666783590812,216.0386286631413
810,scarce,122.73078322129501,74.52005825096195,15.202711105710016,0.49456855776684155,2.4020040514566197,1620.5067310129853,1.385951918743881,5,0,0,0,36,0.030000000000000002,1.0,0.0,0.05118915591795544,100.0,46.0633827726922,0.0,0.0,24.325666783590812,215.512908618164
811,scarce,122.72861021352492,74.50526115985237,15.19649076652755,0.498526571312911,2.410219998350066,1623.9803058091748,1.3862363924190453,5,0,0,0,36,0.030000000000000002,1.0,0.0,0.051189242708570636,100.0,46.063460872618975,0.0,0.0,24.325666783590812,215.66071504687184
812,scarce,122.72632865695115,74.4904745577313,15.190127848358925,0.498719585744715,2.418429223153212,1627.4542808627593,1.3864915896984462,5,0,0,0,36,0.030000000000000002,1.0,0.0,0.05118932949903832,100.0,46.063538972413006,0.0,0.0,24.325666783590812,216.0360922215433
813,scarce,122.72412552598934,74.47551981945378,15.183912740603628,0.5038716580257689,2.4266936771086383,1630.9789489306568,1.3867592487165414,5,0,0,0,36,0.030000000000000002,1.0,0.0,0.0511894162893585,100.0,46.0636170720743,0.0,0.0,24.325666783590812,215.95679475361482
814,scarce,122.72183439031443,74.46042705472257,15.177759907616073,0.5088558515723954,2.434844122811866,1634.4648432779286,1.3870795378413112,5,0,0,0,36,0.030000000000000002,1.0,0.0,0.05118950307953115,100.0,46.06369517160285,0.0,0.0,24.325666783590812,225.39180052857017
815,scarce,122.71950953849971,74.44524741739912,15.1715642972134,0.5118879274395913,2.4429436915911507,1637.9014577982562,1.3874300704772566,5,0,0,0,36,0.030000000000000002,1.0,0.0,0.05118958986955629,100.0,46.06377327099865,0.0,0.0,24.325666783590812,224.95319449281203
816,scarce,122.71726102683982,74.42997594541376,15.16530773320019,0.5145371828534333,2.4512510829633216,1641.3243938435662,1.3877662698409639,5,0,0,0,36,0.030000000000000002,1.0,0.0,0.05118967665943393,100.0,46.06385137026173,0.0,0.0,24.325666783590812,225.13750527502688
817,scarce,122.71494253142954,74.41469497163624,15.159057506754941,0.5151953033737456,2.4595361399080344,1644.7528771083744,1.3881276537243858,6,0,0,0,36,0.030000000000000002,1.0,0.0,0.05118976344916404,100.0,46.063929469392036,0.0,0.0,24.325666783590812,225.2053710794038
818,scarce,122.71262652525303,74.39941135508622,15.152877781590481,0.5152699610213403,2.468153333466298,1648.1569964168557,1.3885198527123523,6,0,0,0,36,0.030000000000000002,1.0,0.0,0.05118985023874665,100.0,46.06400756838963,0.0,0.0,24.325666783590812,225.0774324754484
819,scarce,122.71036328482101,74.3841089837411,15.146701160550785,0.5156278007723589,2.47657101674733,1651.5731256064282,1.3888855155268982,6,0,0,0,36,0.030000000000000002,1.0,0.0,0.05118993702818173,100.0,46.06408566725446,0.0,0.0,24.325666783590812,225.24672775826886
820,scarce,122.70821782577445,74.36878777578534,15.140527186033601,0.5156898376003632,2.484813287961224,1654.9420110899227,1.3892706945335047,6,0,0,0,36,0.030000000000000002,1.0,0.0,0.051190023817469316,100.0,46.06416376598656,0.0,0.0,24.325666783590812,225.28013704931843
821,scarce,122.7061097537601,74.35341618533295,15.134659198616045,0.5171822810549559,2.4932406953219277,1658.394551297377,1.3896079780573791,6,0,0,0,36,0.030000000000000002,1.0,0.0,0.05119011060660938,100.0,46.06424186458592,0.0,0.0,24.325666783590812,225.55581034181935
822,scarce,122.70420894755976,74.33784932543374,15.12875948489897,0.5227493464935018,2.5014442126468843,1661.9392502671762,1.3898926438773644,6,0,0,0,36,0.030000000000000002,1.0,0.0,0.05119019739560193,100.0,46.064319963052526,0.0,0.0,24.325666783590812,226.3770265876213
823,scarce,122.70240862701267,74.32222484949658,15.12298353533544,0.5242618115904133,2.5096849147286324,1665.4939165203577,1.3902002824014559,6,0,0,0,36,0.030000000000000002,1.0,0.0,0.05119028418444697,100.0,46.06439806138639,0.0,0.0,24.325666783590812,226.87826964521076
824,scarce,122.70072497965859,74.30657712371814,15.117135940887477,0.5246014258996893,2.518219708709679,1669.0572685934021,1.390496889200085,6,0,0,0,36,0.030000000000000002,1.0,0.0,0.051190370973144494,100.0,46.06447615958753,0.0,0.0,24.325666783590812,226.78070443390664
825,scarce,122.69901313672823,74.29093324626967,15.111267655767238,0.5245752862405332,2.526706730717898,1672.580481540379,1.3908309873432334,6,0,0,0,36,0.030000000000000002,1.0,0.0,0.051190457761694515,100.0,46.064554257655914,0.0,0.0,24.325666783590812,226.68776089828037
826,scarce,122.69701965239808,74.27512663860739,15.105384703597146,0.5310606008144052,2.5355666932393963,1676.0787484306493,1.3912373545892147,6,0,0,0,36,0.030000000000000002,1.0,0.0,0.05119054455009703,100.0,46.06463235559157,0.0,0.0,24.325666783590812,225.47111862266354
827,scarce,122.69503463127029,74.25929744530367,15.099576282590723,0.5317723714407723,2.5445875201162833,1679.619489479188,1.391628044055348,6,0,0,0,36,0.030000000000000002,1.0,0.0,0.05119063133835202,100.0,46.06471045339448,0.0,0.0,24.325666783590812,225.44648717713633
828,scarce,122.69291595739885,74.24345281393138,15.093889696773333,0.5328551213320971,2.5536863365615527,1683.2242701513715,1.3920220209330028,6,0,0,0,36,0.030000000000000002,1.0,0.0,0.05119071812645951,100.0,46.06478855106466,0.0,0.0,24.325666783590812,225.48147070367543
829,scarce,122.6907541725878,74.22787132872342,15.088100504688988,0.5243578028356272,2.5625680926677976,1686.800819882741,1.392419308197888,6,0,0,0,36,0.030000000000000002,1.0,0.0,0.05119080491441949,100.0,46.06486664860209,0.0,0.0,24.325666783590812,225.4949252065711
830,scarce,122.68862788139596,74.21211032514816,15.082256587875273,0.5301261358619658,2.571261112354292,1690.364509635143,1.3928329494110607,6,0,0,0,36,0.030000000000000002,1.0,0.0,0.051190891702231955,100.0,46.06494474600679,0.0,0.0,24.325666783590812,235.37374973010094
831,scarce,122.68644302113856,74.19647681887389,15.076421492433033,0.5261813510494064,2.5799413319051006,1693.926437428021,1.3932244229905886,6,0,0,0,36,0.030000000000000002,1.0,0.0,0.05119097848989691,100.0,46.06502284327874,0.0,0.0,24.325666783590812,235.15994178726507
832,scarce,122.6843182796776,74.1808029164997,15.070510668283625,0.5272420295063618,2.588879720315495,1697.4701025322647,1.3936817631538272,6,0,0,0,36,0.030000000000000002,1.0,0.0,0.05119106527741436,100.0,46.065100940417956,0.0,0.0,24.325666783590812,235.0238458147285
833,scarce,122.68213670365306,74.16515422752072,15.06466491300872,0.5266674480087745,2.5975129713571548,1701.0170182938418,1.3941373660621608,6,0,0,0,36,0.030000000000000002,1.0,0.0,0.05119115206478429,100.0,46.06517903742443,0.0,0.0,24.325666783590812,234.65031091091316
834,scarce,122.67998507186991,74.14959692069505,15.058908631814525,0.5235130423903082,2.6060652238545026,1704.5110951479182,1.3946063062870646,6,0,0,0,36,0.030000000000000002,1.0,0.0,0.05119123885200673,100.0,46.06525713429817,0.0,0.0,24.325666783590812,234.84959845543284
835,scarce,122.67808098549257,74.13410535520816,15.05319331657887,0.5202714528312866,2.6144055631446244,1707.971749755081,1.3950721943676687,6,0,0,0,36,0.030000000000000002,1.0,0.0,0.051191325639081645,100.0,46.065335231039164,0.0,0.0,24.325666783590812,225.39441955523975
836,scarce,122.6762460337211,74.11848535826333,15.047349310321462,0.524246922907046,2.6228833287901154,1711.421011038252,1.395570368531716,6,0,0,0,36,0.030000000000000002,1.0,0.0,0.05119141242600907,100.0,46.06541332764744,0.0,0.0,24.325666783590812,235.8439091799407
837,scarce,122.67437761366058,74.10287300242328,15.041590454105435,0.5241253543853466,2.631186710371342,1714.8368707280642,1.3960488530782564,6,0,0,0,36,0.030000000000000002,1.0,0.0,0.051191499212788975,100.0,46.065491424122975,0.0,0.0,24.325666783590812,226.11225680211078
838,scarce,122.67269756781337,74.08702821530812,15.035828625216084,0.5311202341105996,2.6393659393113644,1718.2469927603051,1.396581723406726,6,0,0,0,36,0.030000000000000002,1.0,0.0,0.05119158599942138,100.0,46.065569520465765,0.0,0.0,24.325666783590812,236.28276070104337
839,scarce,122.6710651690886,74.0712905774367,15.030072926394102,0.527402409475592,2.6474086519908395,1721.6382137061446,1.3971028721483325,6,0,0,0,36,0.030000000000000002,1.0,0.0,0.05119167278590627,100.0,46.06564761667582,0.0,0.0,24.325666783590812,236.8177637522445
840,scarce,122.66948382315205,74.0554859850665,15.023996649335398,0.5294502336908085,2.6552251727408627,1724.9741956040634,1.397640136566566,6,0,0,0,36,0.030000000000000002,1.0,0.0,0.05119175957224365,100.0,46.065725712753135,0.0,0.0,24.325666783590812,237.01597921615232
841,scarce,122.66775676487974,74.0394999137445,15.017909191307686,0.5359697406334988,2.6627470888643785,1728.333032944185,1.3981652769821866,6,0,0,0,36,0.030000000000000002,1.0,0.0,0.05119184635843353,100.0,46.06580380869772,0.0,0.0,24.325666783590812,236.9049225633754
842,scarce,122.66608745981472,74.02340858066829,15.011723100952944,0.5392562569257354,2.6700199500840367,1731.723775172606,1.3986247157950586,6,0,0,0,36,0.030000000000000002,1.0,0.0,0.051191933144475905,100.0,46.06588190450957,0.0,0.0,24.325666783590812,237.1908009339386
843,scarce,122.66434055726978,74.00740014353656,15.005546470636325,0.5367823145594879,2.677352428089767,1735.0459879914924,1.3991298666072045,6,0,0,0,36,0.030000000000000002,1.0,0.0,0.05119201993037078,100.0,46.06596000018868,0.0,0.0,24.325666783590812,237.29261267100387
844,scarce,122.66247270203235,73.99153644135998,14.99941297847708,0.5324429337553485,2.684729334098285,1738.3500023223787,1.3996247095738288,6,0,0,0,36,0.030000000000000002,1.0,0.0,0.051192106716118145,100.0,46.06603809573506,0.0,0.0,24.325666783590812,226.91204962331983
845,scarce,122.66033696110338,73.97573599017565,14.99334357672866,0.5314713820494069,2.69218502957556,1741.7021236612745,1.4001540136987105,6,0,0,0,36,0.030000000000000002,1.0,0.0,0.051192193501718,100.0,46.0661161911487,0.0,0.0,24.325666783590812,226.5043197856454
846,scarce,122.65823282231031,73.95989945669365,14.987276395608689,0.5325235443810171,2.699973684906814,1745.0129763620644,1.4007356252631733,6,0,0,0,36,0.030000000000000002,1.0,0.0,0.05119228028717035,100.0,46.06619428642961,0.0,0.0,24.325666783590812,216.6064749193924
847,scarce,122.6560428442155,73.94421356785065,14.98121539636503,0.5279342476414284,2.707953630073167,1748.3038956280361,1.4013234481495476,6,0,0,0,36,0.030000000000000002,1.0,0.0,0.051192367072475195,100.0,46.066272381577775,0.0,0.0,24.325666783590812,226.18189350098044
848,scarce,122.65375409261429,73.92834910680173,14.975070582966557,0.5342902959012413,2.7160554136794537,1751.599438111345,1.4019531479343637,6,0,0,0,36,0.030000000000000002,1.0,0.0,0.05119245385763254,100.0,46.066350476593215,0.0,0.0,24.325666783590812,235.5876975244029
849,scarce,122.65124515100008,73.91252382210888,14.96896930157828,0.5340978100528665,2.724207260032239,1754.9127013964317,1.4026222477491275,6,0,0,0,36,0.030000000000000002,1.0,0.0,0.05119254064264238,100.0,46.06642857147592,0.0,0.0,24.325666783590812,235.05792571092874
850,scarce,122.64857706813012,73.89670373217074,14.962972921899656,0.53478335369768,2.732215704350553,1758.2280704479417,1.4032713020023495,6,0,0,0,36,0.030000000000000002,1.0,0.0,0.05119262742750471,100.0,46.066506666225884,0.0,0.0,24.325666783590812,234.3548113390894
851,scarce,122.64584867294644,73.88086417890213,14.956925456299738,0.5357607136145659,2.7401546261540783,1761.5348885539315,1.403946456982885,6,0,0,0,36,0.030000000000000002,1.0,0.0,0.05119271421221955,100.0,46.066584760843135,0.0,0.0,24.325666783590812,234.1636530285638
852,scarce,122.64305225799805,73.86508059806718,14.950733917514137,0.5343130174307684,2.748101393920208,1764.8520673952771,1.4046162843279957,6,0,0,0,36,0.030000000000000002,1.0,0.0,0.05119280099678688,100.0,46.06666285532764,0.0,0.0,24.325666783590812,233.59420157208237
853,scarce,122.6404139794089,73.8492363955491,14.944639858755965,0.5354118532581205,2.756029990866925,1768.206869652924,1.4052626453536485,6,0,0,0,36,0.030000000000000002,1.0,0.0,0.0511928877812067,100.0,46.06674094967941,0.0,0.0,24.325666783590812,233.68740118144953
854,scarce,122.63791104388643,73.83324879963894,14.938644500349504,0.5394111081296489,2.7641155743124752,1771.5860327453192,1.4058737052375823,6,0,0,0,36,0.030000000000000002,1.0,0.0,0.05119297456547903,100.0,46.06681904389845,0.0,0.0,24.325666783590812,233.64351349797087
855,scarce,122.63554461825356,73.81716630277994,14.932789686226089,0.5418555316846743,2.772278084970525,1774.8505305462131,1.4065480172663305,6,0,0,0,36,0.030000000000000002,1.0,0.0,0.05119306134960385,100.0,46.06689713798476,0.0,0.0,24.325666783590812,233.80561400501807
856,scarce,122.63319872983402,73.80093384938738,14.927073243431286,0.546702982145782,2.780430005177738,1778.0687802638895,1.40723877533455,6,0,0,0,36,0.030000000000000002,1.0,0.0,0.051193148133581175,100.0,46.066975231938336,0.0,0.0,24.325666783590812,233.48147557651393
857,scarce,122.6309958335967,73.78491351581769,14.92126045622711,0.5390360114925489,2.7886186842192355,1781.3026907583262,1.4079020730383511,6,0,0,0,36,0.030000000000000002,1.0,0.0,0.05119323491741099,100.0,46.067053325759176,0.0,0.0,24.325666783590812,234.07958022926212
858,scarce,122.62917224665398,73.76886900379087,14.915630670986255,0.5382604032293428,2.7970200625927477,1784.5467893999412,1.4085760192800747,6,0,0,0,36,0.030000000000000002,1.0,0.0,0.051193321701093315,100.0,46.0671314194473,0.0,0.0,24.325666783590812,234.52091367218438
859,scarce,122.62763118987323,73.75272526653282,14.910027536630906,0.5405707977657451,2.805299558442345,1787.7729889098991,1.4092610659622413,6,0,0,0,36,0.030000000000000002,1.0,0.0,0.05119340848462813,100.0,46.06720951300268,0.0,0.0,24.325666783590812,235.35915235833636
860,scarce,122.62619793292917,73.7366338314588,14.904536745376305,0.5385046251833396,2.813505044240064,1791.043694363154,1.4099167943637447,6,0,0,0,36,0.030000000000000002,1.0,0.0,0.05119349526801544,100.0,46.067287606425324,0.0,0.0,24.325666783590812,235.7060595787523
861,scarce,122.62475725583484,73.72047275131303,14.898888705497349,0.5408389182749763,2.8213140865634636,1794.2793433947663,1.4105751888602132,6,0,0,0,36,0.030000000000000002,1.0,0.0,0.05119358205125525,100.0,46.06736569971524,0.0,0.0,24.325666783590812,235.62678290818323
862,scarce,122.62350608528095,73.70416809512375,14.893247704972376,0.5450863756279264,2.8288233569920815,1797.4856660275873,1.411214289137006,6,0,0,0,36,0.030000000000000002,1.0,0.0,0.05119366883434757,100.0,46.06744379287243,0.0,0.0,24.325666783590812,235.91057497815893
863,scarce,122.62200685945615,73.68784218854447,14.88746563170369,0.5464866611247662,2.836322413674816,1800.6415693249946,1.411930409853208,6,0,0,0,36,0.030000000000000002,1.0,0.0,0.05119375561729239,100.0,46.067521885896895,0.0,0.0,24.325666783590812,235.41666617470617
864,scarce,122.62049286034618,73.67152364697958,14.881861804738946,0.5462874620868201,2.843527528652965,1803.752494523862,1.4126708055462498,6,0,0,0,36,0.030000000000000002,1.0,0.0,0.05119384240008971,100.0,46.06759997878863,0.0,0.0,24.325666783590812,235.29898615395027
865,scarce,122.61899911597278,73.65530943622343,14.875979558859667,0.5427623817084487,2.8507587310295204,1806.7831696140856,1.413405553113954,6,0,0,0,36,0.030000000000000002,1.0,0.0,0.051193929182739524,100.0,46.06767807154763,0.0,0.0,24.325666783590812,235.33515218153337
866,scarce,122.61761079227853,73.63894463287335,14.86999752148798,0.5474529217370505,2.858497611688642,1809.7866132912677,1.4141833833512012,6,0,0,0,36,0.030000000000000002,1.0,0.0,0.05119401596524184,100.0,46.06775616417389,0.0,0.0,24.325666783590812,235.8859470209143
867,scarce,122.61611516558712,73.62248148092688,14.863900476346547,0.5510316296753262,2.866130241197657,1812.7994504965463,1.414952859550725,6,0,0,0,36,0.030000000000000002,1.0,0.0,0.051194102747596656,100.0,46.06783425666743,0.0,0.0,24.325666783590812,235.80958649433265
868,scarce,122.61476100561546,73.60598294931339,14.857711807642747,0.5518003812077504,2.873449421914268,1815.7849480089499,1.4157474280809943,6,0,0,0,36,0.030000000000000002,1.0,0.0,0.05119418952980398,100.0,46.06791234902825,0.0,0.0,24.325666783590812,236.19174405275422
869,scarce,122.61368817524453,73.58922182267418,14.851705600831995,0.5598475300568945,2.88071239372885,1818.676638834906,1.4166137729826338,6,0,0,0,36,0.030000000000000002,1.0,0.0,0.0511942763118638,100.0,46.067990441256335,0.0,0.0,24.325666783590812,236.83909675742748
870,scarce,122.61260742835468,73.57255230692591,14.845580963851098,0.5568171145217451,2.88808812591263,1821.5884485088209,1.4174445369397186,7,0,0,0,36,0.030000000000000002,1.0,0.0,0.051194363093776125,100.0,46.06806853335169,0.0,0.0,24.325666783590812,226.8135398267533
871,scarce,122.6118414591564,73.55587025499497,14.839471630915675,0.5566542567873903,2.895157369355603,1824.4552120522567,1.4182714470334903,7,0,0,0,36,0.030000000000000002,1.0,0.0,0.051194449875540955,100.0,46.06814662531432,0.0,0.0,24.325666783590812,227.23089839758543
872,scarce,122.61091897890184,73.53911504000696,14.83321743427151,0.5593529983776435,2.901437832273313,1827.2724631708588,1.4191206790022002,7,0,0,0,36,0.030000000000000002,1.0,0.0,0.05119453665715829,100.0,46.06822471714423,0.0,0.0,24.325666783590812,227.1135355861094
873,scarce,122.60978492659541,73.52236547817664,14.826919568646478,0.5595969741602973,2.906694444030381,1829.9663216801782,1.4200084965300477,7,0,0,0,36,0.030000000000000002,1.0,0.0,0.05119462343862812,100.0,46.0683028088414,0.0,0.0,24.325666783590812,226.61258349270008
874,scarce,122.60864384926455,73.50567038530511,14.820556363346867,0.5578014217191543,2.912181790513514,1832.590418844844,1.4209347899364195,7,0,0,0,36,0.030000000000000002,1.0,0.0,0.05119471021995046,100.0,46.06838090040585,0.0,0.0,24.325666783590812,226.53347298552384
875,scarce,122.60760209574967,73.48893642890845,14.814056420246809,0.5588783877568546,2.9174721894673428,1835.1500035236386,1.4218535242595947,7,0,0,0,36,0.030000000000000002,1.0,0.0,0.0511947970011253,100.0,46.068458991837566,0.0,0.0,24.325666783590812,226.85596578619774
876,scarce,122.60665346888419,73.47236153028986,14.807475331648176,0.5534007560795998,2.922881557487289,1837.7320001615808,1.4227817806658483,7,0,0,0,36,0.030000000000000002,1.0,0.0,0.051194883782152645,100.0,46.068537083136555,0.0,0.0,24.325666783590812,227.0451301005849
877,scarce,122.60562278170693,73.4558878195907,14.800895248282627,0.5501973991784901,2.928303582487707,1840.192864268145,1.4237200812429167,7,0,0,0,36,0.030000000000000002,1.0,0.0,0.051194970563032495,100.0,46.06861517430283,0.0,0.0,24.325666783590812,236.97317787419513
878,scarce,122.60455298024804,73.43941759137925,14.794482038031028,0.5501645132724318,2.9341343055143105,1842.6711613571351,1.4246195781435913,7,0,0,0,36,0.030000000000000002,1.0,0.0,0.051195057343764845,100.0,46.068693265336364,0.0,0.0,24.325666783590812,236.5853494838299
879,scarce,122.60340320541543,73.42293673142109,14.788129335933064,0.550697262191801,2.9398869314256806,1845.1043770829056,1.4255646931007593,7,0,0,0,36,0.030000000000000002,1.0,0.0,0.051195144124349716,100.0,46.06877135623719,0.0,0.0,24.325666783590812,236.361808350886
880,scarce,122.60212464122658,73.4063937619838,14.78181949395857,0.5530768122144024,2.945557029722251,1847.5604846475253,1.4265246099319284,7,0,0,0,36,0.030000000000000002,1.0,0.0,0.05119523090478707,100.0,46.06884944700527,0.0,0.0,24.325666783590812,236.38030487432283
881,scarce,122.6009264967488,73.39001592306644,14.775263724301883,0.5473868810518868,2.951333608315733,1850.0370076541803,1.4274433588591104,7,0,0,0,36,0.030000000000000002,1.0,0.0,0.051195317685076944,100.0,46.06892753764063,0.0,0.0,24.325666783590812,236.56624159198978
882,scarce,122.59971294185198,73.37369625785158,14.768617793739594,0.5454907965539472,2.9570942851360353,1852.5388172811654,1.4283087011355138,7,0,0,0,36,0.030000000000000002,1.0,0.0,0.05119540446521933,100.0,46.06900562814328,0.0,0.0,24.325666783590812,236.66718100714763
883,scarce,122.59851260555777,73.35715348892617,14.761917350081047,0.5528753234368439,2.9624193009943847,1855.006175494891,1.4291881255487,7,0,0,0,36,0.030000000000000002,1.0,0.0,0.051195491245214206,100.0,46.0690837185132,0.0,0.0,24.325666783590812,236.5508418551873
884,scarce,122.59708695696412,73.34058258165287,14.75539326470878,0.5544040261338109,2.9674729090493317,1857.5551373543349,1.430066258241423,7,0,0,0,36,0.030000000000000002,1.0,0.0,0.05119557802506159,100.0,46.06916180875038,0.0,0.0,24.325666783590812,236.04745779070086
885,scarce,122.59578648482115,73.32374065105213,14.748937071290356,0.5630688276000083,2.9724841061696754,1860.0783770170056,1.4309868502714373,7,0,0,0,36,0.030000000000000002,1.0,0.0,0.051195664804761495,100.0,46.06923989885486,0.0,0.0,24.325666783590812,235.9677888888899
886,scarce,122.59464886212633,73.30704812712754,14.742393604706226,0.5577081478585759,2.9774316553331155,1862.5928227092809,1.4319207382467651,7,0,0,0,36,0.030000000000000002,1.0,0.0,0.051195751584313894,100.0,46.0693179888266,0.0,0.0,24.325666783590812,236.70147754873648
887,scarce,122.59362850297447,73.29018485204826,14.736026591779686,0.5631372234561638,2.982543889805213,1865.024328661726,1.432922984271861,7,0,0,0,36,0.030000000000000002,1.0,0.0,0.051195838363718806,100.0,46.06939607866562,0.0,0.0,24.325666783590812,236.9219922131289
888,scarce,122.59257601337929,73.27323547826893,14.729693921737654,0.566067335864899,2.9876767245230997,1867.4739413550487,1.4339803308503234,7,0,0,0,36,0.030000000000000002,1.0,0.0,0.05119592514297622,100.0,46.06947416837191,0.0,0.0,24.325666783590812,236.74893837989237
889,scarce,122.59127620447263,73.25619581934687,14.72346406218779,0.5696387543133147,2.9926028082295524,1869.947234559033,1.4350594986134113,7,0,0,0,36,0.030000000000000002,1.0,0.0,0.051196011922086136,100.0,46.069552257945475,0.0,0.0,24.325666783590812,235.78585924718735
890,scarce,122.59017871465466,73.23910787412721,14.717279790079267,0.5707717540810036,2.997636234482021,1872.5429279555574,1.4361399142163118,7,0,0,0,36,0.030000000000000002,1.0,0.0,0.051196098701048576,100.0,46.06963034738633,0.0,0.0,24.325666783590812,236.50603393851347
891,scarce,122.5889213260657,73.22175307227991,14.711101560704293,0.5800097443826201,3.0030557476257056,1875.0648432386988,1.4372707784900836,7,0,0,0,36,0.030000000000000002,1.0,0.0,0.05119618547986353,100.0,46.06970843669447,0.0,0.0,24.325666783590812,235.9733391104294
892,scarce,122.58774866859068,73.20438228820473,14.70494943051379,0.5803440214807513,3.008127233622378,1877.5752651361581,1.438427724846615,7,0,0,0,36,0.030000000000000002,1.0,0.0,0.051196272258530975,100.0,46.069786525869866,0.0,0.0,24.325666783590812,236.48900483877665
893,scarce,122.58655769275846,73.18701103683836,14.698635220954081,0.5804010083709906,3.013333421560364,1880.058638822553,1.4396155501535124,7,0,0,0,36,0.030000000000000002,1.0,0.0,0.051196359037050936,100.0,46.06986461491255,0.0,0.0,24.325666783590812,236.642217742851
894,scarce,122.58546228583405,73.16979286344419,14.692350830809309,0.5750994226715128,3.0183188890402586,1882.607215885524,1.4407830295800508,7,0,0,0,36,0.030000000000000002,1.0,0.0,0.05119644581542341,100.0,46.06994270382251,0.0,0.0,24.325666783590812,236.76921920803684
895,scarce,122.58446522257721,73.15251826313573,14.685974760363264,0.5767783619721192,3.023535213043834,1885.095472025463,1.4419613588844034,7,0,0,0,36,0.030000000000000002,1.0,0.0,0.05119653259364838,100.0,46.07002079259975,0.0,0.0,24.325666783590812,236.86765793522324
896,scarce,122.58359501371469,73.13502390529055,14.679794231746254,0.5838662516930659,3.0285672001419552,1887.5755228259586,1.4431021941536812,7,0,0,0,36,0.030000000000000002,1.0,0.0,0.05119661937172588,100.0,46.07009888124427,0.0,0.0,24.325666783590812,237.06642859188958
897,scarce,122.5826643053925,73.11743144969665,14.673569108902573,0.5872352470163008,3.0340462961226446,1890.05975461239,1.444250169815991,7,0,0,0,36,0.030000000000000002,1.0,0.0,0.05119670614965588,100.0,46.07017696975607,0.0,0.0,24.325666783590812,236.37550131438516
898,scarce,122.58156050261965,73.09982218482622,14.667331015956616,0.5881275275899536,3.0396287448839128,1892.6157237938205,1.4453782118770717,7,0,0,0,36,0.030000000000000002,1.0,0.0,0.05119679292743839,100.0,46.070255058135146,0.0,0.0,24.325666783590812,236.6429559294902
899,scarce,122.58054202023261,73.08204563936953,14.661166185602768,0.593523260563694,3.0455984258955278,1895.11530152243,1.4465328664687727,7,0,0,0,36,0.030000000000000002,1.0,0.0,0.05119687970507341,100.0,46.0703331463815,0.0,0.0,24.325666783590812,236.68830759228888
900,scarce,122.5795687159362,73.06425199825551,14.654842949900237,0.5940080296388112,3.051646972414704,1897.6524627666731,1.4476667141225046,7,0,0,0,36,0.030000000000000002,1.0,0.0,0.051196966482560946,100.0,46.07041123449515,0.0,0.0,24.325666783590812,236.85489453799312
901,scarce,122.57867492584852,73.04650748173913,14.648506678098178,0.5922337443200637,3.0578691579241575,1900.1977187674056,1.4488293878218326,7,0,0,0,36,0.030000000000000002,1.0,0.0,0.051197053259900996,100.0,46.070489322476064,0.0,0.0,24.325666783590812,237.00177733082072
902,scarce,122.57788072736925,73.02911812839476,14.642378461230486,0.5802493342994398,3.063622565083029,1902.72258530424,1.4499903027035432,7,0,0,0,36,0.030000000000000002,1.0,0.0,0.05119714003709355,100.0,46.070567410324266,0.0,0.0,24.325666783590812,237.26736232050598
903,scarce,122.57699674043144,73.01168749564249,14.636089488489127,0.5817677954604257,3.069624775154357,1905.177879460436,1.451142967994924,7,0,0,0,36,0.030000000000000002,1.0,0.0,0.051197226814138616,100.0,46.07064549803974,0.0,0.0,24.325666783590812,237.00111923353384
904,scarce,122.57629641387537,72.994338093654,14.629845104337058,0.5787843646084794,3.076036533288252,1907.617040263187,1.452314171220795,7,0,0,0,36,0.030000000000000002,1.0,0.0,0.0511973135910362,100.0,46.070723585622495,0.0,0.0,24.325666783590812,237.3412558816515
905,scarce,122.5756185888698,72.97706421008371,14.623716759450584,0.5762392446225915,3.0827583845886277,1910.0921811118496,1.4534603590087267,7,0,0,0,36,0.030000000000000002,1.0,0.0,0.05119740036778629,100.0,46.07080167307254,0.0,0.0,24.325666783590812,237.24989559326457
906,scarce,122.57536506564995,72.95970744802707,14.617641480072153,0.578620450451088,3.0899081640311796,1912.5564506351038,1.4546345339970561,7,0,0,0,36,0.030000000000000002,1.0,0.0,0.0511974871443889,100.0,46.07087976038986,0.0,0.0,24.325666783590812,237.3572634473386
907,scarce,122.57510561288872,72.9423740696897,14.611497593831947,0.5778440007884464,3.097272858069969,1914.9909278409104,1.4558181532963,7,0,0,0,36,0.030000000000000002,1.0,0.0,0.051197573920844015,100.0,46.070957847574455,0.0,0.0,24.325666783590812,237.13838807672593
908,scarce,122.5749726524079,72.9249705667675,14.60531899958473,0.5801336938368722,3.104760691983796,1917.4146649475151,1.4570132311042108,7,0,0,0,36,0.030000000000000002,1.0,0.0,0.05119766069715166,100.0,46.07103593462635,0.0,0.0,24.325666783590812,237.35442676950026
909,scarce,122.57480216771248,72.90764656225328,14.599342232656413,0.5774947786585501,3.112811306514197,1919.8480514602343,1.45822750169639,7,0,0,0,36,0.030000000000000002,1.0,0.0,0.0511977474733118,100.0,46.07111402154552,0.0,0.0,24.325666783590812,237.2772249119676
910,scarce,122.57470810460109,72.89035400654829,14.593462502582547,0.5764270510637022,3.1204438941127743,1922.2039459408006,1.4594743877203304,7,0,0,0,36,0.030000000000000002,1.0,0.0,0.05119783424932447,100.0,46.07119210833197,0.0,0.0,24.325666783590812,237.26978987419625
911,scarce,122.5744249833233,72.87321766033281,14.587582039296889,0.5712894958629222,3.1276569946259576,1924.5871850695767,1.460685195253776,7,0,0,0,36,0.030000000000000002,1.0,0.0,0.05119792102518965,100.0,46.07127019498571,0.0,0.0,24.325666783590812,237.10388248810892
912,scarce,122.57388553225967,72.85615225832362,14.581727087273086,0.5691308707009541,3.134856214994397,1926.8931615033143,1.4619025223243451,7,0,0,0,36,0.030000000000000002,1.0,0.0,0.051198007800907344,100.0,46.07134828150672,0.0,0.0,24.325666783590812,236.3180564383366
913,scarce,122.57332239764338,72.83909997714387,14.575899176332463,0.5687192375361348,3.1421955294328314,1929.2260243339151,1.4631482006320051,7,0,0,0,36,0.030000000000000002,1.0,0.0,0.05119809457647754,100.0,46.071426367895015,0.0,0.0,24.325666783590812,236.2719555974632
914,scarce,122.57256727047896,72.82224502194951,14.570029549462204,0.5623954042387713,3.149142401684359,1931.5913411467773,1.4643612756337558,7,0,0,0,36,0.030000000000000002,1.0,0.0,0.051198181351900275,100.0,46.07150445415061,0.0,0.0,24.325666783590812,235.9628479949432
915,scarce,122.57176227797997,72.80531927162878,14.56442696595596,0.5648294106711462,3.1561669753919985,1933.9368482808677,1.4655951901366744,7,0,0,0,36,0.030000000000000002,1.0,0.0,0.051198268127175504,100.0,46.07158254027347,0.0,0.0,24.325666783590812,235.42527544698493
916,scarce,122.57087376946379,72.78849675748043,14.55874471017175,0.5615320606801857,3.162794767584033,1936.2359618715054,1.4668099949028406,7,0,0,0,36,0.030000000000000002,1.0,0.0,0.051198354902303254,100.0,46.071660626263615,0.0,0.0,24.325666783590812,235.48602914880044
917,scarce,122.57021267445086,72.77172310466396,14.553068787679145,0.5595558510745087,3.1691325927681757,1938.474432415831,1.4680034635453603,7,0,0,0,36,0.030000000000000002,1.0,0.0,0.051198441677283525,100.0,46.07173871212106,0.0,0.0,24.325666783590812,235.6737459145094
918,scarce,122.56942952304956,72.754945457873,14.547369762071108,0.5598638306255126,3.175306235924774,1940.6800253176552,1.4677725936066717,7,0,0,0,36,0.030000000000000002,1.0,0.0,0.051198528452116324,100.0,46.07181679784579,0.0,0.0,24.325666783590812,235.24262061232125
919,scarce,122.56859965820516,72.73813419033104,14.54173616842547,0.5610579213779874,3.1809610330858735,1943.1198905564452,1.4675002828866428,7,0,0,0,36,0.030000000000000002,1.0,0.0,0.05119861522680162,100.0,46.071894883437785,0.0,0.0,24.325666783590812,235.15846081118065
920,scarce,122.56779734071203,72.7214289288486,14.535877121914357,0.5574839056546924,3.186878000845237,1945.6391030509985,1.467200353055129,7,0,0,0,36,0.030000000000000002,1.0,0.0,0.05119870200133945,100.0,46.071972968897086,0.0,0.0,24.325666783590812,235.4797559867116
921,scarce,122.56699351821979,72.70483644215862,14.530030541507958,0.5537315285664807,3.1929046951241395,1948.2482527778484,1.4668384966173744,7,0,0,0,36,0.030000000000000002,1.0,0.0,0.05119878877572979,100.0,46.072051054223664,0.0,0.0,24.325666783590812,235.48387663705955
922,scarce,122.56620038100806,72.68819083159876,14.524298301072568,0.5554831906127805,3.1985553406795733,1950.8561888333388,1.4664933972629781,7,0,0,0,36,0.030000000000000002,1.0,0.0,0.05119887554997264,100.0,46.07212913941752,0.0,0.0,24.325666783590812,235.35822509250298
923,scarce,122.56547087431588,72.67154124731674,14.51853334257863,0.5555186133268337,3.204432674861862,1953.488485930342,1.4661299691150405,7,0,0,0,36,0.030000000000000002,1.0,0.0,0.05119896232406802,100.0,46.072207224478674,0.0,0.0,24.325666783590812,235.57651453443628
924,scarce,122.5649167005585,72.65484614589461,14.512860814239458,0.5568098818249495,3.2103854489350994,1956.1528332183552,1.4657530932436038,7,0,0,0,36,0.030000000000000002,1.0,0.0,0.05119904909801592,100.0,46.072285309407114,0.0,0.0,24.325666783590812,235.56715907661854
925,scarce,122.56448714125077,72.63814505567058,14.507311076912309,0.556887117895835,3.2163522943125575,1958.9431249711743,1.465373321373632,7,0,0,0,36,0.030000000000000002,1.0,0.0,0.05119913587181633,100.0,46.07236339420283,0.0,0.0,24.325666783590812,235.77163991549378
926,scarce,122.56412695873502,72.62143063696301,14.501705765337562,0.5572766360480357,3.2216619022179733,1961.7012987334856,1.465031542364552,7,0,0,0,36,0.030000000000000002,1.0,0.0,0.05119922264546926,100.0,46.07244147886584,0.0,0.0,24.325666783590812,225.99327884249323
927,scarce,122.56369623418226,72.60479083319862,14.495970747800495,0.5548459175084616,3.2263382413125026,1964.4804080108115,1.464716092576842,7,0,0,0,36,0.030000000000000002,1.0,0.0,0.05119930941897471,100.0,46.072519563396135,0.0,0.0,24.325666783590812,226.0307578362578
928,scarce,122.56343700132486,72.58808482804756,14.490094212687852,0.5569338777648364,3.231011617570266,1967.2113259726066,1.4644663921017875,7,0,0,0,36,0.030000000000000002,1.0,0.0,0.051199396192332686,100.0,46.07259764779372,0.0,0.0,24.325666783590812,226.0102375573029
929,scarce,122.56322164401165,72.57127406247709,14.484283222390003,0.5604048316827028,3.235880467903555,1970.0007994388397,1.4641932984948958,7,0,0,0,36,0.030000000000000002,1.0,0.0,0.05119948296554317,100.0,46.07267573205859,0.0,0.0,24.325666783590812,226.29983367831616
930,scarce,122.56305066175914,72.55452098713613,14.478641477085198,0.5584649280850369,3.2407586537854454,1972.7925230253786,1.4639311363371847,7,0,0,0,36,0.030000000000000002,1.0,0.0,0.051199569738606183,100.0,46.072753816190755,0.0,0.0,24.325666783590812,226.47700876913888
931,scarce,122.56276721150486,72.53776038216012,14.473074537423562,0.5587667205638708,3.2458965427507316,1975.6626022324672,1.4636217535745595,7,0,0,0,36,0.030000000000000002,1.0,0.0,0.05119965651152172,100.0,46.0728319001902,0.0,0.0,24.325666783590812,226.09150876785395
932,scarce,122.56236707102873,72.52110595322713,14.467504141754896,0.5553078380348442,3.251177473307534,1978.5187477796899,1.4633357471323516,7,0,0,0,36,0.030000000000000002,1.0,0.0,0.05119974328428977,100.0,46.07290998405694,0.0,0.0,24.325666783590812,226.26805554773318
933,scarce,122.56184916320227,72.5043917489392,14.462040386233092,0.5574075443972321,3.2564333601424704,1981.3955710071168,1.4630194571023083,7,0,0,0,36,0.030000000000000002,1.0,0.0,0.05119983005691034,100.0,46.07298806779096,0.0,0.0,24.325666783590812,225.814006939877
934,scarce,122.56144977228844,72.48770796395539,14.456676609279993,0.5562854927390875,3.261921979457703,1984.2640644009844,1.4627441347369425,7,0,0,0,36,0.030000000000000002,1.0,0.0,0.051199916829383435,100.0,46.073066151392275,0.0,0.0,24.325666783590812,235.83881154835484
935,scarce,122.56094451867779,72.47110539323852,14.451569409206115,0.5536752313387537,3.267303719655077,1987.1274134450287,1.4624851039492446,7,0,0,0,36,0.030000000000000002,1.0,0.0,0.05120000360170906,100.0,46.073144234860884,0.0,0.0,24.325666783590812,235.43778932464102
936,scarce,122.56024090206704,72.45448580686009,14.446448969113087,0.5544824691402134,3.272440951655096,1990.0265901612074,1.4622380888231237,7,0,0,0,36,0.030000000000000002,1.0,0.0,0.0512000903738872,100.0,46.073222318196784,0.0,0.0,24.325666783590812,235.32670617204545
937,scarce,122.5595741473949,72.43790986471879,14.441413949949542,0.5529782190455288,3.2775489922220746,1992.9014817563475,1.4620344194759578,7,0,0,0,36,0.030000000000000002,1.0,0.0,0.05120017714591786,100.0,46.07330040139996,0.0,0.0,24.325666783590812,225.13236783929727
938,scarce,122.55869379086926,72.42134902954007,14.43629833140264,0.5528072694382552,3.282652541502456,1995.7669582487833,1.4618416492588198,7,0,0,0,36,0.030000000000000002,1.0,0.0,0.051200263917801046,100.0,46.07337848447044,0.0,0.0,24.325666783590812,224.7907181929515
939,scarce,122.55761268617954,72.40497883582958,14.431202233991874,0.5468617837453855,3.287893591020022,1998.6407102026824,1.461593339154491,7,0,0,0,36,0.030000000000000002,1.0,0.0,0.051200350689536746,100.0,46.07345656740819,0.0,0.0,24.325666783590812,224.56030504508055
940,scarce,122.55669861635663,72.38846091492148,14.426288140828692,0.5514397667989475,3.2934006642587423,2001.5205455504183,1.4613201505149573,7,0,0,0,36,0.030000000000000002,1.0,0.0,0.05120043746112498,100.0,46.073534650213254,0.0,0.0,24.325666783590812,234.70281523709284
941,scarce,122.55576460066001,72.3719023846479,14.42144056522779,0.552828394252738,3.2987289276634097,2004.4913368696289,1.4610417587209175,7,0,0,0,36,0.030000000000000002,1.0,0.0,0.05120052423256574,100.0,46.07361273288561,0.0,0.0,24.325666783590812,225.0617656046103
942,scarce,122.55487819028268,72.35532224159812,14.416570353045175,0.5534606950893326,3.304154993241864,2007.4745054080922,1.460762346119413,7,0,0,0,36,0.030000000000000002,1.0,0.0,0.05120061100385901,100.0,46.07369081542523,0.0,0.0,24.325666783590812,235.02133503527682
943,scarce,122.5542498381231,72.33855510562893,14.411690606231774,0.5592968552333141,3.3094357429344794,2010.457478487042,1.4604516206981595,7,0,0,0,36,0.030000000000000002,1.0,0.0,0.05120069777500481,100.0,46.07376889783216,0.0,0.0,24.325666783590812,235.65434914583096
944,scarce,122.55351400519459,72.32165523557904,14.406701627754993,0.5638627273854904,3.315133193451593,2013.4676377482247,1.4601585436609479,7,0,0,0,36,0.030000000000000002,1.0,0.0,0.05120078454600314,100.0,46.07384698010638,0.0,0.0,24.325666783590812,235.24092615507294
945,scarce,122.55288322780403,72.30476100372698,14.401693056852114,0.5635334457077932,3.3207788668688907,2016.4540812399136,1.4598285926124355,7,0,0,0,36,0.030000000000000002,1.0,0.0,0.051200871316853996,100.0,46.0739250622479,0.0,0.0,24.325666783590812,235.07129972782494
946,scarce,122.55213290669252,72.28794815718166,14.396704170959234,0.5609860274821645,3.326477300706625,2019.4825530665403,1.4594782272841114,7,0,0,0,36,0.030000000000000002,1.0,0.0,0.05120095808755737,100.0,46.0740031442567,0.0,0.0,24.325666783590812,234.99411306859116
947,scarce,122.55151294218233,72.27122927414403,14.391935276418227,0.5576791252034388,3.3319886482196366,2022.5447568809868,1.4591080090013357,7,0,0,0,36,0.030000000000000002,1.0,0.0,0.05120104485811327,100.0,46.0740812261328,0.0,0.0,24.325666783590812,235.22216861284465
948,scarce,122.55105325240272,72.25440037211024,14.387230806040643,0.5611726396647196,3.338142983175053,2025.6227256400962,1.4587724502665433,7,0,0,0,36,0.030000000000000002,1.0,0.0,0.051201131628521704,100.0,46.074159307876194,0.0,0.0,24.325666783590812,235.86104476398265
949,scarce,122.55059947883791,72.23753686523436,14.382482692505086,0.5623203659843161,3.3442381761127558,2028.6567537888332,1.4584748021396172,7,0,0,0,36,0.030000000000000002,1.0,0.0,0.05120121839878266,100.0,46.074237389486875,0.0,0.0,24.325666783590812,235.97255588065647
950,scarce,122.55004826727183,72.22067769097212,14.377847606729922,0.562272760020142,3.35001901225497,2031.6774686038698,1.458165663955836,7,0,0,0,36,0.030000000000000002,1.0,0.0,0.051201305168896136,100.0,46.07431547096485,0.0,0.0,24.325666783590812,235.07836565064002
951,scarce,122.54966387203876,72.20378496609216,14.373239970206404,0.5632365928430185,3.3557000711297515,2034.6886736420893,1.457901835645381,7,0,0,0,36,0.030000000000000002,1.0,0.0,0.05120139193886213,100.0,46.07439355231012,0.0,0.0,24.325666783590812,235.37245735851138
952,scarce,122.54929999850735,72.18682639135109,14.368731397818667,0.5654159346055776,3.361682548291004,2037.6364949304116,1.4576180657786113,7,0,0,0,36,0.030000000000000002,1.0,0.0,0.05120147870868067,100.0,46.074471633522684,0.0,0.0,24.325666783590812,235.14816158254
953,scarce,122.54862743592389,72.16981782942696,14.364403566272992,0.567395138774756,3.367934144951099,2040.6710517616048,1.4573425030973874,7,0,0,0,36,0.030000000000000002,1.0,0.0,0.051201565478351724,100.0,46.07454971460253,0.0,0.0,24.325666783590812,234.08433125376328
954,scarce,122.54787032198458,72.15283766056946,14.360045633168678,0.5665679874337204,3.374360967351374,2043.7837161311036,1.4570882348989413,7,0,0,0,36,0.030000000000000002,1.0,0.0,0.05120165224787532,100.0,46.074627795549695,0.0,0.0,24.325666783590812,233.7720832452723
955,scarce,122.54715840409024,72.13585704195414,14.355827497381114,0.5665178585477663,3.380986441020755,2046.8737002085363,1.4568738504710075,7,0,0,0,36,0.030000000000000002,1.0,0.0,0.051201739017251426,100.0,46.074705876364135,0.0,0.0,24.325666783590812,233.6618053794956
956,scarce,122.54630571997274,72.11870775270717,14.351811109124558,0.5723491474035597,3.387830051115916,2049.9828137168297,1.4566745216303656,7,0,0,0,36,0.030000000000000002,1.0,0.0,0.051201825786480075,100.0,46.07478395704588,0.0,0.0,24.325666783590812,233.30790841658393
957,scarce,122.54552511966972,72.1016512881427,14.348070925181181,0.5691439187965187,3.3944004511474186,2053.122788408393,1.4564546146335913,7,0,0,0,36,0.030000000000000002,1.0,0.0,0.05120191255556125,100.0,46.07486203759492,0.0,0.0,24.325666783590812,223.61872440643734
958,scarce,122.54471326519882,72.08462520388512,14.344443482862367,0.5681809696322018,3.4012076174334425,2056.2643692602906,1.4562323306169045,7,0,0,0,36,0.030000000000000002,1.0,0.0,0.05120199932449494,100.0,46.07494011801125,0.0,0.0,24.325666783590812,233.24342012573652
959,scarce,122.54383633808617,72.06769482960883,14.34083276778851,0.5651023253424626,3.4078414292287866,2059.450510363873,1.4559656975531272,7,0,0,0,36,0.030000000000000002,1.0,0.0,0.051202086093281175,100.0,46.075018198294885,0.0,0.0,24.325666783590812,233.11606452437334
960,scarce,122.5428813499014,72.05079014229858,14.336992456321717,0.5643880220510668,3.4143481192636265,2062.6080648246825,1.4556625857639318,7,0,0,0,36,0.030000000000000002,1.0,0.0,0.051202172861919935,100.0,46.075096278445805,0.0,0.0,24.325666783590812,233.3262861565719
961,scarce,122.54204698984216,72.0339388260301,14.333110935679656,0.5623986493267819,3.420800622745931,2065.7411258890133,1.4554009795595495,7,0,0,0,36,0.030000000000000002,1.0,0.0,0.05120225963041122,100.0,46.075174358464025,0.0,0.0,24.325666783590812,233.40916941172338
962,scarce,122.54125375751408,72.017070185449,14.329111663549144,0.5629093597662178,3.4271993261236284,2068.8660021517244,1.4551150441080474,7,0,0,0,36,0.030000000000000002,1.0,0.0,0.051202346398755046,100.0,46.07525243834955,0.0,0.0,24.325666783590812,233.78877774623004
963,scarce,122.5403632407299,72.00024084871887,14.325327097712002,0.5617626969518933,3.433429016190544,2071.9671262206175,1.4548217508196997,7,0,0,0,36,0.030000000000000002,1.0,0.0,0.05120243316695139,100.0,46.07533051810236,0.0,0.0,24.325666783590812,233.28792184030408
964,scarce,122.539692762943,71.98319124278676,14.321424836849912,0.5687594716213001,3.4393391036274146,2075.066112604887,1.4545551728454593,7,0,0,0,36,0.030000000000000002,1.0,0.0,0.05120251993500027,100.0,46.07540859772247,0.0,0.0,24.325666783590812,224.23321547710356
965,scarce,122.53912874469208,71.96616538001598,14.317580778727717,0.5678400788933261,3.445400697997304,2078.18366435829,1.4543164052477369,7,0,0,0,36,0.030000000000000002,1.0,0.0,0.05120260670290168,100.0,46.07548667720988,0.0,0.0,24.325666783590812,234.48382967930354
966,scarce,122.53878029458161,71.94896962509647,14.31379380476853,0.5733095002127604,3.451292767141323,2081.3275891212143,1.4540412554900348,7,0,0,0,36,0.030000000000000002,1.0,0.0,0.05120269347065562,100.0,46.07556475656459,0.0,0.0,24.325666783590812,225.04145510442945
967,scarce,122.53869046230108,71.93168069031391,14.3099814662282,0.576305605419442,3.4568541929182164,2084.5200995212035,1.453768756159305,7,0,0,0,36,0.030000000000000002,1.0,0.0,0.05120278023826209,100.0,46.07564283578659,0.0,0.0,24.325666783590812,225.7485760332994
968,scarce,122.53851944847897,71.91437891988875,14.306065100209034,0.5767538523417152,3.4623115398077275,2087.6730625124474,1.4535200936635404,7,0,0,0,36,0.030000000000000002,1.0,0.0,0.05120286700572109,100.0,46.075720914875895,0.0,0.0,24.325666783590812,225.50342295609528
969,scarce,122.53856597530775,71.89690976852503,14.302296963254198,0.5823071107572625,3.4676561167853794,2090.778973246637,1.4532742767635587,7,0,0,0,36,0.030000000000000002,1.0,0.0,0.051202953773032626,100.0,46.0757989938325,0.0,0.0,24.325666783590812,225.71303517634075
970,scarce,122.53849780646134,71.8794137849545,14.29847706282726,0.5832038790567521,3.4729186749996237,2093.8619141688614,1.4529731055302697,7,0,0,0,36,0.030000000000000002,1.0,0.0,0.05120304054019669,100.0,46.0758770726564,0.0,0.0,24.325666783590812,225.5186950656731
971,scarce,122.53840107008958,71.86186803811846,14.294774297787248,0.5848671168739393,3.477788932460871,2096.828189060423,1.4527010534764633,7,0,0,0,36,0.030000000000000002,1.0,0.0,0.0512031273072133,100.0,46.0759551513476,0.0,0.0,24.325666783590812,235.0004968489787
972,scarce,122.53832870836499,71.84424754490969,14.291366508119788,0.5873547263779221,3.482386076884541,2099.7319813996437,1.4524102729711117,7,0,0,0,36,0.030000000000000002,1.0,0.0,0.051203214074082425,100.0,46.076033229906095,0.0,0.0,24.325666783590812,234.94418288220277
973,scarce,122.53814169530541,71.8265537894014,14.287885494768593,0.5898247930739432,3.486417993778705,2102.5780191175436,1.4521573635090734,7,0,0,0,36,0.030000000000000002,1.0,0.0,0.05120330084080409,100.0,46.076111308331896,0.0,0.0,24.325666783590812,224.62936480697812
974,scarce,122.53804792471038,71.80862128536467,14.284283755879544,0.5977583067424412,3.489551288040275,2105.3352078430435,1.4519743266669434,7,0,0,0,36,0.030000000000000002,1.0,0.0,0.05120338760737829,100.0,46.076189386624996,0.0,0.0,24.325666783590812,234.50138035182414
975,scarce,122.72990857483335,72.21651447084588,14.081794816234412,0.3721372777399993,3.2869299606592413,1979.4909801936446,1.4548051859790825,6,6,0,30,0,1.20672468090246,0.9983426028510072,0.0,0.05120347437380503,100.0,46.076267464785396,0.0,0.0,24.325666783590812,120.2036512050486
976,scarce,122.90063070386901,72.80556361275552,14.074670088546963,0.5025549342880758,3.069828275265712,1870.7797706903038,1.4548786251475405,6,6,0,30,0,1.2075478942410736,0.9966843001673426,0.0,0.05120356114008429,100.0,46.076345542813094,0.0,0.0,24.325666783590812,111.85707404975659
977,scarce,123.01375466256403,73.45222206559689,14.142548925252354,0.5348078391939373,2.895794614831219,1766.577363915203,1.4596996284995418,6,6,0,30,0,1.208373722162758,0.9950250890729634,0.0,0.05120364790621609,100.0,46.07642362070809,0.0,0.0,24.325666783590812,114.49165627439685
978,scarce,123.13168543949872,74.13400219253154,14.29642783756811,0.566073119787041,2.7490827151405144,1676.229149220242,1.4577383540676212,6,6,0,30,0,1.2092021420270234,0.9933649667167336,0.0,0.051203734672200435,100.0,46.076501698470395,0.0,0.0,24.325666783590812,104.98456719585988
979,scarce,123.2102048803339,74.84780324662387,14.466157038299716,0.5835915276736512,2.521518013649174,1590.4941755936852,1.4576270782991125,6,6,0,30,0,1.2100331311223218,0.9917039302724988,0.0,0.051203821438037304,100.0,46.0765797761,0.0,0.0,24.325666783590812,105.87578249802363
980,scarce,123.23352487887752,75.60457286894824,14.63778956036635,0.6178684147493404,2.3166562943586526,1507.0043512587,1.455966042023042,5,6,0,30,0,1.210866666666667,0.9900419769391655,0.0,0.05120390820372671,100.0,46.0766578535969,0.0,0.0,24.325666783590812,100.06925750502873
981,scarce,123.23249560474902,76.36422471090674,14.858983139317665,0.6166175532013553,2.113973053664535,1430.9173002348834,1.4450536026095675,5,6,0,30,0,1.2117027258082602,0.9883791039407765,0.0,0.05120399496926865,100.0,46.0767359309611,0.0,0.0,24.325666783590812,101.41977247447498
982,scarce,123.22160484300687,77.08357457230667,15.092217028225084,0.5901634737103721,1.845088953616493,1345.6557885987495,1.4364588011965933,6,6,0,30,0,1.2125412856261195,0.9867153085265876,0.0,0.051204081734663134,100.0,46.07681400819262,0.0,0.0,24.325666783590812,103.28066434593819
983,scarce,123.24177229395744,77.69161659059404,15.358051524917393,0.5028936664990051,1.6744951729899469,1281.4654693964185,1.4030026044354238,6,6,0,30,0,1.213382323130702,0.9850505879711436,0.0,0.051204168499910135,100.0,46.07689208529141,0.0,0.0,24.325666783590812,127.03036710343902
984,scarce,123.4538443519609,78.14226242541547,15.71875133586103,0.4124859861102724,1.7240164686060324,1239.1282727735343,1.3639381516141025,6,6,0,30,0,1.214225815264541,0.9833849395743532,0.0,0.05120425526500969,100.0,46.07697016225753,0.0,0.0,24.325666783590812,108.7521906891756
985,scarce,123.39276353331805,78.18306952002914,15.782618009399393,0.07512715583954721,1.8129786017455711,1225.0262371686695,1.3961230264963023,6,6,0,30,0,1.2150717389028722,0.9817183606615595,0.0,0.05120434202996178,100.0,46.07704823909095,0.0,0.0,24.325666783590812,168.31940723470427
986,scarce,123.17240529907924,77.85725714760126,15.555357597211582,0.2883766378476998,1.7954978492039255,1206.5992688728657,1.466250461632555,6,6,0,30,0,1.2159200708542741,0.9800508485836197,0.0,0.0512044287947664,100.0,46.07712631579166,0.0,0.0,24.325666783590812,208.79858118100256
987,scarce,123.29263641070787,77.64564851253319,15.156086952665115,0.168934296579628,1.8268106338757346,1117.1761570842646,1.5174399848098765,6,6,0,30,0,1.2167707878612954,0.9783824007169726,0.0,0.05120451555942357,100.0,46.07720439235969,0.0,0.0,24.325666783590812,199.7133517405908
988,scarce,123.41773723442058,77.69088014029296,14.860148722760897,0.11624099091465032,1.8194336164288798,1094.5189579680664,1.573875410973244,6,6,0,30,0,1.2176238666011001,0.9767130144637114,0.0,0.05120460232393326,100.0,46.077282468795005,0.0,0.0,24.325666783590812,169.62921265584703
989,scarce,123.47930659845126,77.95015754023387,14.701320722085828,0.23135094335266548,1.7948056891163295,1069.0366943144181,1.6013393090232604,6,6,0,30,0,1.2184792836861038,0.9750426872516564,0.0,0.0512046890882955,100.0,46.07736054509764,0.0,0.0,24.325666783590812,161.61203098260884
990,scarce,123.20078802167455,78.21566088658575,14.374417602027567,0.3187769644626656,1.7892118412127245,1049.835349480425,1.6360745902625708,6,6,0,30,0,1.219337015664616,0.9733714165344252,0.0,0.05120477585251028,100.0,46.077438621267575,0.0,0.0,24.325666783590812,149.67063275280677
991,scarce,123.16704837090371,78.36160400861223,14.5271060595688,0.1421212567378727,1.8958604063994302,1046.944650360001,1.6975854221418778,6,6,0,30,0,1.22019703902148,0.9716991997915022,0.0,0.05120486261657759,100.0,46.07751669730481,0.0,0.0,24.325666783590812,173.69545374139963
992,scarce,123.26121330561328,78.19490789526645,14.569134376213235,0.12568593414095652,1.9665808613742715,1031.4786407766696,1.7478938253572873,6,6,0,30,0,1.2210593301787216,0.970026034528305,0.0,0.051204949380497446,100.0,46.07759477320935,0.0,0.0,24.325666783590812,189.9129422918303
993,scarce,123.06344840566352,78.21385872990919,14.50894495683856,0.15700498271337968,2.0033434047322274,1022.6190931954407,1.8252274739253367,6,6,0,30,0,1.221923865496193,0.9683519182762593,0.0,0.05120503614426983,100.0,46.07767284898119,0.0,0.0,24.325666783590812,168.52127587380934
994,scarce,123.10672517063523,78.29681463645413,14.430715649902545,0.10080316497962523,2.002731383186466,984.10285094539,1.9441818462130769,7,6,0,30,0,1.2227906212722215,0.9666768485928601,0.0,0.051205122907894765,100.0,46.07775092462035,0.0,0.0,24.325666783590812,182.34652018187975
995,scarce,123.2478645514572,78.49264610530412,14.269729623266763,0.2161088614480399,2.030552525142584,986.4953296342719,1.9952871722178627,7,6,0,30,0,1.2236595737442597,0.9650008230617413,0.0,0.05120520967137223,100.0,46.077829000126805,0.0,0.0,24.325666783590812,160.00931653446744
996,scarce,123.04150497085243,78.57349473035384,13.915052054403706,0.18463477370884673,2.135754473893906,957.6025201521625,2.0560088499822338,7,6,0,30,0,1.224530699089537,0.963323839292743,0.0,0.05120529643470225,100.0,46.077907075500576,0.0,0.0,24.325666783590812,176.29728606714153
997,scarce,123.1669239934469,78.65474182971096,13.663486498467657,0.14480580199822926,2.0086163359124263,890.1653548195063,2.078392372043627,6,7,0,29,0,1.2145439080828515,0.9616578409938518,0.0,0.0512053831978848,100.0,46.07798515074164,0.0,0.0,24.325666783590812,186.34356154112518
998,scarce,123.292080621655,78.7666848200569,13.536368348580787,0.15804059696991907,2.1198600138115533,866.6547954410489,2.0442215950906024,5,7,0,29,0,1.215409100023357,0.9599908909838258,0.0,0.05120546996091989,100.0,46.078063225850016,0.0,0.0,24.325666783590812,155.57284086873844
999,scarce,123.28584115740816,78.87221326406092,13.472593565885536,0.1113768120868446,2.0082474056412036,840.8291838419391,2.026393848318369,5,7,0,29,0,1.2162763685150493,0.9583229869784596,0.0,0.05120555672380752,100.0,46.07814130082569,0.0,0.0,24.325666783590812,144.7813818822424
